資料区分,都道府県コード,警察署等コード,本票番号,事故内容,死者数,負傷者数,路線コード,上下線,地点コード,市区町村コード,昼夜,天候,地形,路面状態,道路形状,環状交差点の直径,信号機,一時停止規制　標識（当事者A）,一時停止規制　表示（当事者A）,一時停止規制　標識（当事者B）,一時停止規制　表示（当事者B）,車道幅員,道路線形,衝突地点,ゾーン規制,中央分離帯施設等,歩車道区分,事故類型,年齢（当事者A）,年齢（当事者B）,当事者種別（当事者A）,当事者種別（当事者B）,用途別（当事者A）,用途別（当事者B）,車両形状（当事者A）,車両形状（当事者B）,速度規制（指定のみ）（当事者A）,速度規制（指定のみ）（当事者B）,車両の衝突部位（当事者A）,車両の衝突部位（当事者B）,車両の損壊程度（当事者A）,車両の損壊程度（当事者B）,エアバッグの装備（当事者A）,エアバッグの装備（当事者B）,サイドエアバッグの装備（当事者A）,サイドエアバッグの装備（当事者B）,人身損傷程度（当事者A）,人身損傷程度（当事者B）,曜日(発生年月日),祝日(発生年月日),緯度,経度,発生日,発生時,color,発生地点,道路管理者区分,道路区分,道路構造,曲線半径,縦断勾配,トンネル番号,当事者車両台数,車両単独事故の対象物,臨時速度規制の有無,速度規制（臨時のみ）,トンネル延長距離
本票,福井,砂川,0012,死亡,1,0,00080,上,0000,202,昼－昼,晴,非市街地,舗装－乾燥,単路－トンネル,環状交差点以外 環状交差点以外をいう。,施設なし,00,23,00,23,03,9,単路（交差点付近を含む）,規制なし,4,2,車両相互,35～44歳,55～64歳,貨物車－大型車,乗用車－普通車,事業用,自家用,貨物車,乗用車,指定の速度規制なし等,指定の速度規制なし等,10,10,大破,大破,その他,装備あり 作動,その他,その他,損傷なし,死亡,金,その他,35.623571,136.081092,2019-01-25,12:35,red,,,,,,,,,,,,
本票,福井,三戸,0001,死亡,1,0,00270,下,0686,481,夜－夜,雨,非市街地,舗装－湿潤,単路－その他,環状交差点以外 環状交差点以外をいう。,施設なし,00,23,00,23,03,9,単路（交差点付近を含む）,規制なし,4,2,車両相互,0～24歳,55～64歳,乗用車－普通車,貨物車－軽自動車,自家用,自家用,乗用車,貨物車,50㎞／ｈ以下,50㎞／ｈ以下,14,10,大破,大破,装備あり 作動,装備あり 作動,装備あり 作動,その他,損傷なし,死亡,水,その他,35.489111,135.519454,2019-01-09,05:53,red,,,,,,,,,,,,
本票,福井,三戸,0006,死亡,1,0,00270,下,5700,483,昼－昼,晴,非市街地,舗装－乾燥,交差点－その他,環状交差点以外 環状交差点以外をいう。,施設なし,09,22,00,23,14,8,交差点内,規制なし,4,2,人対車両,75歳以上,75歳以上,乗用車－軽自動車,歩行者,自家用,対象外当事者,乗用車,対象外当事者,50㎞／ｈ以下,対象外当事者,10,00,小破,対象外当事者,その他,対象外当事者,その他,対象外当事者,損傷なし,死亡,水,その他,35.478589,135.630085,2019-01-30,11:18,red,,,,,,,,,,,,
本票,福井,滝川,0009,死亡,1,0,37000,対象外,0000,201,夜－暮,雨,非市街地,舗装－湿潤,単路－その他,環状交差点以外 環状交差点以外をいう。,施設なし,00,23,00,23,03,9,単路（交差点付近を含む）,規制なし,4,4,車両相互,25～34歳,35～44歳,乗用車－普通車,軽車両－自転車,自家用,対象外当事者,乗用車,対象外当事者,指定の速度規制なし等,対象外当事者,10,30,小破,大破,その他,対象外当事者,その他,対象外当事者,損傷なし,死亡,金,その他,36.020314,136.195723,2019-01-18,17:49,red,,,,,,,,,,,,
本票,岐阜,東,0001,死亡,1,0,21810,対象外,0000,213,昼－昼,晴,非市街地,舗装－乾燥,交差点－その他,環状交差点以外 環状交差点以外をいう。,施設なし,09,22,05,21,15,9,交差点内,規制なし,4,1,車両相互,75歳以上,75歳以上,乗用車－普通車,軽車両－駆動補助機付自転車,自家用,対象外当事者,乗用車,対象外当事者,50㎞／ｈ以下,対象外当事者,50,40,小破,小破,その他,対象外当事者,その他,対象外当事者,損傷なし,死亡,日,前日,35.398382,136.818027,2019-01-13,13:12,red,,,,,,,,,,,,
本票,岐阜,栗山,0001,死亡,1,0,00210,上,0849,362,夜－夜,雨,非市街地,舗装－湿潤,交差点－その他,環状交差点以外 環状交差点以外をいう。,点灯－３灯式,09,22,00,23,15,9,交差点内,規制なし,5,1,車両単独,0～24歳,不明,乗用車－普通車,物件等,自家用,対象外当事者,乗用車,対象外当事者,50㎞／ｈ以下,対象外当事者,82,00,大破,対象外当事者,装備あり 作動,対象外当事者,その他,対象外当事者,死亡,対象外当事者,月,その他,35.359048,136.453675,2019-01-21,23:20,red,,,,,,,,,,,,
本票,岐阜,三戸,0001,死亡,1,1,23170,対象外,0000,219,昼－昼,晴,非市街地,舗装－凍結,単路－カーブ・屈折,環状交差点以外 環状交差点以外をいう。,施設なし,00,23,00,23,03,6,単路（交差点付近を含む）,規制なし,4,2,人対車両,35～44歳,75歳以上,乗用車－軽自動車,歩行者,自家用,対象外当事者,乗用車,対象外当事者,指定の速度規制なし等,対象外当事者,52,00,中破,対象外当事者,その他,対象外当事者,その他,対象外当事者,損傷なし,死亡,月,当日,35.845749,136.903955,2019-01-14,08:45,red,,,,,,,,,,,,
本票,岐阜,小樽,0003,死亡,1,0,10840,対象外,0000,214,夜－明,晴,市街地－人口集中,舗装－乾燥,単路－その他,環状交差点以外 環状交差点以外をいう。,施設なし,00,23,00,23,03,8,単路（交差点付近を含む）,規制なし,4,2,車両相互,55～64歳,45～54歳,乗用車－中型車,軽車両－自転車,自家用,対象外当事者,乗用車,対象外当事者,50㎞／ｈ以下,対象外当事者,80,30,小破,大破,その他,対象外当事者,その他,対象外当事者,損傷なし,死亡,水,その他,35.418458,137.063808,2019-01-30,06:00,red,,,,,,,,,,,,
本票,岐阜,倶知安,0001,死亡,1,0,30000,対象外,0000,206,夜－暮,晴,市街地－その他,舗装－乾燥,交差点－その他,環状交差点以外 環状交差点以外をいう。,施設なし,09,21,00,23,15,9,交差点内,規制なし,4,2,人対車両,0～24歳,75歳以上,乗用車－普通車,歩行者,自家用,対象外当事者,乗用車,対象外当事者,指定の速度規制なし等,対象外当事者,10,00,中破,対象外当事者,その他,対象外当事者,その他,対象外当事者,損傷なし,死亡,木,その他,35.495347,137.491052,2019-01-17,17:25,red,,,,,,,,,,,,
本票,岐阜,岩内,0001,死亡,1,1,02570,対象外,0000,210,夜－夜,曇,非市街地,舗装－凍結,単路－橋,環状交差点以外 環状交差点以外をいう。,施設なし,00,23,00,23,03,6,単路（交差点付近を含む）,規制なし,3,1,車両相互,45～54歳,55～64歳,貨物車－大型車,貨物車－軽自動車,事業用,自家用,貨物車,貨物車,50㎞／ｈ以下,50㎞／ｈ以下,10,10,小破,大破,その他,その他,その他,その他,負傷,死亡,月,その他,35.408967,137.433068,2019-01-21,01:05,red,,,,,,,,,,,,
本票,岐阜,室蘭,0001,死亡,1,6,00410,上,0871,220,昼－昼,晴,非市街地,舗装－乾燥,単路－その他,環状交差点以外 環状交差点以外をいう。,施設なし,00,23,00,23,03,9,単路（交差点付近を含む）,規制なし,4,1,車両相互,65～74歳,45～54歳,乗用車－普通車,乗用車－普通車,自家用,自家用,乗用車,乗用車,指定の速度規制なし等,指定の速度規制なし等,54,10,大破,大破,装備あり 作動,装備あり 作動,その他,その他,負傷,負傷,火,当日,35.680711,137.163953,2019-01-01,15:10,red,,,,,,,,,,,,
本票,愛知,倶知安,0023,死亡,1,0,30100,対象外,0050,109,夜－夜,晴,市街地－その他,舗装－乾燥,交差点－その他,環状交差点以外 環状交差点以外をいう。,点灯－３灯式,09,22,00,23,18,3,交差点内,規制なし,1,1,人対車両,45～54歳,25～34歳,貨物車－中型車,歩行者,事業用,対象外当事者,貨物車,対象外当事者,指定の速度規制なし等,対象外当事者,80,00,小破,対象外当事者,その他,対象外当事者,その他,対象外当事者,損傷なし,死亡,水,その他,35.141829,136.902331,2019-01-23,22:58,red,,,,,,,,,,,,
本票,愛知,中原,0014,死亡,1,1,01530,上,0099,302,夜－夜,晴,市街地－その他,舗装－乾燥,交差点－その他,環状交差点以外 環状交差点以外をいう。,点灯－３灯式,09,21,09,22,18,9,交差点内,規制なし,1,1,車両相互,0～24歳,25～34歳,乗用車－普通車,乗用車－普通車,自家用,自家用,乗用車,乗用車,指定の速度規制なし等,指定の速度規制なし等,10,20,中破,大破,その他,装備あり 作動,その他,その他,損傷なし,負傷,月,その他,35.100851,137.063253,2019-01-07,22:27,red,,,,,,,,,,,,
本票,愛知,中原,0043,死亡,1,0,21330,対象外,0000,238,夜－暮,晴,非市街地,舗装－乾燥,交差点付近－その他,環状交差点以外 環状交差点以外をいう。,施設なし,00,23,00,23,03,7,単路（交差点付近を含む）,規制なし,4,1,人対車両,35～44歳,65～74歳,乗用車－普通車,歩行者,自家用,対象外当事者,乗用車,対象外当事者,40㎞／ｈ以下,対象外当事者,10,00,中破,対象外当事者,その他,対象外当事者,その他,対象外当事者,損傷なし,死亡,水,その他,35.175381,137.058873,2019-01-16,17:55,red,,,,,,,,,,,,
本票,愛知,多摩,0107,死亡,1,0,00190,上,0184,206,昼－昼,晴,市街地－人口集中,舗装－乾燥,交差点－その他,環状交差点以外 環状交差点以外をいう。,施設なし,09,22,09,22,17,9,交差点内,規制なし,1,1,車両相互,45～54歳,65～74歳,貨物車－中型車,軽車両－自転車,事業用,対象外当事者,貨物車,対象外当事者,指定の速度規制なし等,対象外当事者,10,10,小破,大破,その他,対象外当事者,その他,対象外当事者,損傷なし,死亡,火,その他,35.250734,136.974104,2019-01-29,11:15,red,,,,,,,,,,,,
本票,愛知,大船,0032,死亡,1,0,35000,対象外,0000,232,昼－暮,晴,市街地－その他,舗装－乾燥,交差点－その他,環状交差点以外 環状交差点以外をいう。,施設なし,09,22,01,21,14,9,交差点内,規制なし,4,3,車両相互,35～44歳,45～54歳,貨物車－準中型車,軽車両－自転車,自家用,対象外当事者,貨物車,対象外当事者,40㎞／ｈ以下,対象外当事者,10,20,小破,小破,その他,対象外当事者,その他,対象外当事者,損傷なし,死亡,月,当日,35.148237,136.727635,2019-01-14,16:10,red,,,,,,,,,,,,
本票,愛知,西尾,0025,死亡,1,0,00230,下,3280,213,夜－夜,晴,非市街地,舗装－乾燥,単路－その他,環状交差点以外 環状交差点以外をいう。,施設なし,00,23,00,23,05,9,単路（交差点付近を含む）,規制なし,1,4,人対車両,35～44歳,55～64歳,乗用車－軽自動車,歩行者,自家用,対象外当事者,乗用車,対象外当事者,指定の速度規制なし等,対象外当事者,86,00,中破,対象外当事者,装備あり 作動,対象外当事者,その他,対象外当事者,損傷なし,死亡,月,当日,34.905687,137.063924,2019-01-14,20:30,red,,,,,,,,,,,,
本票,愛知,岡崎,0045,死亡,1,0,35000,対象外,0000,202,夜－暮,雨,市街地－人口集中,舗装－湿潤,単路－その他,環状交差点以外 環状交差点以外をいう。,施設なし,00,23,00,23,03,9,単路（交差点付近を含む）,規制なし,5,4,人対車両,55～64歳,45～54歳,乗用車－普通車,歩行者,自家用,対象外当事者,乗用車,対象外当事者,指定の速度規制なし等,対象外当事者,10,00,小破,対象外当事者,その他,対象外当事者,その他,対象外当事者,損傷なし,死亡,火,その他,34.980052,137.159643,2019-01-15,17:50,red,,,,,,,,,,,,
本票,三重,美唄,0005,死亡,1,0,04210,対象外,0000,324,夜－夜,晴,非市街地,舗装－乾燥,交差点－その他,環状交差点以外 環状交差点以外をいう。,施設なし,09,22,00,23,14,9,交差点内,規制なし,4,3,人対車両,35～44歳,75歳以上,乗用車－軽自動車,歩行者,自家用,対象外当事者,乗用車,対象外当事者,40㎞／ｈ以下,対象外当事者,10,00,小破,対象外当事者,その他,対象外当事者,その他,対象外当事者,損傷なし,死亡,土,その他,35.098450,136.586600,2019-01-19,05:30,red,,,,,,,,,,,,
本票,三重,岩内,0006,死亡,1,0,03060,対象外,0000,210,昼－昼,晴,非市街地,舗装－乾燥,単路－カーブ・屈折,環状交差点以外 環状交差点以外をいう。,施設なし,00,23,00,23,04,6,単路（交差点付近を含む）,規制なし,4,2,車両相互,35～44歳,35～44歳,貨物車－大型車,乗用車－軽自動車,事業用,自家用,貨物車,乗用車,50㎞／ｈ以下,50㎞／ｈ以下,10,10,中破,大破,その他,装備あり 作動,その他,その他,損傷なし,死亡,火,その他,34.833000,136.476500,2019-01-08,12:50,red,,,,,,,,,,,,
本票,三重,岩内,0008,死亡,1,0,30000,対象外,0000,210,夜－夜,曇,非市街地,舗装－湿潤,単路－カーブ・屈折,環状交差点以外 環状交差点以外をいう。,施設なし,00,23,00,23,03,3,単路（交差点付近を含む）,規制なし,4,1,車両単独,55～64歳,不明,乗用車－普通車,物件等,自家用,対象外当事者,乗用車,対象外当事者,40㎞／ｈ以下,対象外当事者,20,00,大破,対象外当事者,その他,対象外当事者,その他,対象外当事者,死亡,対象外当事者,金,その他,34.897700,136.483300,2019-01-11,05:40,red,,,,,,,,,,,,
本票,三重,苫小牧,0004,死亡,1,0,03680,対象外,0000,201,昼－昼,晴,非市街地,舗装－乾燥,単路－トンネル,環状交差点以外 環状交差点以外をいう。,施設なし,00,23,00,23,03,9,単路（交差点付近を含む）,規制なし,4,3,車両相互,75歳以上,75歳以上,貨物車－軽自動車,軽車両－駆動補助機付自転車,自家用,対象外当事者,貨物車,対象外当事者,指定の速度規制なし等,対象外当事者,88,33,小破,中破,装備あり 作動,対象外当事者,その他,対象外当事者,損傷なし,死亡,木,その他,34.510630,136.289800,2019-01-17,14:38,red,,,,,,,,,,,,
本票,三重,厚別,0022,死亡,1,0,30000,対象外,0000,442,夜－明,晴,非市街地,舗装－乾燥,交差点－その他,環状交差点以外 環状交差点以外をいう。,施設なし,09,22,01,21,15,9,交差点内,規制なし,4,2,車両相互,55～64歳,45～54歳,乗用車－普通車,二輪車－原付自転車,自家用,自家用,乗用車,対象外当事者,指定の速度規制なし等,指定の速度規制なし等,80,20,小破,大破,その他,対象外当事者,その他,対象外当事者,損傷なし,死亡,火,その他,34.533080,136.615000,2019-01-22,06:53,red,,,,,,,,,,,,
本票,三重,上尾,0029,死亡,1,0,10371,対象外,0000,203,昼－昼,晴,市街地－その他,舗装－乾燥,交差点－その他,環状交差点以外 環状交差点以外をいう。,点滅－３灯式,09,22,09,22,14,9,交差点内,規制なし,4,2,車両相互,25～34歳,35～44歳,貨物車－普通車,二輪車－自動二輪－小型二輪－751ｃｃ以上,自家用,自家用,貨物車,対象外当事者,指定の速度規制なし等,40㎞／ｈ以下,11,12,大破,大破,装備あり 作動,対象外当事者,その他,対象外当事者,損傷なし,死亡,日,その他,34.485550,136.755100,2019-01-27,10:57,red,,,,,,,,,,,,
本票,滋賀,白石,0042,死亡,1,0,99000,対象外,0000,208,昼－昼,晴,市街地－人口集中,舗装－湿潤,一般交通の場所,環状交差点以外 環状交差点以外をいう。,施設なし,00,23,00,23,00,0,その他,規制なし,0,4,人対車両,35～44歳,0～24歳,乗用車－普通車,歩行者,自家用,対象外当事者,乗用車,対象外当事者,指定の速度規制なし等,対象外当事者,50,00,小破,対象外当事者,その他,対象外当事者,その他,対象外当事者,損傷なし,死亡,日,その他,35.032517,135.977691,2019-01-27,09:25,red,,,,,,,,,,,,
本票,滋賀,東,0037,死亡,1,0,25180,対象外,0000,209,夜－夜,晴,非市街地,舗装－乾燥,交差点－その他,環状交差点以外 環状交差点以外をいう。,施設なし,09,22,00,23,14,9,交差点内,規制なし,4,2,人対車両,35～44歳,75歳以上,乗用車－軽自動車,歩行者,自家用,対象外当事者,乗用車,対象外当事者,指定の速度規制なし等,対象外当事者,80,00,中破,対象外当事者,その他,対象外当事者,その他,対象外当事者,損傷なし,死亡,水,その他,34.950665,136.179847,2019-01-30,22:01,red,,,,,,,,,,,,
本票,滋賀,江別,0020,死亡,1,0,37990,対象外,0000,204,夜－暮,雨,市街地－人口集中,舗装－湿潤,単路－その他,環状交差点以外 環状交差点以外をいう。,施設なし,00,23,00,23,03,9,単路（交差点付近を含む）,規制なし,4,2,人対車両,35～44歳,65～74歳,乗用車－軽自動車,歩行者,自家用,対象外当事者,乗用車,対象外当事者,40㎞／ｈ以下,対象外当事者,10,00,小破,対象外当事者,その他,対象外当事者,その他,対象外当事者,損傷なし,死亡,木,その他,35.136857,136.089200,2019-01-31,18:00,red,,,,,,,,,,,,
本票,滋賀,岩見沢,0048,死亡,1,5,37990,対象外,0000,213,夜－夜,曇,非市街地,舗装－湿潤,交差点－その他,環状交差点以外 環状交差点以外をいう。,点灯－３灯式,09,22,09,22,14,9,交差点内,規制なし,5,2,車両相互,65～74歳,0～24歳,乗用車－普通車,乗用車－軽自動車,自家用,自家用,乗用車,乗用車,指定の速度規制なし等,指定の速度規制なし等,67,10,中破,中破,その他,装備あり 作動,その他,その他,損傷なし,損傷なし,木,その他,35.095397,136.211529,2019-01-31,20:45,red,,,,,,,,,,,,
本票,滋賀,野辺地,0008,死亡,1,0,00210,下,0909,214,夜－夜,曇,非市街地,舗装－湿潤,単路－その他,環状交差点以外 環状交差点以外をいう。,施設なし,00,23,00,23,03,9,単路（交差点付近を含む）,規制なし,4,2,人対車両,35～44歳,75歳以上,貨物車－大型車,歩行者,事業用,対象外当事者,貨物車,対象外当事者,50㎞／ｈ以下,対象外当事者,80,00,小破,対象外当事者,その他,対象外当事者,その他,対象外当事者,損傷なし,死亡,水,その他,35.344150,136.407918,2019-01-16,23:13,red,,,,,,,,,,,,
本票,滋賀,赤歌,0007,死亡,1,1,03670,対象外,0000,201,昼－昼,晴,非市街地,舗装－乾燥,単路－カーブ・屈折,環状交差点以外 環状交差点以外をいう。,施設なし,00,23,00,23,03,4,単路（交差点付近を含む）,規制なし,4,3,人対車両,65～74歳,75歳以上,乗用車－軽自動車,歩行者,自家用,対象外当事者,乗用車,対象外当事者,40㎞／ｈ以下,対象外当事者,11,00,中破,対象外当事者,その他,対象外当事者,その他,対象外当事者,損傷なし,死亡,月,当日,35.194792,135.860799,2019-01-14,14:19,red,,,,,,,,,,,,
本票,滋賀,赤歌,0011,死亡,1,0,03670,対象外,0000,201,夜－暮,晴,非市街地,舗装－乾燥,単路－カーブ・屈折,環状交差点以外 環状交差点以外をいう。,施設なし,00,23,00,23,03,3,単路（交差点付近を含む）,規制なし,4,2,人対車両,45～54歳,75歳以上,貨物車－普通車,歩行者,自家用,対象外当事者,貨物車,対象外当事者,40㎞／ｈ以下,対象外当事者,50,00,小破,対象外当事者,その他,対象外当事者,その他,対象外当事者,損傷なし,死亡,土,その他,35.281457,135.879761,2019-01-19,17:25,red,,,,,,,,,,,,
本票,京都,野辺地,0024,死亡,1,0,38880,対象外,0000,110,昼－明,晴,市街地－その他,舗装－乾燥,単路－その他,環状交差点以外 環状交差点以外をいう。,施設なし,00,23,00,23,02,9,単路（交差点付近を含む）,規制なし,5,4,車両相互,35～44歳,45～54歳,二輪車－自動二輪－原付二種－51～125cc,軽車両－自転車,自家用,対象外当事者,対象外当事者,対象外当事者,指定の速度規制なし等,対象外当事者,10,10,小破,中破,対象外当事者,対象外当事者,対象外当事者,対象外当事者,損傷なし,死亡,月,その他,34.974336,135.827451,2019-01-21,07:11,red,,,,,,,,,,,,
本票,京都,門別,0031,死亡,1,0,15010,対象外,0000,104,昼－昼,曇,市街地－人口集中,舗装－乾燥,交差点付近－その他,環状交差点以外 環状交差点以外をいう。,点灯－３灯式,00,23,00,23,04,9,単路（交差点付近を含む）,規制なし,3,1,車両相互,25～34歳,0～24歳,貨物車－軽自動車,二輪車－自動二輪－軽二輪－126～250cc,自家用,自家用,貨物車,対象外当事者,50㎞／ｈ以下,50㎞／ｈ以下,00,40,損壊なし,中破,その他,対象外当事者,その他,対象外当事者,損傷なし,死亡,火,その他,35.018840,135.728585,2019-01-29,15:53,red,,,,,,,,,,,,
本票,京都,南,0031,死亡,1,0,00240,上,0031,107,夜－夜,曇,市街地－人口集中,舗装－乾燥,交差点－その他,環状交差点以外 環状交差点以外をいう。,点灯－３灯式,09,22,09,22,18,9,交差点内,規制なし,5,2,車両相互,0～24歳,55～64歳,乗用車－軽自動車,二輪車－自動二輪－原付二種－51～125cc,自家用,自家用,乗用車,対象外当事者,40㎞／ｈ以下,40㎞／ｈ以下,80,10,小破,中破,その他,対象外当事者,その他,対象外当事者,損傷なし,死亡,月,その他,34.973245,135.761824,2019-01-21,22:17,red,,,,,,,,,,,,
本票,京都,葉山,0002,死亡,1,0,14180,対象外,0000,465,夜－夜,曇,市街地－その他,舗装－乾燥,交差点付近－その他,環状交差点以外 環状交差点以外をいう。,施設なし,00,23,00,23,03,9,単路（交差点付近を含む）,規制なし,4,3,人対車両,45～54歳,75歳以上,乗用車－普通車,歩行者,自家用,対象外当事者,乗用車,対象外当事者,40㎞／ｈ以下,対象外当事者,80,00,小破,対象外当事者,その他,対象外当事者,その他,対象外当事者,損傷なし,死亡,金,その他,35.530549,135.101618,2019-01-04,19:58,red,,,,,,,,,,,,
本票,大阪,高速道路交通警察隊,0040,死亡,1,0,44210,上,0000,232,昼－明,曇,非市街地,舗装－湿潤,単路－カーブ・屈折,環状交差点以外 環状交差点以外をいう。,施設なし,00,23,00,23,06,6,単路（交差点付近を含む）,規制なし,1,4,車両単独,25～34歳,不明,乗用車－普通車,物件等,自家用,対象外当事者,乗用車,対象外当事者,80㎞／ｈ以下,対象外当事者,60,00,大破,対象外当事者,装備あり 作動,対象外当事者,装備あり 作動,対象外当事者,死亡,対象外当事者,水,その他,34.317472,135.271187,2019-01-23,07:27,red,764,西日本高速道路,走行車線－第二通行帯以上,完全分離－高低分離,カーブ－300m以上,平坦－１％以上,,1,中央分離帯－コンクリート,該当なし,該当なし,0
本票,大阪,砂川,0004,死亡,1,0,15130,対象外,0002,111,夜－明,晴,市街地－人口集中,舗装－乾燥,交差点－その他,環状交差点以外 環状交差点以外をいう。,施設なし,09,22,09,22,18,9,交差点内,規制なし,4,2,車両相互,55～64歳,65～74歳,乗用車－普通車,軽車両－駆動補助機付自転車,自家用,対象外当事者,乗用車,対象外当事者,40㎞／ｈ以下,対象外当事者,10,40,小破,中破,その他,対象外当事者,その他,対象外当事者,損傷なし,死亡,水,その他,34.662924,135.496387,2019-01-09,06:54,red,,,,,,,,,,,,
本票,大阪,伊達,0002,死亡,1,0,10070,対象外,0016,119,夜－夜,晴,市街地－人口集中,舗装－乾燥,交差点－その他,環状交差点以外 環状交差点以外をいう。,点灯－３灯式,09,22,00,23,18,9,交差点内,規制なし,5,1,人対車両,75歳以上,65～74歳,乗用車－軽自動車,歩行者,自家用,対象外当事者,乗用車,対象外当事者,50㎞／ｈ以下,対象外当事者,80,00,小破,対象外当事者,その他,対象外当事者,その他,対象外当事者,損傷なし,死亡,火,その他,34.639333,135.518426,2019-01-08,19:21,red,,,,,,,,,,,,
本票,大阪,森,0029,死亡,1,0,20140,対象外,0037,205,昼－昼,晴,市街地－人口集中,舗装－乾燥,交差点－その他,環状交差点以外 環状交差点以外をいう。,点灯－３灯式,09,22,09,22,15,9,交差点内,規制なし,5,1,車両相互,45～54歳,0～24歳,貨物車－準中型車,二輪車－自動二輪－軽二輪－126～250cc,事業用,自家用,貨物車,対象外当事者,50㎞／ｈ以下,50㎞／ｈ以下,50,10,小破,中破,その他,対象外当事者,その他,対象外当事者,損傷なし,死亡,水,その他,34.786005,135.534473,2019-01-16,10:16,red,,,,,,,,,,,,
本票,大阪,蒲田,0047,死亡,1,0,10110,対象外,0055,227,夜－夜,晴,市街地－その他,舗装－乾燥,交差点付近－その他,環状交差点以外 環状交差点以外をいう。,施設なし,00,23,00,23,03,9,単路（交差点付近を含む）,規制なし,4,2,人対車両,45～54歳,75歳以上,乗用車－軽自動車,歩行者,自家用,対象外当事者,乗用車,対象外当事者,40㎞／ｈ以下,対象外当事者,10,00,小破,対象外当事者,その他,対象外当事者,その他,対象外当事者,損傷なし,死亡,水,その他,34.680516,135.611646,2019-01-30,23:55,red,,,,,,,,,,,,
本票,大阪,木津,0015,死亡,1,0,20040,対象外,0014,217,夜－夜,晴,市街地－人口集中,舗装－乾燥,交差点付近－その他,環状交差点以外 環状交差点以外をいう。,施設なし,00,23,00,23,04,9,単路（交差点付近を含む）,規制なし,4,2,人対車両,35～44歳,75歳以上,乗用車－普通車,歩行者,自家用,対象外当事者,乗用車,対象外当事者,40㎞／ｈ以下,対象外当事者,50,00,小破,対象外当事者,その他,対象外当事者,その他,対象外当事者,損傷なし,死亡,土,その他,34.583946,135.559071,2019-01-12,23:22,red,,,,,,,,,,,,
本票,大阪,八幡,0048,死亡,1,0,00010,下,5202,210,昼－昼,晴,市街地－人口集中,舗装－乾燥,単路－その他,環状交差点以外 環状交差点以外をいう。,施設なし,00,23,00,23,05,9,単路（交差点付近を含む）,規制なし,1,2,車両相互,55～64歳,65～74歳,貨物車－大型車,二輪車－自動二輪－原付二種－51～125cc,事業用,自家用,貨物車,対象外当事者,60㎞／ｈ以下,60㎞／ｈ以下,40,00,小破,小破,その他,対象外当事者,その他,対象外当事者,損傷なし,死亡,木,その他,34.815359,135.670843,2019-01-24,16:15,red,,,,,,,,,,,,
本票,兵庫,高速道路交通警察隊,0020,死亡,1,1,45010,上,0235,204,夜－夜,晴,非市街地,舗装－乾燥,単路－カーブ・屈折,環状交差点以外 環状交差点以外をいう。,施設なし,00,23,00,23,06,3,単路（交差点付近を含む）,規制なし,1,3,車両単独,0～24歳,不明,貨物車－準中型車,物件等,自家用,対象外当事者,貨物車,対象外当事者,80㎞／ｈ以下,対象外当事者,85,00,大破,対象外当事者,その他,対象外当事者,その他,対象外当事者,負傷,対象外当事者,水,その他,34.825309,135.307759,2019-01-09,20:15,red,225,西日本高速道路,路肩,完全分離－切土,カーブ－700m以上,平坦－２％以上,,1,防護柵－コンクリート,該当なし,該当なし,0
本票,兵庫,高速道路交通警察隊,0029,死亡,1,1,45110,上,0776,208,夜－夜,晴,非市街地,舗装－乾燥,単路－その他,環状交差点以外 環状交差点以外をいう。,施設なし,00,23,00,23,05,9,単路（交差点付近を含む）,規制なし,1,3,車両相互,55～64歳,25～34歳,貨物車－大型車,乗用車－普通車,事業用,自家用,貨物車,乗用車,80㎞／ｈ以下,80㎞／ｈ以下,80,61,中破,大破,その他,装備あり 作動,その他,装備あり 作動,損傷なし,死亡,月,当日,34.863336,134.582416,2019-01-14,01:07,red,766,西日本高速道路,走行車線－第一通行帯,完全分離－盛土,直線,平坦－１％以上,,3,該当なし,該当なし,該当なし,0
本票,兵庫,手稲,0094,死亡,1,0,01760,下,0465,204,昼－明,晴,市街地－その他,舗装－乾燥,交差点－その他,環状交差点以外 環状交差点以外をいう。,点灯－３灯式,09,22,09,22,18,3,交差点内,規制なし,5,1,車両相互,45～54歳,55～64歳,貨物車－大型車,乗用車－軽自動車,事業用,自家用,貨物車,乗用車,60㎞／ｈ以下,60㎞／ｈ以下,40,10,小破,大破,その他,装備あり 作動,その他,その他,損傷なし,死亡,水,その他,34.828679,135.249490,2019-01-30,07:26,red,,,,,,,,,,,,
本票,兵庫,武南,0011,死亡,1,0,38120,対象外,0019,202,夜－明,晴,市街地－人口集中,舗装－乾燥,交差点－その他,環状交差点以外 環状交差点以外をいう。,施設なし,01,21,09,22,17,9,交差点内,規制なし,5,2,車両相互,45～54歳,55～64歳,乗用車－普通車,二輪車－自動二輪－原付二種－51～125cc,自家用,自家用,乗用車,対象外当事者,40㎞／ｈ以下,50㎞／ｈ以下,20,10,小破,大破,その他,対象外当事者,その他,対象外当事者,損傷なし,死亡,火,その他,34.727254,135.439964,2019-01-08,06:12,red,,,,,,,,,,,,
本票,兵庫,千葉北,0015,死亡,1,0,39990,対象外,0000,223,昼－昼,晴,非市街地,舗装－湿潤,単路－カーブ・屈折,環状交差点以外 環状交差点以外をいう。,施設なし,00,23,00,23,03,6,単路（交差点付近を含む）,規制なし,4,2,車両単独,45～54歳,不明,乗用車－軽自動車,物件等,自家用,対象外当事者,乗用車,対象外当事者,60㎞／ｈ以下,対象外当事者,10,00,大破,対象外当事者,装備あり 作動,対象外当事者,その他,対象外当事者,死亡,対象外当事者,日,その他,35.164061,135.115232,2019-01-27,13:20,red,,,,,,,,,,,,