資料区分,都道府県コード,警察署等コード,本票番号,事故内容,死者数,負傷者数,路線コード,上下線,地点コード,市区町村コード,昼夜,天候,地形,路面状態,道路形状,環状交差点の直径,信号機,一時停止規制　標識（当事者A）,一時停止規制　表示（当事者A）,一時停止規制　標識（当事者B）,一時停止規制　表示（当事者B）,車道幅員,道路線形,衝突地点,ゾーン規制,中央分離帯施設等,歩車道区分,事故類型,年齢（当事者A）,年齢（当事者B）,当事者種別（当事者A）,当事者種別（当事者B）,用途別（当事者A）,用途別（当事者B）,車両形状（当事者A）,車両形状（当事者B）,速度規制（指定のみ）（当事者A）,速度規制（指定のみ）（当事者B）,車両の衝突部位（当事者A）,車両の衝突部位（当事者B）,車両の損壊程度（当事者A）,車両の損壊程度（当事者B）,エアバッグの装備（当事者A）,エアバッグの装備（当事者B）,サイドエアバッグの装備（当事者A）,サイドエアバッグの装備（当事者B）,人身損傷程度（当事者A）,人身損傷程度（当事者B）,曜日(発生年月日),祝日(発生年月日),緯度,経度,発生日,発生時,color,発生地点,道路管理者区分,道路区分,道路構造,曲線半径,縦断勾配,トンネル番号,当事者車両台数,車両単独事故の対象物,臨時速度規制の有無,速度規制（臨時のみ）,トンネル延長距離
本票,福岡,中央,0122,死亡,1,0,14190,対象外,0000,133,昼－昼,晴,市街地－人口集中,舗装－乾燥,交差点－その他,環状交差点以外 環状交差点以外をいう。,施設なし,09,22,00,23,14,9,交差点内,規制なし,4,2,人対車両,55～64歳,75歳以上,貨物車－軽自動車,歩行者,自家用,対象外当事者,貨物車,対象外当事者,40㎞／ｈ以下,対象外当事者,88,00,小破,対象外当事者,その他,対象外当事者,その他,対象外当事者,損傷なし,死亡,火,その他,33.582501,130.395676,2019-01-29,10:52,red,,,,,,,,,,,,
本票,福岡,岩見沢,0078,死亡,1,0,37490,対象外,0000,134,昼－明,晴,市街地－人口集中,舗装－乾燥,交差点－その他,環状交差点以外 環状交差点以外をいう。,施設なし,09,22,00,23,14,2,交差点内,規制なし,4,2,車両単独,55～64歳,不明,乗用車－軽自動車,物件等,自家用,対象外当事者,乗用車,対象外当事者,40㎞／ｈ以下,対象外当事者,10,00,大破,対象外当事者,装備あり 作動,対象外当事者,その他,対象外当事者,死亡,対象外当事者,火,その他,33.565164,130.400933,2019-01-22,08:11,red,,,,,,,,,,,,
本票,福岡,美唄,0014,死亡,1,0,14790,対象外,0000,220,夜－夜,晴,市街地－その他,舗装－乾燥,交差点－その他,環状交差点以外 環状交差点以外をいう。,施設なし,09,22,00,23,11,8,交差点内,規制なし,4,2,人対車両,0～24歳,75歳以上,乗用車－軽自動車,歩行者,自家用,対象外当事者,乗用車,対象外当事者,40㎞／ｈ以下,対象外当事者,80,00,中破,対象外当事者,その他,対象外当事者,その他,対象外当事者,損傷なし,死亡,日,その他,33.789699,130.590610,2019-01-06,01:02,red,,,,,,,,,,,,
本票,福岡,滝川,0039,死亡,1,2,37990,対象外,0000,230,夜－夜,雨,市街地－その他,舗装－湿潤,交差点－その他,環状交差点以外 環状交差点以外をいう。,施設なし,01,21,09,22,15,9,交差点内,規制なし,4,2,車両相互,0～24歳,25～34歳,乗用車－軽自動車,乗用車－軽自動車,自家用,自家用,乗用車,乗用車,40㎞／ｈ以下,50㎞／ｈ以下,10,20,大破,大破,装備あり 作動,装備あり 作動,その他,その他,負傷,死亡,日,その他,33.540779,130.199903,2019-01-27,23:25,red,,,,,,,,,,,,
本票,福岡,函館中央,0008,死亡,1,1,37990,対象外,0000,103,夜－夜,晴,市街地－その他,舗装－乾燥,単路－その他,環状交差点以外 環状交差点以外をいう。,施設なし,00,23,00,23,03,9,単路（交差点付近を含む）,規制なし,1,2,車両相互,0～24歳,25～34歳,乗用車－普通車,特殊車－大型－その他,自家用,対象外当事者,乗用車,対象外当事者,60㎞／ｈ以下,60㎞／ｈ以下,10,30,大破,小破,装備あり 作動,対象外当事者,その他,対象外当事者,死亡,負傷,火,その他,33.930148,130.798846,2019-01-08,06:20,red,,,,,,,,,,,,
本票,福岡,木古内,0095,死亡,1,0,37990,対象外,0000,106,夜－夜,晴,市街地－人口集中,舗装－乾燥,交差点－その他,環状交差点以外 環状交差点以外をいう。,点灯－３灯式,09,22,00,23,18,9,交差点内,規制なし,1,2,人対車両,75歳以上,55～64歳,乗用車－普通車,歩行者,事業用,対象外当事者,乗用車,対象外当事者,50㎞／ｈ以下,対象外当事者,11,00,小破,対象外当事者,その他,対象外当事者,その他,対象外当事者,損傷なし,死亡,金,その他,33.867544,130.897963,2019-01-18,02:18,red,,,,,,,,,,,,
本票,福岡,泉大津,0001,死亡,1,1,02110,対象外,0000,109,昼－昼,晴,市街地－人口集中,舗装－乾燥,単路－その他,環状交差点以外 環状交差点以外をいう。,施設なし,00,23,00,23,02,9,単路（交差点付近を含む）,規制なし,4,1,車両単独,65～74歳,不明,乗用車－軽自動車,物件等,自家用,対象外当事者,乗用車,対象外当事者,50㎞／ｈ以下,対象外当事者,84,00,中破,対象外当事者,装備あり 作動,対象外当事者,装備あり 作動,対象外当事者,負傷,対象外当事者,水,その他,33.815987,130.751070,2019-01-02,10:45,red,,,,,,,,,,,,
本票,福岡,釧路,0151,死亡,1,0,37990,対象外,0000,203,昼－昼,晴,市街地－その他,舗装－乾燥,単路－その他,環状交差点以外 環状交差点以外をいう。,施設なし,00,23,00,23,02,9,その他,規制なし,5,4,車両単独,75歳以上,不明,軽車両－自転車,相手なし,対象外当事者,対象外当事者,対象外当事者,対象外当事者,対象外当事者,対象外当事者,10,00,小破,対象外当事者,対象外当事者,対象外当事者,対象外当事者,対象外当事者,死亡,対象外当事者,土,その他,33.349936,130.612469,2019-01-19,11:51,red,,,,,,,,,,,,
本票,福岡,根室,0043,死亡,1,0,37990,対象外,0000,210,夜－夜,晴,市街地－その他,舗装－乾燥,単路－カーブ・屈折,環状交差点以外 環状交差点以外をいう。,施設なし,00,23,00,23,03,3,単路（交差点付近を含む）,規制なし,5,3,車両単独,25～34歳,不明,二輪車－自動二輪－軽二輪－126～250cc,物件等,自家用,対象外当事者,対象外当事者,対象外当事者,40㎞／ｈ以下,対象外当事者,11,00,中破,対象外当事者,対象外当事者,対象外当事者,対象外当事者,対象外当事者,死亡,対象外当事者,木,その他,33.223238,130.602439,2019-01-24,02:35,red,,,,,,,,,,,,
本票,佐賀,余市,0003,死亡,1,0,20060,対象外,1074,201,昼－昼,晴,非市街地,舗装－乾燥,交差点－その他,環状交差点以外 環状交差点以外をいう。,施設なし,09,22,09,22,14,9,交差点内,規制なし,4,2,車両相互,0～24歳,55～64歳,乗用車－軽自動車,貨物車－軽自動車,自家用,自家用,乗用車,貨物車,指定の速度規制なし等,50㎞／ｈ以下,10,50,中破,中破,装備あり 作動,その他,その他,その他,損傷なし,死亡,木,その他,33.298492,130.237602,2019-01-03,16:00,red,,,,,,,,,,,,
本票,佐賀,余市,0014,死亡,1,0,14400,対象外,1066,201,昼－昼,曇,非市街地,舗装－乾燥,単路－その他,環状交差点以外 環状交差点以外をいう。,施設なし,00,23,00,23,03,9,単路（交差点付近を含む）,規制なし,4,2,人対車両,75歳以上,75歳以上,乗用車－軽自動車,歩行者,自家用,対象外当事者,乗用車,対象外当事者,50㎞／ｈ以下,対象外当事者,10,00,中破,対象外当事者,その他,対象外当事者,その他,対象外当事者,損傷なし,死亡,木,その他,33.315790,130.326369,2019-01-10,09:33,red,,,,,,,,,,,,
本票,長崎,白石,0008,死亡,1,0,04990,対象外,0000,201,夜－暮,晴,市街地－その他,舗装－乾燥,単路－その他,環状交差点以外 環状交差点以外をいう。,施設なし,00,23,00,23,05,7,単路（交差点付近を含む）,規制なし,4,1,人対車両,45～54歳,55～64歳,乗用車－普通車,歩行者,自家用,対象外当事者,乗用車,対象外当事者,50㎞／ｈ以下,対象外当事者,10,00,中破,対象外当事者,その他,対象外当事者,その他,対象外当事者,損傷なし,死亡,月,当日,32.667165,129.837179,2019-01-14,18:16,red,,,,,,,,,,,,
本票,熊本,白石,0002,死亡,1,0,22970,対象外,0000,104,夜－夜,晴,市街地－その他,舗装－乾燥,単路－その他,環状交差点以外 環状交差点以外をいう。,施設なし,00,23,00,23,03,9,単路（交差点付近を含む）,規制なし,4,2,人対車両,0～24歳,75歳以上,貨物車－普通車,歩行者,自家用,対象外当事者,貨物車,対象外当事者,40㎞／ｈ以下,対象外当事者,58,00,小破,対象外当事者,その他,対象外当事者,その他,対象外当事者,損傷なし,死亡,木,その他,32.747559,130.683644,2019-01-03,22:50,red,,,,,,,,,,,,
本票,熊本,栗山,0008,死亡,1,0,10370,対象外,0000,208,昼－昼,雨,非市街地,舗装－湿潤,交差点－その他,環状交差点以外 環状交差点以外をいう。,施設なし,09,22,00,23,15,6,交差点内,規制なし,4,3,車両単独,75歳以上,不明,乗用車－軽自動車,物件等,自家用,対象外当事者,乗用車,対象外当事者,50㎞／ｈ以下,対象外当事者,15,00,大破,対象外当事者,装備あり 作動,対象外当事者,装備あり 作動,対象外当事者,死亡,対象外当事者,木,その他,32.997193,130.765560,2019-01-31,14:45,red,,,,,,,,,,,,
本票,熊本,つがる,0001,死亡,1,0,03870,対象外,0000,210,昼－昼,晴,市街地－人口集中,舗装－乾燥,交差点－その他,環状交差点以外 環状交差点以外をいう。,施設なし,09,22,00,23,14,9,交差点内,規制なし,4,2,人対車両,55～64歳,75歳以上,貨物車－軽自動車,歩行者,自家用,対象外当事者,貨物車,対象外当事者,40㎞／ｈ以下,対象外当事者,80,00,損壊なし,対象外当事者,その他,対象外当事者,その他,対象外当事者,損傷なし,死亡,木,その他,32.984839,130.815221,2019-01-03,16:10,red,,,,,,,,,,,,
本票,熊本,つがる,0012,死亡,1,0,03870,対象外,0000,210,夜－夜,晴,非市街地,舗装－乾燥,単路－カーブ・屈折,環状交差点以外 環状交差点以外をいう。,施設なし,00,23,00,23,03,5,単路（交差点付近を含む）,規制なし,4,2,車両単独,45～54歳,不明,乗用車－普通車,物件等,自家用,対象外当事者,乗用車,対象外当事者,50㎞／ｈ以下,対象外当事者,85,00,中破,対象外当事者,装備あり 作動,対象外当事者,その他,対象外当事者,死亡,対象外当事者,水,その他,32.951603,130.793176,2019-01-30,05:37,red,,,,,,,,,,,,
本票,熊本,室蘭,0004,死亡,1,0,30000,対象外,0000,203,昼－昼,晴,非市街地,舗装－乾燥,単路－その他,環状交差点以外 環状交差点以外をいう。,施設なし,00,23,00,23,03,9,単路（交差点付近を含む）,規制なし,4,2,人対車両,55～64歳,75歳以上,乗用車－大型車,歩行者,事業用,対象外当事者,乗用車,対象外当事者,40㎞／ｈ以下,対象外当事者,11,00,中破,対象外当事者,その他,対象外当事者,その他,対象外当事者,損傷なし,死亡,水,その他,32.226367,130.754141,2019-01-16,14:40,red,,,,,,,,,,,,
本票,熊本,北,0057,死亡,1,0,00570,対象外,0000,102,夜－夜,曇,市街地－その他,舗装－乾燥,交差点－その他,環状交差点以外 環状交差点以外をいう。,点灯－３灯式,09,22,09,22,19,9,交差点内,規制なし,5,1,車両相互,55～64歳,55～64歳,乗用車－軽自動車,二輪車－自動二輪－原付二種－51～125cc,自家用,自家用,乗用車,対象外当事者,50㎞／ｈ以下,50㎞／ｈ以下,10,10,大破,大破,装備あり 作動,対象外当事者,その他,対象外当事者,損傷なし,死亡,水,その他,32.807281,130.748221,2019-01-30,06:09,red,,,,,,,,,,,,
本票,大分,中央,0013,死亡,1,0,90000,対象外,0000,201,昼－明,晴,市街地－その他,舗装－乾燥,一般交通の場所,環状交差点以外 環状交差点以外をいう。,施設なし,00,23,00,23,00,0,その他,規制なし,0,4,人対車両,35～44歳,0～24歳,乗用車－普通車,歩行者,自家用,対象外当事者,乗用車,対象外当事者,指定の速度規制なし等,対象外当事者,80,00,損壊なし,対象外当事者,その他,対象外当事者,その他,対象外当事者,損傷なし,死亡,木,その他,33.218570,131.607100,2019-01-24,07:35,red,,,,,,,,,,,,
本票,大分,滝川,0003,死亡,1,0,30000,対象外,0000,205,夜－暮,晴,市街地－その他,舗装－乾燥,交差点－その他,環状交差点以外 環状交差点以外をいう。,施設なし,09,22,00,23,15,9,交差点内,規制なし,2,2,人対車両,75歳以上,65～74歳,乗用車－軽自動車,歩行者,自家用,対象外当事者,乗用車,対象外当事者,40㎞／ｈ以下,対象外当事者,10,00,小破,対象外当事者,その他,対象外当事者,その他,対象外当事者,損傷なし,死亡,水,その他,32.969015,131.903807,2019-01-16,18:00,red,,,,,,,,,,,,
本票,宮崎,野辺地,0014,死亡,1,0,10500,対象外,0000,429,夜－夜,霧,非市街地,舗装－湿潤,単路－カーブ・屈折,環状交差点以外 環状交差点以外をいう。,施設なし,00,23,00,23,03,5,単路（交差点付近を含む）,規制なし,5,4,車両単独,55～64歳,不明,乗用車－普通車,物件等,自家用,対象外当事者,乗用車,対象外当事者,指定の速度規制なし等,対象外当事者,10,00,中破,対象外当事者,装備あり 作動,対象外当事者,装備あり 作動,対象外当事者,死亡,対象外当事者,日,前日,32.544733,131.327563,2019-01-13,01:00,red,,,,,,,,,,,,
本票,宮崎,野辺地,0021,死亡,1,0,30000,対象外,0000,206,夜－夜,曇,市街地－人口集中,舗装－湿潤,単路－その他,環状交差点以外 環状交差点以外をいう。,施設なし,00,23,00,23,03,9,単路（交差点付近を含む）,規制なし,4,2,人対車両,65～74歳,65～74歳,乗用車－軽自動車,歩行者,自家用,対象外当事者,乗用車,対象外当事者,30㎞／ｈ以下,対象外当事者,10,00,小破,対象外当事者,その他,対象外当事者,その他,対象外当事者,損傷なし,死亡,日,その他,32.424817,131.624619,2019-01-20,00:30,red,,,,,,,,,,,,
本票,鹿児島,室蘭,0002,死亡,1,0,10630,対象外,0000,221,夜－夜,晴,市街地－その他,舗装－乾燥,単路－その他,環状交差点以外 環状交差点以外をいう。,施設なし,00,23,00,23,03,9,単路（交差点付近を含む）,規制なし,4,2,人対車両,35～44歳,55～64歳,貨物車－準中型車,歩行者,自家用,対象外当事者,貨物車,対象外当事者,50㎞／ｈ以下,対象外当事者,80,00,小破,対象外当事者,その他,対象外当事者,その他,対象外当事者,損傷なし,死亡,月,その他,31.485225,131.094325,2019-01-07,00:00,red,,,,,,,,,,,,
本票,鹿児島,門別,0013,死亡,1,0,02200,上,4121,203,夜－明,曇,非市街地,舗装－乾燥,単路－カーブ・屈折,環状交差点以外 環状交差点以外をいう。,施設なし,00,23,00,23,03,5,単路（交差点付近を含む）,規制なし,4,2,車両相互,55～64歳,55～64歳,貨物車－大型車,貨物車－軽自動車,事業用,自家用,貨物車,貨物車,50㎞／ｈ以下,50㎞／ｈ以下,10,10,中破,大破,その他,装備あり 作動,その他,その他,損傷なし,死亡,水,その他,31.394213,130.939689,2019-01-16,07:08,red,,,,,,,,,,,,
本票,鹿児島,東入間,0001,死亡,1,0,10840,対象外,0000,533,夜－夜,晴,非市街地,舗装－乾燥,単路－その他,環状交差点以外 環状交差点以外をいう。,施設なし,00,23,00,23,03,9,単路（交差点付近を含む）,規制なし,4,2,人対車両,0～24歳,35～44歳,乗用車－軽自動車,歩行者,自家用,対象外当事者,乗用車,対象外当事者,50㎞／ｈ以下,対象外当事者,80,00,中破,対象外当事者,その他,対象外当事者,その他,対象外当事者,損傷なし,死亡,金,その他,27.365461,128.625742,2019-01-04,02:59,red,,,,,,,,,,,,
本票,沖縄,つがる,0013,死亡,1,0,33010,対象外,0000,301,昼－暮,曇,非市街地,舗装－乾燥,単路－その他,環状交差点以外 環状交差点以外をいう。,施設なし,00,23,00,23,03,9,単路（交差点付近を含む）,規制なし,4,2,車両相互,65～74歳,45～54歳,貨物車－軽自動車,二輪車－自動二輪－小型二輪－751ｃｃ以上,自家用,自家用,貨物車,対象外当事者,指定の速度規制なし等,指定の速度規制なし等,80,12,中破,中破,その他,対象外当事者,その他,対象外当事者,損傷なし,死亡,火,その他,26.726190,128.161010,2019-01-29,17:55,red,,,,,,,,,,,,
本票,北海道（札幌方面）,浦河,0004,死亡,1,0,03360,対象外,0050,608,昼－昼,曇,非市街地,舗装－凍結,単路－カーブ・屈折,環状交差点以外 環状交差点以外をいう。,点灯－押ボタン式,00,23,00,23,03,3,単路（交差点付近を含む）,規制なし,4,2,車両単独,65～74歳,不明,乗用車－軽自動車,物件等,自家用,対象外当事者,乗用車,対象外当事者,50㎞／ｈ以下,対象外当事者,10,00,中破,対象外当事者,装備あり 作動,対象外当事者,その他,対象外当事者,死亡,対象外当事者,金,その他,42.135044,142.888463,2019-02-08,11:13,red,,,,,,,,,,,,
本票,北海道（旭川方面）,留萌,0006,死亡,1,0,02320,対象外,0999,482,夜－夜,晴,非市街地,舗装－凍結,単路－その他,環状交差点以外 環状交差点以外をいう。,施設なし,00,23,00,23,03,9,単路（交差点付近を含む）,規制なし,4,2,人対車両,55～64歳,65～74歳,貨物車－大型車,歩行者,事業用,対象外当事者,貨物車,対象外当事者,指定の速度規制なし等,対象外当事者,50,00,小破,対象外当事者,その他,対象外当事者,その他,対象外当事者,損傷なし,死亡,金,その他,44.167774,141.658612,2019-02-22,19:20,red,,,,,,,,,,,,
本票,北海道（釧路方面）,十勝機動警察隊,0001,死亡,1,0,40140,下,0000,636,夜－夜,曇,非市街地,舗装－凍結,単路－橋,環状交差点以外 環状交差点以外をいう。,施設なし,00,23,00,23,04,9,単路（交差点付近を含む）,規制なし,6,3,車両相互,35～44歳,25～34歳,貨物車－大型車,乗用車－軽自動車,事業用,自家用,貨物車,乗用車,50㎞／ｈ以下,50㎞／ｈ以下,10,40,小破,大破,その他,装備あり 作動,その他,その他,損傷なし,死亡,金,その他,43.002881,142.846897,2019-02-01,19:03,red,1225,東日本高速道路,走行車線－第一通行帯,非分離－高架・橋梁,直線,平坦－１％未満,,2,該当なし,あり－異常気象,50㎞/h以下,0
本票,北海道（釧路方面）,帯広,0063,死亡,1,0,11250,対象外,0000,207,夜－暮,晴,市街地－人口集中,舗装－乾燥,交差点－その他,環状交差点以外 環状交差点以外をいう。,点灯－３灯式,09,22,00,23,18,9,交差点内,規制なし,5,2,人対車両,35～44歳,65～74歳,乗用車－軽自動車,歩行者,自家用,対象外当事者,乗用車,対象外当事者,50㎞／ｈ以下,対象外当事者,10,00,小破,対象外当事者,その他,対象外当事者,その他,対象外当事者,損傷なし,死亡,木,その他,42.918101,143.151204,2019-02-21,17:50,red,,,,,,,,,,,,
本票,青森,中央,0100,死亡,1,0,02800,下,0018,201,昼－暮,晴,市街地－人口集中,舗装－乾燥,交差点付近－その他,環状交差点以外 環状交差点以外をいう。,施設なし,00,23,00,23,03,9,単路（交差点付近を含む）,規制なし,4,2,車両相互,55～64歳,65～74歳,乗用車－軽自動車,軽車両－自転車,自家用,対象外当事者,乗用車,対象外当事者,40㎞／ｈ以下,対象外当事者,10,40,中破,大破,その他,対象外当事者,その他,対象外当事者,損傷なし,死亡,月,その他,40.838728,140.718924,2019-02-18,16:23,red,,,,,,,,,,,,
本票,青森,江別,0008,死亡,1,0,03390,対象外,0182,205,昼－昼,雪,非市街地,舗装－凍結,単路－その他,環状交差点以外 環状交差点以外をいう。,施設なし,00,23,00,23,03,9,その他,規制なし,4,4,車両単独,45～54歳,不明,乗用車－普通車,物件等,自家用,対象外当事者,乗用車,対象外当事者,40㎞／ｈ以下,対象外当事者,50,00,中破,対象外当事者,その他,対象外当事者,その他,対象外当事者,損傷なし,対象外当事者,月,その他,40.781225,140.439679,2019-01-21,09:46,red,,,,,,,,,,,,
本票,岩手,江別,0024,死亡,1,0,21920,対象外,0000,206,昼－明,雨,市街地－その他,舗装－凍結,一般交通の場所,環状交差点以外 環状交差点以外をいう。,施設なし,00,23,00,23,00,0,その他,規制なし,0,2,人対車両,45～54歳,35～44歳,貨物車－中型車,歩行者,事業用,対象外当事者,貨物車,対象外当事者,50㎞／ｈ以下,対象外当事者,10,00,小破,対象外当事者,その他,対象外当事者,その他,対象外当事者,損傷なし,死亡,木,その他,39.305488,141.030348,2019-02-07,07:05,red,,,,,,,,,,,,
本票,岩手,赤歌,0004,死亡,1,0,00450,対象外,3695,207,昼－昼,曇,非市街地,舗装－乾燥,単路－カーブ・屈折,環状交差点以外 環状交差点以外をいう。,施設なし,00,23,00,23,03,6,その他,規制なし,4,2,車両単独,55～64歳,不明,乗用車－普通車,物件等,自家用,対象外当事者,乗用車,対象外当事者,60㎞／ｈ以下,対象外当事者,50,00,大破,対象外当事者,装備あり 作動,対象外当事者,その他,対象外当事者,損傷なし,対象外当事者,土,その他,40.281621,141.786613,2019-02-23,13:50,red,,,,,,,,,,,,
本票,宮城,西,0123,死亡,1,0,00450,下,0025,102,夜－夜,晴,市街地－その他,舗装－乾燥,単路－その他,環状交差点以外 環状交差点以外をいう。,施設なし,00,23,00,23,05,9,単路（交差点付近を含む）,規制なし,4,2,車両単独,25～34歳,不明,二輪車－原付自転車,物件等,自家用,対象外当事者,対象外当事者,対象外当事者,30㎞／ｈ以下,対象外当事者,40,00,中破,対象外当事者,対象外当事者,対象外当事者,対象外当事者,対象外当事者,死亡,対象外当事者,水,その他,38.268950,140.918506,2019-02-27,03:36,red,,,,,,,,,,,,
本票,宮城,千歳,0053,死亡,1,0,30000,対象外,0000,211,夜－夜,曇,市街地－その他,舗装－乾燥,単路－その他,環状交差点以外 環状交差点以外をいう。,施設なし,00,23,00,23,03,9,単路（交差点付近を含む）,規制なし,4,2,人対車両,45～54歳,65～74歳,貨物車－普通車,歩行者,自家用,対象外当事者,貨物車,対象外当事者,40㎞／ｈ以下,対象外当事者,10,00,小破,対象外当事者,その他,対象外当事者,その他,対象外当事者,損傷なし,死亡,金,その他,38.105888,140.861031,2019-02-08,03:45,red,,,,,,,,,,,,
本票,宮城,千歳,0075,死亡,1,0,21250,対象外,0000,211,昼－昼,晴,非市街地,舗装－乾燥,交差点－その他,環状交差点以外 環状交差点以外をいう。,施設なし,09,22,01,22,15,8,交差点内,規制なし,5,2,車両相互,35～44歳,45～54歳,貨物車－中型車,軽車両－自転車,事業用,対象外当事者,貨物車,対象外当事者,40㎞／ｈ以下,対象外当事者,50,10,小破,小破,その他,対象外当事者,その他,対象外当事者,損傷なし,死亡,金,その他,38.103273,140.917383,2019-02-22,15:42,red,,,,,,,,,,,,
本票,宮城,赤歌,0007,死亡,1,0,30000,対象外,0000,212,夜－明,晴,非市街地,舗装－凍結,単路－その他,環状交差点以外 環状交差点以外をいう。,施設なし,00,23,00,23,02,9,単路（交差点付近を含む）,規制なし,5,4,車両単独,45～54歳,不明,乗用車－普通車,物件等,自家用,対象外当事者,乗用車,対象外当事者,指定の速度規制なし等,対象外当事者,52,00,大破,対象外当事者,装備あり 作動,対象外当事者,その他,対象外当事者,死亡,対象外当事者,木,その他,38.689975,141.292890,2019-02-21,06:05,red,,,,,,,,,,,,
本票,山形,白石,0073,死亡,1,0,01120,上,1080,203,夜－夜,雪,非市街地,舗装－積雪,交差点付近－その他,環状交差点以外 環状交差点以外をいう。,施設なし,00,23,00,23,04,9,単路（交差点付近を含む）,規制なし,4,2,車両相互,35～44歳,65～74歳,貨物車－中型車,軽車両－自転車,事業用,対象外当事者,貨物車,対象外当事者,40㎞／ｈ以下,対象外当事者,80,30,小破,小破,その他,対象外当事者,その他,対象外当事者,損傷なし,死亡,土,その他,38.745194,139.753583,2019-02-16,23:26,red,,,,,,,,,,,,
本票,山形,西,0042,死亡,1,0,10330,対象外,0000,204,昼－暮,曇,非市街地,舗装－凍結,単路－その他,環状交差点以外 環状交差点以外をいう。,施設なし,00,23,00,23,03,7,単路（交差点付近を含む）,規制なし,5,2,車両相互,55～64歳,65～74歳,乗用車－普通車,乗用車－軽自動車,事業用,自家用,乗用車,乗用車,指定の速度規制なし等,指定の速度規制なし等,10,50,中破,大破,装備あり 作動,装備あり 作動,その他,その他,損傷なし,死亡,日,前日,38.816111,139.798583,2019-02-10,16:40,red,,,,,,,,,,,,
本票,山形,東,0080,死亡,1,1,01210,上,0040,202,昼－昼,曇,非市街地,舗装－湿潤,単路－橋,環状交差点以外 環状交差点以外をいう。,施設なし,00,23,00,23,03,2,単路（交差点付近を含む）,規制なし,4,4,車両相互,65～74歳,35～44歳,貨物車－中型車,貨物車－軽自動車,事業用,自家用,貨物車,貨物車,指定の速度規制なし等,指定の速度規制なし等,10,10,中破,大破,装備あり 作動,装備あり 作動,その他,その他,負傷,死亡,木,その他,37.811389,140.000278,2019-02-21,16:04,red,,,,,,,,,,,,
本票,福島,東,0014,死亡,1,0,00040,上,2795,213,夜－明,晴,市街地－その他,舗装－乾燥,交差点－その他,環状交差点以外 環状交差点以外をいう。,点灯－３灯式,09,22,00,23,17,9,交差点内,規制なし,5,2,人対車両,45～54歳,75歳以上,乗用車－軽自動車,歩行者,自家用,対象外当事者,乗用車,対象外当事者,50㎞／ｈ以下,対象外当事者,80,00,小破,対象外当事者,その他,対象外当事者,その他,対象外当事者,損傷なし,死亡,日,その他,37.814306,140.500715,2019-02-17,06:10,red,,,,,,,,,,,,
本票,福島,つがる,0016,死亡,1,0,30000,対象外,0000,207,昼－昼,雪,市街地－その他,舗装－湿潤,単路－その他,環状交差点以外 環状交差点以外をいう。,施設なし,00,23,00,23,03,9,単路（交差点付近を含む）,規制なし,4,2,人対車両,65～74歳,55～64歳,乗用車－軽自動車,歩行者,自家用,対象外当事者,乗用車,対象外当事者,指定の速度規制なし等,対象外当事者,10,00,小破,対象外当事者,その他,対象外当事者,その他,対象外当事者,損傷なし,死亡,土,その他,37.310210,140.364114,2019-02-09,13:11,red,,,,,,,,,,,,
本票,福島,つがる,0026,死亡,1,0,01180,対象外,0000,207,夜－夜,晴,市街地－その他,舗装－乾燥,単路－その他,環状交差点以外 環状交差点以外をいう。,施設なし,00,23,00,23,04,8,単路（交差点付近を含む）,規制なし,1,1,人対車両,55～64歳,45～54歳,貨物車－大型車,歩行者,事業用,対象外当事者,貨物車,対象外当事者,指定の速度規制なし等,対象外当事者,50,00,小破,対象外当事者,その他,対象外当事者,その他,対象外当事者,損傷なし,死亡,火,その他,37.271538,140.371154,2019-02-26,00:40,red,,,,,,,,,,,,
本票,福島,つがる,0027,死亡,1,0,10000,対象外,0000,207,昼－昼,曇,市街地－人口集中,舗装－乾燥,交差点－その他,環状交差点以外 環状交差点以外をいう。,施設なし,09,22,00,23,14,9,交差点内,規制なし,5,2,人対車両,65～74歳,75歳以上,乗用車－普通車,歩行者,自家用,対象外当事者,乗用車,対象外当事者,30㎞／ｈ以下,対象外当事者,10,00,小破,対象外当事者,その他,対象外当事者,その他,対象外当事者,損傷なし,死亡,水,その他,37.289387,140.375726,2019-02-27,10:18,red,,,,,,,,,,,,
本票,福島,野辺地,0019,死亡,1,1,02890,対象外,0000,461,昼－昼,雪,市街地－その他,舗装－凍結,単路－その他,環状交差点以外 環状交差点以外をいう。,施設なし,00,23,00,23,03,8,単路（交差点付近を含む）,規制なし,4,2,車両相互,35～44歳,75歳以上,乗用車－普通車,貨物車－軽自動車,自家用,自家用,乗用車,貨物車,50㎞／ｈ以下,50㎞／ｈ以下,10,50,中破,中破,装備あり 作動,装備あり 作動,その他,その他,損傷なし,負傷,土,その他,37.123854,140.189755,2019-02-09,13:13,red,,,,,,,,,,,,
本票,福島,野辺地,0022,死亡,1,0,30000,対象外,0000,466,昼－昼,晴,非市街地,舗装－乾燥,交差点－その他,環状交差点以外 環状交差点以外をいう。,施設なし,09,22,09,22,14,9,交差点内,規制なし,4,3,車両相互,55～64歳,65～74歳,貨物車－準中型車,乗用車－軽自動車,事業用,自家用,貨物車,乗用車,40㎞／ｈ以下,指定の速度規制なし等,10,21,小破,大破,装備あり 作動,装備あり 作動,その他,その他,損傷なし,死亡,金,その他,37.190025,140.331424,2019-02-15,08:35,red,,,,,,,,,,,,