資料区分,都道府県コード,警察署等コード,本票番号,事故内容,死者数,負傷者数,路線コード,上下線,地点コード,市区町村コード,昼夜,天候,地形,路面状態,道路形状,環状交差点の直径,信号機,一時停止規制　標識（当事者A）,一時停止規制　表示（当事者A）,一時停止規制　標識（当事者B）,一時停止規制　表示（当事者B）,車道幅員,道路線形,衝突地点,ゾーン規制,中央分離帯施設等,歩車道区分,事故類型,年齢（当事者A）,年齢（当事者B）,当事者種別（当事者A）,当事者種別（当事者B）,用途別（当事者A）,用途別（当事者B）,車両形状（当事者A）,車両形状（当事者B）,速度規制（指定のみ）（当事者A）,速度規制（指定のみ）（当事者B）,車両の衝突部位（当事者A）,車両の衝突部位（当事者B）,車両の損壊程度（当事者A）,車両の損壊程度（当事者B）,エアバッグの装備（当事者A）,エアバッグの装備（当事者B）,サイドエアバッグの装備（当事者A）,サイドエアバッグの装備（当事者B）,人身損傷程度（当事者A）,人身損傷程度（当事者B）,曜日(発生年月日),祝日(発生年月日),緯度,経度,発生日,発生時,color,発生地点,道路管理者区分,道路区分,道路構造,曲線半径,縦断勾配,トンネル番号,当事者車両台数,車両単独事故の対象物,臨時速度規制の有無,速度規制（臨時のみ）,トンネル延長距離
本票,福島,野辺地,0028,死亡,1,0,30000,対象外,0000,205,夜－夜,曇,市街地－人口集中,舗装－乾燥,交差点付近－その他,環状交差点以外 環状交差点以外をいう。,施設なし,00,23,00,23,02,9,単路（交差点付近を含む）,規制なし,5,2,人対車両,55～64歳,65～74歳,乗用車－軽自動車,歩行者,自家用,対象外当事者,乗用車,対象外当事者,30㎞／ｈ以下,対象外当事者,10,00,小破,対象外当事者,その他,対象外当事者,その他,対象外当事者,損傷なし,死亡,月,その他,37.117708,140.210105,2019-02-25,19:12,red,,,,,,,,,,,,
本票,福島,赤歌,0040,死亡,1,0,01180,対象外,0000,202,夜－暮,雨,非市街地,舗装－湿潤,単路－その他,環状交差点以外 環状交差点以外をいう。,施設なし,00,23,00,23,03,9,単路（交差点付近を含む）,規制なし,4,2,人対車両,45～54歳,75歳以上,貨物車－大型車,歩行者,事業用,対象外当事者,貨物車,対象外当事者,指定の速度規制なし等,対象外当事者,10,00,小破,対象外当事者,その他,対象外当事者,その他,対象外当事者,損傷なし,死亡,水,その他,37.366458,139.917128,2019-02-20,17:58,red,,,,,,,,,,,,
本票,福島,豊平,0009,死亡,1,0,30000,対象外,0000,209,夜－暮,曇,市街地－その他,舗装－乾燥,単路－その他,環状交差点以外 環状交差点以外をいう。,施設なし,00,23,00,23,04,9,単路（交差点付近を含む）,規制なし,4,2,人対車両,25～34歳,75歳以上,乗用車－普通車,歩行者,自家用,対象外当事者,乗用車,対象外当事者,50㎞／ｈ以下,対象外当事者,50,00,小破,対象外当事者,その他,対象外当事者,その他,対象外当事者,損傷なし,死亡,月,当日,37.810952,140.924701,2019-02-11,17:27,red,,,,,,,,,,,,
本票,東京,高速道路交通警察隊,0057,死亡,1,0,50300,下,0000,122,昼－明,晴,市街地－人口集中,舗装－乾燥,単路－カーブ・屈折,環状交差点以外 環状交差点以外をいう。,施設なし,00,23,00,23,05,3,単路（交差点付近を含む）,規制なし,1,4,車両単独,25～34歳,不明,二輪車－自動二輪－小型二輪－251～400cc,物件等,自家用,対象外当事者,対象外当事者,対象外当事者,60㎞／ｈ以下,対象外当事者,40,00,小破,対象外当事者,対象外当事者,対象外当事者,対象外当事者,対象外当事者,死亡,対象外当事者,日,その他,35.754013,139.819924,2019-02-24,06:30,red,0,東日本高速道路,走行車線－第一通行帯,完全分離－その他,カーブ－100m未満,平坦－１％未満,,1,防護柵－コンクリート,該当なし,該当なし,0
本票,東京,大森,0040,死亡,1,0,03570,下,0389,111,夜－夜,雨,市街地－人口集中,舗装－湿潤,交差点－その他,環状交差点以外 環状交差点以外をいう。,点灯－３灯式,09,22,09,22,18,9,交差点内,規制なし,5,1,車両相互,75歳以上,0～24歳,乗用車－普通車,軽車両－自転車,事業用,対象外当事者,乗用車,対象外当事者,指定の速度規制なし等,対象外当事者,10,40,小破,小破,その他,対象外当事者,その他,対象外当事者,損傷なし,死亡,木,その他,35.572596,139.759497,2019-02-28,22:52,red,,,,,,,,,,,,
本票,東京,四谷,0020,死亡,1,0,00200,上,0061,104,夜－夜,晴,市街地－人口集中,舗装－乾燥,交差点－その他,環状交差点以外 環状交差点以外をいう。,点灯－３灯式,09,22,00,23,17,9,交差点内,規制なし,5,1,人対車両,45～54歳,75歳以上,貨物車－中型車,歩行者,自家用,対象外当事者,貨物車,対象外当事者,指定の速度規制なし等,対象外当事者,10,00,小破,対象外当事者,その他,対象外当事者,その他,対象外当事者,損傷なし,死亡,金,その他,35.687194,139.725808,2019-02-15,19:40,red,,,,,,,,,,,,
本票,東京,高井戸,0042,死亡,1,0,10200,対象外,0000,115,夜－夜,曇,市街地－人口集中,舗装－乾燥,交差点－その他,環状交差点以外 環状交差点以外をいう。,点灯－３灯式,09,22,00,23,18,9,交差点内,規制なし,5,1,人対車両,25～34歳,45～54歳,貨物車－中型車,歩行者,自家用,対象外当事者,貨物車,対象外当事者,指定の速度規制なし等,対象外当事者,10,00,小破,対象外当事者,その他,対象外当事者,その他,対象外当事者,損傷なし,死亡,金,その他,35.688872,139.616148,2019-02-01,00:10,red,,,,,,,,,,,,
本票,東京,高島平,0024,死亡,1,1,00171,下,0170,119,昼－昼,晴,市街地－人口集中,舗装－乾燥,交差点－その他,環状交差点以外 環状交差点以外をいう。,点灯－３灯式,09,22,09,22,18,9,交差点内,規制なし,5,1,車両相互,45～54歳,55～64歳,貨物車－準中型車,軽車両－駆動補助機付自転車,事業用,対象外当事者,貨物車,対象外当事者,40㎞／ｈ以下,対象外当事者,10,10,小破,小破,その他,対象外当事者,その他,対象外当事者,損傷なし,死亡,木,その他,35.780476,139.649714,2019-02-14,08:04,red,,,,,,,,,,,,
本票,東京,城東,0036,死亡,1,0,30000,対象外,0000,108,夜－夜,曇,市街地－人口集中,舗装－乾燥,交差点－その他,環状交差点以外 環状交差点以外をいう。,施設なし,01,21,00,23,14,9,交差点内,規制なし,5,3,人対車両,45～54歳,55～64歳,貨物車－普通車,歩行者,自家用,対象外当事者,貨物車,対象外当事者,指定の速度規制なし等,対象外当事者,80,00,小破,対象外当事者,その他,対象外当事者,その他,対象外当事者,損傷なし,死亡,火,その他,35.675556,139.832835,2019-02-12,18:25,red,,,,,,,,,,,,
本票,東京,高尾,0037,死亡,1,0,30000,対象外,0000,201,夜－夜,雨,市街地－人口集中,舗装－湿潤,交差点－その他,環状交差点以外 環状交差点以外をいう。,施設なし,09,22,00,23,15,9,交差点内,規制なし,5,1,人対車両,45～54歳,55～64歳,乗用車－軽自動車,歩行者,自家用,対象外当事者,乗用車,対象外当事者,30㎞／ｈ以下,対象外当事者,10,00,小破,対象外当事者,その他,対象外当事者,その他,対象外当事者,損傷なし,死亡,木,その他,35.654949,139.298599,2019-01-31,19:30,red,,,,,,,,,,,,
本票,東京,東村山,0044,死亡,1,0,30000,対象外,0000,221,夜－夜,晴,市街地－その他,舗装－乾燥,単路－カーブ・屈折,環状交差点以外 環状交差点以外をいう。,施設なし,00,23,00,23,03,3,単路（交差点付近を含む）,規制なし,3,1,車両単独,55～64歳,不明,乗用車－普通車,物件等,自家用,対象外当事者,乗用車,対象外当事者,30㎞／ｈ以下,対象外当事者,10,00,大破,対象外当事者,装備あり 作動,対象外当事者,その他,対象外当事者,死亡,対象外当事者,水,その他,35.800959,139.538821,2019-02-27,00:00,red,,,,,,,,,,,,
本票,東京,調布,0038,死亡,1,0,30000,対象外,0000,208,昼－昼,晴,市街地－人口集中,舗装－乾燥,交差点－その他,環状交差点以外 環状交差点以外をいう。,施設なし,09,22,09,22,14,7,交差点内,規制なし,4,1,車両相互,55～64歳,45～54歳,貨物車－大型車,軽車両－自転車,自家用,対象外当事者,貨物車,対象外当事者,40㎞／ｈ以下,対象外当事者,10,40,小破,大破,その他,対象外当事者,その他,対象外当事者,損傷なし,死亡,土,その他,35.645194,139.526532,2019-02-02,14:55,red,,,,,,,,,,,,
本票,茨城,野辺地,0017,死亡,1,0,04610,対象外,0000,214,昼－昼,晴,市街地－その他,舗装－乾燥,交差点－その他,環状交差点以外 環状交差点以外をいう。,点灯－３灯式,09,22,09,22,15,9,交差点内,規制なし,4,2,車両相互,55～64歳,55～64歳,乗用車－軽自動車,軽車両－駆動補助機付自転車,自家用,対象外当事者,乗用車,対象外当事者,40㎞／ｈ以下,対象外当事者,10,12,小破,中破,その他,対象外当事者,その他,対象外当事者,損傷なし,死亡,木,その他,36.710751,140.708033,2019-02-14,08:47,red,,,,,,,,,,,,
本票,茨城,野辺地,0018,死亡,1,0,00060,上,1719,215,夜－夜,曇,市街地－その他,舗装－乾燥,単路－その他,環状交差点以外 環状交差点以外をいう。,施設なし,00,23,00,23,04,7,単路（交差点付近を含む）,規制なし,4,2,車両相互,0～24歳,55～64歳,乗用車－普通車,貨物車－軽自動車,自家用,自家用,乗用車,貨物車,50㎞／ｈ以下,50㎞／ｈ以下,18,18,大破,大破,装備あり 作動,装備あり 作動,装備あり 作動,その他,損傷なし,死亡,金,その他,36.838830,140.784055,2019-02-15,03:34,red,,,,,,,,,,,,
本票,茨城,滝川,0021,死亡,1,0,30000,対象外,0000,208,夜－夜,晴,非市街地,舗装－凍結,単路－その他,環状交差点以外 環状交差点以外をいう。,施設なし,00,23,00,23,03,9,単路（交差点付近を含む）,規制なし,4,2,車両単独,35～44歳,不明,乗用車－普通車,物件等,自家用,対象外当事者,乗用車,対象外当事者,指定の速度規制なし等,対象外当事者,14,00,大破,対象外当事者,装備あり 作動,対象外当事者,その他,対象外当事者,死亡,対象外当事者,金,その他,35.935797,140.219074,2019-02-01,04:00,red,,,,,,,,,,,,
本票,茨城,小樽,0032,死亡,1,2,30000,対象外,0000,205,昼－昼,晴,非市街地,舗装－乾燥,単路－その他,環状交差点以外 環状交差点以外をいう。,施設なし,00,23,00,23,03,9,単路（交差点付近を含む）,規制なし,4,2,車両相互,25～34歳,25～34歳,貨物車－中型車,乗用車－普通車,自家用,自家用,貨物車,乗用車,指定の速度規制なし等,指定の速度規制なし等,50,15,中破,大破,装備あり 作動,装備あり 作動,その他,その他,負傷,死亡,火,その他,36.227393,140.208980,2019-02-12,08:15,red,,,,,,,,,,,,
本票,茨城,余市,0063,死亡,1,0,10190,対象外,0000,220,夜－夜,晴,市街地－人口集中,舗装－乾燥,交差点付近－その他,環状交差点以外 環状交差点以外をいう。,点灯－３灯式,00,23,00,23,05,9,単路（交差点付近を含む）,規制なし,1,2,人対車両,35～44歳,45～54歳,乗用車－普通車,歩行者,自家用,対象外当事者,乗用車,対象外当事者,指定の速度規制なし等,対象外当事者,50,00,小破,対象外当事者,その他,対象外当事者,その他,対象外当事者,損傷なし,死亡,土,その他,36.085963,140.100321,2019-02-02,01:35,red,,,,,,,,,,,,
本票,茨城,静内,0046,死亡,1,1,00040,上,6266,204,夜－夜,曇,市街地－その他,舗装－乾燥,交差点－その他,環状交差点以外 環状交差点以外をいう。,施設なし,09,22,01,21,14,9,交差点内,規制なし,4,2,車両相互,55～64歳,65～74歳,貨物車－大型車,貨物車－軽自動車,事業用,自家用,貨物車,貨物車,50㎞／ｈ以下,指定の速度規制なし等,10,20,小破,大破,その他,その他,その他,その他,負傷,死亡,水,その他,36.203738,139.718236,2019-02-27,00:13,red,,,,,,,,,,,,
本票,茨城,北,0044,死亡,1,1,00060,下,0544,219,昼－昼,晴,非市街地,舗装－凍結,単路－その他,環状交差点以外 環状交差点以外をいう。,施設なし,00,23,00,23,03,7,単路（交差点付近を含む）,規制なし,4,1,車両相互,45～54歳,65～74歳,貨物車－大型車,貨物車－軽自動車,事業用,自家用,貨物車,貨物車,50㎞／ｈ以下,50㎞／ｈ以下,10,80,中破,大破,その他,その他,その他,その他,負傷,死亡,日,前日,35.998434,140.152399,2019-02-10,08:50,red,,,,,,,,,,,,
本票,茨城,厚別,0029,死亡,1,0,01240,対象外,0000,232,夜－夜,晴,非市街地,舗装－乾燥,単路－その他,環状交差点以外 環状交差点以外をいう。,施設なし,00,23,00,23,05,9,その他,規制なし,1,2,車両単独,35～44歳,不明,乗用車－普通車,物件等,自家用,対象外当事者,乗用車,対象外当事者,指定の速度規制なし等,対象外当事者,51,00,大破,対象外当事者,装備あり 作動,対象外当事者,その他,対象外当事者,死亡,対象外当事者,木,その他,35.786937,140.765394,2019-02-14,21:20,red,,,,,,,,,,,,
本票,栃木,中央,0045,死亡,1,0,01190,対象外,0000,201,昼－昼,晴,市街地－人口集中,舗装－乾燥,単路－その他,環状交差点以外 環状交差点以外をいう。,施設なし,00,23,00,23,03,9,単路（交差点付近を含む）,規制なし,5,2,車両相互,55～64歳,75歳以上,貨物車－普通車,軽車両－駆動補助機付自転車,自家用,対象外当事者,貨物車,対象外当事者,指定の速度規制なし等,対象外当事者,10,20,小破,小破,その他,対象外当事者,その他,対象外当事者,損傷なし,死亡,金,その他,36.570866,139.869693,2019-02-01,16:00,red,,,,,,,,,,,,
本票,栃木,東,0037,死亡,1,0,30000,対象外,0000,204,夜－夜,曇,市街地－人口集中,舗装－湿潤,単路－その他,環状交差点以外 環状交差点以外をいう。,施設なし,00,23,00,23,02,9,単路（交差点付近を含む）,規制なし,5,4,人対車両,55～64歳,55～64歳,乗用車－普通車,歩行者,自家用,対象外当事者,乗用車,対象外当事者,30㎞／ｈ以下,対象外当事者,80,00,小破,対象外当事者,その他,対象外当事者,その他,対象外当事者,損傷なし,死亡,土,その他,36.319654,139.581906,2018-10-06,03:25,red,,,,,,,,,,,,
本票,栃木,江別,0028,死亡,1,0,95000,対象外,0000,205,昼－昼,晴,非市街地,舗装－乾燥,踏切－第一種,環状交差点以外 環状交差点以外をいう。,施設なし,00,23,00,23,03,9,その他,規制なし,5,4,列車,25～34歳,65～74歳,列車,歩行者,対象外当事者,対象外当事者,対象外当事者,対象外当事者,対象外当事者,対象外当事者,80,00,小破,対象外当事者,対象外当事者,対象外当事者,対象外当事者,対象外当事者,損傷なし,死亡,火,その他,36.603555,139.745019,2019-02-19,09:49,red,,,,,,,,,,,,
本票,栃木,岩見沢,0051,死亡,1,0,30000,対象外,0000,208,夜－夜,晴,非市街地,舗装－乾燥,交差点－その他,環状交差点以外 環状交差点以外をいう。,施設なし,02,21,09,22,15,9,交差点内,規制なし,4,4,車両相互,0～24歳,65～74歳,乗用車－普通車,貨物車－軽自動車,自家用,自家用,乗用車,貨物車,指定の速度規制なし等,指定の速度規制なし等,50,80,大破,大破,装備あり 作動,その他,その他,その他,損傷なし,死亡,木,その他,36.351331,139.769665,2019-02-07,18:20,red,,,,,,,,,,,,
本票,栃木,岩見沢,0069,死亡,1,0,22640,対象外,0000,208,昼－昼,晴,市街地－その他,舗装－乾燥,交差点－その他,環状交差点以外 環状交差点以外をいう。,施設なし,09,22,01,21,18,9,交差点内,規制なし,4,2,車両相互,45～54歳,65～74歳,貨物車－準中型車,軽車両－自転車,自家用,対象外当事者,貨物車,対象外当事者,40㎞／ｈ以下,対象外当事者,50,40,小破,小破,その他,対象外当事者,その他,対象外当事者,損傷なし,死亡,土,その他,36.313685,139.817303,2019-02-23,08:57,red,,,,,,,,,,,,
本票,栃木,野辺地,0019,死亡,1,0,01210,対象外,0000,206,夜－夜,晴,市街地－その他,舗装－乾燥,交差点－その他,環状交差点以外 環状交差点以外をいう。,点灯－３灯式,09,22,09,22,18,9,交差点内,規制なし,1,2,車両相互,65～74歳,0～24歳,乗用車－普通車,乗用車－普通車,自家用,自家用,乗用車,乗用車,60㎞／ｈ以下,60㎞／ｈ以下,40,10,大破,大破,装備あり 作動,装備あり 作動,その他,その他,死亡,損傷なし,月,その他,36.748975,139.713630,2019-02-04,18:53,red,,,,,,,,,,,,
本票,埼玉,江別,0098,死亡,1,0,39990,対象外,0000,221,夜－暮,晴,市街地－人口集中,舗装－乾燥,交差点－その他,環状交差点以外 環状交差点以外をいう。,点灯－押ボタン式,09,22,01,22,14,9,交差点内,規制なし,4,2,車両相互,0～24歳,65～74歳,乗用車－普通車,軽車両－自転車,自家用,対象外当事者,乗用車,対象外当事者,40㎞／ｈ以下,対象外当事者,10,40,中破,大破,その他,対象外当事者,その他,対象外当事者,損傷なし,死亡,月,その他,35.814309,139.809446,2019-02-04,18:07,red,,,,,,,,,,,,
本票,埼玉,江別,0144,死亡,1,0,00040,下,0000,221,夜－夜,曇,市街地－人口集中,舗装－乾燥,単路－橋,環状交差点以外 環状交差点以外をいう。,施設なし,00,23,00,23,05,8,単路（交差点付近を含む）,規制なし,1,4,人対車両,35～44歳,65～74歳,貨物車－軽自動車,歩行者,事業用,対象外当事者,貨物車,対象外当事者,指定の速度規制なし等,対象外当事者,15,00,中破,対象外当事者,その他,対象外当事者,その他,対象外当事者,損傷なし,死亡,火,その他,35.807178,139.799241,2019-02-26,22:50,red,,,,,,,,,,,,
本票,埼玉,三戸,0082,死亡,1,0,95000,対象外,0000,212,昼－昼,晴,非市街地,舗装－乾燥,単路－その他,環状交差点以外 環状交差点以外をいう。,施設なし,00,23,00,23,01,9,その他,規制なし,5,4,車両単独,65～74歳,不明,特殊車－小型－農耕作業用,相手なし,対象外当事者,対象外当事者,対象外当事者,対象外当事者,指定の速度規制なし等,対象外当事者,00,00,小破,対象外当事者,対象外当事者,対象外当事者,対象外当事者,対象外当事者,死亡,対象外当事者,火,その他,36.018455,139.384297,2019-02-26,15:35,red,,,,,,,,,,,,
本票,埼玉,岩内,0025,死亡,1,0,39990,対象外,0000,218,昼－明,晴,非市街地,舗装－乾燥,交差点－その他,環状交差点以外 環状交差点以外をいう。,点灯－３灯式,09,22,09,22,18,9,交差点内,規制なし,5,1,車両相互,55～64歳,35～44歳,乗用車－軽自動車,軽車両－自転車,自家用,対象外当事者,乗用車,対象外当事者,50㎞／ｈ以下,対象外当事者,10,20,中破,中破,その他,対象外当事者,その他,対象外当事者,損傷なし,死亡,月,その他,36.168184,139.293785,2019-02-04,07:29,red,,,,,,,,,,,,
本票,埼玉,武南,0059,死亡,1,0,39990,対象外,0000,203,夜－夜,曇,市街地－人口集中,舗装－乾燥,交差点－その他,環状交差点以外 環状交差点以外をいう。,施設なし,09,22,09,22,15,9,交差点内,規制なし,5,2,車両相互,25～34歳,45～54歳,乗用車－軽自動車,軽車両－自転車,自家用,対象外当事者,乗用車,対象外当事者,50㎞／ｈ以下,対象外当事者,80,40,小破,小破,その他,対象外当事者,その他,対象外当事者,損傷なし,死亡,金,その他,35.836209,139.776210,2019-02-08,20:36,red,,,,,,,,,,,,
本票,埼玉,武南,0072,死亡,1,0,01220,対象外,0000,203,夜－夜,晴,非市街地,舗装－乾燥,交差点－その他,環状交差点以外 環状交差点以外をいう。,施設なし,09,22,00,23,18,9,交差点内,規制なし,1,2,車両単独,55～64歳,不明,乗用車－普通車,物件等,自家用,対象外当事者,乗用車,対象外当事者,指定の速度規制なし等,対象外当事者,20,00,大破,対象外当事者,装備あり 作動,対象外当事者,その他,対象外当事者,死亡,対象外当事者,金,その他,35.869927,139.734507,2019-02-15,04:40,red,,,,,,,,,,,,
本票,埼玉,浦和西,0087,死亡,1,0,39990,対象外,0000,105,夜－暮,曇,市街地－人口集中,舗装－乾燥,単路－その他,環状交差点以外 環状交差点以外をいう。,施設なし,00,23,00,23,03,9,単路（交差点付近を含む）,規制なし,4,2,車両単独,75歳以上,不明,軽車両－自転車,相手なし,対象外当事者,対象外当事者,対象外当事者,対象外当事者,対象外当事者,対象外当事者,00,00,損壊なし,対象外当事者,対象外当事者,対象外当事者,対象外当事者,対象外当事者,死亡,対象外当事者,金,その他,35.882040,139.625463,2019-02-15,17:37,red,,,,,,,,,,,,
本票,埼玉,浦和東,0038,死亡,1,0,04631,対象外,0000,109,昼－昼,晴,市街地－その他,舗装－乾燥,交差点－その他,環状交差点以外 環状交差点以外をいう。,点灯－３灯式,09,22,09,22,18,9,交差点内,規制なし,1,2,車両相互,35～44歳,65～74歳,貨物車－中型車,軽車両－自転車,事業用,対象外当事者,貨物車,対象外当事者,指定の速度規制なし等,対象外当事者,10,12,小破,小破,その他,対象外当事者,その他,対象外当事者,損傷なし,死亡,月,その他,35.872400,139.671339,2019-02-04,12:27,red,,,,,,,,,,,,
本票,千葉,東,0082,死亡,1,0,10080,対象外,0000,204,夜－夜,雪,市街地－その他,舗装－湿潤,交差点付近－その他,環状交差点以外 環状交差点以外をいう。,点灯－３灯式,00,23,00,23,04,7,単路（交差点付近を含む）,規制なし,4,2,車両相互,25～34歳,75歳以上,乗用車－軽自動車,軽車両－自転車,自家用,対象外当事者,乗用車,対象外当事者,40㎞／ｈ以下,対象外当事者,50,30,小破,中破,その他,対象外当事者,その他,対象外当事者,損傷なし,死亡,月,当日,35.722648,140.005266,2019-02-11,04:25,red,,,,,,,,,,,,
本票,千葉,千歳,0033,死亡,1,0,03570,下,0000,227,夜－夜,晴,市街地－人口集中,舗装－乾燥,単路－その他,環状交差点以外 環状交差点以外をいう。,施設なし,00,23,00,23,05,9,単路（交差点付近を含む）,規制なし,1,2,人対車両,35～44歳,35～44歳,貨物車－大型車,歩行者,事業用,対象外当事者,貨物車,対象外当事者,指定の速度規制なし等,対象外当事者,10,00,損壊なし,対象外当事者,その他,対象外当事者,その他,対象外当事者,損傷なし,死亡,月,当日,35.654521,139.907798,2019-02-11,00:03,red,,,,,,,,,,,,
本票,千葉,芦別,0019,死亡,1,0,95000,対象外,0000,202,夜－夜,晴,市街地－人口集中,舗装－乾燥,交差点－その他,環状交差点以外 環状交差点以外をいう。,施設なし,09,22,00,23,14,9,交差点内,規制なし,4,3,人対車両,45～54歳,75歳以上,乗用車－普通車,歩行者,自家用,対象外当事者,乗用車,対象外当事者,40㎞／ｈ以下,対象外当事者,50,00,小破,対象外当事者,その他,対象外当事者,その他,対象外当事者,損傷なし,死亡,月,その他,35.735718,140.816282,2019-02-18,20:27,red,,,,,,,,,,,,
本票,千葉,小樽,0029,死亡,1,0,30000,対象外,0000,215,昼－昼,曇,非市街地,舗装－乾燥,交差点－その他,環状交差点以外 環状交差点以外をいう。,施設なし,09,22,01,21,14,9,交差点内,規制なし,4,4,車両相互,45～54歳,65～74歳,貨物車－大型車,貨物車－軽自動車,事業用,自家用,貨物車,貨物車,指定の速度規制なし等,指定の速度規制なし等,10,40,小破,大破,その他,装備あり 作動,その他,その他,損傷なし,死亡,火,その他,35.755763,140.605438,2019-02-19,09:53,red,,,,,,,,,,,,
本票,千葉,伊達,0078,死亡,1,0,10300,対象外,0000,424,昼－昼,曇,市街地－その他,舗装－乾燥,交差点－その他,環状交差点以外 環状交差点以外をいう。,施設なし,09,22,01,21,15,9,交差点内,規制なし,4,3,車両相互,0～24歳,75歳以上,乗用車－軽自動車,軽車両－自転車,自家用,対象外当事者,乗用車,対象外当事者,40㎞／ｈ以下,対象外当事者,80,30,中破,大破,その他,対象外当事者,その他,対象外当事者,損傷なし,死亡,火,その他,35.453823,140.402012,2019-02-26,09:47,red,,,,,,,,,,,,
本票,千葉,浦河,0107,死亡,1,1,10240,対象外,0000,219,夜－夜,晴,市街地－その他,舗装－乾燥,交差点－その他,環状交差点以外 環状交差点以外をいう。,点灯－３灯式,09,22,09,22,15,9,交差点内,規制なし,5,2,車両相互,55～64歳,0～24歳,乗用車－軽自動車,二輪車－自動二輪－小型二輪－251～400cc,自家用,自家用,乗用車,対象外当事者,40㎞／ｈ以下,40㎞／ｈ以下,80,10,中破,中破,その他,対象外当事者,その他,対象外当事者,損傷なし,死亡,木,その他,35.544558,140.124623,2019-02-07,21:39,red,,,,,,,,,,,,
本票,千葉,北,0071,死亡,1,0,10230,対象外,0000,229,夜－夜,晴,非市街地,舗装－湿潤,単路－その他,環状交差点以外 環状交差点以外をいう。,施設なし,00,23,00,23,05,9,単路（交差点付近を含む）,規制なし,4,1,人対車両,25～34歳,75歳以上,乗用車－普通車,歩行者,自家用,対象外当事者,乗用車,対象外当事者,40㎞／ｈ以下,対象外当事者,10,00,小破,対象外当事者,その他,対象外当事者,その他,対象外当事者,損傷なし,死亡,水,その他,35.462968,140.011228,2019-02-06,22:30,red,,,,,,,,,,,,
本票,千葉,北,0073,死亡,1,0,10230,対象外,0000,206,夜－明,晴,市街地－その他,舗装－乾燥,交差点付近－その他,環状交差点以外 環状交差点以外をいう。,点灯－３灯式,00,23,00,23,05,9,単路（交差点付近を含む）,規制なし,1,2,人対車両,35～44歳,75歳以上,二輪車－自動二輪－小型二輪－751ｃｃ以上,歩行者,自家用,対象外当事者,対象外当事者,対象外当事者,指定の速度規制なし等,対象外当事者,10,00,小破,対象外当事者,対象外当事者,対象外当事者,対象外当事者,対象外当事者,損傷なし,死亡,金,その他,35.369044,139.955612,2019-02-08,05:48,red,,,,,,,,,,,,
本票,千葉,豊平,0019,死亡,1,0,04100,下,0000,225,昼－昼,晴,市街地－その他,舗装－乾燥,単路－カーブ・屈折,環状交差点以外 環状交差点以外をいう。,施設なし,00,23,00,23,03,6,単路（交差点付近を含む）,規制なし,4,3,車両単独,45～54歳,不明,貨物車－大型車,物件等,事業用,対象外当事者,貨物車,対象外当事者,50㎞／ｈ以下,対象外当事者,50,00,大破,対象外当事者,装備あり 作動,対象外当事者,その他,対象外当事者,死亡,対象外当事者,火,その他,35.271514,140.063272,2019-01-22,13:33,red,,,,,,,,,,,,
本票,千葉,武南,0052,死亡,1,0,00140,下,0000,103,夜－夜,晴,市街地－その他,舗装－乾燥,交差点付近－その他,環状交差点以外 環状交差点以外をいう。,点灯－３灯式,00,23,00,23,06,8,単路（交差点付近を含む）,規制なし,1,2,人対車両,35～44歳,45～54歳,乗用車－普通車,歩行者,自家用,対象外当事者,乗用車,対象外当事者,指定の速度規制なし等,対象外当事者,80,00,中破,対象外当事者,その他,対象外当事者,その他,対象外当事者,損傷なし,死亡,月,当日,35.625977,140.090911,2019-02-11,00:20,red,,,,,,,,,,,,
本票,千葉,新座,0052,死亡,1,0,30000,対象外,0000,204,昼－昼,晴,市街地－その他,舗装－乾燥,交差点付近－その他,環状交差点以外 環状交差点以外をいう。,施設なし,00,23,00,23,03,9,単路（交差点付近を含む）,規制なし,5,2,車両相互,65～74歳,65～74歳,乗用車－普通車,軽車両－駆動補助機付自転車,自家用,対象外当事者,乗用車,対象外当事者,指定の速度規制なし等,対象外当事者,80,30,小破,小破,その他,対象外当事者,その他,対象外当事者,損傷なし,死亡,金,その他,35.720252,140.050970,2019-02-01,13:32,red,,,,,,,,,,,,
本票,神奈川,浦和東,0056,死亡,1,0,30000,対象外,0000,102,夜－夜,曇,市街地－その他,舗装－乾燥,単路－その他,環状交差点以外 環状交差点以外をいう。,施設なし,00,23,00,23,03,8,単路（交差点付近を含む）,規制なし,5,4,車両単独,65～74歳,不明,軽車両－自転車,相手なし,対象外当事者,対象外当事者,対象外当事者,対象外当事者,対象外当事者,対象外当事者,10,00,小破,対象外当事者,対象外当事者,対象外当事者,対象外当事者,対象外当事者,死亡,対象外当事者,月,当日,35.475579,139.583565,2019-02-11,20:35,red,,,,,,,,,,,,
本票,神奈川,青葉,0074,死亡,1,0,30000,対象外,0000,117,夜－夜,晴,市街地－人口集中,舗装－乾燥,交差点－その他,環状交差点以外 環状交差点以外をいう。,施設なし,09,22,00,23,15,8,交差点内,規制なし,5,2,人対車両,55～64歳,75歳以上,乗用車－普通車,歩行者,自家用,対象外当事者,乗用車,対象外当事者,40㎞／ｈ以下,対象外当事者,10,00,中破,対象外当事者,その他,対象外当事者,その他,対象外当事者,損傷なし,死亡,土,その他,35.540204,139.488162,2019-02-16,18:35,red,,,,,,,,,,,,