資料区分,都道府県コード,警察署等コード,本票番号,事故内容,死者数,負傷者数,路線コード,上下線,地点コード,市区町村コード,昼夜,天候,地形,路面状態,道路形状,環状交差点の直径,信号機,一時停止規制　標識（当事者A）,一時停止規制　表示（当事者A）,一時停止規制　標識（当事者B）,一時停止規制　表示（当事者B）,車道幅員,道路線形,衝突地点,ゾーン規制,中央分離帯施設等,歩車道区分,事故類型,年齢（当事者A）,年齢（当事者B）,当事者種別（当事者A）,当事者種別（当事者B）,用途別（当事者A）,用途別（当事者B）,車両形状（当事者A）,車両形状（当事者B）,速度規制（指定のみ）（当事者A）,速度規制（指定のみ）（当事者B）,車両の衝突部位（当事者A）,車両の衝突部位（当事者B）,車両の損壊程度（当事者A）,車両の損壊程度（当事者B）,エアバッグの装備（当事者A）,エアバッグの装備（当事者B）,サイドエアバッグの装備（当事者A）,サイドエアバッグの装備（当事者B）,人身損傷程度（当事者A）,人身損傷程度（当事者B）,曜日(発生年月日),祝日(発生年月日),緯度,経度,発生日,発生時,color,発生地点,道路管理者区分,道路区分,道路構造,曲線半径,縦断勾配,トンネル番号,当事者車両台数,車両単独事故の対象物,臨時速度規制の有無,速度規制（臨時のみ）,トンネル延長距離
本票,神奈川,川崎,0073,死亡,1,1,00150,下,0203,131,夜－夜,雨,市街地－人口集中,舗装－湿潤,交差点－その他,環状交差点以外 環状交差点以外をいう。,点灯－３灯式,09,22,09,22,19,9,交差点内,規制なし,5,1,車両相互,45～54歳,55～64歳,乗用車－軽自動車,二輪車－自動二輪－小型二輪－751ｃｃ以上,自家用,自家用,乗用車,対象外当事者,60㎞／ｈ以下,60㎞／ｈ以下,80,10,大破,大破,装備あり 作動,対象外当事者,その他,対象外当事者,負傷,死亡,水,その他,35.529756,139.704761,2019-02-20,22:40,red,,,,,,,,,,,,
本票,神奈川,宮前,0044,死亡,1,0,16020,対象外,0000,136,夜－夜,曇,市街地－その他,舗装－湿潤,単路－カーブ・屈折,環状交差点以外 環状交差点以外をいう。,施設なし,00,23,00,23,05,3,単路（交差点付近を含む）,規制なし,6,1,人対車両,45～54歳,75歳以上,二輪車－自動二輪－原付二種－51～125cc,歩行者,自家用,対象外当事者,対象外当事者,対象外当事者,50㎞／ｈ以下,対象外当事者,10,00,小破,対象外当事者,対象外当事者,対象外当事者,対象外当事者,対象外当事者,損傷なし,死亡,水,その他,35.587472,139.564189,2019-02-06,19:36,red,,,,,,,,,,,,
本票,神奈川,厚木,0107,死亡,1,0,26010,対象外,0000,212,昼－明,晴,市街地－人口集中,舗装－乾燥,交差点－その他,環状交差点以外 環状交差点以外をいう。,点灯－３灯式,09,22,09,22,15,9,交差点内,規制なし,5,2,車両相互,55～64歳,35～44歳,貨物車－大型車,軽車両－自転車,事業用,対象外当事者,貨物車,対象外当事者,40㎞／ｈ以下,対象外当事者,80,10,小破,大破,その他,対象外当事者,その他,対象外当事者,損傷なし,死亡,木,その他,35.457813,139.368281,2019-02-07,07:26,red,,,,,,,,,,,,
本票,新潟,高速道路交通警察隊,0003,死亡,1,0,43010,上,3367,216,夜－夜,曇,非市街地,舗装－乾燥,単路－トンネル,環状交差点以外 環状交差点以外をいう。,施設なし,00,23,00,23,03,9,単路（交差点付近を含む）,規制なし,1,4,車両単独,45～54歳,不明,貨物車－準中型車,物件等,事業用,対象外当事者,貨物車,対象外当事者,80㎞／ｈ以下,対象外当事者,85,00,中破,対象外当事者,装備あり 作動,対象外当事者,その他,対象外当事者,損傷なし,対象外当事者,火,その他,37.148442,138.071833,2019-02-12,02:00,red,3367,東日本高速道路,路肩,完全分離－トンネル,直線,平坦－１％未満,名立大町,1,防護柵－トンネル壁,該当なし,該当なし,803
本票,新潟,中央,0008,死亡,1,0,85000,対象外,0000,103,夜－暮,曇,市街地－人口集中,舗装－乾燥,単路－その他,環状交差点以外 環状交差点以外をいう。,施設なし,00,23,00,23,05,9,単路（交差点付近を含む）,規制なし,4,2,人対車両,35～44歳,75歳以上,乗用車－軽自動車,歩行者,自家用,対象外当事者,乗用車,対象外当事者,40㎞／ｈ以下,対象外当事者,10,00,中破,対象外当事者,その他,対象外当事者,その他,対象外当事者,損傷なし,死亡,金,その他,37.939950,139.057917,2019-02-01,18:05,red,,,,,,,,,,,,
本票,新潟,栗山,0007,死亡,1,1,00490,上,2281,223,昼－昼,曇,非市街地,舗装－乾燥,交差点－その他,環状交差点以外 環状交差点以外をいう。,点灯－３灯式,09,22,09,22,15,9,交差点内,規制なし,5,3,車両相互,65～74歳,55～64歳,貨物車－中型車,乗用車－普通車,自家用,自家用,貨物車,乗用車,指定の速度規制なし等,指定の速度規制なし等,10,80,中破,大破,その他,装備あり 作動,その他,その他,損傷なし,負傷,月,その他,37.838303,139.164689,2019-02-04,09:57,red,,,,,,,,,,,,
本票,新潟,小樽,0030,死亡,1,0,26190,対象外,0000,204,夜－夜,曇,非市街地,舗装－湿潤,単路－その他,環状交差点以外 環状交差点以外をいう。,施設なし,00,23,00,23,03,9,単路（交差点付近を含む）,規制なし,4,3,人対車両,35～44歳,55～64歳,乗用車－普通車,歩行者,自家用,対象外当事者,乗用車,対象外当事者,指定の速度規制なし等,対象外当事者,10,00,小破,対象外当事者,その他,対象外当事者,その他,対象外当事者,損傷なし,死亡,月,その他,37.501508,139.112464,2019-02-18,18:38,red,,,,,,,,,,,,
本票,長野,滝川,0042,死亡,1,0,37000,対象外,0000,217,夜－夜,雨,市街地－その他,舗装－湿潤,単路－その他,環状交差点以外 環状交差点以外をいう。,施設なし,00,23,00,23,02,9,単路（交差点付近を含む）,規制なし,5,3,人対車両,25～34歳,35～44歳,乗用車－普通車,歩行者,自家用,対象外当事者,乗用車,対象外当事者,指定の速度規制なし等,対象外当事者,80,00,小破,対象外当事者,その他,対象外当事者,その他,対象外当事者,損傷なし,死亡,日,その他,36.277333,138.469563,2019-02-03,21:29,red,,,,,,,,,,,,
本票,長野,滝川,0064,死亡,1,0,37000,対象外,0000,217,夜－夜,晴,市街地－その他,舗装－乾燥,単路－その他,環状交差点以外 環状交差点以外をいう。,施設なし,00,23,00,23,04,9,単路（交差点付近を含む）,規制なし,4,1,人対車両,25～34歳,75歳以上,乗用車－軽自動車,歩行者,自家用,対象外当事者,乗用車,対象外当事者,指定の速度規制なし等,対象外当事者,10,00,中破,対象外当事者,その他,対象外当事者,その他,対象外当事者,損傷なし,死亡,木,その他,36.275666,138.459996,2019-02-14,18:35,red,,,,,,,,,,,,
本票,長野,上尾,0162,死亡,1,0,37000,対象外,0000,202,夜－夜,晴,非市街地,舗装－乾燥,単路－その他,環状交差点以外 環状交差点以外をいう。,施設なし,00,23,00,23,04,9,単路（交差点付近を含む）,規制なし,4,2,人対車両,55～64歳,45～54歳,乗用車－軽自動車,歩行者,自家用,対象外当事者,乗用車,対象外当事者,指定の速度規制なし等,対象外当事者,10,00,小破,対象外当事者,その他,対象外当事者,その他,対象外当事者,損傷なし,死亡,日,その他,36.217186,137.976108,2019-02-24,04:30,red,,,,,,,,,,,,
本票,長野,東入間,0042,死亡,1,1,23190,対象外,0000,220,夜－夜,晴,非市街地,舗装－乾燥,単路－その他,環状交差点以外 環状交差点以外をいう。,施設なし,00,23,00,23,03,9,単路（交差点付近を含む）,規制なし,4,2,人対車両,45～54歳,75歳以上,乗用車－普通車,歩行者,自家用,対象外当事者,乗用車,対象外当事者,40㎞／ｈ以下,対象外当事者,88,00,小破,対象外当事者,その他,対象外当事者,その他,対象外当事者,損傷なし,死亡,月,その他,36.255117,137.878496,2019-02-04,18:30,red,,,,,,,,,,,,
本票,静岡,高速道路交通警察隊,0050,死亡,1,0,50060,対象外,0000,203,夜－夜,晴,非市街地,舗装－乾燥,単路－カーブ・屈折,環状交差点以外 環状交差点以外をいう。,施設なし,00,23,00,23,03,3,単路（交差点付近を含む）,規制なし,1,4,車両単独,25～34歳,不明,乗用車－普通車,物件等,自家用,対象外当事者,乗用車,対象外当事者,40㎞／ｈ以下,対象外当事者,41,00,大破,対象外当事者,その他,対象外当事者,その他,対象外当事者,死亡,対象外当事者,金,その他,35.143301,138.863852,2019-02-22,03:23,red,1260,国土交通省,走行車線－第一通行帯,完全分離－その他,カーブ－400m以上,平坦・該当なし,,1,防護柵－ガードケーブル,該当なし,該当なし,0
本票,静岡,岩見沢,0282,死亡,1,0,21630,対象外,0000,203,昼－暮,晴,市街地－人口集中,舗装－乾燥,交差点－その他,環状交差点以外 環状交差点以外をいう。,施設なし,09,22,09,22,14,9,交差点内,規制なし,4,3,車両相互,55～64歳,75歳以上,乗用車－軽自動車,軽車両－自転車,自家用,対象外当事者,乗用車,対象外当事者,40㎞／ｈ以下,対象外当事者,50,40,中破,小破,その他,対象外当事者,その他,対象外当事者,損傷なし,死亡,月,その他,35.115827,138.820437,2019-02-25,17:28,red,,,,,,,,,,,,
本票,静岡,野辺地,0191,死亡,1,0,37000,対象外,0000,210,昼－昼,晴,市街地－人口集中,舗装－乾燥,単路－その他,環状交差点以外 環状交差点以外をいう。,施設なし,00,23,00,23,01,8,単路（交差点付近を含む）,規制なし,5,4,車両単独,75歳以上,不明,乗用車－普通車,物件等,自家用,対象外当事者,乗用車,対象外当事者,指定の速度規制なし等,対象外当事者,10,00,中破,対象外当事者,装備あり 作動,対象外当事者,その他,対象外当事者,死亡,対象外当事者,火,その他,35.178177,138.706662,2019-02-05,15:08,red,,,,,,,,,,,,
本票,静岡,滝川,0155,死亡,1,0,37000,対象外,0000,101,夜－夜,晴,市街地－人口集中,舗装－乾燥,単路－その他,環状交差点以外 環状交差点以外をいう。,施設なし,00,23,00,23,02,8,単路（交差点付近を含む）,規制なし,5,4,車両単独,55～64歳,不明,軽車両－駆動補助機付自転車,相手なし,対象外当事者,対象外当事者,対象外当事者,対象外当事者,対象外当事者,対象外当事者,20,00,小破,対象外当事者,対象外当事者,対象外当事者,対象外当事者,対象外当事者,死亡,対象外当事者,火,その他,35.007818,138.417023,2019-02-05,22:03,red,,,,,,,,,,,,
本票,静岡,門別,0146,死亡,1,0,90000,対象外,0000,211,昼－昼,曇,非市街地,舗装－乾燥,単路－その他,環状交差点以外 環状交差点以外をいう。,施設なし,00,23,00,23,02,9,単路（交差点付近を含む）,規制なし,5,4,人対車両,65～74歳,65～74歳,乗用車－普通車,歩行者,自家用,対象外当事者,乗用車,対象外当事者,指定の速度規制なし等,対象外当事者,10,00,小破,対象外当事者,その他,対象外当事者,その他,対象外当事者,損傷なし,死亡,木,その他,34.684003,137.869015,2019-01-31,12:04,red,,,,,,,,,,,,
本票,静岡,門別,0215,死亡,1,1,37000,対象外,0000,211,夜－夜,曇,市街地－その他,舗装－乾燥,単路－その他,環状交差点以外 環状交差点以外をいう。,施設なし,00,23,00,23,03,9,単路（交差点付近を含む）,規制なし,5,3,人対車両,35～44歳,35～44歳,乗用車－普通車,歩行者,自家用,対象外当事者,乗用車,対象外当事者,30㎞／ｈ以下,対象外当事者,50,00,中破,対象外当事者,その他,対象外当事者,その他,対象外当事者,損傷なし,負傷,木,その他,34.725486,137.815931,2019-02-28,00:29,red,,,,,,,,,,,,
本票,静岡,南,0421,死亡,1,0,10480,対象外,0000,133,夜－暮,晴,非市街地,舗装－乾燥,単路－カーブ・屈折,環状交差点以外 環状交差点以外をいう。,施設なし,00,23,00,23,04,3,単路（交差点付近を含む）,規制なし,4,2,人対車両,55～64歳,25～34歳,乗用車－普通車,歩行者,自家用,対象外当事者,乗用車,対象外当事者,50㎞／ｈ以下,対象外当事者,80,00,小破,対象外当事者,その他,対象外当事者,その他,対象外当事者,損傷なし,死亡,金,その他,34.761606,137.654861,2019-02-22,17:59,red,,,,,,,,,,,,
本票,静岡,北,0305,死亡,1,0,37000,対象外,0000,132,昼－暮,雨,非市街地,舗装－湿潤,交差点－その他,環状交差点以外 環状交差点以外をいう。,施設なし,09,22,09,22,11,9,交差点内,規制なし,5,3,車両相互,35～44歳,45～54歳,貨物車－軽自動車,二輪車－原付自転車,自家用,自家用,貨物車,対象外当事者,40㎞／ｈ以下,指定の速度規制なし等,80,10,中破,大破,その他,対象外当事者,その他,対象外当事者,損傷なし,死亡,火,その他,34.737289,137.794571,2019-02-19,17:29,red,,,,,,,,,,,,
本票,静岡,北,0365,死亡,1,0,10650,対象外,0000,132,昼－昼,晴,市街地－その他,舗装－乾燥,交差点－その他,環状交差点以外 環状交差点以外をいう。,点灯－３灯式,09,22,09,22,19,9,交差点内,規制なし,5,2,車両相互,45～54歳,35～44歳,貨物車－大型車,二輪車－原付自転車,事業用,自家用,貨物車,対象外当事者,指定の速度規制なし等,指定の速度規制なし等,80,40,小破,大破,その他,対象外当事者,その他,対象外当事者,損傷なし,死亡,火,その他,34.765968,137.794003,2019-02-26,08:04,red,,,,,,,,,,,,
本票,富山,西,0006,死亡,1,0,25900,対象外,0000,204,夜－夜,晴,非市街地,舗装－乾燥,交差点－その他,環状交差点以外 環状交差点以外をいう。,施設なし,09,22,00,23,14,9,交差点内,規制なし,5,2,人対車両,45～54歳,65～74歳,乗用車－軽自動車,歩行者,自家用,対象外当事者,乗用車,対象外当事者,50㎞／ｈ以下,対象外当事者,80,00,中破,対象外当事者,その他,対象外当事者,その他,対象外当事者,損傷なし,死亡,土,その他,36.811988,137.407644,2019-02-23,21:25,red,,,,,,,,,,,,
本票,石川,岩見沢,0033,死亡,1,0,30000,対象外,0000,210,夜－暮,曇,市街地－人口集中,舗装－乾燥,交差点－その他,環状交差点以外 環状交差点以外をいう。,施設なし,09,22,00,23,14,9,交差点内,規制なし,4,2,人対車両,45～54歳,75歳以上,乗用車－普通車,歩行者,自家用,対象外当事者,乗用車,対象外当事者,40㎞／ｈ以下,対象外当事者,10,00,中破,対象外当事者,その他,対象外当事者,その他,対象外当事者,損傷なし,死亡,土,その他,36.525956,136.553812,2019-02-02,17:40,red,,,,,,,,,,,,
本票,石川,岩見沢,0040,死亡,1,0,00080,下,0000,210,夜－夜,曇,非市街地,舗装－湿潤,単路－その他,環状交差点以外 環状交差点以外をいう。,施設なし,00,23,00,23,05,9,単路（交差点付近を含む）,規制なし,1,2,車両相互,0～24歳,65～74歳,乗用車－普通車,軽車両－自転車,自家用,対象外当事者,乗用車,対象外当事者,指定の速度規制なし等,対象外当事者,10,10,小破,中破,その他,対象外当事者,その他,対象外当事者,損傷なし,死亡,日,前日,36.480028,136.506504,2019-02-10,04:40,red,,,,,,,,,,,,
本票,石川,美唄,0012,死亡,1,0,04700,上,0027,202,夜－夜,雨,非市街地,舗装－湿潤,単路－カーブ・屈折,環状交差点以外 環状交差点以外をいう。,施設なし,00,23,00,23,04,2,単路（交差点付近を含む）,規制なし,4,4,車両相互,25～34歳,55～64歳,乗用車－普通車,貨物車－普通車,自家用,事業用,乗用車,貨物車,60㎞／ｈ以下,60㎞／ｈ以下,10,40,中破,中破,装備あり 作動,装備あり 作動,その他,装備あり 作動,損傷なし,損傷なし,火,その他,37.061700,136.866517,2019-02-19,19:35,red,,,,,,,,,,,,
本票,福井,高速道路交通警察隊,0008,死亡,1,1,44260,下,0106,483,夜－夜,曇,非市街地,舗装－乾燥,単路－その他,環状交差点以外 環状交差点以外をいう。,施設なし,00,23,00,23,03,9,単路（交差点付近を含む）,規制なし,6,4,車両相互,45～54歳,25～34歳,貨物車－中型車,乗用車－軽自動車,事業用,自家用,貨物車,乗用車,70㎞／ｈ以下,70㎞／ｈ以下,10,10,大破,大破,その他,その他,その他,その他,負傷,死亡,土,その他,35.453847,135.618644,2019-02-23,19:58,red,1068,西日本高速道路,走行車線－第一通行帯,非分離－トンネル出入り口部－その他トンネル出入り口,直線,平坦－１％未満,,2,該当なし,該当なし,該当なし,0
本票,福井,美唄,0006,死亡,1,0,03650,対象外,0000,209,夜－暮,曇,非市街地,舗装－湿潤,単路－その他,環状交差点以外 環状交差点以外をいう。,施設なし,00,23,00,23,03,9,単路（交差点付近を含む）,規制なし,4,2,人対車両,55～64歳,75歳以上,乗用車－普通車,歩行者,自家用,対象外当事者,乗用車,対象外当事者,50㎞／ｈ以下,対象外当事者,80,00,小破,対象外当事者,その他,対象外当事者,その他,対象外当事者,損傷なし,死亡,木,その他,35.869183,136.168798,2019-02-07,18:05,red,,,,,,,,,,,,
本票,岐阜,野辺地,0008,死亡,1,0,35000,対象外,0000,404,夜－夜,晴,非市街地,舗装－乾燥,単路－その他,環状交差点以外 環状交差点以外をいう。,施設なし,00,23,00,23,03,9,単路（交差点付近を含む）,規制なし,4,4,人対車両,35～44歳,65～74歳,乗用車－普通車,歩行者,自家用,対象外当事者,乗用車,対象外当事者,指定の速度規制なし等,対象外当事者,80,00,小破,対象外当事者,その他,対象外当事者,その他,対象外当事者,損傷なし,死亡,金,その他,35.453901,136.577537,2019-02-08,19:40,red,,,,,,,,,,,,
本票,岐阜,美唄,0022,死亡,1,0,35000,対象外,0000,421,夜－暮,晴,市街地－人口集中,舗装－乾燥,交差点－その他,環状交差点以外 環状交差点以外をいう。,施設なし,09,22,00,23,14,9,交差点内,規制なし,4,2,人対車両,45～54歳,75歳以上,乗用車－軽自動車,歩行者,自家用,対象外当事者,乗用車,対象外当事者,40㎞／ｈ以下,対象外当事者,80,00,小破,対象外当事者,その他,対象外当事者,その他,対象外当事者,損傷なし,死亡,金,その他,35.447527,136.693651,2019-02-22,18:05,red,,,,,,,,,,,,
本票,岐阜,滝川,0021,死亡,1,0,30000,対象外,0000,205,夜－夜,晴,市街地－人口集中,舗装－乾燥,交差点－その他,環状交差点以外 環状交差点以外をいう。,施設なし,09,22,00,23,15,9,交差点内,規制なし,4,2,人対車両,0～24歳,0～24歳,乗用車－普通車,歩行者,自家用,対象外当事者,乗用車,対象外当事者,40㎞／ｈ以下,対象外当事者,10,00,小破,対象外当事者,その他,対象外当事者,その他,対象外当事者,損傷なし,死亡,金,その他,35.483073,136.911016,2019-02-01,19:45,red,,,,,,,,,,,,
本票,岐阜,苫小牧,0003,死亡,1,1,01580,対象外,0000,203,昼－昼,晴,市街地－その他,舗装－乾燥,交差点付近－その他,環状交差点以外 環状交差点以外をいう。,施設なし,00,23,00,23,03,9,単路（交差点付近を含む）,規制なし,4,2,車両相互,45～54歳,75歳以上,乗用車－大型車,乗用車－軽自動車,事業用,自家用,乗用車,乗用車,40㎞／ｈ以下,40㎞／ｈ以下,58,50,小破,大破,その他,装備あり 作動,その他,その他,負傷,死亡,金,その他,36.129436,137.187647,2019-02-15,12:56,red,,,,,,,,,,,,
本票,愛知,小樽,0031,死亡,1,0,30000,対象外,0000,107,昼－昼,晴,市街地－その他,舗装－乾燥,交差点－その他,環状交差点以外 環状交差点以外をいう。,施設なし,09,22,01,21,15,9,交差点内,規制なし,5,3,車両相互,0～24歳,0～24歳,貨物車－準中型車,軽車両－自転車,自家用,対象外当事者,貨物車,対象外当事者,50㎞／ｈ以下,対象外当事者,40,10,小破,中破,その他,対象外当事者,その他,対象外当事者,損傷なし,死亡,火,その他,35.148426,136.911602,2019-02-05,09:12,red,,,,,,,,,,,,
本票,愛知,苫小牧,0071,死亡,1,0,30000,対象外,0000,111,夜－夜,晴,市街地－その他,舗装－乾燥,単路－その他,環状交差点以外 環状交差点以外をいう。,施設なし,00,23,00,23,03,9,単路（交差点付近を含む）,規制なし,4,2,人対車両,35～44歳,75歳以上,貨物車－準中型車,歩行者,事業用,対象外当事者,貨物車,対象外当事者,指定の速度規制なし等,対象外当事者,80,00,小破,対象外当事者,その他,対象外当事者,その他,対象外当事者,損傷なし,死亡,月,その他,35.102333,136.856274,2019-02-18,20:33,red,,,,,,,,,,,,
本票,愛知,手稲,0124,死亡,1,0,21020,対象外,0015,113,夜－夜,雨,市街地－その他,舗装－湿潤,交差点付近－その他,環状交差点以外 環状交差点以外をいう。,施設なし,00,23,00,23,04,9,単路（交差点付近を含む）,規制なし,4,2,車両相互,0～24歳,65～74歳,乗用車－普通車,軽車両－自転車,自家用,対象外当事者,乗用車,対象外当事者,50㎞／ｈ以下,対象外当事者,80,20,中破,大破,その他,対象外当事者,その他,対象外当事者,損傷なし,死亡,火,その他,35.209583,136.968569,2019-02-19,19:17,red,,,,,,,,,,,,
本票,愛知,行徳,0075,死亡,1,0,30000,対象外,0000,116,夜－明,晴,市街地－人口集中,舗装－乾燥,交差点－その他,環状交差点以外 環状交差点以外をいう。,施設なし,01,21,09,22,14,8,交差点内,規制なし,5,3,車両相互,35～44歳,65～74歳,乗用車－普通車,二輪車－原付自転車,自家用,自家用,乗用車,対象外当事者,指定の速度規制なし等,指定の速度規制なし等,80,10,小破,小破,その他,対象外当事者,その他,対象外当事者,損傷なし,死亡,月,その他,35.144007,136.986490,2019-02-18,06:19,red,,,,,,,,,,,,
本票,愛知,幸,0071,死亡,1,0,20580,対象外,0020,234,夜－夜,晴,市街地－その他,舗装－乾燥,交差点付近－その他,環状交差点以外 環状交差点以外をいう。,施設なし,00,23,00,23,04,9,単路（交差点付近を含む）,規制なし,4,2,人対車両,45～54歳,65～74歳,貨物車－中型車,歩行者,事業用,対象外当事者,貨物車,対象外当事者,50㎞／ｈ以下,対象外当事者,80,00,小破,対象外当事者,その他,対象外当事者,その他,対象外当事者,損傷なし,死亡,月,当日,35.242818,136.895602,2019-02-11,01:33,red,,,,,,,,,,,,
本票,愛知,葉山,0050,死亡,2,2,10380,対象外,0000,215,昼－昼,晴,市街地－その他,舗装－乾燥,交差点付近－その他,環状交差点以外 環状交差点以外をいう。,施設なし,00,23,00,23,03,6,単路（交差点付近を含む）,規制なし,4,2,車両相互,45～54歳,65～74歳,貨物車－準中型車,乗用車－軽自動車,自家用,自家用,貨物車,乗用車,50㎞／ｈ以下,50㎞／ｈ以下,10,10,中破,大破,装備あり 作動,装備あり 作動,その他,その他,負傷,死亡,金,その他,35.335435,137.011650,2019-02-15,14:28,red,,,,,,,,,,,,
本票,愛知,岡崎,0116,死亡,1,0,35000,対象外,0000,202,夜－夜,晴,市街地－その他,舗装－乾燥,交差点－その他,環状交差点以外 環状交差点以外をいう。,施設なし,09,22,00,23,15,9,交差点内,規制なし,4,2,人対車両,55～64歳,55～64歳,貨物車－準中型車,歩行者,事業用,対象外当事者,貨物車,対象外当事者,50㎞／ｈ以下,対象外当事者,10,00,中破,対象外当事者,装備あり 作動,対象外当事者,その他,対象外当事者,損傷なし,死亡,土,その他,34.944776,137.199282,2019-02-02,05:20,red,,,,,,,,,,,,
本票,愛知,岡崎,0143,死亡,1,0,23780,対象外,0048,202,昼－昼,曇,市街地－その他,舗装－乾燥,交差点－その他,環状交差点以外 環状交差点以外をいう。,点灯－３灯式,09,22,00,23,15,9,交差点内,規制なし,4,1,人対車両,45～54歳,75歳以上,貨物車－普通車,歩行者,自家用,対象外当事者,貨物車,対象外当事者,40㎞／ｈ以下,対象外当事者,50,00,小破,対象外当事者,その他,対象外当事者,その他,対象外当事者,損傷なし,死亡,木,その他,34.921650,137.159057,2019-02-07,08:42,red,,,,,,,,,,,,
本票,愛知,豊川,0069,死亡,1,0,01510,対象外,0750,207,夜－夜,晴,市街地－その他,舗装－乾燥,単路－その他,環状交差点以外 環状交差点以外をいう。,施設なし,00,23,00,23,03,9,単路（交差点付近を含む）,規制なし,4,2,車両相互,45～54歳,45～54歳,貨物車－大型車,軽車両－自転車,事業用,対象外当事者,貨物車,対象外当事者,50㎞／ｈ以下,対象外当事者,80,20,小破,小破,その他,対象外当事者,その他,対象外当事者,損傷なし,死亡,金,その他,34.874590,137.456743,2019-02-01,01:10,red,,,,,,,,,,,,
本票,愛知,豊川,0112,死亡,1,0,35000,対象外,0000,207,昼－昼,晴,市街地－その他,舗装－乾燥,踏切－第一種,環状交差点以外 環状交差点以外をいう。,施設なし,00,23,00,23,03,9,その他,規制なし,5,3,列車,35～44歳,45～54歳,列車,軽車両－駆動補助機付自転車,対象外当事者,対象外当事者,対象外当事者,対象外当事者,対象外当事者,対象外当事者,80,30,小破,大破,対象外当事者,対象外当事者,対象外当事者,対象外当事者,損傷なし,死亡,土,その他,34.798768,137.348891,2019-02-23,09:07,red,,,,,,,,,,,,
本票,愛知,豊橋,0239,死亡,1,0,35000,対象外,0000,201,夜－夜,曇,市街地－その他,舗装－乾燥,単路－その他,環状交差点以外 環状交差点以外をいう。,施設なし,00,23,00,23,03,9,単路（交差点付近を含む）,規制なし,4,3,人対車両,45～54歳,75歳以上,乗用車－軽自動車,歩行者,自家用,対象外当事者,乗用車,対象外当事者,40㎞／ｈ以下,対象外当事者,10,00,中破,対象外当事者,その他,対象外当事者,その他,対象外当事者,損傷なし,死亡,金,その他,34.743059,137.418776,2019-02-15,18:55,red,,,,,,,,,,,,
本票,三重,滝川,0013,死亡,1,0,30000,対象外,0000,341,昼－昼,晴,非市街地,舗装－乾燥,交差点－その他,環状交差点以外 環状交差点以外をいう。,施設なし,09,22,01,21,14,9,交差点内,規制なし,4,3,車両相互,75歳以上,75歳以上,乗用車－軽自動車,二輪車－原付自転車,自家用,自家用,乗用車,対象外当事者,40㎞／ｈ以下,30㎞／ｈ以下,18,20,中破,小破,その他,対象外当事者,その他,対象外当事者,損傷なし,死亡,水,その他,35.019020,136.542200,2019-02-13,15:54,red,,,,,,,,,,,,
本票,三重,岩内,0025,死亡,1,0,99000,対象外,0000,210,昼－昼,雨,市街地－その他,舗装－湿潤,一般交通の場所,環状交差点以外 環状交差点以外をいう。,施設なし,00,23,00,23,00,0,その他,規制なし,0,4,車両単独,65～74歳,不明,貨物車－準中型車,物件等,自家用,対象外当事者,貨物車,対象外当事者,指定の速度規制なし等,対象外当事者,33,00,小破,対象外当事者,その他,対象外当事者,その他,対象外当事者,死亡,対象外当事者,火,その他,34.842490,136.340400,2019-02-19,10:52,red,,,,,,,,,,,,
本票,三重,伊達,0068,死亡,1,0,30000,対象外,0000,207,夜－明,雨,市街地－人口集中,舗装－湿潤,交差点付近－その他,環状交差点以外 環状交差点以外をいう。,施設なし,00,23,00,23,04,9,単路（交差点付近を含む）,規制なし,4,2,人対車両,55～64歳,75歳以上,乗用車－軽自動車,歩行者,自家用,対象外当事者,乗用車,対象外当事者,40㎞／ｈ以下,対象外当事者,10,00,中破,対象外当事者,その他,対象外当事者,その他,対象外当事者,損傷なし,死亡,火,その他,34.870660,136.548300,2019-02-19,06:07,red,,,,,,,,,,,,
本票,三重,手稲,0007,死亡,1,0,00420,下,0000,471,夜－夜,晴,非市街地,舗装－乾燥,交差点－その他,環状交差点以外 環状交差点以外をいう。,点灯－３灯式,09,22,00,23,14,9,交差点内,規制なし,4,2,人対車両,65～74歳,55～64歳,乗用車－軽自動車,歩行者,自家用,対象外当事者,乗用車,対象外当事者,50㎞／ｈ以下,対象外当事者,10,00,小破,対象外当事者,その他,対象外当事者,その他,対象外当事者,損傷なし,死亡,土,その他,34.375760,136.419000,2019-02-23,04:20,red,,,,,,,,,,,,
本票,三重,伊賀,0010,死亡,1,0,30000,対象外,0000,216,昼－昼,晴,市街地－その他,舗装－乾燥,単路－その他,環状交差点以外 環状交差点以外をいう。,施設なし,00,23,00,23,03,8,単路（交差点付近を含む）,規制なし,4,2,車両相互,65～74歳,55～64歳,貨物車－大型車,二輪車－原付自転車,自家用,自家用,貨物車,対象外当事者,50㎞／ｈ以下,指定の速度規制なし等,10,10,大破,大破,その他,対象外当事者,その他,対象外当事者,損傷なし,死亡,金,その他,34.774260,136.154100,2019-02-08,11:10,red,,,,,,,,,,,,
本票,滋賀,中央,0116,死亡,1,0,37990,対象外,0000,201,昼－昼,曇,市街地－人口集中,舗装－乾燥,交差点付近－その他,環状交差点以外 環状交差点以外をいう。,施設なし,00,23,00,23,02,9,単路（交差点付近を含む）,規制なし,5,4,車両単独,75歳以上,不明,乗用車－普通車,相手なし,自家用,対象外当事者,乗用車,対象外当事者,指定の速度規制なし等,対象外当事者,80,00,小破,対象外当事者,その他,対象外当事者,その他,対象外当事者,死亡,対象外当事者,土,その他,34.994550,135.893201,2019-02-09,09:15,red,,,,,,,,,,,,