資料区分,都道府県コード,警察署等コード,本票番号,事故内容,死者数,負傷者数,路線コード,上下線,地点コード,市区町村コード,昼夜,天候,地形,路面状態,道路形状,環状交差点の直径,信号機,一時停止規制　標識（当事者A）,一時停止規制　表示（当事者A）,一時停止規制　標識（当事者B）,一時停止規制　表示（当事者B）,車道幅員,道路線形,衝突地点,ゾーン規制,中央分離帯施設等,歩車道区分,事故類型,年齢（当事者A）,年齢（当事者B）,当事者種別（当事者A）,当事者種別（当事者B）,用途別（当事者A）,用途別（当事者B）,車両形状（当事者A）,車両形状（当事者B）,速度規制（指定のみ）（当事者A）,速度規制（指定のみ）（当事者B）,車両の衝突部位（当事者A）,車両の衝突部位（当事者B）,車両の損壊程度（当事者A）,車両の損壊程度（当事者B）,エアバッグの装備（当事者A）,エアバッグの装備（当事者B）,サイドエアバッグの装備（当事者A）,サイドエアバッグの装備（当事者B）,人身損傷程度（当事者A）,人身損傷程度（当事者B）,曜日(発生年月日),祝日(発生年月日),緯度,経度,発生日,発生時,color,発生地点,道路管理者区分,道路区分,道路構造,曲線半径,縦断勾配,トンネル番号,当事者車両台数,車両単独事故の対象物,臨時速度規制の有無,速度規制（臨時のみ）,トンネル延長距離
本票,滋賀,白石,0115,死亡,1,0,37990,対象外,0000,206,夜－夜,晴,市街地－人口集中,舗装－乾燥,交差点－その他,環状交差点以外 環状交差点以外をいう。,施設なし,09,22,00,23,14,9,交差点内,規制なし,5,2,人対車両,75歳以上,55～64歳,乗用車－普通車,歩行者,自家用,対象外当事者,乗用車,対象外当事者,指定の速度規制なし等,対象外当事者,80,00,小破,対象外当事者,その他,対象外当事者,その他,対象外当事者,損傷なし,死亡,月,その他,35.011548,135.967222,2019-02-25,18:56,red,,,,,,,,,,,,
本票,滋賀,白石,0117,死亡,1,0,14010,対象外,0000,208,昼－昼,雨,市街地－人口集中,舗装－湿潤,交差点－その他,環状交差点以外 環状交差点以外をいう。,施設なし,09,22,09,21,17,9,交差点内,規制なし,5,2,車両相互,35～44歳,45～54歳,貨物車－準中型車,二輪車－原付自転車,自家用,自家用,貨物車,対象外当事者,指定の速度規制なし等,指定の速度規制なし等,10,20,中破,中破,その他,対象外当事者,その他,対象外当事者,損傷なし,死亡,木,その他,35.023044,135.972229,2019-02-28,14:55,red,,,,,,,,,,,,
本票,滋賀,西,0056,死亡,1,0,99000,対象外,0000,210,昼－昼,晴,市街地－人口集中,舗装－乾燥,一般交通の場所,環状交差点以外 環状交差点以外をいう。,施設なし,00,23,00,23,00,0,その他,規制なし,0,4,人対車両,55～64歳,75歳以上,乗用車－普通車,歩行者,自家用,対象外当事者,乗用車,対象外当事者,指定の速度規制なし等,対象外当事者,00,00,小破,対象外当事者,その他,対象外当事者,その他,対象外当事者,損傷なし,死亡,土,その他,35.064424,136.027291,2019-02-23,13:13,red,,,,,,,,,,,,
本票,滋賀,岩見沢,0053,死亡,1,0,14130,対象外,0000,213,夜－暮,晴,非市街地,舗装－乾燥,単路－その他,環状交差点以外 環状交差点以外をいう。,施設なし,00,23,00,23,03,9,単路（交差点付近を含む）,規制なし,4,3,人対車両,35～44歳,75歳以上,乗用車－普通車,歩行者,自家用,対象外当事者,乗用車,対象外当事者,50㎞／ｈ以下,対象外当事者,80,00,小破,対象外当事者,その他,対象外当事者,その他,対象外当事者,損傷なし,死亡,火,その他,35.072308,136.173107,2019-02-05,18:05,red,,,,,,,,,,,,
本票,滋賀,岩見沢,0095,死亡,1,0,25920,対象外,0000,425,昼－昼,晴,非市街地,舗装－乾燥,単路－その他,環状交差点以外 環状交差点以外をいう。,施設なし,00,23,00,23,03,9,単路（交差点付近を含む）,規制なし,4,2,車両相互,75歳以上,65～74歳,貨物車－軽自動車,軽車両－駆動補助機付自転車,自家用,対象外当事者,貨物車,対象外当事者,指定の速度規制なし等,対象外当事者,10,30,小破,中破,その他,対象外当事者,その他,対象外当事者,損傷なし,死亡,日,その他,35.182129,136.239459,2019-02-24,11:25,red,,,,,,,,,,,,
本票,滋賀,美唄,0026,死亡,1,0,03650,対象外,0000,203,昼－明,晴,非市街地,舗装－乾燥,交差点付近－その他,環状交差点以外 環状交差点以外をいう。,施設なし,00,23,00,23,03,9,単路（交差点付近を含む）,規制なし,4,2,車両相互,55～64歳,75歳以上,貨物車－大型車,軽車両－自転車,事業用,対象外当事者,貨物車,対象外当事者,50㎞／ｈ以下,対象外当事者,10,40,小破,小破,その他,対象外当事者,その他,対象外当事者,損傷なし,死亡,金,その他,35.436699,136.293293,2019-02-15,07:17,red,,,,,,,,,,,,
本票,京都,つがる,0109,死亡,1,0,00240,下,0052,109,夜－夜,晴,市街地－人口集中,舗装－乾燥,単路－その他,環状交差点以外 環状交差点以外をいう。,施設なし,00,23,00,23,05,9,単路（交差点付近を含む）,規制なし,4,2,人対車両,45～54歳,75歳以上,二輪車－原付自転車,歩行者,自家用,対象外当事者,対象外当事者,対象外当事者,指定の速度規制なし等,対象外当事者,10,00,中破,対象外当事者,対象外当事者,対象外当事者,対象外当事者,対象外当事者,損傷なし,死亡,木,その他,34.954506,135.760000,2019-02-14,21:46,red,,,,,,,,,,,,
本票,京都,伊達,0030,死亡,1,0,37020,対象外,0000,101,昼－昼,雨,市街地－その他,舗装－湿潤,交差点－その他,環状交差点以外 環状交差点以外をいう。,施設なし,01,21,09,22,14,9,交差点内,規制なし,5,3,車両相互,25～34歳,65～74歳,乗用車－普通車,二輪車－自動二輪－軽二輪－126～250cc,自家用,自家用,乗用車,対象外当事者,指定の速度規制なし等,40㎞／ｈ以下,10,20,損壊なし,小破,その他,対象外当事者,その他,対象外当事者,損傷なし,死亡,日,その他,35.057001,135.745390,2019-02-03,15:22,red,,,,,,,,,,,,
本票,京都,伊達,0048,死亡,1,0,14340,対象外,0000,101,夜－暮,晴,市街地－その他,舗装－乾燥,交差点－その他,環状交差点以外 環状交差点以外をいう。,点灯－３灯式,09,22,09,22,19,9,交差点内,規制なし,5,1,車両相互,55～64歳,55～64歳,貨物車－準中型車,軽車両－自転車,自家用,対象外当事者,貨物車,対象外当事者,50㎞／ｈ以下,対象外当事者,10,20,中破,大破,その他,対象外当事者,その他,対象外当事者,損傷なし,死亡,火,その他,35.040984,135.751664,2019-02-26,17:52,red,,,,,,,,,,,,
本票,京都,北,0053,死亡,1,0,15020,対象外,0000,108,夜－夜,晴,市街地－人口集中,舗装－乾燥,単路－その他,環状交差点以外 環状交差点以外をいう。,施設なし,00,23,00,23,03,9,単路（交差点付近を含む）,規制なし,1,2,車両相互,75歳以上,75歳以上,乗用車－普通車,軽車両－自転車,自家用,対象外当事者,乗用車,対象外当事者,50㎞／ｈ以下,対象外当事者,10,30,小破,中破,その他,対象外当事者,その他,対象外当事者,損傷なし,死亡,水,その他,35.003695,135.717337,2019-02-13,03:03,red,,,,,,,,,,,,
本票,京都,北,0061,死亡,1,0,27020,対象外,0000,108,夜－夜,晴,市街地－人口集中,舗装－乾燥,交差点－その他,環状交差点以外 環状交差点以外をいう。,点灯－３灯式,09,22,09,22,15,9,交差点内,規制なし,5,3,車両相互,35～44歳,25～34歳,貨物車－準中型車,軽車両－自転車,事業用,対象外当事者,貨物車,対象外当事者,40㎞／ｈ以下,対象外当事者,10,10,小破,大破,その他,対象外当事者,その他,対象外当事者,損傷なし,死亡,土,その他,35.013726,135.679870,2019-02-16,02:22,red,,,,,,,,,,,,
本票,京都,池上,0116,死亡,1,0,70000,対象外,0000,322,昼－昼,晴,非市街地,舗装－乾燥,単路－その他,環状交差点以外 環状交差点以外をいう。,施設なし,00,23,00,23,02,9,単路（交差点付近を含む）,規制なし,5,4,車両単独,25～34歳,不明,特殊車－小型－農耕作業用,相手なし,対象外当事者,対象外当事者,対象外当事者,対象外当事者,指定の速度規制なし等,対象外当事者,40,00,小破,対象外当事者,対象外当事者,対象外当事者,対象外当事者,対象外当事者,死亡,対象外当事者,土,その他,34.899847,135.751637,2019-02-23,15:09,red,,,,,,,,,,,,
本票,京都,木津,0011,死亡,1,0,39990,対象外,0000,214,夜－明,雨,非市街地,舗装－湿潤,交差点－その他,環状交差点以外 環状交差点以外をいう。,施設なし,09,22,00,23,14,9,交差点内,規制なし,5,4,車両単独,55～64歳,不明,二輪車－原付自転車,相手なし,自家用,対象外当事者,対象外当事者,対象外当事者,指定の速度規制なし等,対象外当事者,10,00,小破,対象外当事者,対象外当事者,対象外当事者,対象外当事者,対象外当事者,死亡,対象外当事者,木,その他,34.720722,135.813068,2019-01-31,06:20,red,,,,,,,,,,,,
本票,京都,藤沢,0009,死亡,1,0,26640,対象外,0000,212,夜－夜,曇,非市街地,舗装－乾燥,単路－その他,環状交差点以外 環状交差点以外をいう。,施設なし,00,23,00,23,03,8,単路（交差点付近を含む）,規制なし,4,2,人対車両,35～44歳,75歳以上,貨物車－大型車,歩行者,事業用,対象外当事者,貨物車,対象外当事者,50㎞／ｈ以下,対象外当事者,10,00,小破,対象外当事者,その他,対象外当事者,その他,対象外当事者,損傷なし,死亡,金,その他,35.579012,135.120035,2019-02-15,02:29,red,,,,,,,,,,,,
本票,大阪,東,0031,死亡,1,0,00020,下,0015,103,夜－明,晴,市街地－人口集中,舗装－乾燥,交差点－その他,環状交差点以外 環状交差点以外をいう。,点灯－３灯式,09,22,09,22,15,9,交差点内,規制なし,5,1,車両相互,65～74歳,65～74歳,貨物車－準中型車,軽車両－自転車,自家用,対象外当事者,貨物車,対象外当事者,40㎞／ｈ以下,対象外当事者,20,40,小破,小破,その他,対象外当事者,その他,対象外当事者,損傷なし,死亡,日,前日,34.694348,135.483941,2019-02-10,06:40,red,,,,,,,,,,,,
本票,大阪,芦別,0030,死亡,1,0,04790,下,0059,114,夜－暮,晴,市街地－人口集中,舗装－乾燥,単路－その他,環状交差点以外 環状交差点以外をいう。,点灯－３灯式,00,23,00,23,05,9,単路（交差点付近を含む）,規制なし,1,1,人対車両,45～54歳,75歳以上,乗用車－普通車,歩行者,自家用,対象外当事者,乗用車,対象外当事者,60㎞／ｈ以下,対象外当事者,80,00,大破,対象外当事者,その他,対象外当事者,その他,対象外当事者,損傷なし,死亡,日,その他,34.749453,135.530454,2019-02-17,18:00,red,,,,,,,,,,,,
本票,大阪,余市,0043,死亡,1,0,00250,対象外,1297,116,夜－夜,晴,市街地－人口集中,舗装－乾燥,交差点付近－その他,環状交差点以外 環状交差点以外をいう。,点灯－３灯式,00,23,00,23,04,9,単路（交差点付近を含む）,規制なし,4,1,人対車両,35～44歳,75歳以上,乗用車－普通車,歩行者,自家用,対象外当事者,乗用車,対象外当事者,50㎞／ｈ以下,対象外当事者,80,00,小破,対象外当事者,その他,対象外当事者,その他,対象外当事者,損傷なし,死亡,土,その他,34.643313,135.530659,2019-02-02,22:42,red,,,,,,,,,,,,
本票,大阪,門別,0076,死亡,1,0,30990,対象外,0000,126,夜－暮,晴,市街地－人口集中,舗装－乾燥,交差点付近－その他,環状交差点以外 環状交差点以外をいう。,施設なし,00,23,00,23,03,9,単路（交差点付近を含む）,規制なし,5,4,人対車両,55～64歳,55～64歳,貨物車－軽自動車,歩行者,自家用,対象外当事者,貨物車,対象外当事者,指定の速度規制なし等,対象外当事者,80,00,小破,対象外当事者,その他,対象外当事者,その他,対象外当事者,損傷なし,死亡,水,その他,34.619927,135.548047,2019-02-06,18:29,red,,,,,,,,,,,,
本票,大阪,せたな,0141,死亡,1,0,10430,対象外,0042,144,夜－明,晴,市街地－人口集中,舗装－乾燥,交差点－その他,環状交差点以外 環状交差点以外をいう。,点灯－３灯式,09,22,09,22,15,9,交差点内,規制なし,5,4,車両相互,0～24歳,65～74歳,二輪車－原付自転車,軽車両－自転車,自家用,対象外当事者,対象外当事者,対象外当事者,指定の速度規制なし等,対象外当事者,10,10,小破,小破,対象外当事者,対象外当事者,対象外当事者,対象外当事者,損傷なし,死亡,金,その他,34.515974,135.473026,2019-02-15,06:30,red,,,,,,,,,,,,
本票,大阪,泉大津,0045,死亡,1,0,10090,対象外,0275,341,昼－昼,晴,市街地－人口集中,舗装－乾燥,交差点－その他,環状交差点以外 環状交差点以外をいう。,点灯－３灯式,09,22,09,22,19,9,交差点内,規制なし,5,1,車両相互,45～54歳,65～74歳,貨物車－中型車,乗用車－普通車,事業用,自家用,貨物車,乗用車,60㎞／ｈ以下,60㎞／ｈ以下,10,80,中破,中破,その他,装備あり 作動,その他,装備あり 作動,損傷なし,死亡,月,その他,34.498506,135.385526,2019-02-18,11:46,red,,,,,,,,,,,,
本票,大阪,岸和田,0078,死亡,1,0,30990,対象外,0000,202,夜－夜,晴,市街地－その他,舗装－乾燥,単路－その他,環状交差点以外 環状交差点以外をいう。,施設なし,00,23,00,23,03,9,単路（交差点付近を含む）,規制なし,4,3,人対車両,25～34歳,65～74歳,乗用車－普通車,歩行者,自家用,対象外当事者,乗用車,対象外当事者,40㎞／ｈ以下,対象外当事者,80,00,小破,対象外当事者,その他,対象外当事者,その他,対象外当事者,損傷なし,死亡,木,その他,34.458516,135.420444,2019-02-14,00:39,red,,,,,,,,,,,,
本票,大阪,大井,0060,死亡,1,0,10080,対象外,0112,222,夜－夜,晴,市街地－人口集中,舗装－乾燥,交差点付近－その他,環状交差点以外 環状交差点以外をいう。,施設なし,00,23,00,23,03,9,単路（交差点付近を含む）,規制なし,4,2,人対車両,35～44歳,25～34歳,貨物車－準中型車,歩行者,自家用,対象外当事者,貨物車,対象外当事者,40㎞／ｈ以下,対象外当事者,80,00,中破,対象外当事者,その他,対象外当事者,その他,対象外当事者,損傷なし,死亡,水,その他,34.574398,135.586126,2019-02-13,03:22,red,,,,,,,,,,,,
本票,大阪,大森,0049,死亡,1,0,03710,対象外,9018,216,夜－夜,晴,市街地－人口集中,舗装－乾燥,交差点付近－その他,環状交差点以外 環状交差点以外をいう。,点灯－３灯式,00,23,00,23,04,9,単路（交差点付近を含む）,規制なし,4,2,車両相互,35～44歳,75歳以上,乗用車－普通車,軽車両－自転車,自家用,対象外当事者,乗用車,対象外当事者,40㎞／ｈ以下,対象外当事者,60,12,小破,小破,その他,対象外当事者,その他,対象外当事者,損傷なし,死亡,土,その他,34.436743,135.568432,2019-02-23,22:01,red,,,,,,,,,,,,
本票,大阪,東京空港,0064,死亡,1,0,10110,対象外,0012,212,昼－暮,晴,市街地－人口集中,舗装－乾燥,交差点－その他,環状交差点以外 環状交差点以外をいう。,点灯－３灯式,08,22,09,22,15,9,交差点内,規制なし,5,1,車両相互,0～24歳,45～54歳,貨物車－大型車,軽車両－自転車,事業用,対象外当事者,貨物車,対象外当事者,40㎞／ｈ以下,対象外当事者,10,20,小破,小破,その他,対象外当事者,その他,対象外当事者,損傷なし,死亡,月,その他,34.643251,135.601442,2019-02-04,16:56,red,,,,,,,,,,,,
本票,大阪,東京空港,0100,死亡,1,0,30990,対象外,0000,212,昼－昼,晴,市街地－人口集中,舗装－乾燥,交差点－その他,環状交差点以外 環状交差点以外をいう。,点灯－３灯式,09,22,09,22,15,9,交差点内,規制なし,5,1,車両相互,25～34歳,75歳以上,貨物車－軽自動車,軽車両－自転車,自家用,対象外当事者,貨物車,対象外当事者,40㎞／ｈ以下,対象外当事者,10,40,小破,小破,その他,対象外当事者,その他,対象外当事者,損傷なし,死亡,月,その他,34.636384,135.604841,2019-02-18,09:25,red,,,,,,,,,,,,
本票,大阪,木津,0062,死亡,1,0,20040,対象外,0026,217,夜－夜,晴,市街地－人口集中,舗装－乾燥,交差点付近－その他,環状交差点以外 環状交差点以外をいう。,施設なし,00,23,00,23,04,9,単路（交差点付近を含む）,規制なし,5,2,人対車両,45～54歳,75歳以上,貨物車－中型車,歩行者,事業用,対象外当事者,貨物車,対象外当事者,40㎞／ｈ以下,対象外当事者,10,00,小破,対象外当事者,その他,対象外当事者,その他,対象外当事者,損傷なし,死亡,金,その他,34.583981,135.545142,2019-02-15,00:55,red,,,,,,,,,,,,
本票,大阪,四條畷,0089,死亡,1,0,01630,対象外,0158,229,夜－夜,雨,市街地－人口集中,舗装－乾燥,交差点付近－その他,環状交差点以外 環状交差点以外をいう。,施設なし,00,23,00,23,05,9,単路（交差点付近を含む）,規制なし,4,1,人対車両,65～74歳,75歳以上,乗用車－軽自動車,歩行者,自家用,対象外当事者,乗用車,対象外当事者,50㎞／ｈ以下,対象外当事者,50,00,小破,対象外当事者,その他,対象外当事者,その他,対象外当事者,損傷なし,死亡,火,その他,34.739148,135.643218,2019-02-19,19:21,red,,,,,,,,,,,,
本票,兵庫,武南,0089,死亡,1,0,39990,対象外,0000,202,夜－夜,晴,市街地－人口集中,舗装－乾燥,交差点－その他,環状交差点以外 環状交差点以外をいう。,施設なし,09,22,00,23,17,9,交差点内,規制なし,4,2,人対車両,35～44歳,75歳以上,乗用車－普通車,歩行者,自家用,対象外当事者,乗用車,対象外当事者,40㎞／ｈ以下,対象外当事者,50,00,中破,対象外当事者,その他,対象外当事者,その他,対象外当事者,損傷なし,死亡,水,その他,34.736773,135.435778,2019-02-13,05:36,red,,,,,,,,,,,,
本票,兵庫,姫路,0214,死亡,1,0,25930,対象外,0039,201,夜－夜,晴,市街地－人口集中,舗装－乾燥,交差点付近－その他,環状交差点以外 環状交差点以外をいう。,施設なし,00,23,00,23,03,9,その他,規制なし,4,1,車両単独,65～74歳,不明,軽車両－自転車,相手なし,対象外当事者,対象外当事者,対象外当事者,対象外当事者,対象外当事者,対象外当事者,20,00,小破,対象外当事者,対象外当事者,対象外当事者,対象外当事者,対象外当事者,死亡,対象外当事者,金,その他,34.857794,134.705619,2019-02-15,23:42,red,,,,,,,,,,,,
本票,兵庫,飾磨,0207,死亡,1,0,39990,対象外,0000,201,夜－夜,晴,市街地－その他,舗装－乾燥,単路－カーブ・屈折,環状交差点以外 環状交差点以外をいう。,施設なし,00,23,00,23,02,4,単路（交差点付近を含む）,規制なし,5,3,人対車両,35～44歳,45～54歳,二輪車－原付自転車,歩行者,自家用,対象外当事者,対象外当事者,対象外当事者,指定の速度規制なし等,対象外当事者,10,00,小破,対象外当事者,対象外当事者,対象外当事者,対象外当事者,対象外当事者,損傷なし,死亡,日,その他,34.649738,134.506386,2019-02-24,20:25,red,,,,,,,,,,,,
本票,兵庫,南あわじ,0025,死亡,1,1,99000,対象外,0000,224,昼－昼,晴,非市街地,舗装－乾燥,一般交通の場所,環状交差点以外 環状交差点以外をいう。,施設なし,00,23,00,23,00,0,その他,規制なし,0,2,車両単独,55～64歳,不明,乗用車－軽自動車,物件等,自家用,対象外当事者,乗用車,対象外当事者,指定の速度規制なし等,対象外当事者,30,00,大破,対象外当事者,装備あり 作動,対象外当事者,その他,対象外当事者,負傷,対象外当事者,土,その他,34.243274,134.661349,2019-02-23,09:40,red,,,,,,,,,,,,
本票,奈良,中央,0048,死亡,1,0,37990,対象外,0000,201,夜－夜,曇,非市街地,舗装－乾燥,交差点－その他,環状交差点以外 環状交差点以外をいう。,施設なし,09,22,00,23,11,8,その他,規制なし,5,4,車両単独,65～74歳,不明,軽車両－駆動補助機付自転車,相手なし,対象外当事者,対象外当事者,対象外当事者,対象外当事者,対象外当事者,対象外当事者,40,00,小破,対象外当事者,対象外当事者,対象外当事者,対象外当事者,対象外当事者,死亡,対象外当事者,金,その他,34.665217,135.841551,2019-02-08,22:00,red,,,,,,,,,,,,
本票,奈良,白石,0027,死亡,1,0,37990,対象外,0000,209,昼－昼,晴,市街地－人口集中,舗装－乾燥,交差点－その他,環状交差点以外 環状交差点以外をいう。,施設なし,09,22,09,22,15,8,交差点内,規制なし,5,2,車両相互,55～64歳,65～74歳,乗用車－軽自動車,二輪車－原付自転車,自家用,自家用,乗用車,対象外当事者,40㎞／ｈ以下,指定の速度規制なし等,50,20,小破,小破,その他,対象外当事者,その他,対象外当事者,損傷なし,死亡,月,その他,34.704993,135.702293,2019-02-25,12:20,red,,,,,,,,,,,,
本票,奈良,西,0035,死亡,1,0,37990,対象外,0000,203,夜－夜,曇,市街地－人口集中,舗装－乾燥,単路－その他,環状交差点以外 環状交差点以外をいう。,施設なし,00,23,00,23,02,9,単路（交差点付近を含む）,規制なし,5,3,人対車両,35～44歳,35～44歳,貨物車－中型車,歩行者,自家用,対象外当事者,貨物車,対象外当事者,指定の速度規制なし等,対象外当事者,40,00,損壊なし,対象外当事者,その他,対象外当事者,その他,対象外当事者,損傷なし,死亡,月,当日,34.646686,135.781144,2019-02-11,04:11,red,,,,,,,,,,,,
本票,奈良,つがる,0051,死亡,1,0,37990,対象外,0000,205,夜－夜,曇,非市街地,舗装－湿潤,単路－その他,環状交差点以外 環状交差点以外をいう。,施設なし,00,23,00,23,03,9,単路（交差点付近を含む）,規制なし,4,3,車両単独,35～44歳,不明,乗用車－軽自動車,物件等,自家用,対象外当事者,乗用車,対象外当事者,指定の速度規制なし等,対象外当事者,10,00,大破,対象外当事者,その他,対象外当事者,その他,対象外当事者,死亡,対象外当事者,火,その他,34.529437,135.815330,2019-02-19,21:23,red,,,,,,,,,,,,
本票,奈良,芦別,0048,死亡,1,0,37990,対象外,0000,201,夜－夜,晴,市街地－人口集中,舗装－乾燥,交差点－その他,環状交差点以外 環状交差点以外をいう。,施設なし,09,22,09,22,15,1,交差点内,規制なし,5,4,車両相互,45～54歳,55～64歳,貨物車－軽自動車,二輪車－原付自転車,自家用,自家用,貨物車,対象外当事者,指定の速度規制なし等,指定の速度規制なし等,10,40,小破,小破,その他,対象外当事者,その他,対象外当事者,損傷なし,死亡,土,その他,34.677196,135.753995,2019-02-09,02:35,red,,,,,,,,,,,,
本票,和歌山,白石,0009,死亡,1,0,95000,対象外,0000,341,夜－夜,晴,非市街地,舗装－乾燥,単路－カーブ・屈折,環状交差点以外 環状交差点以外をいう。,施設なし,00,23,00,23,01,2,単路（交差点付近を含む）,規制なし,5,4,車両単独,45～54歳,不明,特殊車－小型－その他,物件等,対象外当事者,対象外当事者,対象外当事者,対象外当事者,指定の速度規制なし等,対象外当事者,10,00,小破,対象外当事者,対象外当事者,対象外当事者,対象外当事者,対象外当事者,死亡,対象外当事者,火,その他,34.264252,135.485720,2019-02-26,23:50,red,,,,,,,,,,,,
本票,和歌山,東,0062,死亡,1,0,10140,対象外,0000,201,夜－夜,晴,非市街地,舗装－乾燥,交差点－その他,環状交差点以外 環状交差点以外をいう。,点灯－３灯式,09,22,09,22,15,9,交差点内,規制なし,4,2,車両相互,0～24歳,75歳以上,貨物車－普通車,二輪車－自動二輪－原付二種－51～125cc,自家用,自家用,貨物車,対象外当事者,指定の速度規制なし等,指定の速度規制なし等,10,12,小破,大破,その他,対象外当事者,その他,対象外当事者,損傷なし,死亡,水,その他,34.246656,135.258413,2019-02-20,19:27,red,,,,,,,,,,,,
本票,和歌山,滝川,0031,死亡,1,1,10150,対象外,0000,201,昼－昼,晴,市街地－人口集中,舗装－乾燥,交差点－その他,環状交差点以外 環状交差点以外をいう。,点灯－３灯式,09,23,09,23,15,9,交差点内,規制なし,4,2,車両相互,45～54歳,75歳以上,二輪車－自動二輪－軽二輪－126～250cc,軽車両－自転車,自家用,対象外当事者,対象外当事者,対象外当事者,40㎞／ｈ以下,対象外当事者,14,22,中破,中破,対象外当事者,対象外当事者,対象外当事者,対象外当事者,負傷,死亡,日,その他,34.245032,135.161682,2019-02-17,13:20,red,,,,,,,,,,,,
本票,鳥取,千歳,0013,死亡,1,0,03130,対象外,0000,203,昼－明,曇,非市街地,舗装－湿潤,単路－橋,環状交差点以外 環状交差点以外をいう。,施設なし,00,23,00,23,03,4,単路（交差点付近を含む）,規制なし,4,3,車両単独,65～74歳,不明,貨物車－軽自動車,物件等,自家用,対象外当事者,貨物車,対象外当事者,指定の速度規制なし等,対象外当事者,84,00,大破,対象外当事者,装備あり 作動,対象外当事者,その他,対象外当事者,死亡,対象外当事者,火,その他,35.354954,133.750674,2019-02-12,07:42,red,,,,,,,,,,,,
本票,島根,千歳,0021,死亡,1,0,30000,対象外,0000,203,夜－夜,曇,非市街地,舗装－乾燥,単路－その他,環状交差点以外 環状交差点以外をいう。,施設なし,00,23,00,23,01,9,その他,規制なし,5,4,車両単独,65～74歳,不明,二輪車－自動二輪－原付二種－51～125cc,相手なし,自家用,対象外当事者,対象外当事者,対象外当事者,指定の速度規制なし等,対象外当事者,00,00,小破,対象外当事者,対象外当事者,対象外当事者,対象外当事者,対象外当事者,死亡,対象外当事者,日,その他,35.395086,132.861606,2019-02-24,02:40,red,,,,,,,,,,,,
本票,島根,三戸,0007,死亡,1,0,30000,対象外,0000,202,昼－昼,晴,非市街地,舗装－乾燥,単路－カーブ・屈折,環状交差点以外 環状交差点以外をいう。,施設なし,00,23,00,23,02,4,単路（交差点付近を含む）,規制なし,5,4,人対車両,65～74歳,75歳以上,乗用車－軽自動車,歩行者,自家用,対象外当事者,乗用車,対象外当事者,指定の速度規制なし等,対象外当事者,10,00,小破,対象外当事者,その他,対象外当事者,その他,対象外当事者,損傷なし,死亡,水,その他,34.867108,132.053849,2019-02-06,13:20,red,,,,,,,,,,,,
本票,島根,滝川,0009,死亡,1,0,30000,対象外,0000,204,夜－暮,曇,市街地－その他,舗装－乾燥,単路－その他,環状交差点以外 環状交差点以外をいう。,施設なし,00,23,00,23,03,9,単路（交差点付近を含む）,規制なし,4,2,人対車両,55～64歳,75歳以上,乗用車－普通車,歩行者,自家用,対象外当事者,乗用車,対象外当事者,40㎞／ｈ以下,対象外当事者,10,00,小破,対象外当事者,その他,対象外当事者,その他,対象外当事者,損傷なし,死亡,金,その他,34.676288,131.852633,2019-02-22,18:45,red,,,,,,,,,,,,
本票,岡山,西,0014,死亡,1,0,00530,対象外,0000,101,夜－夜,晴,非市街地,舗装－乾燥,単路－その他,環状交差点以外 環状交差点以外をいう。,施設なし,00,23,00,23,03,8,単路（交差点付近を含む）,規制なし,4,3,車両単独,45～54歳,不明,軽車両－駆動補助機付自転車,物件等,対象外当事者,対象外当事者,対象外当事者,対象外当事者,対象外当事者,対象外当事者,10,00,小破,対象外当事者,対象外当事者,対象外当事者,対象外当事者,対象外当事者,死亡,対象外当事者,木,その他,34.752128,133.920259,2019-02-21,21:10,red,,,,,,,,,,,,
本票,岡山,千歳,0033,死亡,1,0,99000,対象外,0000,103,夜－夜,晴,非市街地,舗装－乾燥,一般交通の場所,環状交差点以外 環状交差点以外をいう。,施設なし,00,23,00,23,00,0,その他,規制なし,0,4,車両単独,45～54歳,不明,軽車両－自転車,相手なし,対象外当事者,対象外当事者,対象外当事者,対象外当事者,対象外当事者,対象外当事者,10,00,小破,対象外当事者,対象外当事者,対象外当事者,対象外当事者,対象外当事者,死亡,対象外当事者,月,その他,34.704179,134.042322,2019-01-21,20:20,red,,,,,,,,,,,,
本票,岡山,栗山,0025,死亡,1,0,04300,対象外,0000,202,昼－昼,晴,市街地－人口集中,舗装－乾燥,交差点－その他,環状交差点以外 環状交差点以外をいう。,点灯－３灯式,09,22,00,23,15,9,交差点内,規制なし,5,2,人対車両,75歳以上,75歳以上,乗用車－普通車,歩行者,自家用,対象外当事者,乗用車,対象外当事者,40㎞／ｈ以下,対象外当事者,50,00,小破,対象外当事者,その他,対象外当事者,その他,対象外当事者,損傷なし,死亡,土,その他,34.471612,133.822879,2019-02-16,11:56,red,,,,,,,,,,,,