資料区分,都道府県コード,警察署等コード,本票番号,事故内容,死者数,負傷者数,路線コード,上下線,地点コード,市区町村コード,昼夜,天候,地形,路面状態,道路形状,環状交差点の直径,信号機,一時停止規制　標識（当事者A）,一時停止規制　表示（当事者A）,一時停止規制　標識（当事者B）,一時停止規制　表示（当事者B）,車道幅員,道路線形,衝突地点,ゾーン規制,中央分離帯施設等,歩車道区分,事故類型,年齢（当事者A）,年齢（当事者B）,当事者種別（当事者A）,当事者種別（当事者B）,用途別（当事者A）,用途別（当事者B）,車両形状（当事者A）,車両形状（当事者B）,速度規制（指定のみ）（当事者A）,速度規制（指定のみ）（当事者B）,車両の衝突部位（当事者A）,車両の衝突部位（当事者B）,車両の損壊程度（当事者A）,車両の損壊程度（当事者B）,エアバッグの装備（当事者A）,エアバッグの装備（当事者B）,サイドエアバッグの装備（当事者A）,サイドエアバッグの装備（当事者B）,人身損傷程度（当事者A）,人身損傷程度（当事者B）,曜日(発生年月日),祝日(発生年月日),緯度,経度,発生日,発生時,color,発生地点,道路管理者区分,道路区分,道路構造,曲線半径,縦断勾配,トンネル番号,当事者車両台数,車両単独事故の対象物,臨時速度規制の有無,速度規制（臨時のみ）,トンネル延長距離
本票,岡山,つがる,0084,死亡,1,0,21620,対象外,0000,202,夜－夜,晴,市街地－その他,舗装－乾燥,単路－その他,環状交差点以外 環状交差点以外をいう。,施設なし,00,23,00,23,03,9,単路（交差点付近を含む）,規制なし,4,2,人対車両,0～24歳,0～24歳,乗用車－普通車,歩行者,自家用,対象外当事者,乗用車,対象外当事者,40㎞／ｈ以下,対象外当事者,10,00,小破,対象外当事者,その他,対象外当事者,その他,対象外当事者,損傷なし,死亡,金,その他,34.615870,133.786249,2019-02-15,04:08,red,,,,,,,,,,,,
本票,広島,東,0031,死亡,1,0,37040,対象外,0000,202,昼－昼,曇,市街地－その他,舗装－乾燥,踏切－第一種,環状交差点以外 環状交差点以外をいう。,施設なし,00,23,00,23,02,9,その他,規制なし,5,4,列車,35～44歳,75歳以上,列車,歩行者,対象外当事者,対象外当事者,対象外当事者,対象外当事者,対象外当事者,対象外当事者,10,00,小破,対象外当事者,対象外当事者,対象外当事者,対象外当事者,対象外当事者,損傷なし,死亡,月,その他,34.278708,132.519131,2019-02-18,08:03,red,,,,,,,,,,,,
本票,広島,東,0036,死亡,2,0,00310,上,0118,202,昼－昼,晴,市街地－その他,舗装－乾燥,単路－その他,環状交差点以外 環状交差点以外をいう。,施設なし,00,23,00,23,03,9,単路（交差点付近を含む）,規制なし,4,2,人対車両,55～64歳,75歳以上,貨物車－大型車,歩行者,自家用,対象外当事者,貨物車,対象外当事者,50㎞／ｈ以下,対象外当事者,10,00,小破,対象外当事者,その他,対象外当事者,その他,対象外当事者,損傷なし,死亡,月,その他,34.282222,132.519014,2019-02-25,15:44,red,,,,,,,,,,,,
本票,広島,岩見沢,0067,死亡,1,0,00020,下,3187,107,夜－夜,晴,市街地－人口集中,舗装－乾燥,交差点－その他,環状交差点以外 環状交差点以外をいう。,点灯－３灯式,09,22,00,23,15,9,交差点内,規制なし,5,2,人対車両,65～74歳,75歳以上,貨物車－準中型車,歩行者,事業用,対象外当事者,貨物車,対象外当事者,50㎞／ｈ以下,対象外当事者,80,00,小破,対象外当事者,その他,対象外当事者,その他,対象外当事者,損傷なし,死亡,金,その他,34.421292,132.598404,2019-02-22,23:36,red,,,,,,,,,,,,
本票,広島,伊達,0145,死亡,1,0,14220,対象外,0000,207,夜－夜,晴,市街地－人口集中,舗装－乾燥,交差点－その他,環状交差点以外 環状交差点以外をいう。,点灯－３灯式,09,22,09,22,19,9,交差点内,規制なし,5,2,車両相互,25～34歳,0～24歳,貨物車－中型車,二輪車－自動二輪－小型二輪－251～400cc,事業用,自家用,貨物車,対象外当事者,50㎞／ｈ以下,40㎞／ｈ以下,10,20,中破,中破,その他,対象外当事者,その他,対象外当事者,損傷なし,死亡,日,その他,34.469056,133.369694,2019-02-24,20:20,red,,,,,,,,,,,,
本票,広島,伊達,0146,死亡,1,0,37210,対象外,0000,207,夜－夜,晴,市街地－人口集中,舗装－乾燥,交差点付近－その他,環状交差点以外 環状交差点以外をいう。,施設なし,00,23,00,23,03,9,単路（交差点付近を含む）,規制なし,4,2,人対車両,65～74歳,75歳以上,貨物車－準中型車,歩行者,自家用,対象外当事者,貨物車,対象外当事者,40㎞／ｈ以下,対象外当事者,10,00,小破,対象外当事者,その他,対象外当事者,その他,対象外当事者,損傷なし,死亡,月,その他,34.497417,133.365444,2019-02-25,19:45,red,,,,,,,,,,,,
本票,広島,北,0018,死亡,1,0,37280,対象外,0000,207,昼－昼,晴,市街地－その他,舗装－乾燥,交差点－その他,環状交差点以外 環状交差点以外をいう。,施設なし,09,22,00,23,14,9,交差点内,規制なし,5,3,人対車両,65～74歳,75歳以上,乗用車－軽自動車,歩行者,自家用,対象外当事者,乗用車,対象外当事者,指定の速度規制なし等,対象外当事者,10,00,小破,対象外当事者,その他,対象外当事者,その他,対象外当事者,損傷なし,死亡,金,その他,34.533834,133.373817,2019-02-01,09:00,red,,,,,,,,,,,,
本票,山口,白石,0029,死亡,1,0,01880,上,0026,208,夜－明,晴,市街地－人口集中,舗装－湿潤,単路－その他,環状交差点以外 環状交差点以外をいう。,施設なし,00,23,00,23,03,9,単路（交差点付近を含む）,規制なし,4,2,人対車両,45～54歳,75歳以上,乗用車－普通車,歩行者,自家用,対象外当事者,乗用車,対象外当事者,50㎞／ｈ以下,対象外当事者,10,00,中破,対象外当事者,その他,対象外当事者,その他,対象外当事者,損傷なし,死亡,月,その他,34.158990,132.221939,2019-02-04,06:34,red,,,,,,,,,,,,
本票,山口,白石,0037,死亡,1,0,00020,下,4008,208,昼－明,晴,市街地－その他,舗装－乾燥,交差点－その他,環状交差点以外 環状交差点以外をいう。,点灯－３灯式,09,22,00,23,15,9,交差点内,規制なし,5,1,人対車両,25～34歳,0～24歳,貨物車－準中型車,歩行者,自家用,対象外当事者,貨物車,対象外当事者,50㎞／ｈ以下,対象外当事者,10,00,小破,対象外当事者,その他,対象外当事者,その他,対象外当事者,損傷なし,死亡,火,その他,34.096148,132.076670,2019-02-12,07:42,red,,,,,,,,,,,,
本票,山口,美唄,0052,死亡,1,0,25210,対象外,0000,206,昼－昼,晴,非市街地,舗装－乾燥,単路－カーブ・屈折,環状交差点以外 環状交差点以外をいう。,施設なし,00,23,00,23,03,3,単路（交差点付近を含む）,規制なし,4,3,車両単独,75歳以上,不明,乗用車－軽自動車,物件等,自家用,対象外当事者,乗用車,対象外当事者,指定の速度規制なし等,対象外当事者,10,00,大破,対象外当事者,装備あり 作動,対象外当事者,装備あり 作動,対象外当事者,死亡,対象外当事者,火,その他,34.093930,131.583416,2019-02-26,14:05,red,,,,,,,,,,,,
本票,山口,滝川,0060,死亡,1,0,04900,対象外,0000,202,夜－夜,雨,市街地－人口集中,舗装－湿潤,交差点－その他,環状交差点以外 環状交差点以外をいう。,点灯－３灯式,09,22,09,22,18,9,交差点内,規制なし,5,1,車両相互,35～44歳,65～74歳,乗用車－軽自動車,軽車両－自転車,自家用,対象外当事者,乗用車,対象外当事者,指定の速度規制なし等,対象外当事者,50,40,小破,中破,その他,対象外当事者,その他,対象外当事者,損傷なし,死亡,水,その他,33.949084,131.252748,2019-02-27,19:28,red,,,,,,,,,,,,
本票,山口,静内,0023,死亡,1,0,04910,対象外,0000,201,夜－夜,晴,市街地－人口集中,舗装－乾燥,交差点－その他,環状交差点以外 環状交差点以外をいう。,点灯－押ボタン式,09,22,00,23,18,9,交差点内,規制なし,5,2,人対車両,25～34歳,65～74歳,乗用車－普通車,歩行者,自家用,対象外当事者,乗用車,対象外当事者,指定の速度規制なし等,対象外当事者,10,00,中破,対象外当事者,その他,対象外当事者,その他,対象外当事者,損傷なし,死亡,土,その他,34.074071,131.037490,2019-02-16,19:55,red,,,,,,,,,,,,
本票,徳島,砂川,0009,死亡,1,0,00320,下,0801,208,昼－昼,晴,非市街地,舗装－乾燥,交差点－その他,環状交差点以外 環状交差点以外をいう。,施設なし,09,22,09,22,15,2,交差点内,規制なし,4,2,車両相互,0～24歳,55～64歳,乗用車－普通車,二輪車－自動二輪－小型二輪－751ｃｃ以上,自家用,自家用,乗用車,対象外当事者,50㎞／ｈ以下,50㎞／ｈ以下,10,10,中破,中破,その他,対象外当事者,その他,対象外当事者,損傷なし,死亡,日,その他,33.864134,133.774294,2019-02-17,15:45,red,,,,,,,,,,,,
本票,徳島,三戸,0018,死亡,1,0,21300,対象外,0000,204,夜－暮,曇,市街地－その他,舗装－乾燥,交差点－その他,環状交差点以外 環状交差点以外をいう。,点灯－３灯式,09,22,00,23,18,3,交差点内,規制なし,5,2,人対車両,75歳以上,75歳以上,貨物車－軽自動車,歩行者,自家用,対象外当事者,貨物車,対象外当事者,50㎞／ｈ以下,対象外当事者,10,00,小破,対象外当事者,その他,対象外当事者,その他,対象外当事者,損傷なし,死亡,日,その他,33.961854,134.622809,2019-02-03,18:05,red,,,,,,,,,,,,
本票,徳島,三戸,0021,死亡,1,0,10260,対象外,0000,204,夜－暮,曇,非市街地,舗装－乾燥,交差点付近－その他,環状交差点以外 環状交差点以外をいう。,施設なし,00,23,00,23,03,9,単路（交差点付近を含む）,規制なし,4,2,人対車両,35～44歳,75歳以上,乗用車－軽自動車,歩行者,自家用,対象外当事者,乗用車,対象外当事者,40㎞／ｈ以下,対象外当事者,80,00,小破,対象外当事者,その他,対象外当事者,その他,対象外当事者,損傷なし,死亡,火,その他,33.841276,134.626128,2019-02-05,18:30,red,,,,,,,,,,,,
本票,徳島,三戸,0023,死亡,1,0,21300,対象外,0000,204,昼－昼,曇,非市街地,舗装－乾燥,単路－その他,環状交差点以外 環状交差点以外をいう。,施設なし,00,23,00,23,03,9,単路（交差点付近を含む）,規制なし,4,2,車両相互,55～64歳,75歳以上,貨物車－軽自動車,軽車両－自転車,自家用,対象外当事者,貨物車,対象外当事者,40㎞／ｈ以下,対象外当事者,50,40,小破,小破,その他,対象外当事者,その他,対象外当事者,損傷なし,死亡,木,その他,33.907182,134.668691,2019-02-07,11:30,red,,,,,,,,,,,,
本票,徳島,三戸,0026,死亡,1,0,21280,対象外,0000,204,昼－昼,晴,非市街地,舗装－乾燥,交差点－その他,環状交差点以外 環状交差点以外をいう。,点灯－３灯式,09,22,00,23,15,3,交差点内,規制なし,5,2,人対車両,55～64歳,65～74歳,貨物車－軽自動車,歩行者,自家用,対象外当事者,貨物車,対象外当事者,50㎞／ｈ以下,対象外当事者,50,00,小破,対象外当事者,その他,対象外当事者,その他,対象外当事者,損傷なし,死亡,月,その他,33.959488,134.632034,2019-02-18,15:23,red,,,,,,,,,,,,
本票,香川,美唄,0081,死亡,1,0,37000,対象外,0000,204,夜－夜,雪,非市街地,舗装－湿潤,単路－その他,環状交差点以外 環状交差点以外をいう。,施設なし,00,23,00,23,02,9,その他,規制なし,5,4,車両単独,65～74歳,不明,二輪車－原付自転車,相手なし,自家用,対象外当事者,対象外当事者,対象外当事者,指定の速度規制なし等,対象外当事者,10,00,小破,対象外当事者,対象外当事者,対象外当事者,対象外当事者,対象外当事者,死亡,対象外当事者,月,当日,34.232371,133.767834,2019-02-11,03:45,red,,,,,,,,,,,,
本票,香川,芦別,0013,死亡,1,0,22410,対象外,0000,205,昼－昼,晴,非市街地,舗装－乾燥,単路－その他,環状交差点以外 環状交差点以外をいう。,施設なし,00,23,00,23,03,9,単路（交差点付近を含む）,規制なし,4,3,車両単独,45～54歳,不明,貨物車－大型車,物件等,事業用,対象外当事者,貨物車,対象外当事者,50㎞／ｈ以下,対象外当事者,10,00,中破,対象外当事者,その他,対象外当事者,その他,対象外当事者,死亡,対象外当事者,金,その他,34.064745,133.642356,2019-02-01,10:54,red,,,,,,,,,,,,
本票,香川,小樽,0020,死亡,1,0,03180,対象外,0000,207,夜－夜,晴,市街地－その他,舗装－乾燥,交差点－その他,環状交差点以外 環状交差点以外をいう。,施設なし,09,22,01,21,15,9,交差点内,規制なし,5,2,車両相互,45～54歳,45～54歳,貨物車－大型車,二輪車－原付自転車,事業用,自家用,貨物車,対象外当事者,40㎞／ｈ以下,指定の速度規制なし等,10,40,小破,大破,その他,対象外当事者,その他,対象外当事者,損傷なし,死亡,木,その他,34.242272,134.355333,2019-02-21,04:50,red,,,,,,,,,,,,
本票,愛媛,江別,0025,死亡,1,0,37000,対象外,0000,202,夜－明,雨,市街地－その他,舗装－湿潤,単路－その他,環状交差点以外 環状交差点以外をいう。,施設なし,00,23,00,23,02,9,その他,規制なし,5,4,人対車両,45～54歳,65～74歳,乗用車－普通車,歩行者,自家用,対象外当事者,乗用車,対象外当事者,30㎞／ｈ以下,対象外当事者,00,00,小破,対象外当事者,その他,対象外当事者,その他,対象外当事者,損傷なし,死亡,金,その他,34.052323,132.992223,2019-02-01,06:21,red,,,,,,,,,,,,
本票,愛媛,江別,0048,死亡,1,0,37000,対象外,0000,202,昼－昼,晴,非市街地,舗装－乾燥,単路－その他,環状交差点以外 環状交差点以外をいう。,施設なし,00,23,00,23,01,9,その他,規制なし,5,4,車両単独,65～74歳,不明,貨物車－軽自動車,相手なし,自家用,対象外当事者,貨物車,対象外当事者,指定の速度規制なし等,対象外当事者,20,00,小破,対象外当事者,その他,対象外当事者,その他,対象外当事者,死亡,対象外当事者,金,その他,34.031042,132.869493,2019-01-11,14:30,red,,,,,,,,,,,,
本票,愛媛,千歳,0003,死亡,1,0,03170,対象外,0000,202,昼－昼,曇,市街地－その他,舗装－乾燥,単路－カーブ・屈折,環状交差点以外 環状交差点以外をいう。,施設なし,00,23,00,23,05,1,単路（交差点付近を含む）,規制なし,4,3,車両単独,45～54歳,不明,二輪車－自動二輪－原付二種－51～125cc,物件等,自家用,対象外当事者,対象外当事者,対象外当事者,50㎞／ｈ以下,対象外当事者,40,00,小破,対象外当事者,対象外当事者,対象外当事者,対象外当事者,対象外当事者,死亡,対象外当事者,日,前日,34.199100,133.089019,2019-02-10,10:16,red,,,,,,,,,,,,
本票,高知,東,0011,死亡,1,0,00550,上,1638,304,夜－暮,晴,非市街地,舗装－乾燥,交差点付近－その他,環状交差点以外 環状交差点以外をいう。,施設なし,00,23,00,23,03,9,単路（交差点付近を含む）,規制なし,4,2,人対車両,35～44歳,75歳以上,貨物車－軽自動車,歩行者,自家用,対象外当事者,貨物車,対象外当事者,50㎞／ｈ以下,対象外当事者,10,00,小破,対象外当事者,その他,対象外当事者,その他,対象外当事者,損傷なし,死亡,火,その他,33.439162,133.974032,2019-02-26,18:41,red,,,,,,,,,,,,
本票,高知,砂川,0006,死亡,1,0,85000,対象外,0000,206,昼－昼,晴,非市街地,舗装－乾燥,交差点－その他,環状交差点以外 環状交差点以外をいう。,施設なし,09,22,09,22,15,9,交差点内,規制なし,4,3,車両相互,55～64歳,75歳以上,特殊車－大型－その他,軽車両－自転車,対象外当事者,対象外当事者,対象外当事者,対象外当事者,指定の速度規制なし等,対象外当事者,10,10,小破,中破,対象外当事者,対象外当事者,対象外当事者,対象外当事者,損傷なし,死亡,火,その他,33.394581,133.294138,2019-02-05,11:46,red,,,,,,,,,,,,
本票,福岡,中央,0154,死亡,1,2,02020,上,0037,133,夜－夜,晴,市街地－人口集中,舗装－乾燥,単路－その他,環状交差点以外 環状交差点以外をいう。,点灯－３灯式,00,23,00,23,04,9,単路（交差点付近を含む）,規制なし,4,2,車両相互,0～24歳,45～54歳,乗用車－普通車,乗用車－普通車,自家用,事業用,乗用車,乗用車,40㎞／ｈ以下,40㎞／ｈ以下,85,58,大破,大破,装備あり 作動,装備あり 作動,装備あり 作動,装備あり 作動,負傷,負傷,月,その他,33.581692,130.383124,2019-02-04,22:12,red,,,,,,,,,,,,
本票,福岡,赤歌,0279,死亡,1,0,00030,下,0608,223,昼－昼,曇,市街地－その他,舗装－乾燥,単路－その他,環状交差点以外 環状交差点以外をいう。,施設なし,00,23,00,23,04,9,単路（交差点付近を含む）,規制なし,1,3,車両相互,35～44歳,25～34歳,貨物車－準中型車,二輪車－自動二輪－原付二種－51～125cc,自家用,自家用,貨物車,対象外当事者,指定の速度規制なし等,指定の速度規制なし等,30,10,小破,大破,その他,対象外当事者,その他,対象外当事者,損傷なし,死亡,金,その他,33.723227,130.475223,2019-02-15,09:22,red,,,,,,,,,,,,
本票,福岡,木古内,0234,死亡,1,0,37990,対象外,0000,106,夜－夜,晴,市街地－人口集中,舗装－乾燥,単路－その他,環状交差点以外 環状交差点以外をいう。,点灯－３灯式,00,23,00,23,03,9,単路（交差点付近を含む）,規制なし,4,1,人対車両,75歳以上,45～54歳,乗用車－普通車,歩行者,事業用,対象外当事者,乗用車,対象外当事者,40㎞／ｈ以下,対象外当事者,10,00,小破,対象外当事者,その他,対象外当事者,その他,対象外当事者,損傷なし,死亡,日,前日,33.865085,130.891427,2019-02-10,04:12,red,,,,,,,,,,,,
本票,福岡,岸和田,0136,死亡,1,0,37990,対象外,0000,621,夜－夜,曇,市街地－人口集中,舗装－乾燥,単路－カーブ・屈折,環状交差点以外 環状交差点以外をいう。,施設なし,00,23,00,23,05,3,その他,規制なし,1,2,車両単独,45～54歳,不明,貨物車－大型車,相手なし,事業用,対象外当事者,貨物車,対象外当事者,40㎞／ｈ以下,対象外当事者,11,00,中破,対象外当事者,その他,対象外当事者,その他,対象外当事者,死亡,対象外当事者,土,その他,33.788975,130.990808,2019-02-16,02:28,red,,,,,,,,,,,,
本票,福岡,岸和田,0163,死亡,1,1,14640,対象外,0000,621,夜－夜,晴,市街地－人口集中,舗装－乾燥,単路－その他,環状交差点以外 環状交差点以外をいう。,施設なし,00,23,00,23,03,9,単路（交差点付近を含む）,規制なし,5,2,車両単独,25～34歳,不明,乗用車－普通車,物件等,自家用,対象外当事者,乗用車,対象外当事者,40㎞／ｈ以下,対象外当事者,15,00,大破,対象外当事者,装備あり 作動,対象外当事者,装備あり 作動,対象外当事者,負傷,対象外当事者,日,その他,33.784004,130.979873,2019-02-24,05:45,red,,,,,,,,,,,,
本票,福岡,田川,0108,死亡,1,0,23370,対象外,0000,206,夜－暮,曇,市街地－その他,舗装－湿潤,交差点－その他,環状交差点以外 環状交差点以外をいう。,施設なし,09,22,01,22,15,9,交差点内,規制なし,5,3,車両相互,25～34歳,75歳以上,乗用車－軽自動車,軽車両－自転車,自家用,対象外当事者,乗用車,対象外当事者,40㎞／ｈ以下,対象外当事者,10,20,中破,中破,その他,対象外当事者,その他,対象外当事者,損傷なし,死亡,木,その他,33.624396,130.786650,2019-02-07,17:57,red,,,,,,,,,,,,
本票,福岡,新得,0071,死亡,1,0,24800,対象外,0000,207,夜－暮,晴,市街地－その他,舗装－乾燥,交差点－その他,環状交差点以外 環状交差点以外をいう。,施設なし,09,22,00,23,14,6,交差点内,規制なし,5,4,車両単独,45～54歳,不明,乗用車－普通車,物件等,自家用,対象外当事者,乗用車,対象外当事者,30㎞／ｈ以下,対象外当事者,50,00,大破,対象外当事者,装備あり 作動,対象外当事者,装備あり 作動,対象外当事者,死亡,対象外当事者,水,その他,33.182240,130.378984,2019-02-13,18:24,red,,,,,,,,,,,,
本票,佐賀,栗山,0104,死亡,1,0,20000,対象外,1454,202,夜－夜,雨,非市街地,舗装－湿潤,交差点－その他,環状交差点以外 環状交差点以外をいう。,施設なし,09,22,00,23,14,9,交差点内,規制なし,4,3,人対車両,25～34歳,65～74歳,乗用車－普通車,歩行者,自家用,対象外当事者,乗用車,対象外当事者,50㎞／ｈ以下,対象外当事者,10,00,中破,対象外当事者,その他,対象外当事者,その他,対象外当事者,損傷なし,死亡,水,その他,33.506583,129.919052,2019-02-27,22:20,red,,,,,,,,,,,,
本票,佐賀,赤歌,0036,死亡,1,0,30000,対象外,1751,207,昼－明,曇,市街地－人口集中,舗装－乾燥,交差点－その他,環状交差点以外 環状交差点以外をいう。,施設なし,09,22,00,23,15,9,交差点内,規制なし,5,3,人対車両,55～64歳,75歳以上,乗用車－軽自動車,歩行者,自家用,対象外当事者,乗用車,対象外当事者,指定の速度規制なし等,対象外当事者,80,00,小破,対象外当事者,その他,対象外当事者,その他,対象外当事者,損傷なし,死亡,金,その他,33.112771,130.094839,2019-02-22,07:50,red,,,,,,,,,,,,
本票,佐賀,小樽,0094,死亡,1,0,14370,対象外,0348,201,夜－夜,曇,非市街地,舗装－乾燥,単路－その他,環状交差点以外 環状交差点以外をいう。,施設なし,00,23,00,23,03,9,単路（交差点付近を含む）,規制なし,4,3,車両相互,0～24歳,55～64歳,乗用車－軽自動車,軽車両－自転車,自家用,対象外当事者,乗用車,対象外当事者,50㎞／ｈ以下,対象外当事者,80,30,中破,中破,その他,対象外当事者,その他,対象外当事者,損傷なし,死亡,土,その他,33.217134,130.277083,2019-02-02,19:35,red,,,,,,,,,,,,
本票,長崎,伊達,0001,死亡,1,0,57090,上,0000,208,夜－夜,晴,市街地－その他,舗装－乾燥,単路－カーブ・屈折,環状交差点以外 環状交差点以外をいう。,施設なし,00,23,00,23,03,3,単路（交差点付近を含む）,規制なし,1,2,車両単独,25～34歳,不明,乗用車－普通車,物件等,自家用,対象外当事者,乗用車,対象外当事者,80㎞／ｈ以下,対象外当事者,10,00,大破,対象外当事者,その他,対象外当事者,その他,対象外当事者,死亡,対象外当事者,水,その他,33.350885,129.762462,2019-01-30,03:00,red,,,,,,,,,,,,
本票,長崎,北,0001,死亡,1,0,10390,対象外,0000,209,昼－昼,晴,非市街地,舗装－乾燥,交差点付近－その他,環状交差点以外 環状交差点以外をいう。,施設なし,00,23,00,23,03,3,単路（交差点付近を含む）,規制なし,4,3,車両単独,35～44歳,不明,乗用車－軽自動車,相手なし,自家用,対象外当事者,乗用車,対象外当事者,40㎞／ｈ以下,対象外当事者,80,00,中破,対象外当事者,その他,対象外当事者,その他,対象外当事者,死亡,対象外当事者,月,その他,34.434229,129.366058,2019-02-25,08:45,red,,,,,,,,,,,,
本票,熊本,岩見沢,0019,死亡,1,1,02080,下,0000,204,昼－昼,曇,非市街地,舗装－乾燥,単路－カーブ・屈折,環状交差点以外 環状交差点以外をいう。,施設なし,00,23,00,23,03,3,単路（交差点付近を含む）,規制なし,4,2,車両単独,65～74歳,不明,乗用車－軽自動車,物件等,自家用,対象外当事者,乗用車,対象外当事者,50㎞／ｈ以下,対象外当事者,81,00,大破,対象外当事者,装備あり 作動,対象外当事者,その他,対象外当事者,負傷,対象外当事者,日,前日,32.965835,130.447266,2019-02-10,12:35,red,,,,,,,,,,,,
本票,熊本,余市,0022,死亡,1,0,30000,対象外,0000,202,夜－夜,晴,市街地－人口集中,舗装－乾燥,交差点付近－その他,環状交差点以外 環状交差点以外をいう。,点灯－３灯式,00,23,00,23,05,9,単路（交差点付近を含む）,規制なし,4,2,人対車両,45～54歳,65～74歳,乗用車－普通車,歩行者,自家用,対象外当事者,乗用車,対象外当事者,40㎞／ｈ以下,対象外当事者,80,00,小破,対象外当事者,その他,対象外当事者,その他,対象外当事者,損傷なし,死亡,火,その他,32.506294,130.606836,2019-02-05,21:05,red,,,,,,,,,,,,
本票,熊本,余市,0026,死亡,1,0,23360,対象外,0000,202,昼－昼,曇,市街地－その他,舗装－乾燥,交差点－その他,環状交差点以外 環状交差点以外をいう。,点灯－押ボタン式,01,21,09,22,17,9,交差点内,規制なし,3,2,車両相互,65～74歳,55～64歳,貨物車－軽自動車,軽車両－自転車,自家用,対象外当事者,貨物車,対象外当事者,50㎞／ｈ以下,対象外当事者,18,22,小破,小破,その他,対象外当事者,その他,対象外当事者,損傷なし,死亡,土,その他,32.510254,130.636674,2019-02-16,10:20,red,,,,,,,,,,,,
本票,熊本,北,0069,死亡,1,0,30000,対象外,0000,102,昼－暮,雨,市街地－その他,舗装－湿潤,単路－その他,環状交差点以外 環状交差点以外をいう。,施設なし,00,23,00,23,04,8,単路（交差点付近を含む）,規制なし,4,2,車両相互,65～74歳,45～54歳,乗用車－軽自動車,二輪車－自動二輪－原付二種－51～125cc,自家用,自家用,乗用車,対象外当事者,50㎞／ｈ以下,50㎞／ｈ以下,52,12,小破,小破,その他,対象外当事者,その他,対象外当事者,損傷なし,死亡,日,その他,32.807453,130.746344,2019-02-03,17:40,red,,,,,,,,,,,,
本票,宮崎,西,0004,死亡,1,0,30000,対象外,0000,207,夜－夜,晴,市街地－その他,舗装－乾燥,単路－カーブ・屈折,環状交差点以外 環状交差点以外をいう。,施設なし,00,23,00,23,03,6,その他,規制なし,5,4,車両単独,65～74歳,不明,軽車両－自転車,相手なし,対象外当事者,対象外当事者,対象外当事者,対象外当事者,対象外当事者,対象外当事者,20,00,損壊なし,対象外当事者,対象外当事者,対象外当事者,対象外当事者,対象外当事者,死亡,対象外当事者,月,その他,31.471790,131.238202,2019-02-18,00:00,red,,,,,,,,,,,,
本票,宮崎,江別,0025,死亡,1,0,30000,対象外,0000,205,昼－昼,曇,市街地－人口集中,舗装－乾燥,交差点－その他,環状交差点以外 環状交差点以外をいう。,施設なし,01,21,00,23,11,9,交差点内,規制なし,5,4,車両単独,65～74歳,不明,乗用車－普通車,物件等,自家用,対象外当事者,乗用車,対象外当事者,指定の速度規制なし等,対象外当事者,10,00,小破,対象外当事者,その他,対象外当事者,その他,対象外当事者,死亡,対象外当事者,土,その他,31.990584,130.977299,2019-02-09,12:28,red,,,,,,,,,,,,
本票,宮崎,つがる,0058,死亡,1,0,00100,下,3079,401,昼－昼,晴,市街地－その他,舗装－乾燥,交差点－その他,環状交差点以外 環状交差点以外をいう。,施設なし,09,22,09,22,14,9,交差点内,規制なし,5,2,車両相互,75歳以上,75歳以上,乗用車－軽自動車,軽車両－自転車,自家用,対象外当事者,乗用車,対象外当事者,50㎞／ｈ以下,対象外当事者,10,40,小破,中破,その他,対象外当事者,その他,対象外当事者,損傷なし,死亡,土,その他,32.118615,131.525710,2019-02-23,09:48,red,,,,,,,,,,,,
本票,鹿児島,江別,0007,死亡,1,1,10170,対象外,0000,223,夜－夜,晴,非市街地,舗装－乾燥,単路－カーブ・屈折,環状交差点以外 環状交差点以外をいう。,施設なし,00,23,00,23,04,5,単路（交差点付近を含む）,規制なし,5,2,車両単独,0～24歳,不明,乗用車－軽自動車,物件等,自家用,対象外当事者,乗用車,対象外当事者,指定の速度規制なし等,対象外当事者,52,00,大破,対象外当事者,装備あり 作動,対象外当事者,その他,対象外当事者,死亡,対象外当事者,月,その他,31.323809,130.528180,2019-02-18,03:35,red,,,,,,,,,,,,
本票,鹿児島,余市,0044,死亡,1,0,10570,対象外,0000,225,夜－夜,晴,市街地－その他,舗装－乾燥,交差点－その他,環状交差点以外 環状交差点以外をいう。,点灯－３灯式,09,22,00,23,15,9,交差点内,規制なし,4,2,人対車両,55～64歳,65～74歳,貨物車－大型車,歩行者,事業用,対象外当事者,貨物車,対象外当事者,50㎞／ｈ以下,対象外当事者,47,00,損壊なし,対象外当事者,その他,対象外当事者,その他,対象外当事者,損傷なし,死亡,水,その他,31.712201,130.601170,2019-02-20,19:45,red,,,,,,,,,,,,
本票,鹿児島,門別,0038,死亡,1,0,39000,対象外,0000,203,夜－夜,曇,非市街地,舗装－乾燥,単路－その他,環状交差点以外 環状交差点以外をいう。,施設なし,00,23,00,23,02,9,その他,規制なし,5,4,車両単独,45～54歳,不明,乗用車－軽自動車,物件等,自家用,対象外当事者,乗用車,対象外当事者,指定の速度規制なし等,対象外当事者,80,00,大破,対象外当事者,装備あり 作動,対象外当事者,その他,対象外当事者,死亡,対象外当事者,金,その他,31.435626,130.934282,2019-02-08,21:44,red,,,,,,,,,,,,