資料区分,都道府県コード,警察署等コード,本票番号,事故内容,死者数,負傷者数,路線コード,上下線,地点コード,市区町村コード,昼夜,天候,地形,路面状態,道路形状,環状交差点の直径,信号機,一時停止規制　標識（当事者A）,一時停止規制　表示（当事者A）,一時停止規制　標識（当事者B）,一時停止規制　表示（当事者B）,車道幅員,道路線形,衝突地点,ゾーン規制,中央分離帯施設等,歩車道区分,事故類型,年齢（当事者A）,年齢（当事者B）,当事者種別（当事者A）,当事者種別（当事者B）,用途別（当事者A）,用途別（当事者B）,車両形状（当事者A）,車両形状（当事者B）,速度規制（指定のみ）（当事者A）,速度規制（指定のみ）（当事者B）,車両の衝突部位（当事者A）,車両の衝突部位（当事者B）,車両の損壊程度（当事者A）,車両の損壊程度（当事者B）,エアバッグの装備（当事者A）,エアバッグの装備（当事者B）,サイドエアバッグの装備（当事者A）,サイドエアバッグの装備（当事者B）,人身損傷程度（当事者A）,人身損傷程度（当事者B）,曜日(発生年月日),祝日(発生年月日),緯度,経度,発生日,発生時,color,発生地点,道路管理者区分,道路区分,道路構造,曲線半径,縦断勾配,トンネル番号,当事者車両台数,車両単独事故の対象物,臨時速度規制の有無,速度規制（臨時のみ）,トンネル延長距離
本票,北海道（札幌方面）,高速道路交通警察隊,0014,死亡,1,1,40130,上,0000,209,昼－昼,晴,非市街地,舗装－凍結,単路－トンネル,環状交差点以外 環状交差点以外をいう。,施設なし,00,23,00,23,04,9,単路（交差点付近を含む）,規制なし,6,3,車両相互,0～24歳,35～44歳,貨物車－普通車,乗用車－軽自動車,自家用,自家用,貨物車,乗用車,70㎞／ｈ以下,70㎞／ｈ以下,15,56,大破,大破,装備あり 作動,装備あり 作動,その他,その他,損傷なし,死亡,木,その他,42.906986,142.009994,2019-03-28,08:55,red,392,東日本高速道路,走行車線－第一通行帯,非分離－トンネル,直線,平坦・該当なし,夕張,3,該当なし,該当なし,70㎞/h以下,294
本票,北海道（札幌方面）,小樽,0047,死亡,1,0,26160,対象外,0000,203,昼－昼,曇,市街地－その他,舗装－乾燥,交差点－その他,環状交差点以外 環状交差点以外をいう。,施設なし,04,22,00,23,15,8,交差点内,規制なし,4,2,車両単独,75歳以上,不明,乗用車－普通車,物件等,自家用,対象外当事者,乗用車,対象外当事者,指定の速度規制なし等,対象外当事者,18,00,中破,対象外当事者,装備あり 作動,対象外当事者,その他,対象外当事者,死亡,対象外当事者,水,その他,43.162186,141.043931,2019-03-27,15:10,red,,,,,,,,,,,,
本票,北海道（札幌方面）,苫小牧,0088,死亡,1,0,39990,対象外,0000,213,夜－夜,晴,市街地－人口集中,舗装－乾燥,交差点付近－その他,環状交差点以外 環状交差点以外をいう。,施設なし,00,23,00,23,04,9,単路（交差点付近を含む）,規制なし,4,2,人対車両,55～64歳,75歳以上,乗用車－普通車,歩行者,自家用,対象外当事者,乗用車,対象外当事者,50㎞／ｈ以下,対象外当事者,10,00,小破,対象外当事者,その他,対象外当事者,その他,対象外当事者,損傷なし,死亡,土,その他,42.667027,141.696558,2019-03-30,19:31,red,,,,,,,,,,,,
本票,北海道（札幌方面）,北,0176,死亡,1,0,99000,対象外,0000,235,昼－昼,晴,非市街地,舗装－乾燥,一般交通の場所,環状交差点以外 環状交差点以外をいう。,施設なし,00,23,00,23,00,0,その他,規制なし,0,4,人対車両,75歳以上,75歳以上,乗用車－軽自動車,歩行者,自家用,対象外当事者,乗用車,対象外当事者,指定の速度規制なし等,対象外当事者,80,00,小破,対象外当事者,その他,対象外当事者,その他,対象外当事者,死亡,損傷なし,月,その他,43.213093,141.307224,2019-03-04,11:53,red,,,,,,,,,,,,
本票,北海道（札幌方面）,厚別,0068,死亡,1,0,20850,対象外,0000,234,夜－夜,晴,非市街地,舗装－乾燥,交差点付近－その他,環状交差点以外 環状交差点以外をいう。,点灯－３灯式,00,23,00,23,05,9,単路（交差点付近を含む）,規制なし,1,2,車両単独,0～24歳,不明,乗用車－普通車,物件等,自家用,対象外当事者,乗用車,対象外当事者,50㎞／ｈ以下,対象外当事者,10,00,大破,対象外当事者,装備あり 作動,対象外当事者,その他,対象外当事者,死亡,対象外当事者,日,その他,42.979099,141.548220,2019-03-10,03:34,red,,,,,,,,,,,,
本票,北海道（旭川方面）,旭川中央,0072,死亡,1,1,00120,対象外,1275,204,昼－昼,曇,非市街地,舗装－凍結,単路－カーブ・屈折,環状交差点以外 環状交差点以外をいう。,施設なし,00,23,00,23,04,6,単路（交差点付近を含む）,規制なし,4,2,車両相互,25～34歳,75歳以上,乗用車－普通車,貨物車－軽自動車,自家用,自家用,乗用車,貨物車,指定の速度規制なし等,指定の速度規制なし等,15,20,大破,中破,装備あり 作動,装備あり 作動,その他,その他,負傷,死亡,日,その他,43.753096,142.270008,2019-03-17,08:20,red,,,,,,,,,,,,
本票,北海道（旭川方面）,旭川中央,0073,死亡,1,0,39990,対象外,0000,204,昼－昼,晴,市街地－人口集中,舗装－乾燥,交差点付近－その他,環状交差点以外 環状交差点以外をいう。,点灯－３灯式,00,23,00,23,04,9,単路（交差点付近を含む）,規制なし,5,2,人対車両,0～24歳,75歳以上,乗用車－軽自動車,歩行者,自家用,対象外当事者,乗用車,対象外当事者,40㎞／ｈ以下,対象外当事者,70,00,小破,対象外当事者,その他,対象外当事者,その他,対象外当事者,損傷なし,死亡,水,前日,43.764841,142.365634,2019-03-20,09:30,red,,,,,,,,,,,,
本票,北海道（旭川方面）,稚内,0003,死亡,1,0,39990,対象外,0000,214,昼－昼,曇,市街地－その他,舗装－積雪,交差点付近－その他,環状交差点以外 環状交差点以外をいう。,施設なし,00,23,00,23,01,9,単路（交差点付近を含む）,規制なし,5,4,人対車両,55～64歳,65～74歳,特殊車－大型－その他,歩行者,対象外当事者,対象外当事者,対象外当事者,対象外当事者,指定の速度規制なし等,対象外当事者,30,00,損壊なし,対象外当事者,対象外当事者,対象外当事者,対象外当事者,対象外当事者,損傷なし,死亡,土,その他,45.395169,141.702499,2019-03-23,06:54,red,,,,,,,,,,,,
本票,北海道（旭川方面）,留萌,0009,死亡,1,2,02310,対象外,0967,481,昼－昼,曇,非市街地,舗装－乾燥,単路－トンネル,環状交差点以外 環状交差点以外をいう。,施設なし,00,23,00,23,03,9,単路（交差点付近を含む）,規制なし,4,2,車両相互,65～74歳,0～24歳,乗用車－大型車,貨物車－普通車,事業用,自家用,乗用車,貨物車,指定の速度規制なし等,指定の速度規制なし等,15,58,中破,大破,その他,その他,その他,その他,負傷,死亡,火,その他,43.789720,141.372125,2019-03-26,11:48,red,,,,,,,,,,,,
本票,北海道（旭川方面）,旭川東,0126,死亡,1,4,00390,対象外,0119,204,昼－昼,晴,非市街地,舗装－乾燥,交差点－その他,環状交差点以外 環状交差点以外をいう。,施設なし,04,21,09,22,18,9,交差点内,規制なし,4,2,車両相互,45～54歳,75歳以上,貨物車－普通車,乗用車－軽自動車,自家用,自家用,貨物車,乗用車,指定の速度規制なし等,指定の速度規制なし等,40,15,中破,大破,その他,装備あり 作動,その他,その他,負傷,負傷,金,その他,43.827705,142.461498,2019-03-29,14:05,red,,,,,,,,,,,,
本票,青森,中央,0136,死亡,1,0,00040,下,7351,201,夜－夜,雨,市街地－人口集中,舗装－湿潤,交差点－その他,環状交差点以外 環状交差点以外をいう。,点灯－３灯式,09,22,00,23,18,9,交差点内,規制なし,5,2,人対車両,55～64歳,55～64歳,貨物車－準中型車,歩行者,事業用,対象外当事者,貨物車,対象外当事者,50㎞／ｈ以下,対象外当事者,50,00,小破,対象外当事者,その他,対象外当事者,その他,対象外当事者,損傷なし,死亡,火,その他,40.826982,140.779174,2019-03-12,01:35,red,,,,,,,,,,,,
本票,青森,中央,0140,死亡,1,1,00073,下,4776,201,夜－夜,曇,市街地－その他,舗装－乾燥,交差点－その他,環状交差点以外 環状交差点以外をいう。,点灯－歩車分式,09,22,09,22,18,9,交差点内,規制なし,5,2,車両相互,65～74歳,0～24歳,乗用車－普通車,乗用車－普通車,自家用,自家用,乗用車,乗用車,指定の速度規制なし等,指定の速度規制なし等,21,10,大破,大破,装備あり 作動,装備あり 作動,その他,その他,死亡,負傷,水,その他,40.804091,140.793859,2019-03-13,18:45,red,,,,,,,,,,,,
本票,青森,西,0138,死亡,1,0,03400,対象外,0160,203,昼－昼,晴,市街地－人口集中,舗装－乾燥,単路－カーブ・屈折,環状交差点以外 環状交差点以外をいう。,施設なし,00,23,00,23,03,5,単路（交差点付近を含む）,規制なし,4,2,人対車両,55～64歳,75歳以上,貨物車－普通車,歩行者,自家用,対象外当事者,貨物車,対象外当事者,40㎞／ｈ以下,対象外当事者,10,00,小破,対象外当事者,その他,対象外当事者,その他,対象外当事者,損傷なし,死亡,土,その他,40.495920,141.481400,2019-03-16,09:28,red,,,,,,,,,,,,
本票,青森,岩見沢,0048,死亡,1,0,30000,対象外,0000,412,夜－夜,曇,非市街地,舗装－乾燥,単路－その他,環状交差点以外 環状交差点以外をいう。,施設なし,00,23,00,23,03,9,単路（交差点付近を含む）,規制なし,4,4,車両相互,25～34歳,65～74歳,乗用車－普通車,特殊車－小型－農耕作業用,自家用,対象外当事者,乗用車,対象外当事者,指定の速度規制なし等,指定の速度規制なし等,10,30,中破,大破,その他,対象外当事者,その他,対象外当事者,損傷なし,死亡,木,その他,40.624554,141.420375,2019-03-14,20:37,red,,,,,,,,,,,,
本票,青森,三戸,0010,死亡,1,0,30000,対象外,0000,441,昼－暮,曇,非市街地,舗装－乾燥,単路－カーブ・屈折,環状交差点以外 環状交差点以外をいう。,施設なし,00,23,00,23,02,5,単路（交差点付近を含む）,規制なし,5,4,車両単独,75歳以上,不明,乗用車－普通車,物件等,自家用,対象外当事者,乗用車,対象外当事者,指定の速度規制なし等,対象外当事者,50,00,小破,対象外当事者,その他,対象外当事者,その他,対象外当事者,死亡,対象外当事者,月,その他,40.394865,141.150693,2019-03-04,17:00,red,,,,,,,,,,,,
本票,岩手,中央,0069,死亡,1,0,99000,対象外,0000,201,昼－昼,晴,市街地－人口集中,舗装－乾燥,一般交通の場所,環状交差点以外 環状交差点以外をいう。,施設なし,00,23,00,23,00,0,その他,規制なし,0,4,車両単独,75歳以上,不明,乗用車－軽自動車,物件等,自家用,対象外当事者,乗用車,対象外当事者,指定の速度規制なし等,対象外当事者,20,00,小破,対象外当事者,その他,対象外当事者,その他,対象外当事者,死亡,対象外当事者,水,前日,39.700099,141.155205,2019-03-20,09:38,red,,,,,,,,,,,,
本票,岩手,江別,0054,死亡,2,2,25070,対象外,0000,206,昼－昼,雨,非市街地,舗装－湿潤,交差点－その他,環状交差点以外 環状交差点以外をいう。,施設なし,09,22,01,21,11,9,交差点内,規制なし,4,3,車両相互,55～64歳,75歳以上,貨物車－大型車,乗用車－軽自動車,事業用,自家用,貨物車,乗用車,指定の速度規制なし等,40㎞／ｈ以下,40,10,小破,大破,その他,装備あり 作動,その他,その他,損傷なし,負傷,金,その他,39.262604,141.049520,2019-03-22,09:52,red,,,,,,,,,,,,
本票,岩手,栗山,0031,死亡,1,0,02840,対象外,0000,209,夜－夜,曇,市街地－その他,舗装－乾燥,交差点－その他,環状交差点以外 環状交差点以外をいう。,施設なし,09,22,00,23,14,9,交差点内,規制なし,4,2,人対車両,35～44歳,75歳以上,乗用車－軽自動車,歩行者,自家用,対象外当事者,乗用車,対象外当事者,40㎞／ｈ以下,対象外当事者,10,00,中破,対象外当事者,その他,対象外当事者,その他,対象外当事者,損傷なし,死亡,土,その他,38.931196,141.120534,2019-03-16,21:10,red,,,,,,,,,,,,
本票,岩手,三戸,0008,死亡,1,0,01060,下,0000,202,夜－夜,晴,非市街地,舗装－乾燥,交差点付近－その他,環状交差点以外 環状交差点以外をいう。,施設なし,00,23,00,23,03,9,単路（交差点付近を含む）,規制なし,4,2,人対車両,55～64歳,65～74歳,乗用車－軽自動車,歩行者,自家用,対象外当事者,乗用車,対象外当事者,50㎞／ｈ以下,対象外当事者,10,00,中破,対象外当事者,装備あり 作動,対象外当事者,その他,対象外当事者,損傷なし,死亡,土,その他,39.599837,141.681950,2019-03-23,23:30,red,,,,,,,,,,,,
本票,岩手,芦別,0008,死亡,1,0,00040,上,0000,524,昼－昼,晴,非市街地,舗装－凍結,単路－その他,環状交差点以外 環状交差点以外をいう。,施設なし,00,23,00,23,03,9,単路（交差点付近を含む）,規制なし,4,3,車両単独,65～74歳,不明,貨物車－軽自動車,相手なし,自家用,対象外当事者,貨物車,対象外当事者,指定の速度規制なし等,対象外当事者,10,00,小破,対象外当事者,装備あり 作動,対象外当事者,その他,対象外当事者,死亡,対象外当事者,金,その他,40.136525,141.286209,2019-03-08,08:10,red,,,,,,,,,,,,
本票,宮城,高速道路交通警察隊,0008,死亡,1,2,50050,上,0000,211,夜－夜,晴,非市街地,舗装－乾燥,単路－その他,環状交差点以外 環状交差点以外をいう。,施設なし,00,23,00,23,05,7,単路（交差点付近を含む）,規制なし,1,4,車両単独,35～44歳,不明,乗用車－軽自動車,物件等,自家用,対象外当事者,乗用車,対象外当事者,100㎞/h以下,対象外当事者,10,00,大破,対象外当事者,その他,対象外当事者,その他,対象外当事者,死亡,対象外当事者,金,その他,38.107298,140.889927,2019-03-08,18:40,red,35,東日本高速道路,減速車線,完全分離－盛土,直線,平坦・該当なし,,1,防護柵－その他,該当なし,該当なし,0
本票,宮城,白石,0189,死亡,1,0,22580,対象外,0000,104,夜－夜,晴,市街地－その他,舗装－乾燥,交差点付近－その他,環状交差点以外 環状交差点以外をいう。,点灯－３灯式,00,23,00,23,05,9,単路（交差点付近を含む）,規制なし,4,2,車両単独,0～24歳,不明,乗用車－普通車,物件等,自家用,対象外当事者,乗用車,対象外当事者,50㎞／ｈ以下,対象外当事者,10,00,大破,対象外当事者,装備あり 作動,対象外当事者,装備あり 作動,対象外当事者,死亡,対象外当事者,日,その他,38.195503,140.873801,2019-03-03,01:55,red,,,,,,,,,,,,
本票,宮城,白石,0192,死亡,1,0,30000,対象外,0000,104,昼－昼,晴,非市街地,舗装－乾燥,交差点－その他,環状交差点以外 環状交差点以外をいう。,施設なし,09,22,09,22,11,9,交差点内,規制なし,5,4,車両相互,65～74歳,55～64歳,乗用車－普通車,乗用車－軽自動車,自家用,自家用,乗用車,乗用車,指定の速度規制なし等,指定の速度規制なし等,20,10,中破,中破,装備あり 作動,装備あり 作動,その他,その他,損傷なし,損傷なし,日,その他,38.216164,140.842096,2019-03-03,15:40,red,,,,,,,,,,,,
本票,宮城,千歳,0091,死亡,1,0,10390,対象外,0000,207,昼－明,晴,市街地－その他,舗装－凍結,単路－その他,環状交差点以外 環状交差点以外をいう。,施設なし,00,23,00,23,03,9,単路（交差点付近を含む）,規制なし,4,2,車両相互,45～54歳,55～64歳,貨物車－大型車,乗用車－軽自動車,事業用,自家用,貨物車,乗用車,50㎞／ｈ以下,50㎞／ｈ以下,20,50,中破,大破,その他,その他,その他,その他,損傷なし,死亡,金,その他,38.135225,140.846382,2019-03-08,06:28,red,,,,,,,,,,,,
本票,秋田,滝川,0021,死亡,1,0,37000,対象外,0000,210,昼－昼,晴,非市街地,舗装－乾燥,単路－その他,環状交差点以外 環状交差点以外をいう。,施設なし,00,23,00,23,02,9,単路（交差点付近を含む）,規制なし,5,4,車両単独,75歳以上,不明,特殊車－小型－農耕作業用,相手なし,対象外当事者,対象外当事者,対象外当事者,対象外当事者,指定の速度規制なし等,対象外当事者,10,00,小破,対象外当事者,対象外当事者,対象外当事者,対象外当事者,対象外当事者,死亡,対象外当事者,日,その他,39.432860,140.069928,2019-03-10,10:30,red,,,,,,,,,,,,
本票,秋田,伊達,0024,死亡,1,0,37000,対象外,0000,212,夜－夜,曇,非市街地,舗装－乾燥,単路－その他,環状交差点以外 環状交差点以外をいう。,施設なし,00,23,00,23,03,9,単路（交差点付近を含む）,規制なし,5,4,車両単独,45～54歳,不明,乗用車－普通車,物件等,自家用,対象外当事者,乗用車,対象外当事者,指定の速度規制なし等,対象外当事者,10,00,大破,対象外当事者,装備あり 作動,対象外当事者,その他,対象外当事者,死亡,対象外当事者,土,その他,39.483827,140.521103,2019-03-02,23:00,red,,,,,,,,,,,,
本票,秋田,苫小牧,0042,死亡,1,0,14400,対象外,0000,203,昼－昼,曇,非市街地,舗装－乾燥,単路－その他,環状交差点以外 環状交差点以外をいう。,施設なし,00,23,00,23,03,9,単路（交差点付近を含む）,規制なし,4,2,車両相互,35～44歳,55～64歳,貨物車－大型車,貨物車－軽自動車,事業用,自家用,貨物車,貨物車,50㎞／ｈ以下,指定の速度規制なし等,10,25,中破,大破,その他,その他,その他,その他,損傷なし,死亡,月,その他,39.365079,140.497747,2019-03-25,13:32,red,,,,,,,,,,,,
本票,山形,中央,0379,死亡,1,1,01120,上,0034,201,夜－夜,雨,市街地－人口集中,舗装－湿潤,単路－その他,環状交差点以外 環状交差点以外をいう。,施設なし,00,23,00,23,04,9,単路（交差点付近を含む）,規制なし,4,2,人対車両,35～44歳,25～34歳,乗用車－普通車,歩行者,自家用,対象外当事者,乗用車,対象外当事者,40㎞／ｈ以下,対象外当事者,10,00,小破,対象外当事者,その他,対象外当事者,その他,対象外当事者,損傷なし,死亡,土,その他,38.240778,140.337250,2019-03-30,02:44,red,,,,,,,,,,,,
本票,山形,西,0067,死亡,1,0,10380,対象外,0000,204,夜－夜,晴,非市街地,舗装－乾燥,単路－その他,環状交差点以外 環状交差点以外をいう。,施設なし,00,23,00,23,03,9,単路（交差点付近を含む）,規制なし,4,2,人対車両,55～64歳,45～54歳,貨物車－大型車,歩行者,事業用,対象外当事者,貨物車,対象外当事者,指定の速度規制なし等,対象外当事者,00,00,損壊なし,対象外当事者,その他,対象外当事者,その他,対象外当事者,損傷なし,死亡,水,その他,38.868306,139.883917,2019-01-23,02:05,red,,,,,,,,,,,,
本票,山形,岩見沢,0038,死亡,1,0,03990,下,0608,213,夜－暮,晴,市街地－その他,舗装－乾燥,交差点－その他,環状交差点以外 環状交差点以外をいう。,施設なし,09,22,00,23,15,9,交差点内,規制なし,4,2,人対車両,55～64歳,65～74歳,乗用車－軽自動車,歩行者,自家用,対象外当事者,乗用車,対象外当事者,50㎞／ｈ以下,対象外当事者,10,00,小破,対象外当事者,その他,対象外当事者,その他,対象外当事者,損傷なし,死亡,土,その他,38.049750,140.171028,2019-03-02,17:36,red,,,,,,,,,,,,
本票,山形,つがる,0069,死亡,1,2,01120,下,0510,322,夜－夜,曇,非市街地,舗装－湿潤,単路－その他,環状交差点以外 環状交差点以外をいう。,施設なし,00,23,00,23,04,7,単路（交差点付近を含む）,規制なし,4,4,車両相互,65～74歳,0～24歳,貨物車－大型車,乗用車－普通車,自家用,自家用,貨物車,乗用車,指定の速度規制なし等,指定の速度規制なし等,50,10,中破,大破,その他,装備あり 作動,その他,その他,損傷なし,負傷,火,その他,38.463139,139.991333,2019-03-12,04:29,red,,,,,,,,,,,,
本票,福島,中央,0088,死亡,1,0,20000,対象外,0000,201,夜－夜,曇,市街地－人口集中,舗装－乾燥,交差点－その他,環状交差点以外 環状交差点以外をいう。,施設なし,09,22,09,22,14,9,交差点内,規制なし,5,2,車両相互,35～44歳,65～74歳,乗用車－普通車,軽車両－自転車,自家用,対象外当事者,乗用車,対象外当事者,40㎞／ｈ以下,対象外当事者,10,40,小破,中破,その他,対象外当事者,その他,対象外当事者,損傷なし,死亡,火,その他,37.732814,140.460057,2019-03-05,21:25,red,,,,,,,,,,,,
本票,福島,栗山,0107,死亡,1,0,30000,対象外,0000,203,夜－暮,曇,市街地－人口集中,舗装－乾燥,交差点－その他,環状交差点以外 環状交差点以外をいう。,施設なし,09,22,00,23,17,9,交差点内,規制なし,4,2,人対車両,35～44歳,65～74歳,乗用車－普通車,歩行者,自家用,対象外当事者,乗用車,対象外当事者,40㎞／ｈ以下,対象外当事者,10,00,中破,対象外当事者,その他,対象外当事者,その他,対象外当事者,損傷なし,死亡,火,その他,37.392642,140.364395,2019-03-05,18:25,red,,,,,,,,,,,,
本票,福島,赤歌,0048,死亡,1,0,30000,対象外,0000,202,夜－夜,曇,非市街地,舗装－湿潤,単路－その他,環状交差点以外 環状交差点以外をいう。,施設なし,00,23,00,23,03,9,単路（交差点付近を含む）,規制なし,5,4,車両単独,75歳以上,不明,軽車両－自転車,相手なし,対象外当事者,対象外当事者,対象外当事者,対象外当事者,対象外当事者,対象外当事者,10,00,小破,対象外当事者,対象外当事者,対象外当事者,対象外当事者,対象外当事者,死亡,対象外当事者,日,その他,37.511178,139.925418,2019-03-03,18:40,red,,,,,,,,,,,,
本票,福島,赤歌,0056,死亡,1,0,99000,対象外,0000,202,昼－昼,晴,市街地－人口集中,舗装－乾燥,一般交通の場所,環状交差点以外 環状交差点以外をいう。,施設なし,00,23,00,23,00,0,その他,規制なし,0,4,人対車両,55～64歳,75歳以上,乗用車－大型車,歩行者,事業用,対象外当事者,乗用車,対象外当事者,指定の速度規制なし等,対象外当事者,10,00,損壊なし,対象外当事者,その他,対象外当事者,その他,対象外当事者,損傷なし,死亡,水,前日,37.507560,139.930895,2019-03-20,11:15,red,,,,,,,,,,,,
本票,福島,伊達,0135,死亡,1,0,10000,対象外,0000,204,夜－夜,曇,市街地－人口集中,舗装－乾燥,単路－その他,環状交差点以外 環状交差点以外をいう。,施設なし,00,23,00,23,04,9,単路（交差点付近を含む）,規制なし,4,2,人対車両,45～54歳,45～54歳,貨物車－軽自動車,歩行者,自家用,対象外当事者,貨物車,対象外当事者,50㎞／ｈ以下,対象外当事者,80,00,小破,対象外当事者,その他,対象外当事者,その他,対象外当事者,損傷なし,死亡,木,当日,37.043116,140.867998,2019-03-21,04:29,red,,,,,,,,,,,,
本票,福島,浦河,0016,死亡,1,0,20000,対象外,0000,541,昼－昼,晴,市街地－その他,舗装－乾燥,交差点－その他,環状交差点以外 環状交差点以外をいう。,施設なし,09,22,01,21,17,9,交差点内,規制なし,5,2,車両相互,35～44歳,75歳以上,貨物車－中型車,貨物車－軽自動車,事業用,自家用,貨物車,貨物車,40㎞／ｈ以下,指定の速度規制なし等,50,80,中破,中破,その他,その他,その他,その他,損傷なし,死亡,金,その他,37.206621,140.994424,2019-03-29,14:37,red,,,,,,,,,,,,
本票,東京,大森,0087,死亡,1,0,21140,対象外,0000,111,夜－夜,曇,市街地－人口集中,舗装－乾燥,交差点付近－その他,環状交差点以外 環状交差点以外をいう。,施設なし,00,23,00,23,03,9,単路（交差点付近を含む）,規制なし,4,2,人対車両,65～74歳,65～74歳,乗用車－普通車,歩行者,事業用,対象外当事者,乗用車,対象外当事者,30㎞／ｈ以下,対象外当事者,80,00,小破,対象外当事者,その他,対象外当事者,その他,対象外当事者,損傷なし,死亡,土,その他,35.577417,139.726991,2019-03-23,01:55,red,,,,,,,,,,,,
本票,東京,北沢,0070,死亡,1,0,00200,下,0136,112,昼－昼,晴,市街地－人口集中,舗装－乾燥,交差点－その他,環状交差点以外 環状交差点以外をいう。,施設なし,09,22,00,23,17,9,交差点内,規制なし,5,1,人対車両,25～34歳,55～64歳,貨物車－軽自動車,歩行者,自家用,対象外当事者,貨物車,対象外当事者,50㎞／ｈ以下,対象外当事者,10,00,小破,対象外当事者,その他,対象外当事者,その他,対象外当事者,損傷なし,死亡,火,その他,35.670160,139.651124,2019-03-05,11:53,red,,,,,,,,,,,,
本票,東京,玉川,0086,死亡,1,2,30000,対象外,0000,112,昼－昼,雨,市街地－人口集中,舗装－湿潤,単路－その他,環状交差点以外 環状交差点以外をいう。,施設なし,00,23,00,23,02,9,単路（交差点付近を含む）,規制なし,5,3,車両単独,0～24歳,不明,乗用車－普通車,物件等,自家用,対象外当事者,乗用車,対象外当事者,指定の速度規制なし等,対象外当事者,10,00,大破,対象外当事者,装備あり 作動,対象外当事者,その他,対象外当事者,負傷,対象外当事者,月,その他,35.618813,139.639787,2019-03-04,09:57,red,,,,,,,,,,,,
本票,東京,目黒,0050,死亡,1,2,02460,下,0064,110,昼－昼,晴,市街地－人口集中,舗装－乾燥,単路－その他,環状交差点以外 環状交差点以外をいう。,点灯－３灯式,00,23,00,23,06,9,単路（交差点付近を含む）,規制なし,5,1,車両相互,35～44歳,35～44歳,貨物車－普通車,軽車両－自転車,自家用,対象外当事者,貨物車,対象外当事者,指定の速度規制なし等,対象外当事者,10,20,中破,大破,その他,対象外当事者,その他,対象外当事者,損傷なし,死亡,金,その他,35.651551,139.686356,2019-03-08,11:21,red,,,,,,,,,,,,
本票,東京,志村,0042,死亡,2,0,30000,対象外,0000,119,昼－昼,晴,市街地－人口集中,舗装－乾燥,交差点－その他,環状交差点以外 環状交差点以外をいう。,点灯－３灯式,09,22,00,23,15,9,交差点内,規制なし,5,1,車両単独,75歳以上,不明,乗用車－普通車,物件等,自家用,対象外当事者,乗用車,対象外当事者,40㎞／ｈ以下,対象外当事者,10,00,大破,対象外当事者,装備あり 作動,対象外当事者,その他,対象外当事者,死亡,対象外当事者,金,その他,35.789603,139.676093,2019-03-15,14:10,red,,,,,,,,,,,,
本票,東京,千住,0032,死亡,1,0,95000,対象外,0000,121,夜－夜,晴,市街地－人口集中,舗装－乾燥,踏切－第一種,環状交差点以外 環状交差点以外をいう。,施設なし,00,23,00,23,05,9,その他,規制なし,4,3,列車,45～54歳,25～34歳,列車,歩行者,対象外当事者,対象外当事者,対象外当事者,対象外当事者,対象外当事者,対象外当事者,10,00,損壊なし,対象外当事者,対象外当事者,対象外当事者,対象外当事者,対象外当事者,損傷なし,死亡,火,その他,35.744372,139.810470,2019-03-12,19:13,red,,,,,,,,,,,,
本票,東京,城東,0067,死亡,1,0,20650,対象外,0000,108,昼－昼,晴,市街地－人口集中,舗装－乾燥,交差点－その他,環状交差点以外 環状交差点以外をいう。,点灯－３灯式,09,22,09,22,17,9,交差点内,規制なし,5,1,車両相互,55～64歳,75歳以上,乗用車－普通車,軽車両－自転車,自家用,対象外当事者,乗用車,対象外当事者,40㎞／ｈ以下,対象外当事者,10,40,小破,小破,その他,対象外当事者,その他,対象外当事者,損傷なし,死亡,金,その他,35.674844,139.833282,2019-03-22,09:30,red,,,,,,,,,,,,
本票,東京,八王子,0109,死亡,1,0,10460,対象外,0000,201,昼－昼,晴,市街地－その他,舗装－乾燥,交差点－その他,環状交差点以外 環状交差点以外をいう。,施設なし,09,22,09,22,17,9,交差点内,規制なし,4,2,車両相互,45～54歳,55～64歳,乗用車－大型車,軽車両－自転車,事業用,対象外当事者,乗用車,対象外当事者,30㎞／ｈ以下,対象外当事者,10,20,小破,小破,その他,対象外当事者,その他,対象外当事者,損傷なし,死亡,火,その他,35.697429,139.271939,2019-03-05,16:05,red,,,,,,,,,,,,
本票,茨城,高速道路交通警察隊,0014,死亡,1,0,42530,上,0000,216,昼－昼,曇,非市街地,舗装－乾燥,単路－カーブ・屈折,環状交差点以外 環状交差点以外をいう。,施設なし,00,23,00,23,02,6,単路（交差点付近を含む）,規制なし,5,4,車両単独,55～64歳,不明,二輪車－自動二輪－小型二輪－751ｃｃ以上,物件等,自家用,対象外当事者,対象外当事者,対象外当事者,40㎞／ｈ以下,対象外当事者,14,00,中破,対象外当事者,対象外当事者,対象外当事者,対象外当事者,対象外当事者,死亡,対象外当事者,土,その他,36.339391,140.274616,2019-03-23,13:00,red,560,東日本高速道路,料金所等付近－その他 ランプウェイに設置された料金所及びこれに接続する広場をいう。,その他,該当なし,平坦・該当なし,,1,防護柵－ガードレール,該当なし,40㎞/h以下,0
本票,茨城,白石,0059,死亡,1,0,10430,対象外,0000,216,夜－夜,晴,非市街地,舗装－乾燥,単路－その他,環状交差点以外 環状交差点以外をいう。,施設なし,00,23,00,23,03,9,単路（交差点付近を含む）,規制なし,4,1,車両相互,45～54歳,65～74歳,貨物車－大型車,軽車両－自転車,事業用,対象外当事者,貨物車,対象外当事者,50㎞／ｈ以下,対象外当事者,81,20,小破,小破,その他,対象外当事者,その他,対象外当事者,損傷なし,死亡,金,その他,36.280021,140.319616,2019-03-01,20:55,red,,,,,,,,,,,,