資料区分,都道府県コード,警察署等コード,本票番号,事故内容,死者数,負傷者数,路線コード,上下線,地点コード,市区町村コード,昼夜,天候,地形,路面状態,道路形状,環状交差点の直径,信号機,一時停止規制　標識（当事者A）,一時停止規制　表示（当事者A）,一時停止規制　標識（当事者B）,一時停止規制　表示（当事者B）,車道幅員,道路線形,衝突地点,ゾーン規制,中央分離帯施設等,歩車道区分,事故類型,年齢（当事者A）,年齢（当事者B）,当事者種別（当事者A）,当事者種別（当事者B）,用途別（当事者A）,用途別（当事者B）,車両形状（当事者A）,車両形状（当事者B）,速度規制（指定のみ）（当事者A）,速度規制（指定のみ）（当事者B）,車両の衝突部位（当事者A）,車両の衝突部位（当事者B）,車両の損壊程度（当事者A）,車両の損壊程度（当事者B）,エアバッグの装備（当事者A）,エアバッグの装備（当事者B）,サイドエアバッグの装備（当事者A）,サイドエアバッグの装備（当事者B）,人身損傷程度（当事者A）,人身損傷程度（当事者B）,曜日(発生年月日),祝日(発生年月日),緯度,経度,発生日,発生時,color,発生地点,道路管理者区分,道路区分,道路構造,曲線半径,縦断勾配,トンネル番号,当事者車両台数,車両単独事故の対象物,臨時速度規制の有無,速度規制（臨時のみ）,トンネル延長距離
本票,茨城,岩見沢,0014,死亡,1,0,10610,対象外,0000,212,昼－昼,晴,市街地－その他,舗装－乾燥,単路－その他,環状交差点以外 環状交差点以外をいう。,施設なし,00,23,00,23,03,9,単路（交差点付近を含む）,規制なし,4,2,車両相互,45～54歳,75歳以上,乗用車－軽自動車,軽車両－自転車,自家用,対象外当事者,乗用車,対象外当事者,40㎞／ｈ以下,対象外当事者,10,40,中破,中破,その他,対象外当事者,その他,対象外当事者,損傷なし,死亡,金,その他,36.529848,140.513458,2019-03-22,08:35,red,,,,,,,,,,,,
本票,茨城,小樽,0047,死亡,1,3,30000,対象外,0000,205,昼－昼,雨,非市街地,舗装－湿潤,単路－カーブ・屈折,環状交差点以外 環状交差点以外をいう。,施設なし,00,23,00,23,03,6,単路（交差点付近を含む）,規制なし,4,2,車両相互,0～24歳,65～74歳,乗用車－軽自動車,乗用車－軽自動車,自家用,自家用,乗用車,乗用車,指定の速度規制なし等,指定の速度規制なし等,10,10,大破,大破,装備あり 作動,装備あり 作動,その他,その他,負傷,負傷,日,その他,36.235194,140.224136,2019-03-03,16:05,red,,,,,,,,,,,,
本票,茨城,室蘭,0018,死亡,1,0,10410,対象外,0000,231,夜－夜,雨,非市街地,舗装－湿潤,単路－その他,環状交差点以外 環状交差点以外をいう。,施設なし,00,23,00,23,03,9,単路（交差点付近を含む）,規制なし,4,2,人対車両,55～64歳,65～74歳,乗用車－軽自動車,歩行者,自家用,対象外当事者,乗用車,対象外当事者,40㎞／ｈ以下,対象外当事者,88,00,大破,対象外当事者,その他,対象外当事者,その他,対象外当事者,損傷なし,死亡,土,その他,36.300584,140.112017,2019-03-30,21:45,red,,,,,,,,,,,,
本票,茨城,苫小牧,0030,死亡,1,0,10150,対象外,0000,207,夜－夜,晴,非市街地,舗装－乾燥,単路－橋,環状交差点以外 環状交差点以外をいう。,施設なし,00,23,00,23,03,9,単路（交差点付近を含む）,規制なし,4,3,車両相互,35～44歳,75歳以上,貨物車－大型車,軽車両－自転車,事業用,対象外当事者,貨物車,対象外当事者,50㎞／ｈ以下,対象外当事者,80,30,小破,大破,その他,対象外当事者,その他,対象外当事者,損傷なし,死亡,火,その他,36.278380,139.905092,2019-03-26,01:45,red,,,,,,,,,,,,
本票,茨城,南,0067,死亡,1,0,02940,対象外,0000,217,昼－昼,晴,市街地－その他,舗装－乾燥,交差点－その他,環状交差点以外 環状交差点以外をいう。,施設なし,09,22,09,22,14,9,交差点内,規制なし,4,2,車両相互,45～54歳,0～24歳,貨物車－中型車,二輪車－原付自転車,自家用,自家用,貨物車,対象外当事者,40㎞／ｈ以下,指定の速度規制なし等,20,11,小破,大破,その他,対象外当事者,その他,対象外当事者,損傷なし,死亡,金,その他,35.923328,140.029464,2019-03-15,10:27,red,,,,,,,,,,,,
本票,茨城,豊平,0140,死亡,1,0,00060,上,1163,221,夜－夜,晴,市街地－人口集中,舗装－乾燥,単路－その他,環状交差点以外 環状交差点以外をいう。,施設なし,00,23,00,23,06,9,単路（交差点付近を含む）,規制なし,1,2,人対車両,25～34歳,75歳以上,乗用車－普通車,歩行者,自家用,対象外当事者,乗用車,対象外当事者,指定の速度規制なし等,対象外当事者,10,00,小破,対象外当事者,その他,対象外当事者,その他,対象外当事者,損傷なし,死亡,金,その他,36.421296,140.517865,2019-03-22,22:54,red,,,,,,,,,,,,
本票,茨城,豊平,0149,死亡,1,0,99000,対象外,0000,221,昼－昼,曇,非市街地,舗装－乾燥,一般交通の場所,環状交差点以外 環状交差点以外をいう。,施設なし,00,23,00,23,00,0,その他,規制なし,0,4,車両単独,55～64歳,不明,乗用車－軽自動車,相手なし,自家用,対象外当事者,乗用車,対象外当事者,指定の速度規制なし等,対象外当事者,00,00,小破,対象外当事者,その他,対象外当事者,その他,対象外当事者,死亡,対象外当事者,水,その他,36.339992,140.602167,2019-02-27,09:50,red,,,,,,,,,,,,
本票,茨城,厚別,0056,死亡,1,0,30000,対象外,0000,232,昼－昼,晴,非市街地,舗装－乾燥,交差点－その他,環状交差点以外 環状交差点以外をいう。,施設なし,09,22,01,21,15,9,交差点内,規制なし,4,1,車両相互,45～54歳,65～74歳,乗用車－普通車,貨物車－軽自動車,自家用,自家用,乗用車,貨物車,30㎞／ｈ以下,指定の速度規制なし等,21,10,中破,中破,装備あり 作動,その他,その他,その他,損傷なし,損傷なし,木,その他,35.888737,140.639297,2018-12-20,15:20,red,,,,,,,,,,,,
本票,栃木,白石,0071,死亡,1,0,10750,対象外,0000,203,昼－昼,晴,非市街地,舗装－乾燥,単路－カーブ・屈折,環状交差点以外 環状交差点以外をいう。,施設なし,00,23,00,23,03,1,単路（交差点付近を含む）,規制なし,5,2,車両相互,65～74歳,0～24歳,貨物車－大型車,乗用車－普通車,自家用,自家用,貨物車,乗用車,50㎞／ｈ以下,50㎞／ｈ以下,50,50,中破,大破,その他,装備あり 作動,その他,装備あり 作動,損傷なし,死亡,月,その他,36.350422,139.621042,2019-03-25,07:56,red,,,,,,,,,,,,
本票,栃木,西,0104,死亡,1,0,02930,対象外,0000,202,夜－夜,晴,市街地－その他,舗装－乾燥,単路－橋,環状交差点以外 環状交差点以外をいう。,施設なし,00,23,00,23,03,9,単路（交差点付近を含む）,規制なし,5,2,人対車両,45～54歳,75歳以上,乗用車－普通車,歩行者,自家用,対象外当事者,乗用車,対象外当事者,50㎞／ｈ以下,対象外当事者,10,00,小破,対象外当事者,その他,対象外当事者,その他,対象外当事者,損傷なし,死亡,月,その他,36.328002,139.452628,2019-03-18,22:01,red,,,,,,,,,,,,
本票,栃木,江別,0045,死亡,1,0,01210,対象外,0000,205,夜－夜,曇,市街地－人口集中,舗装－乾燥,単路－その他,環状交差点以外 環状交差点以外をいう。,施設なし,00,23,00,23,03,9,単路（交差点付近を含む）,規制なし,4,2,人対車両,55～64歳,65～74歳,貨物車－準中型車,歩行者,事業用,対象外当事者,貨物車,対象外当事者,40㎞／ｈ以下,対象外当事者,10,00,小破,対象外当事者,その他,対象外当事者,その他,対象外当事者,損傷なし,死亡,木,その他,36.567868,139.747243,2019-03-28,03:51,red,,,,,,,,,,,,
本票,栃木,千歳,0030,死亡,1,0,10410,対象外,0000,342,夜－暮,曇,非市街地,舗装－乾燥,交差点－その他,環状交差点以外 環状交差点以外をいう。,点灯－押ボタン式,09,22,00,23,11,9,交差点内,規制なし,4,2,人対車両,0～24歳,75歳以上,乗用車－普通車,歩行者,自家用,対象外当事者,乗用車,対象外当事者,50㎞／ｈ以下,対象外当事者,18,00,中破,対象外当事者,その他,対象外当事者,その他,対象外当事者,損傷なし,死亡,日,その他,36.431245,140.082751,2019-03-10,18:06,red,,,,,,,,,,,,
本票,栃木,岩見沢,0083,死亡,1,1,10330,対象外,0000,208,夜－明,晴,非市街地,舗装－乾燥,単路－その他,環状交差点以外 環状交差点以外をいう。,施設なし,00,23,00,23,04,9,単路（交差点付近を含む）,規制なし,4,3,車両相互,75歳以上,55～64歳,乗用車－軽自動車,貨物車－軽自動車,自家用,事業用,乗用車,貨物車,指定の速度規制なし等,指定の速度規制なし等,50,50,中破,中破,装備あり 作動,装備あり 作動,その他,その他,負傷,死亡,火,その他,36.298589,139.761163,2019-03-12,05:01,red,,,,,,,,,,,,
本票,栃木,美唄,0052,死亡,1,0,00040,上,1534,213,夜－暮,晴,市街地－その他,舗装－乾燥,単路－その他,環状交差点以外 環状交差点以外をいう。,施設なし,00,23,00,23,03,9,単路（交差点付近を含む）,規制なし,4,2,車両相互,25～34歳,75歳以上,乗用車－普通車,二輪車－原付自転車,自家用,自家用,乗用車,対象外当事者,50㎞／ｈ以下,30㎞／ｈ以下,10,10,中破,中破,その他,対象外当事者,その他,対象外当事者,損傷なし,死亡,月,その他,36.901267,139.986089,2019-03-11,17:44,red,,,,,,,,,,,,
本票,栃木,美唄,0060,死亡,2,0,30000,対象外,0000,213,昼－昼,晴,市街地－その他,舗装－乾燥,交差点－その他,環状交差点以外 環状交差点以外をいう。,施設なし,09,22,01,21,14,9,交差点内,規制なし,4,3,車両相互,25～34歳,55～64歳,貨物車－大型車,乗用車－軽自動車,事業用,自家用,貨物車,乗用車,50㎞／ｈ以下,40㎞／ｈ以下,10,45,小破,中破,その他,装備あり 作動,その他,その他,損傷なし,死亡,水,前日,36.944591,140.081470,2019-03-20,16:20,red,,,,,,,,,,,,
本票,栃木,芦別,0006,死亡,1,0,21630,対象外,0000,344,夜－夜,曇,非市街地,舗装－乾燥,単路－その他,環状交差点以外 環状交差点以外をいう。,施設なし,00,23,00,23,03,9,単路（交差点付近を含む）,規制なし,4,2,車両相互,25～34歳,45～54歳,乗用車－普通車,軽車両－自転車,自家用,対象外当事者,乗用車,対象外当事者,50㎞／ｈ以下,対象外当事者,10,30,中破,大破,その他,対象外当事者,その他,対象外当事者,損傷なし,死亡,水,その他,36.532656,140.093117,2019-03-06,18:51,red,,,,,,,,,,,,
本票,群馬,砂川,0097,死亡,1,1,10380,対象外,0000,525,夜－夜,晴,非市街地,舗装－乾燥,単路－その他,環状交差点以外 環状交差点以外をいう。,施設なし,00,23,00,23,03,9,単路（交差点付近を含む）,規制なし,4,3,車両相互,0～24歳,55～64歳,貨物車－中型車,乗用車－軽自動車,事業用,自家用,貨物車,乗用車,40㎞／ｈ以下,40㎞／ｈ以下,50,10,中破,中破,その他,装備あり 作動,その他,その他,損傷なし,負傷,水,前日,36.266190,139.468044,2019-03-20,20:18,red,,,,,,,,,,,,
本票,埼玉,高速道路交通警察隊,0062,死亡,1,1,50340,下,0000,225,昼－昼,晴,非市街地,舗装－乾燥,単路－その他,環状交差点以外 環状交差点以外をいう。,施設なし,00,23,00,23,06,9,単路（交差点付近を含む）,規制なし,1,4,車両相互,55～64歳,45～54歳,貨物車－中型車,乗用車－普通車,事業用,自家用,貨物車,乗用車,80㎞／ｈ以下,80㎞／ｈ以下,15,32,中破,大破,その他,装備あり 作動,その他,その他,損傷なし,死亡,月,その他,35.830303,139.374277,2019-03-11,12:00,red,647,東日本高速道路,走行車線－第一通行帯,完全分離－切土,直線,平坦－１％未満,,4,該当なし,あり－工事等,50㎞/h以下,0
本票,埼玉,中央,0109,死亡,1,0,39990,対象外,0000,107,昼－昼,晴,市街地－その他,舗装－乾燥,交差点－その他,環状交差点以外 環状交差点以外をいう。,施設なし,09,22,01,21,14,9,交差点内,規制なし,5,4,車両相互,25～34歳,35～44歳,貨物車－普通車,二輪車－原付自転車,自家用,自家用,貨物車,対象外当事者,指定の速度規制なし等,指定の速度規制なし等,10,40,小破,小破,その他,対象外当事者,その他,対象外当事者,損傷なし,死亡,水,その他,35.876415,139.658607,2019-03-13,08:17,red,,,,,,,,,,,,
本票,埼玉,白石,0072,死亡,1,0,00170,下,0000,223,昼－昼,晴,市街地－その他,舗装－乾燥,交差点－その他,環状交差点以外 環状交差点以外をいう。,点灯－３灯式,09,22,09,21,15,9,交差点内,規制なし,4,1,車両相互,35～44歳,75歳以上,貨物車－大型車,軽車両－駆動補助機付自転車,事業用,対象外当事者,貨物車,対象外当事者,40㎞／ｈ以下,対象外当事者,40,10,小破,小破,その他,対象外当事者,その他,対象外当事者,損傷なし,死亡,火,その他,35.832548,139.670640,2019-03-05,16:28,red,,,,,,,,,,,,
本票,埼玉,江別,0164,死亡,1,0,39990,対象外,0000,234,昼－昼,曇,市街地－人口集中,舗装－乾燥,交差点－その他,環状交差点以外 環状交差点以外をいう。,施設なし,09,22,01,22,15,9,交差点内,規制なし,4,2,車両相互,0～24歳,75歳以上,貨物車－普通車,二輪車－原付自転車,自家用,自家用,貨物車,対象外当事者,40㎞／ｈ以下,指定の速度規制なし等,10,40,中破,中破,その他,対象外当事者,その他,対象外当事者,損傷なし,死亡,水,その他,35.812529,139.838693,2019-03-06,12:50,red,,,,,,,,,,,,
本票,埼玉,砂川,0055,死亡,1,0,10300,対象外,0000,242,夜－暮,晴,非市街地,舗装－乾燥,単路－カーブ・屈折,環状交差点以外 環状交差点以外をいう。,施設なし,00,23,00,23,03,6,単路（交差点付近を含む）,規制なし,4,2,人対車両,35～44歳,75歳以上,乗用車－普通車,歩行者,自家用,対象外当事者,乗用車,対象外当事者,50㎞／ｈ以下,対象外当事者,18,00,小破,対象外当事者,その他,対象外当事者,その他,対象外当事者,損傷なし,死亡,金,その他,35.903430,139.331089,2019-03-08,18:11,red,,,,,,,,,,,,
本票,埼玉,倶知安,0162,死亡,1,0,39990,対象外,0000,202,昼－昼,曇,非市街地,舗装－乾燥,単路－その他,環状交差点以外 環状交差点以外をいう。,施設なし,00,23,00,23,01,9,その他,規制なし,5,4,車両単独,45～54歳,不明,軽車両－自転車,相手なし,対象外当事者,対象外当事者,対象外当事者,対象外当事者,対象外当事者,対象外当事者,13,00,小破,対象外当事者,対象外当事者,対象外当事者,対象外当事者,対象外当事者,死亡,対象外当事者,日,その他,36.160002,139.348716,2019-03-10,12:07,red,,,,,,,,,,,,
本票,埼玉,岩内,0086,死亡,1,0,39990,対象外,0000,218,昼－昼,曇,非市街地,舗装－乾燥,単路－その他,環状交差点以外 環状交差点以外をいう。,施設なし,00,23,00,23,01,9,その他,規制なし,5,4,車両単独,75歳以上,不明,軽車両－自転車,相手なし,対象外当事者,対象外当事者,対象外当事者,対象外当事者,対象外当事者,対象外当事者,40,00,小破,対象外当事者,対象外当事者,対象外当事者,対象外当事者,対象外当事者,死亡,対象外当事者,月,その他,36.205079,139.271829,2019-03-11,13:00,red,,,,,,,,,,,,
本票,埼玉,門別,0058,死亡,1,0,23690,対象外,0000,210,夜－夜,曇,非市街地,舗装－湿潤,交差点付近－その他,環状交差点以外 環状交差点以外をいう。,施設なし,00,23,00,23,03,9,単路（交差点付近を含む）,規制なし,4,2,車両単独,0～24歳,不明,乗用車－普通車,物件等,自家用,対象外当事者,乗用車,対象外当事者,40㎞／ｈ以下,対象外当事者,82,00,大破,対象外当事者,その他,対象外当事者,その他,対象外当事者,死亡,対象外当事者,火,その他,36.194599,139.638164,2019-03-05,02:35,red,,,,,,,,,,,,
本票,埼玉,静内,0168,死亡,1,0,21450,対象外,0000,238,夜－夜,曇,市街地－その他,舗装－乾燥,交差点－その他,環状交差点以外 環状交差点以外をいう。,施設なし,09,22,00,23,14,9,交差点内,規制なし,4,3,人対車両,35～44歳,0～24歳,乗用車－普通車,歩行者,自家用,対象外当事者,乗用車,対象外当事者,40㎞／ｈ以下,対象外当事者,84,00,小破,対象外当事者,その他,対象外当事者,その他,対象外当事者,損傷なし,死亡,木,その他,36.008378,139.660409,2019-03-28,01:35,red,,,,,,,,,,,,
本票,埼玉,南,0214,死亡,1,0,00041,上,0316,222,昼－暮,曇,市街地－その他,舗装－乾燥,交差点付近－その他,環状交差点以外 環状交差点以外をいう。,点灯－３灯式,00,23,00,23,06,9,単路（交差点付近を含む）,規制なし,1,2,車両相互,25～34歳,0～24歳,乗用車－普通車,二輪車－自動二輪－原付二種－51～125cc,自家用,自家用,乗用車,対象外当事者,指定の速度規制なし等,指定の速度規制なし等,20,14,小破,中破,その他,対象外当事者,その他,対象外当事者,損傷なし,死亡,金,その他,35.948934,139.794213,2019-03-29,17:34,red,,,,,,,,,,,,
本票,埼玉,大宮東,0048,死亡,1,0,39990,対象外,0000,104,昼－昼,晴,非市街地,舗装－乾燥,単路－その他,環状交差点以外 環状交差点以外をいう。,施設なし,00,23,00,23,02,9,その他,規制なし,5,4,車両単独,75歳以上,不明,軽車両－自転車,相手なし,対象外当事者,対象外当事者,対象外当事者,対象外当事者,対象外当事者,対象外当事者,10,00,損壊なし,対象外当事者,対象外当事者,対象外当事者,対象外当事者,対象外当事者,死亡,対象外当事者,水,その他,35.928125,139.681097,2019-02-20,11:15,red,,,,,,,,,,,,
本票,千葉,中央,0147,死亡,1,0,30000,対象外,0000,101,昼－明,晴,市街地－人口集中,舗装－乾燥,交差点－その他,環状交差点以外 環状交差点以外をいう。,点灯－３灯式,09,22,09,22,14,9,交差点内,規制なし,5,3,車両相互,25～34歳,35～44歳,乗用車－普通車,二輪車－自動二輪－原付二種－51～125cc,自家用,自家用,乗用車,対象外当事者,30㎞／ｈ以下,30㎞／ｈ以下,10,20,小破,小破,その他,対象外当事者,その他,対象外当事者,損傷なし,死亡,土,その他,35.611302,140.129813,2019-03-09,06:39,red,,,,,,,,,,,,
本票,千葉,東,0189,死亡,1,0,10080,対象外,0000,204,昼－昼,晴,市街地－人口集中,舗装－乾燥,単路－その他,環状交差点以外 環状交差点以外をいう。,施設なし,00,23,00,23,03,8,単路（交差点付近を含む）,規制なし,4,2,車両相互,65～74歳,65～74歳,乗用車－普通車,軽車両－自転車,自家用,対象外当事者,乗用車,対象外当事者,50㎞／ｈ以下,対象外当事者,80,30,小破,小破,その他,対象外当事者,その他,対象外当事者,損傷なし,死亡,月,その他,35.742013,139.998587,2019-03-25,09:23,red,,,,,,,,,,,,
本票,千葉,江別,0123,死亡,1,0,22830,対象外,0000,203,夜－夜,曇,市街地－人口集中,舗装－乾燥,単路－その他,環状交差点以外 環状交差点以外をいう。,施設なし,00,23,00,23,03,9,単路（交差点付近を含む）,規制なし,4,2,車両相互,25～34歳,45～54歳,乗用車－普通車,二輪車－自動二輪－軽二輪－126～250cc,自家用,自家用,乗用車,対象外当事者,40㎞／ｈ以下,40㎞／ｈ以下,10,10,中破,大破,その他,対象外当事者,その他,対象外当事者,損傷なし,死亡,金,その他,35.706503,139.948485,2019-03-01,23:36,red,,,,,,,,,,,,
本票,千葉,栗山,0078,死亡,3,0,30000,対象外,0000,208,昼－昼,晴,市街地－人口集中,舗装－乾燥,交差点付近－その他,環状交差点以外 環状交差点以外をいう。,点灯－３灯式,00,23,00,23,03,9,単路（交差点付近を含む）,規制なし,4,2,車両単独,35～44歳,不明,乗用車－普通車,物件等,自家用,対象外当事者,乗用車,対象外当事者,40㎞／ｈ以下,対象外当事者,11,00,中破,対象外当事者,装備あり 作動,対象外当事者,その他,対象外当事者,損傷なし,対象外当事者,水,その他,35.956256,139.865103,2019-03-13,07:27,red,,,,,,,,,,,,
本票,千葉,野辺地,0151,死亡,1,0,04090,下,0000,230,夜－明,晴,非市街地,舗装－乾燥,単路－カーブ・屈折,環状交差点以外 環状交差点以外をいう。,施設なし,00,23,00,23,03,6,単路（交差点付近を含む）,規制なし,4,3,車両相互,0～24歳,65～74歳,乗用車－普通車,軽車両－その他,自家用,対象外当事者,乗用車,対象外当事者,40㎞／ｈ以下,対象外当事者,50,20,中破,小破,その他,対象外当事者,装備あり 作動,対象外当事者,損傷なし,死亡,金,その他,35.686333,140.310894,2019-03-15,05:30,red,,,,,,,,,,,,
本票,千葉,美唄,0149,死亡,1,0,00510,上,0000,211,昼－昼,晴,市街地－人口集中,舗装－乾燥,交差点－その他,環状交差点以外 環状交差点以外をいう。,点灯－３灯式,09,22,00,23,15,9,交差点内,規制なし,5,2,人対車両,45～54歳,75歳以上,貨物車－大型車,歩行者,事業用,対象外当事者,貨物車,対象外当事者,50㎞／ｈ以下,対象外当事者,10,00,小破,対象外当事者,その他,対象外当事者,その他,対象外当事者,損傷なし,死亡,火,その他,35.816517,140.397466,2019-03-05,14:48,red,,,,,,,,,,,,
本票,千葉,砂川,0053,死亡,1,0,30000,対象外,0000,329,昼－昼,曇,非市街地,非舗装,単路－カーブ・屈折,環状交差点以外 環状交差点以外をいう。,施設なし,00,23,00,23,01,3,単路（交差点付近を含む）,規制なし,5,4,車両単独,75歳以上,不明,軽車両－自転車,相手なし,対象外当事者,対象外当事者,対象外当事者,対象外当事者,対象外当事者,対象外当事者,10,00,小破,対象外当事者,対象外当事者,対象外当事者,対象外当事者,対象外当事者,死亡,対象外当事者,月,その他,35.849796,140.218463,2019-02-25,10:30,red,,,,,,,,,,,,
本票,千葉,芦別,0036,死亡,1,0,30000,対象外,0000,202,夜－暮,晴,市街地－その他,舗装－乾燥,単路－その他,環状交差点以外 環状交差点以外をいう。,施設なし,00,23,00,23,03,8,単路（交差点付近を含む）,規制なし,4,2,人対車両,25～34歳,75歳以上,乗用車－普通車,歩行者,自家用,対象外当事者,乗用車,対象外当事者,40㎞／ｈ以下,対象外当事者,80,00,小破,対象外当事者,その他,対象外当事者,その他,対象外当事者,損傷なし,死亡,火,その他,35.732888,140.848556,2019-03-05,18:22,red,,,,,,,,,,,,
本票,千葉,余市,0031,死亡,1,0,30000,対象外,0000,235,夜－夜,晴,非市街地,舗装－乾燥,単路－カーブ・屈折,環状交差点以外 環状交差点以外をいう。,施設なし,00,23,00,23,03,3,単路（交差点付近を含む）,規制なし,4,3,車両単独,45～54歳,不明,乗用車－軽自動車,物件等,自家用,対象外当事者,乗用車,対象外当事者,40㎞／ｈ以下,対象外当事者,10,00,大破,対象外当事者,装備あり 作動,対象外当事者,装備あり 作動,対象外当事者,死亡,対象外当事者,月,その他,35.685853,140.556335,2019-03-25,01:43,red,,,,,,,,,,,,
本票,千葉,倶知安,0046,死亡,1,0,21220,対象外,0000,410,昼－昼,晴,非市街地,舗装－乾燥,交差点－その他,環状交差点以外 環状交差点以外をいう。,点灯－３灯式,09,22,09,22,15,9,交差点内,規制なし,5,2,車両相互,65～74歳,65～74歳,貨物車－軽自動車,軽車両－自転車,自家用,対象外当事者,貨物車,対象外当事者,40㎞／ｈ以下,対象外当事者,10,40,小破,小破,その他,対象外当事者,その他,対象外当事者,損傷なし,死亡,土,その他,35.632696,140.536406,2019-03-02,16:29,red,,,,,,,,,,,,
本票,千葉,岩内,0088,死亡,1,0,10830,対象外,0000,239,夜－夜,雨,市街地－人口集中,舗装－湿潤,交差点－その他,環状交差点以外 環状交差点以外をいう。,点灯－３灯式,09,22,00,23,15,9,交差点内,規制なし,5,3,車両単独,35～44歳,不明,乗用車－軽自動車,物件等,自家用,対象外当事者,乗用車,対象外当事者,指定の速度規制なし等,対象外当事者,80,00,大破,対象外当事者,装備あり 作動,対象外当事者,その他,対象外当事者,死亡,対象外当事者,日,その他,35.528837,140.326094,2019-03-31,01:14,red,,,,,,,,,,,,
本票,千葉,北,0160,死亡,1,0,30000,対象外,0000,206,昼－暮,曇,市街地－人口集中,舗装－乾燥,交差点付近－その他,環状交差点以外 環状交差点以外をいう。,施設なし,00,23,00,23,02,9,単路（交差点付近を含む）,規制なし,5,4,車両単独,45～54歳,不明,軽車両－自転車,相手なし,対象外当事者,対象外当事者,対象外当事者,対象外当事者,対象外当事者,対象外当事者,40,00,小破,対象外当事者,対象外当事者,対象外当事者,対象外当事者,対象外当事者,死亡,対象外当事者,土,その他,35.381170,139.931117,2019-03-16,17:15,red,,,,,,,,,,,,
本票,千葉,豊平,0074,死亡,1,0,10240,対象外,0000,225,昼－昼,晴,市街地－人口集中,舗装－乾燥,単路－その他,環状交差点以外 環状交差点以外をいう。,施設なし,00,23,00,23,03,9,単路（交差点付近を含む）,規制なし,4,4,車両単独,55～64歳,不明,乗用車－普通車,物件等,自家用,対象外当事者,乗用車,対象外当事者,40㎞／ｈ以下,対象外当事者,10,00,大破,対象外当事者,装備あり 作動,対象外当事者,その他,対象外当事者,死亡,対象外当事者,日,その他,35.208695,140.067722,2019-03-24,07:57,red,,,,,,,,,,,,
本票,千葉,大宮東,0111,死亡,1,0,30000,対象外,0000,220,昼－昼,晴,非市街地,舗装－乾燥,交差点－その他,環状交差点以外 環状交差点以外をいう。,施設なし,09,22,00,23,14,9,交差点内,規制なし,4,3,人対車両,25～34歳,65～74歳,乗用車－普通車,歩行者,自家用,対象外当事者,乗用車,対象外当事者,40㎞／ｈ以下,対象外当事者,50,00,小破,対象外当事者,その他,対象外当事者,その他,対象外当事者,損傷なし,死亡,火,その他,35.884682,139.901890,2019-03-12,06:58,red,,,,,,,,,,,,
本票,千葉,四街道,0062,死亡,1,3,10660,対象外,0000,228,昼－昼,曇,市街地－人口集中,舗装－乾燥,交差点付近－その他,環状交差点以外 環状交差点以外をいう。,施設なし,00,23,00,23,03,9,単路（交差点付近を含む）,規制なし,4,2,車両単独,45～54歳,不明,乗用車－普通車,物件等,自家用,対象外当事者,乗用車,対象外当事者,40㎞／ｈ以下,対象外当事者,10,00,大破,対象外当事者,装備あり 作動,対象外当事者,その他,対象外当事者,負傷,対象外当事者,土,その他,35.659238,140.152421,2019-03-30,14:15,red,,,,,,,,,,,,
本票,神奈川,高速道路交通警察隊,0112,死亡,1,1,42720,下,8634,364,夜－夜,晴,非市街地,舗装－乾燥,単路－その他,環状交差点以外 環状交差点以外をいう。,施設なし,00,23,00,23,05,9,単路（交差点付近を含む）,規制なし,1,4,車両単独,55～64歳,不明,貨物車－大型車,物件等,事業用,対象外当事者,貨物車,対象外当事者,80㎞／ｈ以下,対象外当事者,10,00,大破,対象外当事者,装備あり 作動,対象外当事者,その他,対象外当事者,負傷,対象外当事者,木,その他,35.363974,139.101802,2019-03-14,04:40,red,624,中日本高速道路,走行車線－第二通行帯以上,完全分離－切土,該当なし,平坦・該当なし,,2,該当なし,該当なし,該当なし,0
本票,神奈川,東入間,0081,死亡,1,0,30560,対象外,0000,107,夜－夜,雨,市街地－その他,舗装－湿潤,交差点付近－その他,環状交差点以外 環状交差点以外をいう。,施設なし,00,23,00,23,05,9,単路（交差点付近を含む）,規制なし,3,2,人対車両,45～54歳,75歳以上,乗用車－普通車,歩行者,自家用,対象外当事者,乗用車,対象外当事者,50㎞／ｈ以下,対象外当事者,10,00,小破,対象外当事者,その他,対象外当事者,その他,対象外当事者,損傷なし,死亡,土,その他,35.370257,139.596399,2019-03-30,19:30,red,,,,,,,,,,,,
本票,神奈川,浦和西,0099,死亡,1,0,30000,対象外,0000,105,夜－夜,晴,市街地－人口集中,舗装－乾燥,単路－その他,環状交差点以外 環状交差点以外をいう。,施設なし,00,23,00,23,02,7,単路（交差点付近を含む）,規制なし,5,4,人対車両,35～44歳,65～74歳,乗用車－普通車,歩行者,自家用,対象外当事者,乗用車,対象外当事者,指定の速度規制なし等,対象外当事者,10,00,小破,対象外当事者,その他,対象外当事者,その他,対象外当事者,損傷なし,死亡,日,その他,35.432225,139.579979,2019-03-17,23:00,red,,,,,,,,,,,,
本票,神奈川,行徳,0119,死亡,1,0,30000,対象外,0000,110,昼－昼,晴,市街地－人口集中,舗装－乾燥,交差点付近－その他,環状交差点以外 環状交差点以外をいう。,施設なし,00,23,00,23,05,9,単路（交差点付近を含む）,規制なし,1,2,人対車両,35～44歳,75歳以上,貨物車－準中型車,歩行者,事業用,対象外当事者,貨物車,対象外当事者,30㎞／ｈ以下,対象外当事者,50,00,小破,対象外当事者,その他,対象外当事者,その他,対象外当事者,損傷なし,死亡,木,その他,35.380461,139.540431,2019-03-14,16:20,red,,,,,,,,,,,,