資料区分,都道府県コード,警察署等コード,本票番号,事故内容,死者数,負傷者数,路線コード,上下線,地点コード,市区町村コード,昼夜,天候,地形,路面状態,道路形状,環状交差点の直径,信号機,一時停止規制　標識（当事者A）,一時停止規制　表示（当事者A）,一時停止規制　標識（当事者B）,一時停止規制　表示（当事者B）,車道幅員,道路線形,衝突地点,ゾーン規制,中央分離帯施設等,歩車道区分,事故類型,年齢（当事者A）,年齢（当事者B）,当事者種別（当事者A）,当事者種別（当事者B）,用途別（当事者A）,用途別（当事者B）,車両形状（当事者A）,車両形状（当事者B）,速度規制（指定のみ）（当事者A）,速度規制（指定のみ）（当事者B）,車両の衝突部位（当事者A）,車両の衝突部位（当事者B）,車両の損壊程度（当事者A）,車両の損壊程度（当事者B）,エアバッグの装備（当事者A）,エアバッグの装備（当事者B）,サイドエアバッグの装備（当事者A）,サイドエアバッグの装備（当事者B）,人身損傷程度（当事者A）,人身損傷程度（当事者B）,曜日(発生年月日),祝日(発生年月日),緯度,経度,発生日,発生時,color,発生地点,道路管理者区分,道路区分,道路構造,曲線半径,縦断勾配,トンネル番号,当事者車両台数,車両単独事故の対象物,臨時速度規制の有無,速度規制（臨時のみ）,トンネル延長距離
本票,鳥取,栗山,0060,死亡,1,0,20510,対象外,0000,202,夜－夜,晴,非市街地,舗装－乾燥,単路－その他,環状交差点以外 環状交差点以外をいう。,点灯－押ボタン式,00,23,00,23,03,9,単路（交差点付近を含む）,規制なし,4,2,人対車両,25～34歳,55～64歳,乗用車－普通車,歩行者,自家用,対象外当事者,乗用車,対象外当事者,40㎞／ｈ以下,対象外当事者,10,00,小破,対象外当事者,その他,対象外当事者,その他,対象外当事者,損傷なし,死亡,水,前日,35.424270,133.378217,2019-03-20,02:05,red,,,,,,,,,,,,
本票,鳥取,つがる,0009,死亡,1,0,30000,対象外,0000,204,昼－昼,曇,非市街地,舗装－乾燥,単路－その他,環状交差点以外 環状交差点以外をいう。,施設なし,00,23,00,23,02,9,単路（交差点付近を含む）,規制なし,5,3,人対車両,25～34歳,75歳以上,乗用車－軽自動車,歩行者,自家用,対象外当事者,乗用車,対象外当事者,40㎞／ｈ以下,対象外当事者,50,00,小破,対象外当事者,その他,対象外当事者,その他,対象外当事者,損傷なし,死亡,月,その他,35.504204,133.249999,2019-03-18,08:50,red,,,,,,,,,,,,
本票,島根,中央,0057,死亡,1,0,21150,対象外,0000,201,夜－夜,雨,非市街地,舗装－湿潤,単路－その他,環状交差点以外 環状交差点以外をいう。,施設なし,00,23,00,23,03,7,単路（交差点付近を含む）,規制なし,4,2,人対車両,35～44歳,75歳以上,乗用車－軽自動車,歩行者,自家用,対象外当事者,乗用車,対象外当事者,指定の速度規制なし等,対象外当事者,10,00,中破,対象外当事者,その他,対象外当事者,その他,対象外当事者,損傷なし,死亡,日,その他,35.426362,133.014210,2019-03-10,22:54,red,,,,,,,,,,,,
本票,岡山,西,0019,死亡,1,1,00530,下,0328,101,昼－昼,晴,非市街地,舗装－乾燥,単路－その他,環状交差点以外 環状交差点以外をいう。,施設なし,00,23,00,23,03,9,単路（交差点付近を含む）,規制なし,4,2,車両相互,55～64歳,35～44歳,乗用車－普通車,乗用車－普通車,自家用,自家用,乗用車,乗用車,60㎞／ｈ以下,60㎞／ｈ以下,10,10,大破,大破,装備あり 作動,装備あり 作動,その他,その他,死亡,負傷,土,その他,34.876151,133.903811,2019-03-02,15:06,red,,,,,,,,,,,,
本票,岡山,千歳,0047,死亡,1,1,22150,対象外,0000,103,夜－明,晴,市街地－その他,舗装－乾燥,交差点－その他,環状交差点以外 環状交差点以外をいう。,点滅－３灯式,09,22,09,22,18,9,交差点内,規制なし,5,2,車両相互,55～64歳,0～24歳,貨物車－中型車,乗用車－普通車,事業用,自家用,貨物車,乗用車,50㎞／ｈ以下,60㎞／ｈ以下,50,40,中破,中破,その他,装備あり 作動,その他,その他,死亡,負傷,月,その他,34.636325,133.999094,2019-03-25,05:57,red,,,,,,,,,,,,
本票,岡山,つがる,0117,死亡,1,0,30000,対象外,0000,202,夜－夜,晴,市街地－人口集中,舗装－乾燥,単路－その他,環状交差点以外 環状交差点以外をいう。,施設なし,00,23,00,23,01,9,その他,規制なし,5,4,車両単独,55～64歳,不明,軽車両－自転車,相手なし,対象外当事者,対象外当事者,対象外当事者,対象外当事者,対象外当事者,対象外当事者,10,00,小破,対象外当事者,対象外当事者,対象外当事者,対象外当事者,対象外当事者,死亡,対象外当事者,日,その他,34.588160,133.767710,2019-03-03,02:58,red,,,,,,,,,,,,
本票,岡山,伊達,0023,死亡,1,0,00020,上,1398,211,昼－昼,晴,非市街地,舗装－乾燥,単路－その他,環状交差点以外 環状交差点以外をいう。,施設なし,00,23,00,23,03,7,単路（交差点付近を含む）,規制なし,4,2,車両相互,45～54歳,25～34歳,貨物車－大型車,二輪車－自動二輪－軽二輪－126～250cc,事業用,自家用,貨物車,対象外当事者,指定の速度規制なし等,指定の速度規制なし等,20,20,小破,中破,その他,対象外当事者,その他,対象外当事者,損傷なし,死亡,水,前日,34.764242,134.224737,2019-03-20,13:43,red,,,,,,,,,,,,
本票,広島,西,0083,死亡,1,2,00020,下,3338,103,夜－夜,曇,市街地－人口集中,舗装－乾燥,交差点－その他,環状交差点以外 環状交差点以外をいう。,点灯－３灯式,09,22,09,22,18,9,交差点内,規制なし,5,2,車両相互,45～54歳,0～24歳,乗用車－普通車,二輪車－自動二輪－小型二輪－751ｃｃ以上,事業用,自家用,乗用車,対象外当事者,50㎞／ｈ以下,50㎞／ｈ以下,10,10,大破,大破,装備あり 作動,対象外当事者,その他,対象外当事者,負傷,死亡,月,その他,34.377819,132.476722,2019-03-25,00:05,red,,,,,,,,,,,,
本票,広島,東,0040,死亡,1,0,00310,上,0183,202,夜－明,雨,市街地－人口集中,舗装－湿潤,交差点付近－その他,環状交差点以外 環状交差点以外をいう。,点灯－３灯式,00,23,00,23,05,8,単路（交差点付近を含む）,規制なし,4,2,人対車両,65～74歳,75歳以上,貨物車－軽自動車,歩行者,自家用,対象外当事者,貨物車,対象外当事者,50㎞／ｈ以下,対象外当事者,50,00,小破,対象外当事者,その他,対象外当事者,その他,対象外当事者,損傷なし,死亡,月,その他,34.245419,132.551244,2019-03-04,05:48,red,,,,,,,,,,,,
本票,広島,岩見沢,0104,死亡,1,0,00310,下,0055,309,昼－昼,晴,市街地－人口集中,舗装－乾燥,交差点付近－その他,環状交差点以外 環状交差点以外をいう。,施設なし,00,23,00,23,04,9,単路（交差点付近を含む）,規制なし,1,1,車両相互,65～74歳,45～54歳,貨物車－大型車,二輪車－自動二輪－原付二種－51～125cc,事業用,自家用,貨物車,対象外当事者,50㎞／ｈ以下,50㎞／ｈ以下,30,10,小破,大破,その他,対象外当事者,その他,対象外当事者,損傷なし,死亡,金,その他,34.331625,132.505050,2019-03-29,07:20,red,,,,,,,,,,,,
本票,広島,つがる,0010,死亡,1,0,14010,対象外,0000,211,昼－昼,晴,非市街地,舗装－乾燥,単路－カーブ・屈折,環状交差点以外 環状交差点以外をいう。,施設なし,00,23,00,23,03,2,単路（交差点付近を含む）,規制なし,4,3,車両単独,65～74歳,不明,貨物車－準中型車,物件等,自家用,対象外当事者,貨物車,対象外当事者,40㎞／ｈ以下,対象外当事者,50,00,中破,対象外当事者,その他,対象外当事者,その他,対象外当事者,死亡,対象外当事者,金,その他,34.226111,132.206431,2019-03-08,12:40,red,,,,,,,,,,,,
本票,広島,滝川,0057,死亡,1,0,14700,対象外,0000,106,夜－夜,晴,市街地－人口集中,舗装－乾燥,交差点－その他,環状交差点以外 環状交差点以外をいう。,点滅－３灯式,09,22,00,23,15,9,交差点内,規制なし,5,2,人対車両,45～54歳,75歳以上,貨物車－普通車,歩行者,自家用,対象外当事者,貨物車,対象外当事者,40㎞／ｈ以下,対象外当事者,10,00,小破,対象外当事者,その他,対象外当事者,その他,対象外当事者,損傷なし,死亡,金,その他,34.500700,132.514456,2019-03-22,19:55,red,,,,,,,,,,,,
本票,広島,倶知安,0033,死亡,1,0,23620,対象外,0000,204,昼－昼,晴,非市街地,舗装－乾燥,交差点－その他,環状交差点以外 環状交差点以外をいう。,施設なし,09,22,09,22,14,9,交差点内,規制なし,5,2,車両相互,35～44歳,75歳以上,乗用車－普通車,二輪車－原付自転車,自家用,自家用,乗用車,対象外当事者,50㎞／ｈ以下,指定の速度規制なし等,80,20,小破,中破,その他,対象外当事者,その他,対象外当事者,損傷なし,死亡,日,その他,34.382917,133.000781,2019-03-24,14:45,red,,,,,,,,,,,,
本票,広島,伊達,0210,死亡,1,0,00020,下,2285,207,夜－夜,晴,市街地－人口集中,舗装－乾燥,交差点－その他,環状交差点以外 環状交差点以外をいう。,点灯－３灯式,09,22,00,23,18,9,交差点内,規制なし,5,2,人対車両,45～54歳,75歳以上,乗用車－普通車,歩行者,自家用,対象外当事者,乗用車,対象外当事者,50㎞／ｈ以下,対象外当事者,10,00,中破,対象外当事者,その他,対象外当事者,その他,対象外当事者,損傷なし,死亡,月,その他,34.487722,133.386153,2019-03-18,04:36,red,,,,,,,,,,,,
本票,広島,南,0106,死亡,1,0,37270,対象外,0000,104,昼－昼,晴,市街地－人口集中,舗装－乾燥,交差点－その他,環状交差点以外 環状交差点以外をいう。,施設なし,09,22,00,23,14,9,交差点内,規制なし,5,3,車両単独,75歳以上,不明,乗用車－普通車,物件等,自家用,対象外当事者,乗用車,対象外当事者,指定の速度規制なし等,対象外当事者,10,00,中破,対象外当事者,装備あり 作動,対象外当事者,その他,対象外当事者,死亡,対象外当事者,金,その他,34.395667,132.428313,2019-03-08,15:14,red,,,,,,,,,,,,
本票,広島,豊平,0064,死亡,1,0,37290,対象外,0000,108,夜－夜,曇,市街地－人口集中,舗装－湿潤,交差点付近－その他,環状交差点以外 環状交差点以外をいう。,施設なし,00,23,00,23,03,9,単路（交差点付近を含む）,規制なし,4,2,人対車両,55～64歳,55～64歳,乗用車－普通車,歩行者,事業用,対象外当事者,乗用車,対象外当事者,50㎞／ｈ以下,対象外当事者,10,00,小破,対象外当事者,その他,対象外当事者,その他,対象外当事者,損傷なし,死亡,金,その他,34.377903,132.361681,2019-03-15,22:59,red,,,,,,,,,,,,
本票,山口,高速道路交通警察隊,0016,死亡,1,0,50030,上,0194,203,夜－夜,曇,非市街地,舗装－湿潤,単路－カーブ・屈折,環状交差点以外 環状交差点以外をいう。,施設なし,00,23,00,23,05,3,単路（交差点付近を含む）,規制なし,1,4,車両単独,35～44歳,不明,二輪車－自動二輪－軽二輪－126～250cc,物件等,自家用,対象外当事者,対象外当事者,対象外当事者,80㎞／ｈ以下,対象外当事者,10,00,小破,対象外当事者,対象外当事者,対象外当事者,対象外当事者,対象外当事者,死亡,対象外当事者,水,その他,34.010312,131.323146,2019-03-13,03:58,red,194,都道府県,走行車線－第一通行帯,完全分離－切土,カーブ－700m以上,平坦－１％未満,,1,防護柵－ガードレール,該当なし,80㎞/h以下,0
本票,山口,高速道路交通警察隊,0017,死亡,1,2,45120,下,4100,206,夜－夜,曇,非市街地,舗装－乾燥,単路－カーブ・屈折,環状交差点以外 環状交差点以外をいう。,施設なし,00,23,00,23,05,6,単路（交差点付近を含む）,規制なし,1,4,車両相互,45～54歳,55～64歳,貨物車－大型車,貨物車－大型車,事業用,事業用,貨物車,貨物車,指定の速度規制なし等,指定の速度規制なし等,10,31,大破,大破,その他,その他,その他,その他,負傷,負傷,月,その他,34.073277,131.495256,2019-03-18,19:50,red,4100,西日本高速道路,走行車線－第二通行帯以上,完全分離－切土,カーブ－700m以上,平坦・該当なし,,3,該当なし,あり－その他,該当なし,0
本票,山口,岩見沢,0029,死亡,1,0,01880,下,0554,210,昼－昼,晴,非市街地,舗装－乾燥,交差点－その他,環状交差点以外 環状交差点以外をいう。,施設なし,09,22,01,21,14,9,交差点内,規制なし,4,2,車両相互,75歳以上,75歳以上,貨物車－軽自動車,軽車両－自転車,自家用,対象外当事者,貨物車,対象外当事者,指定の速度規制なし等,対象外当事者,10,40,小破,中破,その他,対象外当事者,その他,対象外当事者,損傷なし,死亡,火,その他,33.930320,131.974480,2019-03-19,14:45,red,,,,,,,,,,,,
本票,山口,美唄,0076,死亡,1,0,37000,対象外,0000,206,昼－昼,晴,市街地－人口集中,舗装－乾燥,交差点－その他,環状交差点以外 環状交差点以外をいう。,点灯－３灯式,09,22,00,23,15,9,交差点内,規制なし,4,4,人対車両,65～74歳,75歳以上,貨物車－軽自動車,歩行者,自家用,対象外当事者,貨物車,対象外当事者,40㎞／ｈ以下,対象外当事者,10,00,小破,対象外当事者,その他,対象外当事者,その他,対象外当事者,損傷なし,死亡,水,その他,34.045315,131.558114,2019-03-13,09:03,red,,,,,,,,,,,,
本票,徳島,高速道路交通警察隊,0002,死亡,1,0,46010,上,0263,206,昼－昼,雨,非市街地,舗装－湿潤,単路－その他,環状交差点以外 環状交差点以外をいう。,施設なし,00,23,00,23,03,9,単路（交差点付近を含む）,規制なし,6,4,車両相互,55～64歳,35～44歳,貨物車－中型車,貨物車－軽自動車,事業用,自家用,貨物車,貨物車,70㎞／ｈ以下,70㎞／ｈ以下,80,10,中破,大破,その他,その他,その他,その他,損傷なし,死亡,火,その他,34.110062,134.317364,2019-03-19,07:30,red,263,西日本高速道路,走行車線－第一通行帯,非分離－トンネル出入り口部－トンネル間明かり部,直線,平坦－２％以上,,2,該当なし,該当なし,該当なし,0
本票,徳島,西,0043,死亡,2,4,30000,対象外,0000,202,昼－昼,晴,市街地－その他,舗装－乾燥,交差点付近－その他,環状交差点以外 環状交差点以外をいう。,点灯－３灯式,00,23,00,23,03,8,単路（交差点付近を含む）,規制なし,4,3,車両相互,75歳以上,55～64歳,乗用車－普通車,乗用車－普通車,自家用,自家用,乗用車,乗用車,40㎞／ｈ以下,40㎞／ｈ以下,81,60,中破,小破,装備あり 作動,その他,装備あり 作動,その他,負傷,損傷なし,月,その他,34.185738,134.613146,2019-03-18,08:45,red,,,,,,,,,,,,
本票,徳島,江別,0083,死亡,1,0,10150,対象外,0000,405,昼－昼,晴,非市街地,舗装－乾燥,交差点－その他,環状交差点以外 環状交差点以外をいう。,点灯－押ボタン式,09,22,01,21,14,9,交差点内,規制なし,4,3,車両相互,55～64歳,75歳以上,貨物車－中型車,軽車両－自転車,事業用,対象外当事者,貨物車,対象外当事者,指定の速度規制なし等,対象外当事者,10,20,小破,小破,その他,対象外当事者,その他,対象外当事者,損傷なし,死亡,水,その他,34.099567,134.407289,2019-03-13,15:40,red,,,,,,,,,,,,
本票,香川,岩見沢,0247,死亡,1,0,37000,対象外,0000,201,夜－夜,雨,市街地－人口集中,舗装－湿潤,単路－その他,環状交差点以外 環状交差点以外をいう。,施設なし,00,23,00,23,04,9,単路（交差点付近を含む）,規制なし,4,2,人対車両,45～54歳,75歳以上,乗用車－軽自動車,歩行者,自家用,対象外当事者,乗用車,対象外当事者,40㎞／ｈ以下,対象外当事者,80,00,小破,対象外当事者,その他,対象外当事者,その他,対象外当事者,損傷なし,死亡,土,その他,34.326173,134.070334,2019-03-30,19:24,red,,,,,,,,,,,,
本票,愛媛,栗山,0042,死亡,1,0,14320,対象外,0000,201,昼－昼,曇,非市街地,舗装－湿潤,単路－その他,環状交差点以外 環状交差点以外をいう。,施設なし,00,23,00,23,03,9,単路（交差点付近を含む）,規制なし,4,3,車両相互,35～44歳,45～54歳,貨物車－大型車,二輪車－原付自転車,事業用,自家用,貨物車,対象外当事者,40㎞／ｈ以下,指定の速度規制なし等,00,00,損壊なし,小破,その他,対象外当事者,その他,対象外当事者,損傷なし,死亡,月,その他,33.842865,132.707978,2019-03-11,07:33,red,,,,,,,,,,,,
本票,愛媛,野辺地,0022,死亡,1,0,37000,対象外,0000,210,昼－昼,晴,非市街地,非舗装,交差点－その他,環状交差点以外 環状交差点以外をいう。,施設なし,09,22,00,23,11,9,その他,規制なし,5,4,車両単独,65～74歳,不明,貨物車－準中型車,相手なし,自家用,対象外当事者,貨物車,対象外当事者,指定の速度規制なし等,対象外当事者,50,00,中破,対象外当事者,その他,対象外当事者,その他,対象外当事者,死亡,対象外当事者,木,当日,33.676741,132.653070,2019-03-21,16:00,red,,,,,,,,,,,,
本票,高知,滝川,0008,死亡,1,0,90000,対象外,0000,210,昼－昼,晴,非市街地,舗装－乾燥,単路－橋,環状交差点以外 環状交差点以外をいう。,施設なし,00,23,00,23,01,9,その他,規制なし,5,4,車両単独,75歳以上,不明,軽車両－自転車,相手なし,対象外当事者,対象外当事者,対象外当事者,対象外当事者,対象外当事者,対象外当事者,20,00,小破,対象外当事者,対象外当事者,対象外当事者,対象外当事者,対象外当事者,死亡,対象外当事者,土,その他,33.172887,132.748503,2019-02-23,14:00,red,,,,,,,,,,,,
本票,高知,滝川,0011,死亡,1,0,03210,対象外,0000,209,昼－明,晴,市街地－その他,舗装－乾燥,交差点－その他,環状交差点以外 環状交差点以外をいう。,施設なし,09,22,00,23,14,9,交差点内,規制なし,5,2,人対車両,35～44歳,75歳以上,貨物車－軽自動車,歩行者,自家用,対象外当事者,貨物車,対象外当事者,40㎞／ｈ以下,対象外当事者,10,00,中破,対象外当事者,その他,対象外当事者,その他,対象外当事者,損傷なし,死亡,金,その他,32.790586,132.874886,2019-03-29,06:42,red,,,,,,,,,,,,
本票,福岡,東,0409,死亡,1,0,14450,対象外,0000,137,夜－夜,曇,市街地－人口集中,舗装－湿潤,交差点－その他,環状交差点以外 環状交差点以外をいう。,点灯－３灯式,09,22,00,23,19,9,交差点内,規制なし,5,2,車両単独,0～24歳,不明,乗用車－軽自動車,物件等,自家用,対象外当事者,乗用車,対象外当事者,40㎞／ｈ以下,対象外当事者,10,00,小破,対象外当事者,その他,対象外当事者,その他,対象外当事者,死亡,対象外当事者,土,その他,33.542425,130.353958,2019-03-16,02:35,red,,,,,,,,,,,,
本票,福岡,砂川,0094,死亡,1,1,03860,対象外,0000,228,夜－暮,雨,非市街地,舗装－湿潤,単路－カーブ・屈折,環状交差点以外 環状交差点以外をいう。,施設なし,00,23,00,23,03,1,単路（交差点付近を含む）,規制なし,4,2,車両相互,25～34歳,25～34歳,乗用車－普通車,乗用車－軽自動車,自家用,自家用,乗用車,乗用車,50㎞／ｈ以下,50㎞／ｈ以下,10,10,小破,中破,装備あり 作動,装備あり 作動,装備あり 作動,装備あり 作動,負傷,死亡,土,その他,33.355058,130.824717,2019-03-02,18:15,red,,,,,,,,,,,,
本票,福岡,三戸,0306,死亡,1,0,00030,上,0903,221,夜－夜,晴,市街地－人口集中,舗装－乾燥,交差点－その他,環状交差点以外 環状交差点以外をいう。,点灯－３灯式,09,22,09,22,19,9,交差点内,規制なし,5,2,車両相互,35～44歳,25～34歳,乗用車－普通車,軽車両－自転車,自家用,対象外当事者,乗用車,対象外当事者,指定の速度規制なし等,対象外当事者,11,44,中破,大破,その他,対象外当事者,その他,対象外当事者,損傷なし,死亡,日,その他,33.511093,130.515216,2019-03-24,21:28,red,,,,,,,,,,,,
本票,福岡,岸和田,0234,死亡,1,0,14130,対象外,0000,621,夜－夜,雨,市街地－人口集中,舗装－湿潤,単路－その他,環状交差点以外 環状交差点以外をいう。,施設なし,00,23,00,23,05,9,単路（交差点付近を含む）,規制なし,1,2,車両単独,35～44歳,不明,乗用車－軽自動車,物件等,自家用,対象外当事者,乗用車,対象外当事者,指定の速度規制なし等,対象外当事者,11,00,大破,対象外当事者,その他,対象外当事者,その他,対象外当事者,死亡,対象外当事者,月,その他,33.772176,130.986428,2019-03-18,20:40,red,,,,,,,,,,,,
本票,福岡,稚内,0050,死亡,1,1,02111,対象外,0000,227,昼－昼,晴,非市街地,舗装－乾燥,単路－橋,環状交差点以外 環状交差点以外をいう。,施設なし,00,23,00,23,03,8,その他,規制なし,4,3,車両単独,55～64歳,不明,貨物車－軽自動車,相手なし,自家用,対象外当事者,貨物車,対象外当事者,指定の速度規制なし等,対象外当事者,10,00,大破,対象外当事者,その他,対象外当事者,その他,対象外当事者,負傷,対象外当事者,日,その他,33.480004,130.800673,2019-03-31,14:55,red,,,,,,,,,,,,
本票,福岡,新得,0114,死亡,1,0,24360,対象外,0000,207,夜－夜,晴,市街地－その他,舗装－乾燥,単路－その他,環状交差点以外 環状交差点以外をいう。,施設なし,00,23,00,23,02,9,その他,規制なし,5,3,車両単独,55～64歳,不明,軽車両－自転車,相手なし,対象外当事者,対象外当事者,対象外当事者,対象外当事者,対象外当事者,対象外当事者,00,00,小破,対象外当事者,対象外当事者,対象外当事者,対象外当事者,対象外当事者,死亡,対象外当事者,土,その他,33.143533,130.428384,2019-03-09,00:03,red,,,,,,,,,,,,
本票,佐賀,砂川,0068,死亡,1,0,14340,対象外,1609,206,夜－夜,晴,非市街地,舗装－乾燥,単路－その他,環状交差点以外 環状交差点以外をいう。,施設なし,00,23,00,23,03,9,単路（交差点付近を含む）,規制なし,4,3,車両単独,45～54歳,不明,乗用車－普通車,物件等,自家用,対象外当事者,乗用車,対象外当事者,50㎞／ｈ以下,対象外当事者,40,00,大破,対象外当事者,その他,対象外当事者,その他,対象外当事者,死亡,対象外当事者,日,その他,33.186512,129.968010,2019-03-31,02:00,red,,,,,,,,,,,,
本票,佐賀,滝川,0063,死亡,1,0,14240,対象外,0424,424,夜－夜,曇,市街地－その他,舗装－乾燥,単路－その他,環状交差点以外 環状交差点以外をいう。,施設なし,00,23,00,23,03,9,単路（交差点付近を含む）,規制なし,4,3,人対車両,35～44歳,65～74歳,乗用車－軽自動車,歩行者,自家用,対象外当事者,乗用車,対象外当事者,40㎞／ｈ以下,対象外当事者,10,00,中破,対象外当事者,その他,対象外当事者,その他,対象外当事者,損傷なし,死亡,金,その他,33.219807,130.160037,2019-03-08,22:57,red,,,,,,,,,,,,
本票,長崎,中央,0121,死亡,1,0,03240,対象外,0000,201,夜－夜,晴,市街地－人口集中,舗装－乾燥,単路－その他,環状交差点以外 環状交差点以外をいう。,点灯－押ボタン式,00,23,00,23,03,8,単路（交差点付近を含む）,規制なし,4,2,人対車両,55～64歳,25～34歳,乗用車－普通車,歩行者,事業用,対象外当事者,乗用車,対象外当事者,40㎞／ｈ以下,対象外当事者,10,00,小破,対象外当事者,その他,対象外当事者,その他,対象外当事者,損傷なし,死亡,水,その他,32.736428,129.886324,2019-03-27,22:37,red,,,,,,,,,,,,
本票,長崎,白石,0054,死亡,1,0,30000,対象外,0000,201,昼－昼,晴,市街地－人口集中,舗装－乾燥,交差点付近－その他,環状交差点以外 環状交差点以外をいう。,施設なし,00,23,00,23,03,3,単路（交差点付近を含む）,規制なし,5,2,人対車両,75歳以上,75歳以上,乗用車－普通車,歩行者,自家用,対象外当事者,乗用車,対象外当事者,20㎞／ｈ以下,対象外当事者,80,00,小破,対象外当事者,その他,対象外当事者,その他,対象外当事者,損傷なし,死亡,金,その他,32.686501,129.838949,2019-03-15,10:20,red,,,,,,,,,,,,
本票,長崎,東,0068,死亡,1,0,30000,対象外,0000,201,夜－暮,雨,市街地－人口集中,舗装－湿潤,交差点－その他,環状交差点以外 環状交差点以外をいう。,施設なし,09,22,00,23,14,8,交差点内,規制なし,4,2,人対車両,25～34歳,75歳以上,二輪車－自動二輪－原付二種－51～125cc,歩行者,自家用,対象外当事者,対象外当事者,対象外当事者,40㎞／ｈ以下,対象外当事者,10,00,小破,対象外当事者,対象外当事者,対象外当事者,対象外当事者,対象外当事者,損傷なし,死亡,日,その他,32.805180,129.836405,2019-03-03,18:55,red,,,,,,,,,,,,
本票,長崎,東,0098,死亡,1,0,20020,対象外,0000,201,夜－夜,晴,市街地－人口集中,舗装－乾燥,交差点－その他,環状交差点以外 環状交差点以外をいう。,点灯－３灯式,09,22,00,23,15,7,交差点内,規制なし,4,1,人対車両,65～74歳,75歳以上,乗用車－普通車,歩行者,自家用,対象外当事者,乗用車,対象外当事者,40㎞／ｈ以下,対象外当事者,10,00,小破,対象外当事者,その他,対象外当事者,その他,対象外当事者,損傷なし,死亡,土,その他,32.779280,129.888088,2019-03-30,20:15,red,,,,,,,,,,,,
本票,長崎,千歳,0067,死亡,1,0,10040,対象外,0000,307,夜－夜,曇,市街地－その他,舗装－湿潤,単路－カーブ・屈折,環状交差点以外 環状交差点以外をいう。,施設なし,00,23,00,23,03,3,単路（交差点付近を含む）,規制なし,4,2,車両単独,0～24歳,不明,乗用車－軽自動車,物件等,自家用,対象外当事者,乗用車,対象外当事者,50㎞／ｈ以下,対象外当事者,40,00,大破,対象外当事者,その他,対象外当事者,その他,対象外当事者,死亡,対象外当事者,日,その他,32.813251,129.856762,2019-03-10,01:20,red,,,,,,,,,,,,
本票,長崎,芦別,0019,死亡,1,0,10210,対象外,0000,323,昼－昼,晴,市街地－その他,舗装－乾燥,単路－カーブ・屈折,環状交差点以外 環状交差点以外をいう。,施設なし,00,23,00,23,03,3,単路（交差点付近を含む）,規制なし,4,1,車両単独,75歳以上,不明,乗用車－普通車,物件等,自家用,対象外当事者,乗用車,対象外当事者,40㎞／ｈ以下,対象外当事者,10,00,大破,対象外当事者,装備あり 作動,対象外当事者,その他,対象外当事者,死亡,対象外当事者,金,その他,33.141426,129.906899,2019-03-15,14:20,red,,,,,,,,,,,,
本票,長崎,北,0002,死亡,1,1,10390,対象外,0000,209,昼－昼,晴,非市街地,舗装－乾燥,交差点－その他,環状交差点以外 環状交差点以外をいう。,施設なし,09,22,09,22,14,8,交差点内,規制なし,4,3,車両相互,65～74歳,45～54歳,乗用車－普通車,二輪車－自動二輪－小型二輪－751ｃｃ以上,自家用,自家用,乗用車,対象外当事者,指定の速度規制なし等,指定の速度規制なし等,60,12,中破,大破,その他,対象外当事者,その他,対象外当事者,損傷なし,死亡,日,その他,34.504247,129.420158,2019-03-24,14:50,red,,,,,,,,,,,,
本票,熊本,白石,0104,死亡,1,0,95000,対象外,0000,104,昼－昼,晴,市街地－その他,非舗装,踏切－第一種,環状交差点以外 環状交差点以外をいう。,施設なし,00,23,00,23,01,9,その他,規制なし,5,4,列車,55～64歳,55～64歳,列車,歩行者,対象外当事者,対象外当事者,対象外当事者,対象外当事者,対象外当事者,対象外当事者,15,00,小破,対象外当事者,対象外当事者,対象外当事者,対象外当事者,対象外当事者,損傷なし,死亡,水,前日,32.778391,130.695240,2019-03-20,08:02,red,,,,,,,,,,,,
本票,熊本,江別,0057,死亡,1,1,30000,対象外,0000,206,昼－昼,曇,非市街地,舗装－乾燥,交差点－その他,環状交差点以外 環状交差点以外をいう。,点灯－３灯式,09,22,09,22,15,9,交差点内,規制なし,5,2,車両相互,65～74歳,65～74歳,乗用車－軽自動車,乗用車－軽自動車,自家用,自家用,乗用車,乗用車,40㎞／ｈ以下,40㎞／ｈ以下,24,10,中破,中破,その他,装備あり 作動,その他,その他,死亡,負傷,金,その他,32.903524,130.559303,2019-03-22,09:41,red,,,,,,,,,,,,
本票,熊本,三戸,0010,死亡,1,0,30000,対象外,0000,428,夜－暮,雨,非市街地,舗装－湿潤,単路－その他,環状交差点以外 環状交差点以外をいう。,施設なし,00,23,00,23,03,9,単路（交差点付近を含む）,規制なし,4,3,人対車両,45～54歳,65～74歳,乗用車－軽自動車,歩行者,自家用,対象外当事者,乗用車,対象外当事者,指定の速度規制なし等,対象外当事者,88,00,小破,対象外当事者,その他,対象外当事者,その他,対象外当事者,損傷なし,死亡,日,その他,32.821357,131.116131,2019-03-03,18:40,red,,,,,,,,,,,,
本票,熊本,北,0202,死亡,1,0,22350,対象外,0000,102,昼－昼,晴,非市街地,舗装－乾燥,交差点－その他,環状交差点以外 環状交差点以外をいう。,施設なし,09,22,01,21,14,9,交差点内,規制なし,4,2,車両相互,55～64歳,45～54歳,特殊車－大型－その他,二輪車－自動二輪－軽二輪－126～250cc,対象外当事者,自家用,対象外当事者,対象外当事者,50㎞／ｈ以下,指定の速度規制なし等,51,42,小破,大破,対象外当事者,対象外当事者,対象外当事者,対象外当事者,損傷なし,死亡,日,その他,32.816070,130.808881,2019-03-31,07:25,red,,,,,,,,,,,,