資料区分,都道府県コード,警察署等コード,本票番号,事故内容,死者数,負傷者数,路線コード,上下線,地点コード,市区町村コード,昼夜,天候,地形,路面状態,道路形状,環状交差点の直径,信号機,一時停止規制　標識（当事者A）,一時停止規制　表示（当事者A）,一時停止規制　標識（当事者B）,一時停止規制　表示（当事者B）,車道幅員,道路線形,衝突地点,ゾーン規制,中央分離帯施設等,歩車道区分,事故類型,年齢（当事者A）,年齢（当事者B）,当事者種別（当事者A）,当事者種別（当事者B）,用途別（当事者A）,用途別（当事者B）,車両形状（当事者A）,車両形状（当事者B）,速度規制（指定のみ）（当事者A）,速度規制（指定のみ）（当事者B）,車両の衝突部位（当事者A）,車両の衝突部位（当事者B）,車両の損壊程度（当事者A）,車両の損壊程度（当事者B）,エアバッグの装備（当事者A）,エアバッグの装備（当事者B）,サイドエアバッグの装備（当事者A）,サイドエアバッグの装備（当事者B）,人身損傷程度（当事者A）,人身損傷程度（当事者B）,曜日(発生年月日),祝日(発生年月日),緯度,経度,発生日,発生時,color,発生地点,道路管理者区分,道路区分,道路構造,曲線半径,縦断勾配,トンネル番号,当事者車両台数,車両単独事故の対象物,臨時速度規制の有無,速度規制（臨時のみ）,トンネル延長距離
本票,熊本,北,0203,死亡,1,0,00031,上,0000,102,夜－夜,晴,市街地－人口集中,舗装－乾燥,交差点－その他,環状交差点以外 環状交差点以外をいう。,点灯－３灯式,09,22,00,23,19,9,交差点内,規制なし,1,2,人対車両,55～64歳,0～24歳,乗用車－軽自動車,歩行者,自家用,対象外当事者,乗用車,対象外当事者,指定の速度規制なし等,対象外当事者,50,00,大破,対象外当事者,その他,対象外当事者,その他,対象外当事者,損傷なし,死亡,日,その他,32.816330,130.750647,2019-03-31,20:35,red,,,,,,,,,,,,
本票,熊本,豊平,0069,死亡,1,0,00031,下,0000,105,夜－夜,晴,市街地－その他,舗装－乾燥,交差点－その他,環状交差点以外 環状交差点以外をいう。,点灯－３灯式,09,22,00,23,18,9,交差点内,規制なし,1,1,人対車両,0～24歳,45～54歳,乗用車－普通車,歩行者,自家用,対象外当事者,乗用車,対象外当事者,指定の速度規制なし等,対象外当事者,50,00,小破,対象外当事者,その他,対象外当事者,その他,対象外当事者,損傷なし,死亡,土,その他,32.829391,130.747279,2019-03-02,01:18,red,,,,,,,,,,,,
本票,大分,中央,0141,死亡,1,0,20020,対象外,0000,201,夜－夜,晴,市街地－その他,舗装－乾燥,単路－その他,環状交差点以外 環状交差点以外をいう。,施設なし,00,23,00,23,03,9,単路（交差点付近を含む）,規制なし,4,2,人対車両,35～44歳,75歳以上,貨物車－準中型車,歩行者,事業用,対象外当事者,貨物車,対象外当事者,30㎞／ｈ以下,対象外当事者,50,00,小破,対象外当事者,その他,対象外当事者,その他,対象外当事者,損傷なし,死亡,日,その他,33.211788,131.591344,2019-03-17,05:20,red,,,,,,,,,,,,
本票,大分,砂川,0007,死亡,1,1,30000,対象外,0000,208,夜－暮,曇,非市街地,舗装－乾燥,交差点－その他,環状交差点以外 環状交差点以外をいう。,施設なし,09,22,09,22,11,9,交差点内,規制なし,4,2,車両相互,35～44歳,35～44歳,貨物車－普通車,貨物車－軽自動車,自家用,自家用,貨物車,貨物車,指定の速度規制なし等,指定の速度規制なし等,80,20,中破,中破,装備あり 作動,その他,その他,その他,損傷なし,死亡,火,その他,32.913875,131.291158,2019-03-05,18:15,red,,,,,,,,,,,,
本票,大分,余市,0085,死亡,1,1,01970,対象外,0000,201,夜－夜,晴,市街地－その他,舗装－乾燥,交差点付近－その他,環状交差点以外 環状交差点以外をいう。,施設なし,00,23,00,23,06,9,単路（交差点付近を含む）,規制なし,4,2,人対車両,45～54歳,65～74歳,乗用車－普通車,歩行者,自家用,対象外当事者,乗用車,対象外当事者,50㎞／ｈ以下,対象外当事者,80,00,小破,対象外当事者,その他,対象外当事者,その他,対象外当事者,損傷なし,死亡,日,その他,33.241283,131.675434,2019-03-24,21:00,red,,,,,,,,,,,,
本票,大分,倶知安,0074,死亡,1,0,30000,対象外,0000,201,夜－暮,晴,市街地－その他,舗装－乾燥,交差点－その他,環状交差点以外 環状交差点以外をいう。,施設なし,09,22,00,23,15,9,交差点内,規制なし,5,2,人対車両,35～44歳,75歳以上,乗用車－軽自動車,歩行者,自家用,対象外当事者,乗用車,対象外当事者,指定の速度規制なし等,対象外当事者,10,00,小破,対象外当事者,その他,対象外当事者,その他,対象外当事者,損傷なし,死亡,金,その他,33.181983,131.541650,2019-03-08,18:53,red,,,,,,,,,,,,
本票,大分,倶知安,0082,死亡,1,0,20030,対象外,0000,201,昼－昼,晴,非市街地,舗装－乾燥,単路－その他,環状交差点以外 環状交差点以外をいう。,施設なし,00,23,00,23,03,7,単路（交差点付近を含む）,規制なし,4,3,人対車両,35～44歳,75歳以上,乗用車－普通車,歩行者,自家用,対象外当事者,乗用車,対象外当事者,指定の速度規制なし等,対象外当事者,10,00,小破,対象外当事者,その他,対象外当事者,その他,対象外当事者,損傷なし,死亡,日,その他,33.214491,131.539794,2019-03-24,17:00,red,,,,,,,,,,,,
本票,宮崎,中央,0305,死亡,1,0,30000,対象外,0000,201,夜－夜,晴,市街地－その他,舗装－乾燥,交差点付近－その他,環状交差点以外 環状交差点以外をいう。,施設なし,00,23,00,23,03,9,単路（交差点付近を含む）,規制なし,4,3,人対車両,25～34歳,0～24歳,乗用車－軽自動車,歩行者,自家用,対象外当事者,乗用車,対象外当事者,指定の速度規制なし等,対象外当事者,10,00,中破,対象外当事者,その他,対象外当事者,その他,対象外当事者,損傷なし,死亡,金,その他,31.905391,131.432048,2019-03-08,03:45,red,,,,,,,,,,,,
本票,宮崎,中央,0402,死亡,1,0,02691,対象外,0000,201,夜－暮,晴,市街地－人口集中,舗装－乾燥,交差点－その他,環状交差点以外 環状交差点以外をいう。,施設なし,09,22,00,23,17,9,交差点内,規制なし,6,2,人対車両,35～44歳,75歳以上,乗用車－普通車,歩行者,自家用,対象外当事者,乗用車,対象外当事者,50㎞／ｈ以下,対象外当事者,10,00,中破,対象外当事者,その他,対象外当事者,その他,対象外当事者,損傷なし,死亡,日,その他,31.915874,131.415513,2019-03-24,18:59,red,,,,,,,,,,,,
本票,宮崎,白石,0054,死亡,1,1,02200,上,0288,204,昼－昼,晴,非市街地,舗装－乾燥,単路－カーブ・屈折,環状交差点以外 環状交差点以外をいう。,施設なし,00,23,00,23,03,6,単路（交差点付近を含む）,規制なし,4,2,車両相互,45～54歳,65～74歳,乗用車－普通車,乗用車－軽自動車,自家用,自家用,乗用車,乗用車,40㎞／ｈ以下,40㎞／ｈ以下,10,10,大破,大破,装備あり 作動,装備あり 作動,その他,その他,負傷,損傷なし,土,その他,31.710519,131.455092,2019-03-16,14:53,red,,,,,,,,,,,,
本票,宮崎,千歳,0005,死亡,1,1,02210,対象外,0000,209,夜－暮,晴,非市街地,舗装－乾燥,単路－カーブ・屈折,環状交差点以外 環状交差点以外をいう。,施設なし,00,23,00,23,03,2,単路（交差点付近を含む）,規制なし,4,2,車両相互,35～44歳,65～74歳,貨物車－大型車,貨物車－軽自動車,事業用,自家用,貨物車,貨物車,指定の速度規制なし等,指定の速度規制なし等,58,10,中破,大破,その他,その他,その他,その他,損傷なし,死亡,水,前日,32.044559,130.893420,2019-03-20,18:48,red,,,,,,,,,,,,
本票,宮崎,美唄,0102,死亡,1,0,30000,対象外,0000,203,夜－暮,晴,非市街地,舗装－乾燥,交差点－その他,環状交差点以外 環状交差点以外をいう。,施設なし,09,22,00,23,14,8,交差点内,規制なし,4,2,人対車両,65～74歳,75歳以上,乗用車－普通車,歩行者,自家用,対象外当事者,乗用車,対象外当事者,40㎞／ｈ以下,対象外当事者,10,00,小破,対象外当事者,その他,対象外当事者,その他,対象外当事者,損傷なし,死亡,木,当日,32.537357,131.673478,2019-03-21,18:41,red,,,,,,,,,,,,
本票,鹿児島,第二交通機動隊,0008,死亡,1,0,47010,上,0000,201,昼－昼,晴,非市街地,舗装－乾燥,単路－トンネル,環状交差点以外 環状交差点以外をいう。,施設なし,00,23,00,23,03,3,単路（交差点付近を含む）,規制なし,1,4,車両相互,25～34歳,35～44歳,貨物車－大型車,貨物車－軽自動車,自家用,自家用,貨物車,貨物車,80㎞／ｈ以下,80㎞／ｈ以下,36,58,中破,大破,その他,装備あり 作動,その他,その他,損傷なし,死亡,金,その他,31.590892,130.514198,2019-03-08,14:20,red,3455,西日本高速道路,走行車線－第一通行帯,完全分離－トンネル,カーブ－500m以上,平坦－１％未満,衆音別,2,該当なし,該当なし,該当なし,830
本票,鹿児島,中央,0156,死亡,1,0,02240,下,0098,201,昼－暮,晴,非市街地,舗装－乾燥,単路－その他,環状交差点以外 環状交差点以外をいう。,施設なし,00,23,00,23,03,7,単路（交差点付近を含む）,規制なし,4,1,車両単独,0～24歳,不明,二輪車－自動二輪－軽二輪－126～250cc,物件等,自家用,対象外当事者,対象外当事者,対象外当事者,50㎞／ｈ以下,対象外当事者,14,00,小破,対象外当事者,対象外当事者,対象外当事者,対象外当事者,対象外当事者,死亡,対象外当事者,水,前日,31.560042,130.625601,2019-03-20,17:40,red,,,,,,,,,,,,
本票,鹿児島,東,0129,死亡,1,0,10240,対象外,0000,201,昼－明,晴,市街地－その他,舗装－湿潤,交差点－その他,環状交差点以外 環状交差点以外をいう。,点灯－３灯式,09,22,00,23,15,9,交差点内,規制なし,4,2,人対車両,55～64歳,75歳以上,貨物車－中型車,歩行者,事業用,対象外当事者,貨物車,対象外当事者,40㎞／ｈ以下,対象外当事者,50,00,小破,対象外当事者,その他,対象外当事者,その他,対象外当事者,損傷なし,死亡,火,その他,31.583407,130.522494,2019-03-26,06:40,red,,,,,,,,,,,,
本票,鹿児島,岩見沢,0017,死亡,1,0,39000,対象外,0000,220,昼－昼,晴,非市街地,舗装－乾燥,交差点－その他,環状交差点以外 環状交差点以外をいう。,施設なし,09,22,00,23,15,1,交差点内,規制なし,4,4,車両単独,75歳以上,不明,乗用車－普通車,物件等,自家用,対象外当事者,乗用車,対象外当事者,40㎞／ｈ以下,対象外当事者,12,00,大破,対象外当事者,装備あり 作動,対象外当事者,その他,対象外当事者,死亡,対象外当事者,月,その他,31.400394,130.305821,2019-03-18,12:53,red,,,,,,,,,,,,
本票,鹿児島,余市,0057,死亡,1,0,39000,対象外,0000,225,夜－夜,晴,市街地－人口集中,舗装－乾燥,踏切－第一種,環状交差点以外 環状交差点以外をいう。,施設なし,00,23,00,23,03,9,その他,規制なし,5,2,列車,65～74歳,不明,軽車両－自転車,物件等,対象外当事者,対象外当事者,対象外当事者,対象外当事者,対象外当事者,対象外当事者,40,00,小破,対象外当事者,対象外当事者,対象外当事者,対象外当事者,対象外当事者,死亡,対象外当事者,日,その他,31.738882,130.659028,2019-02-17,05:20,red,,,,,,,,,,,,
本票,鹿児島,伊達,0015,死亡,1,0,39000,対象外,0000,217,昼－昼,晴,非市街地,舗装－湿潤,単路－カーブ・屈折,環状交差点以外 環状交差点以外をいう。,施設なし,00,23,00,23,02,3,単路（交差点付近を含む）,規制なし,5,4,車両単独,75歳以上,不明,貨物車－軽自動車,相手なし,自家用,対象外当事者,貨物車,対象外当事者,指定の速度規制なし等,対象外当事者,10,00,中破,対象外当事者,その他,対象外当事者,その他,対象外当事者,死亡,対象外当事者,火,その他,31.603065,131.083509,2019-02-26,15:00,red,,,,,,,,,,,,
本票,沖縄,交通機動隊,0015,死亡,1,0,50010,上,0000,350,昼－昼,晴,非市街地,舗装－乾燥,単路－その他,環状交差点以外 環状交差点以外をいう。,施設なし,00,23,00,23,05,7,単路（交差点付近を含む）,規制なし,1,3,車両単独,45～54歳,不明,二輪車－自動二輪－小型二輪－401～750ｃｃ,物件等,自家用,対象外当事者,対象外当事者,対象外当事者,80㎞／ｈ以下,対象外当事者,10,00,小破,対象外当事者,対象外当事者,対象外当事者,対象外当事者,対象外当事者,死亡,対象外当事者,金,その他,26.213239,127.738236,2019-03-22,14:25,red,10,都道府県,走行車線－第一通行帯,完全分離－高架・橋梁,直線,平坦・該当なし,,1,防護柵－コンクリート,該当なし,該当なし,0
本票,沖縄,中央,0173,死亡,1,0,00580,下,1201,201,夜－夜,曇,市街地－人口集中,舗装－乾燥,交差点－その他,環状交差点以外 環状交差点以外をいう。,点灯－３灯式,09,22,09,22,18,9,交差点内,規制なし,5,2,車両相互,55～64歳,35～44歳,乗用車－普通車,二輪車－自動二輪－小型二輪－751ｃｃ以上,事業用,自家用,乗用車,対象外当事者,50㎞／ｈ以下,50㎞／ｈ以下,80,10,中破,大破,その他,対象外当事者,その他,対象外当事者,損傷なし,死亡,月,その他,26.218129,127.680851,2019-03-18,05:21,red,,,,,,,,,,,,
本票,沖縄,岩見沢,0021,死亡,1,0,32030,対象外,0000,213,夜－明,雨,非市街地,舗装－湿潤,単路－その他,環状交差点以外 環状交差点以外をいう。,施設なし,00,23,00,23,02,7,単路（交差点付近を含む）,規制なし,5,4,車両単独,55～64歳,不明,貨物車－中型車,物件等,自家用,対象外当事者,貨物車,対象外当事者,指定の速度規制なし等,対象外当事者,20,00,小破,対象外当事者,その他,対象外当事者,その他,対象外当事者,死亡,対象外当事者,水,その他,26.367217,127.870090,2019-03-06,06:30,red,,,,,,,,,,,,
本票,北海道（札幌方面）,中央,0111,死亡,1,0,39990,対象外,0000,101,昼－昼,曇,市街地－人口集中,舗装－乾燥,交差点－その他,環状交差点以外 環状交差点以外をいう。,施設なし,01,22,09,22,17,9,交差点内,規制なし,4,2,車両相互,45～54歳,45～54歳,乗用車－普通車,二輪車－自動二輪－軽二輪－126～250cc,自家用,自家用,乗用車,対象外当事者,40㎞／ｈ以下,40㎞／ｈ以下,20,10,小破,中破,その他,対象外当事者,その他,対象外当事者,損傷なし,死亡,水,その他,43.062566,141.369126,2019-04-10,09:10,red,,,,,,,,,,,,
本票,北海道（札幌方面）,中央,0132,死亡,1,3,00050,対象外,2820,101,夜－夜,晴,市街地－人口集中,舗装－乾燥,交差点－その他,環状交差点以外 環状交差点以外をいう。,点灯－３灯式,09,22,09,22,18,9,交差点内,規制なし,5,2,車両相互,65～74歳,65～74歳,乗用車－普通車,乗用車－軽自動車,事業用,自家用,乗用車,乗用車,50㎞／ｈ以下,50㎞／ｈ以下,10,84,中破,中破,その他,装備あり 作動,その他,装備あり 作動,損傷なし,損傷なし,月,当日,43.063906,141.356578,2019-04-29,03:24,red,,,,,,,,,,,,
本票,北海道（札幌方面）,西,0138,死亡,1,0,39990,対象外,0000,101,夜－夜,晴,市街地－人口集中,舗装－乾燥,交差点付近－その他,環状交差点以外 環状交差点以外をいう。,点灯－３灯式,00,23,00,23,06,9,単路（交差点付近を含む）,規制なし,4,2,人対車両,55～64歳,65～74歳,乗用車－軽自動車,歩行者,自家用,対象外当事者,乗用車,対象外当事者,50㎞／ｈ以下,対象外当事者,50,00,中破,対象外当事者,その他,対象外当事者,その他,対象外当事者,損傷なし,死亡,土,その他,43.059444,141.314858,2019-04-20,23:02,red,,,,,,,,,,,,
本票,北海道（札幌方面）,栗山,0018,死亡,1,1,02740,対象外,0335,428,昼－明,晴,非市街地,舗装－乾燥,交差点付近－その他,環状交差点以外 環状交差点以外をいう。,点灯－３灯式,00,23,00,23,04,9,単路（交差点付近を含む）,規制なし,4,2,車両相互,35～44歳,35～44歳,貨物車－大型車,貨物車－大型車,事業用,事業用,貨物車,貨物車,50㎞／ｈ以下,50㎞／ｈ以下,10,30,大破,中破,装備あり 作動,その他,その他,その他,死亡,負傷,水,その他,42.966937,141.671088,2019-04-17,05:38,red,,,,,,,,,,,,
本票,北海道（函館方面）,函館西,0024,死亡,1,0,99000,対象外,0000,202,昼－昼,雨,市街地－その他,舗装－湿潤,一般交通の場所,環状交差点以外 環状交差点以外をいう。,施設なし,00,23,00,23,00,0,その他,規制なし,0,4,車両単独,65～74歳,不明,乗用車－普通車,相手なし,自家用,対象外当事者,乗用車,対象外当事者,指定の速度規制なし等,対象外当事者,10,00,中破,対象外当事者,その他,対象外当事者,その他,対象外当事者,死亡,対象外当事者,月,その他,41.807037,140.715221,2019-03-11,09:00,red,,,,,,,,,,,,
本票,北海道（旭川方面）,士別,0006,死亡,1,4,02390,対象外,1246,472,昼－昼,晴,非市街地,舗装－乾燥,単路－カーブ・屈折,環状交差点以外 環状交差点以外をいう。,施設なし,00,23,00,23,03,3,単路（交差点付近を含む）,規制なし,4,3,車両相互,45～54歳,65～74歳,貨物車－大型車,貨物車－普通車,事業用,自家用,貨物車,貨物車,指定の速度規制なし等,50㎞／ｈ以下,10,10,中破,大破,その他,装備あり 作動,その他,その他,損傷なし,死亡,日,前日,44.204856,142.063658,2019-04-28,13:50,red,,,,,,,,,,,,
本票,北海道（旭川方面）,旭川東,0147,死亡,1,0,00390,対象外,0137,204,夜－夜,雨,非市街地,舗装－湿潤,単路－その他,環状交差点以外 環状交差点以外をいう。,施設なし,00,23,00,23,05,9,単路（交差点付近を含む）,規制なし,4,2,車両相互,55～64歳,75歳以上,貨物車－中型車,軽車両－自転車,事業用,対象外当事者,貨物車,対象外当事者,指定の速度規制なし等,対象外当事者,80,30,小破,大破,その他,対象外当事者,その他,対象外当事者,損傷なし,死亡,火,その他,43.825279,142.457668,2019-04-23,20:00,red,,,,,,,,,,,,
本票,北海道（釧路方面）,釧路,0069,死亡,1,1,29990,対象外,0000,206,昼－昼,曇,非市街地,舗装－乾燥,単路－カーブ・屈折,環状交差点以外 環状交差点以外をいう。,施設なし,00,23,00,23,03,6,単路（交差点付近を含む）,規制なし,4,4,車両相互,75歳以上,35～44歳,乗用車－普通車,貨物車－普通車,自家用,自家用,乗用車,貨物車,指定の速度規制なし等,指定の速度規制なし等,51,51,大破,大破,装備あり 作動,装備あり 作動,その他,その他,死亡,負傷,水,その他,42.928384,143.936223,2019-04-03,12:32,red,,,,,,,,,,,,
本票,北海道（釧路方面）,釧路,0073,死亡,1,0,38050,対象外,0000,206,昼－昼,曇,市街地－人口集中,舗装－乾燥,交差点－その他,環状交差点以外 環状交差点以外をいう。,点灯－押ボタン式,09,22,09,22,17,9,交差点内,規制なし,4,2,車両相互,35～44歳,65～74歳,乗用車－普通車,軽車両－自転車,自家用,対象外当事者,乗用車,対象外当事者,40㎞／ｈ以下,対象外当事者,50,20,小破,小破,その他,対象外当事者,その他,対象外当事者,損傷なし,死亡,月,その他,43.000710,144.384964,2019-04-08,07:13,red,,,,,,,,,,,,
本票,北海道（釧路方面）,厚岸,0002,死亡,1,0,11220,対象外,0000,663,昼－昼,晴,非市街地,舗装－乾燥,単路－その他,環状交差点以外 環状交差点以外をいう。,施設なし,00,23,00,23,03,7,単路（交差点付近を含む）,規制なし,4,2,車両単独,55～64歳,不明,二輪車－自動二輪－軽二輪－126～250cc,物件等,自家用,対象外当事者,対象外当事者,対象外当事者,指定の速度規制なし等,対象外当事者,20,00,小破,対象外当事者,対象外当事者,対象外当事者,対象外当事者,対象外当事者,死亡,対象外当事者,日,前日,43.045668,145.076462,2019-04-28,10:40,red,,,,,,,,,,,,
本票,北海道（釧路方面）,池田,0001,死亡,1,1,02420,対象外,1650,644,昼－昼,晴,非市街地,舗装－凍結,単路－その他,環状交差点以外 環状交差点以外をいう。,施設なし,00,23,00,23,03,9,単路（交差点付近を含む）,規制なし,4,2,車両相互,35～44歳,75歳以上,貨物車－中型車,貨物車－軽自動車,自家用,自家用,貨物車,貨物車,指定の速度規制なし等,指定の速度規制なし等,50,10,小破,大破,その他,装備あり 作動,その他,その他,負傷,死亡,水,その他,43.065913,143.493104,2019-04-03,06:55,red,,,,,,,,,,,,
本票,青森,千歳,0027,死亡,1,0,02790,対象外,0437,208,昼－昼,晴,非市街地,舗装－乾燥,単路－その他,環状交差点以外 環状交差点以外をいう。,施設なし,00,23,00,23,03,9,単路（交差点付近を含む）,規制なし,4,2,車両相互,55～64歳,45～54歳,乗用車－普通車,二輪車－自動二輪－原付二種－51～125cc,自家用,自家用,乗用車,対象外当事者,50㎞／ｈ以下,50㎞／ｈ以下,50,10,小破,小破,その他,対象外当事者,その他,対象外当事者,損傷なし,死亡,土,その他,41.324565,141.216948,2019-04-13,12:37,red,,,,,,,,,,,,
本票,青森,赤歌,0017,死亡,1,0,10140,対象外,0214,201,夜－夜,曇,非市街地,舗装－乾燥,単路－その他,環状交差点以外 環状交差点以外をいう。,施設なし,00,23,00,23,05,9,単路（交差点付近を含む）,規制なし,4,2,車両単独,35～44歳,不明,乗用車－軽自動車,物件等,自家用,対象外当事者,乗用車,対象外当事者,指定の速度規制なし等,対象外当事者,10,00,大破,対象外当事者,装備あり 作動,対象外当事者,その他,対象外当事者,死亡,対象外当事者,土,その他,40.721911,140.591294,2019-04-13,02:00,red,,,,,,,,,,,,
本票,岩手,中央,0124,死亡,1,0,04550,対象外,0000,201,昼－昼,晴,非市街地,舗装－乾燥,単路－カーブ・屈折,環状交差点以外 環状交差点以外をいう。,施設なし,00,23,00,23,03,3,単路（交差点付近を含む）,規制なし,4,3,車両相互,55～64歳,55～64歳,乗用車－普通車,二輪車－自動二輪－小型二輪－751ｃｃ以上,自家用,自家用,乗用車,対象外当事者,指定の速度規制なし等,指定の速度規制なし等,10,10,中破,中破,その他,対象外当事者,その他,対象外当事者,損傷なし,死亡,日,前日,39.843433,141.426646,2019-04-28,15:45,red,,,,,,,,,,,,
本票,岩手,美唄,0009,死亡,1,1,10350,対象外,0000,208,夜－夜,晴,非市街地,舗装－乾燥,単路－その他,環状交差点以外 環状交差点以外をいう。,施設なし,00,23,00,23,03,9,単路（交差点付近を含む）,規制なし,4,2,人対車両,35～44歳,55～64歳,乗用車－普通車,歩行者,自家用,対象外当事者,乗用車,対象外当事者,50㎞／ｈ以下,対象外当事者,00,00,中破,対象外当事者,その他,対象外当事者,その他,対象外当事者,損傷なし,死亡,日,その他,39.321854,141.574508,2019-04-21,23:40,red,,,,,,,,,,,,
本票,岩手,小樽,0068,死亡,1,0,22230,対象外,0000,201,昼－昼,晴,市街地－その他,舗装－乾燥,単路－その他,環状交差点以外 環状交差点以外をいう。,施設なし,00,23,00,23,05,9,単路（交差点付近を含む）,規制なし,4,2,車両相互,65～74歳,65～74歳,乗用車－軽自動車,軽車両－自転車,自家用,対象外当事者,乗用車,対象外当事者,40㎞／ｈ以下,対象外当事者,10,20,小破,中破,その他,対象外当事者,その他,対象外当事者,損傷なし,死亡,水,その他,39.729860,141.106110,2019-04-10,11:38,red,,,,,,,,,,,,
本票,宮城,高速道路交通警察隊,0014,死亡,2,1,50120,下,0000,216,昼－昼,曇,非市街地,舗装－乾燥,単路－その他,環状交差点以外 環状交差点以外をいう。,施設なし,00,23,00,23,04,9,単路（交差点付近を含む）,規制なし,6,4,車両相互,35～44歳,35～44歳,貨物車－中型車,乗用車－軽自動車,自家用,自家用,貨物車,乗用車,70㎞／ｈ以下,70㎞／ｈ以下,80,10,中破,大破,装備あり 作動,装備あり 作動,その他,その他,負傷,死亡,月,その他,38.371522,140.899772,2019-04-01,13:40,red,109,東日本高速道路,走行車線－第一通行帯,非分離－盛土,直線,平坦－１％未満,,3,該当なし,該当なし,該当なし,0
本票,宮城,高速道路交通警察隊,0024,死亡,1,0,42110,上,0000,362,昼－昼,曇,非市街地,舗装－湿潤,単路－その他,環状交差点以外 環状交差点以外をいう。,施設なし,00,23,00,23,04,9,単路（交差点付近を含む）,規制なし,3,4,車両相互,35～44歳,45～54歳,貨物車－大型車,二輪車－自動二輪－小型二輪－751ｃｃ以上,事業用,自家用,貨物車,対象外当事者,70㎞／ｈ以下,70㎞／ｈ以下,20,20,小破,中破,その他,対象外当事者,その他,対象外当事者,損傷なし,死亡,土,その他,37.931030,140.866180,2019-04-27,09:48,red,2828,東日本高速道路,走行車線－第一通行帯,非分離－盛土,直線,平坦－１％以上,,2,該当なし,該当なし,該当なし,0
本票,宮城,白石,0298,死亡,1,3,30470,対象外,0000,104,夜－夜,晴,市街地－人口集中,舗装－乾燥,単路－カーブ・屈折,環状交差点以外 環状交差点以外をいう。,施設なし,00,23,00,23,05,5,単路（交差点付近を含む）,規制なし,1,2,車両単独,0～24歳,不明,乗用車－軽自動車,物件等,自家用,対象外当事者,乗用車,対象外当事者,50㎞／ｈ以下,対象外当事者,10,00,中破,対象外当事者,装備あり 作動,対象外当事者,その他,対象外当事者,負傷,対象外当事者,土,その他,38.231793,140.854354,2019-04-06,21:00,red,,,,,,,,,,,,
本票,宮城,岩見沢,0053,死亡,1,0,02860,対象外,0000,324,夜－夜,晴,非市街地,舗装－乾燥,単路－カーブ・屈折,環状交差点以外 環状交差点以外をいう。,施設なし,00,23,00,23,03,3,単路（交差点付近を含む）,規制なし,4,2,車両単独,35～44歳,不明,乗用車－普通車,相手なし,自家用,対象外当事者,乗用車,対象外当事者,40㎞／ｈ以下,対象外当事者,10,00,大破,対象外当事者,装備あり 作動,対象外当事者,その他,対象外当事者,死亡,対象外当事者,月,その他,38.183901,140.652978,2017-12-04,00:00,red,,,,,,,,,,,,
本票,宮城,岩見沢,0060,死亡,1,0,00040,上,3227,323,夜－夜,晴,市街地－その他,舗装－乾燥,交差点－その他,環状交差点以外 環状交差点以外をいう。,点灯－３灯式,09,22,09,22,19,9,交差点内,規制なし,5,2,車両相互,25～34歳,0～24歳,乗用車－普通車,二輪車－自動二輪－軽二輪－126～250cc,自家用,自家用,乗用車,対象外当事者,指定の速度規制なし等,指定の速度規制なし等,80,10,大破,大破,装備あり 作動,対象外当事者,その他,対象外当事者,損傷なし,死亡,月,当日,38.066539,140.769663,2019-04-29,21:30,red,,,,,,,,,,,,
本票,宮城,野辺地,0025,死亡,1,0,30000,対象外,0000,301,昼－昼,晴,非市街地,舗装－乾燥,単路－カーブ・屈折,環状交差点以外 環状交差点以外をいう。,施設なし,00,23,00,23,03,5,単路（交差点付近を含む）,規制なし,4,2,車両相互,25～34歳,0～24歳,乗用車－軽自動車,二輪車－自動二輪－小型二輪－251～400cc,自家用,自家用,乗用車,対象外当事者,指定の速度規制なし等,指定の速度規制なし等,10,10,大破,大破,装備あり 作動,対象外当事者,その他,対象外当事者,損傷なし,死亡,月,当日,38.101290,140.668149,2019-04-29,08:57,red,,,,,,,,,,,,
本票,宮城,芦別,0040,死亡,1,2,21980,対象外,0000,212,昼－昼,晴,非市街地,舗装－乾燥,交差点－その他,環状交差点以外 環状交差点以外をいう。,施設なし,09,22,01,21,15,9,交差点内,規制なし,4,4,車両相互,35～44歳,65～74歳,貨物車－大型車,乗用車－軽自動車,事業用,自家用,貨物車,乗用車,40㎞／ｈ以下,指定の速度規制なし等,10,20,小破,大破,その他,装備あり 作動,その他,その他,損傷なし,負傷,金,その他,38.646133,141.172427,2019-04-19,09:51,red,,,,,,,,,,,,
本票,宮城,門別,0134,死亡,1,0,99000,対象外,0000,105,夜－暮,曇,市街地－その他,舗装－乾燥,一般交通の場所,環状交差点以外 環状交差点以外をいう。,施設なし,00,23,00,23,00,0,その他,規制なし,0,4,人対車両,55～64歳,55～64歳,乗用車－普通車,歩行者,自家用,対象外当事者,乗用車,対象外当事者,指定の速度規制なし等,対象外当事者,10,00,小破,対象外当事者,その他,対象外当事者,その他,対象外当事者,損傷なし,死亡,土,その他,38.312233,140.881363,2019-04-20,19:00,red,,,,,,,,,,,,
本票,宮城,浦河,0001,死亡,1,0,00040,対象外,3486,103,夜－明,晴,市街地－人口集中,舗装－乾燥,交差点－その他,環状交差点以外 環状交差点以外をいう。,点灯－３灯式,09,22,00,23,19,9,交差点内,規制なし,5,2,人対車両,25～34歳,75歳以上,乗用車－普通車,歩行者,自家用,対象外当事者,乗用車,対象外当事者,指定の速度規制なし等,対象外当事者,10,00,小破,対象外当事者,その他,対象外当事者,その他,対象外当事者,損傷なし,死亡,水,その他,38.233490,140.909354,2019-04-03,05:17,red,,,,,,,,,,,,