資料区分,都道府県コード,警察署等コード,本票番号,事故内容,死者数,負傷者数,路線コード,上下線,地点コード,市区町村コード,昼夜,天候,地形,路面状態,道路形状,環状交差点の直径,信号機,一時停止規制　標識（当事者A）,一時停止規制　表示（当事者A）,一時停止規制　標識（当事者B）,一時停止規制　表示（当事者B）,車道幅員,道路線形,衝突地点,ゾーン規制,中央分離帯施設等,歩車道区分,事故類型,年齢（当事者A）,年齢（当事者B）,当事者種別（当事者A）,当事者種別（当事者B）,用途別（当事者A）,用途別（当事者B）,車両形状（当事者A）,車両形状（当事者B）,速度規制（指定のみ）（当事者A）,速度規制（指定のみ）（当事者B）,車両の衝突部位（当事者A）,車両の衝突部位（当事者B）,車両の損壊程度（当事者A）,車両の損壊程度（当事者B）,エアバッグの装備（当事者A）,エアバッグの装備（当事者B）,サイドエアバッグの装備（当事者A）,サイドエアバッグの装備（当事者B）,人身損傷程度（当事者A）,人身損傷程度（当事者B）,曜日(発生年月日),祝日(発生年月日),緯度,経度,発生日,発生時,color,発生地点,道路管理者区分,道路区分,道路構造,曲線半径,縦断勾配,トンネル番号,当事者車両台数,車両単独事故の対象物,臨時速度規制の有無,速度規制（臨時のみ）,トンネル延長距離
本票,秋田,白石,0030,死亡,1,3,00077,下,3971,204,昼－昼,曇,非市街地,舗装－乾燥,単路－カーブ・屈折,環状交差点以外 環状交差点以外をいう。,施設なし,00,23,00,23,04,5,単路（交差点付近を含む）,規制なし,4,2,車両相互,25～34歳,55～64歳,乗用車－普通車,乗用車－普通車,自家用,自家用,乗用車,乗用車,指定の速度規制なし等,指定の速度規制なし等,10,17,中破,中破,装備あり 作動,装備あり 作動,その他,その他,損傷なし,負傷,水,その他,40.376954,140.602108,2019-04-24,08:30,red,,,,,,,,,,,,
本票,秋田,滝川,0032,死亡,1,0,01050,対象外,0000,210,昼－昼,晴,市街地－その他,舗装－乾燥,交差点－その他,環状交差点以外 環状交差点以外をいう。,施設なし,01,21,00,23,15,9,交差点内,規制なし,5,2,人対車両,65～74歳,75歳以上,貨物車－軽自動車,歩行者,自家用,対象外当事者,貨物車,対象外当事者,指定の速度規制なし等,対象外当事者,10,00,小破,対象外当事者,その他,対象外当事者,その他,対象外当事者,損傷なし,死亡,日,その他,39.399599,140.060927,2019-04-07,16:18,red,,,,,,,,,,,,
本票,秋田,小樽,0042,死亡,1,0,37000,対象外,0000,201,夜－夜,曇,市街地－その他,舗装－乾燥,交差点付近－その他,環状交差点以外 環状交差点以外をいう。,施設なし,00,23,00,23,03,9,単路（交差点付近を含む）,規制なし,4,1,人対車両,65～74歳,45～54歳,乗用車－普通車,歩行者,自家用,対象外当事者,乗用車,対象外当事者,40㎞／ｈ以下,対象外当事者,18,00,中破,対象外当事者,その他,対象外当事者,その他,対象外当事者,損傷なし,死亡,土,その他,39.752774,140.082707,2019-04-06,00:30,red,,,,,,,,,,,,
本票,秋田,伊達,0033,死亡,1,1,01050,対象外,0000,212,昼－昼,曇,非市街地,舗装－乾燥,単路－トンネル,環状交差点以外 環状交差点以外をいう。,施設なし,00,23,00,23,03,4,単路（交差点付近を含む）,規制なし,4,2,車両相互,75歳以上,45～54歳,乗用車－軽自動車,乗用車－軽自動車,自家用,自家用,乗用車,乗用車,指定の速度規制なし等,指定の速度規制なし等,50,50,中破,中破,装備あり 作動,装備あり 作動,その他,その他,死亡,負傷,土,その他,39.433212,140.377649,2019-04-06,10:50,red,,,,,,,,,,,,
本票,秋田,伊達,0039,死亡,1,0,14090,対象外,0000,434,昼－昼,晴,市街地－その他,舗装－乾燥,交差点付近－その他,環状交差点以外 環状交差点以外をいう。,施設なし,00,23,00,23,03,9,単路（交差点付近を含む）,規制なし,4,1,車両単独,25～34歳,不明,乗用車－普通車,物件等,自家用,対象外当事者,乗用車,対象外当事者,40㎞／ｈ以下,対象外当事者,10,00,大破,対象外当事者,装備あり 作動,対象外当事者,その他,対象外当事者,損傷なし,対象外当事者,月,当日,39.463653,140.581183,2019-04-29,13:55,red,,,,,,,,,,,,
本票,福島,中央,0160,死亡,1,0,70000,対象外,0000,201,昼－昼,曇,非市街地,舗装－乾燥,単路－カーブ・屈折,環状交差点以外 環状交差点以外をいう。,施設なし,00,23,00,23,03,4,単路（交差点付近を含む）,規制なし,4,4,車両単独,55～64歳,不明,二輪車－自動二輪－小型二輪－751ｃｃ以上,相手なし,自家用,対象外当事者,対象外当事者,対象外当事者,50㎞／ｈ以下,対象外当事者,20,00,大破,対象外当事者,対象外当事者,対象外当事者,対象外当事者,対象外当事者,死亡,対象外当事者,日,その他,37.777018,140.370968,2019-04-21,08:26,red,,,,,,,,,,,,
本票,福島,東,0029,死亡,1,0,30000,対象外,0000,213,昼－昼,晴,市街地－その他,舗装－乾燥,単路－その他,環状交差点以外 環状交差点以外をいう。,施設なし,00,23,00,23,03,9,その他,規制なし,4,2,車両単独,55～64歳,不明,乗用車－軽自動車,物件等,自家用,対象外当事者,乗用車,対象外当事者,40㎞／ｈ以下,対象外当事者,50,00,中破,対象外当事者,装備あり 作動,対象外当事者,その他,対象外当事者,損傷なし,対象外当事者,火,その他,37.829138,140.581533,2019-04-23,13:41,red,,,,,,,,,,,,
本票,福島,野辺地,0051,死亡,1,0,30000,対象外,0000,466,昼－昼,晴,市街地－その他,舗装－乾燥,交差点－その他,環状交差点以外 環状交差点以外をいう。,点灯－３灯式,09,22,09,22,15,9,交差点内,規制なし,5,2,車両相互,55～64歳,75歳以上,乗用車－軽自動車,二輪車－原付自転車,自家用,自家用,乗用車,対象外当事者,40㎞／ｈ以下,指定の速度規制なし等,10,40,小破,中破,その他,対象外当事者,その他,対象外当事者,損傷なし,死亡,金,その他,37.194691,140.329629,2019-04-19,09:08,red,,,,,,,,,,,,
本票,福島,伊達,0170,死亡,1,1,00060,上,2150,204,昼－昼,曇,非市街地,舗装－乾燥,交差点－その他,環状交差点以外 環状交差点以外をいう。,点灯－３灯式,09,22,09,22,15,4,交差点内,規制なし,5,2,車両相互,55～64歳,55～64歳,乗用車－普通車,貨物車－軽自動車,自家用,自家用,乗用車,貨物車,50㎞／ｈ以下,50㎞／ｈ以下,40,10,中破,中破,その他,装備あり 作動,装備あり 作動,その他,損傷なし,負傷,月,その他,37.113118,140.998766,2019-04-08,06:24,red,,,,,,,,,,,,
本票,福島,浦河,0020,死亡,1,3,00060,下,2421,543,昼－昼,晴,市街地－その他,舗装－乾燥,単路－カーブ・屈折,環状交差点以外 環状交差点以外をいう。,施設なし,00,23,00,23,03,5,単路（交差点付近を含む）,規制なし,4,2,車両相互,65～74歳,35～44歳,貨物車－大型車,乗用車－普通車,事業用,自家用,貨物車,乗用車,指定の速度規制なし等,指定の速度規制なし等,10,31,中破,中破,その他,装備あり 作動,その他,その他,損傷なし,死亡,月,その他,37.332189,141.017581,2019-04-15,08:53,red,,,,,,,,,,,,
本票,福島,北,0026,死亡,1,0,20000,対象外,0000,212,夜－夜,晴,市街地－その他,舗装－乾燥,単路－カーブ・屈折,環状交差点以外 環状交差点以外をいう。,施設なし,00,23,00,23,03,5,単路（交差点付近を含む）,規制なし,4,2,車両単独,35～44歳,不明,乗用車－軽自動車,物件等,自家用,対象外当事者,乗用車,対象外当事者,50㎞／ｈ以下,対象外当事者,51,00,大破,対象外当事者,装備あり 作動,対象外当事者,その他,対象外当事者,死亡,対象外当事者,金,その他,37.628845,140.979046,2019-04-05,23:41,red,,,,,,,,,,,,
本票,東京,代々木,0065,死亡,1,0,30250,対象外,0000,113,昼－昼,晴,市街地－人口集中,舗装－乾燥,交差点－その他,環状交差点以外 環状交差点以外をいう。,施設なし,01,22,09,22,17,9,交差点内,規制なし,5,1,車両相互,45～54歳,55～64歳,乗用車－普通車,二輪車－自動二輪－原付二種－51～125cc,自家用,自家用,乗用車,対象外当事者,50㎞／ｈ以下,50㎞／ｈ以下,20,10,小破,中破,その他,対象外当事者,その他,対象外当事者,損傷なし,死亡,火,その他,35.672522,139.691212,2019-04-23,17:13,red,,,,,,,,,,,,
本票,東京,牛込,0035,死亡,1,0,10010,対象外,0000,104,昼－昼,晴,市街地－人口集中,舗装－乾燥,交差点－その他,環状交差点以外 環状交差点以外をいう。,点灯－３灯式,09,22,09,22,18,9,交差点内,規制なし,5,1,車両相互,65～74歳,25～34歳,貨物車－大型車,軽車両－自転車,事業用,対象外当事者,貨物車,対象外当事者,50㎞／ｈ以下,対象外当事者,10,30,小破,大破,その他,対象外当事者,その他,対象外当事者,損傷なし,死亡,土,その他,35.709036,139.735946,2019-04-13,14:53,red,,,,,,,,,,,,
本票,東京,目白,0057,死亡,2,10,20000,対象外,0000,116,昼－昼,晴,市街地－人口集中,舗装－乾燥,交差点－その他,環状交差点以外 環状交差点以外をいう。,点灯－３灯式,09,22,09,22,18,9,交差点内,規制なし,5,1,車両相互,75歳以上,75歳以上,乗用車－普通車,軽車両－自転車,自家用,対象外当事者,乗用車,対象外当事者,50㎞／ｈ以下,対象外当事者,10,20,大破,中破,装備あり 作動,対象外当事者,装備あり 作動,対象外当事者,負傷,負傷,金,その他,35.726074,139.718961,2019-04-19,12:23,red,,,,,,,,,,,,
本票,東京,赤羽,0045,死亡,1,0,21050,対象外,0000,117,昼－昼,晴,市街地－人口集中,舗装－乾燥,交差点付近－その他,環状交差点以外 環状交差点以外をいう。,施設なし,00,23,00,23,04,9,単路（交差点付近を含む）,規制なし,4,1,車両相互,0～24歳,55～64歳,貨物車－軽自動車,二輪車－自動二輪－原付二種－51～125cc,事業用,自家用,貨物車,対象外当事者,40㎞／ｈ以下,40㎞／ｈ以下,40,21,小破,小破,その他,対象外当事者,その他,対象外当事者,損傷なし,死亡,水,その他,35.790331,139.699768,2019-04-17,06:28,red,,,,,,,,,,,,
本票,東京,石神井,0106,死亡,1,0,30000,対象外,0000,120,昼－昼,晴,市街地－人口集中,舗装－乾燥,単路－その他,環状交差点以外 環状交差点以外をいう。,施設なし,00,23,00,23,02,9,単路（交差点付近を含む）,規制なし,5,3,車両相互,0～24歳,55～64歳,乗用車－普通車,軽車両－自転車,自家用,対象外当事者,乗用車,対象外当事者,30㎞／ｈ以下,対象外当事者,34,30,小破,大破,その他,対象外当事者,その他,対象外当事者,損傷なし,死亡,金,その他,35.756075,139.570824,2019-04-19,13:07,red,,,,,,,,,,,,
本票,東京,綾瀬,0181,死亡,1,1,20630,対象外,0000,121,夜－夜,曇,市街地－人口集中,舗装－乾燥,交差点－その他,環状交差点以外 環状交差点以外をいう。,施設なし,09,22,00,23,14,9,交差点内,規制なし,4,1,人対車両,35～44歳,65～74歳,二輪車－自動二輪－小型二輪－401～750ｃｃ,歩行者,自家用,対象外当事者,対象外当事者,対象外当事者,30㎞／ｈ以下,対象外当事者,10,00,大破,対象外当事者,対象外当事者,対象外当事者,対象外当事者,対象外当事者,負傷,死亡,日,前日,35.767741,139.807564,2019-04-28,21:35,red,,,,,,,,,,,,
本票,東京,五日市,0043,死亡,2,2,80000,対象外,0000,307,昼－昼,晴,非市街地,舗装－乾燥,単路－カーブ・屈折,環状交差点以外 環状交差点以外をいう。,施設なし,00,23,00,23,03,1,その他,規制なし,5,4,車両単独,75歳以上,不明,貨物車－軽自動車,相手なし,自家用,対象外当事者,貨物車,対象外当事者,指定の速度規制なし等,対象外当事者,80,00,中破,対象外当事者,その他,対象外当事者,その他,対象外当事者,死亡,対象外当事者,火,その他,35.730051,139.066171,2019-04-23,07:45,red,,,,,,,,,,,,
本票,東京,福生,0166,死亡,1,0,10440,対象外,0000,303,昼－明,晴,市街地－その他,舗装－乾燥,交差点－その他,環状交差点以外 環状交差点以外をいう。,点灯－押ボタン式,09,22,09,22,14,9,交差点内,規制なし,5,2,車両相互,65～74歳,45～54歳,乗用車－軽自動車,二輪車－自動二輪－原付二種－51～125cc,自家用,自家用,乗用車,対象外当事者,40㎞／ｈ以下,40㎞／ｈ以下,40,10,中破,大破,その他,対象外当事者,その他,対象外当事者,損傷なし,死亡,月,その他,35.782698,139.335803,2019-04-01,06:08,red,,,,,,,,,,,,
本票,東京,東村山,0096,死亡,1,0,10500,対象外,0000,213,昼－昼,曇,市街地－人口集中,舗装－乾燥,交差点付近－その他,環状交差点以外 環状交差点以外をいう。,施設なし,00,23,00,23,05,9,単路（交差点付近を含む）,規制なし,4,1,車両相互,75歳以上,55～64歳,乗用車－普通車,二輪車－自動二輪－軽二輪－126～250cc,自家用,自家用,乗用車,対象外当事者,40㎞／ｈ以下,40㎞／ｈ以下,20,10,中破,中破,その他,対象外当事者,その他,対象外当事者,損傷なし,死亡,金,その他,35.746668,139.466827,2019-04-19,15:43,red,,,,,,,,,,,,
本票,東京,調布,0127,死亡,1,0,10610,対象外,0000,208,昼－昼,晴,市街地－人口集中,舗装－乾燥,交差点－その他,環状交差点以外 環状交差点以外をいう。,点灯－３灯式,09,22,00,23,18,9,交差点内,規制なし,5,1,人対車両,45～54歳,55～64歳,貨物車－大型車,歩行者,自家用,対象外当事者,貨物車,対象外当事者,指定の速度規制なし等,対象外当事者,10,00,小破,対象外当事者,その他,対象外当事者,その他,対象外当事者,損傷なし,死亡,火,その他,35.644929,139.526653,2019-04-16,07:30,red,,,,,,,,,,,,
本票,茨城,高速道路交通警察隊,0016,死亡,1,2,50050,上,0000,228,昼－昼,晴,非市街地,舗装－乾燥,単路－カーブ・屈折,環状交差点以外 環状交差点以外をいう。,施設なし,00,23,00,23,04,6,単路（交差点付近を含む）,規制なし,6,4,車両相互,25～34歳,65～74歳,貨物車－中型車,貨物車－軽自動車,事業用,事業用,貨物車,貨物車,70㎞／ｈ以下,70㎞／ｈ以下,51,51,大破,大破,装備あり 作動,装備あり 作動,その他,その他,負傷,死亡,木,その他,36.090911,139.878242,2019-04-04,11:00,red,1330,東日本高速道路,走行車線－第一通行帯,非分離－盛土,カーブ－1000m以上,平坦・該当なし,,3,該当なし,該当なし,70㎞/h以下,0
本票,茨城,中央,0277,死亡,1,2,30000,対象外,0000,201,昼－昼,晴,非市街地,舗装－乾燥,単路－カーブ・屈折,環状交差点以外 環状交差点以外をいう。,施設なし,00,23,00,23,03,6,単路（交差点付近を含む）,規制なし,4,2,車両相互,75歳以上,75歳以上,乗用車－普通車,乗用車－軽自動車,自家用,自家用,乗用車,乗用車,50㎞／ｈ以下,50㎞／ｈ以下,10,10,大破,大破,装備あり 作動,装備あり 作動,その他,その他,負傷,死亡,木,その他,36.384615,140.465947,2019-04-04,14:55,red,,,,,,,,,,,,
本票,茨城,美唄,0041,死亡,1,1,00510,下,0928,234,昼－昼,晴,非市街地,舗装－乾燥,交差点－その他,環状交差点以外 環状交差点以外をいう。,施設なし,09,22,09,22,14,6,交差点内,規制なし,4,3,車両相互,55～64歳,45～54歳,貨物車－普通車,二輪車－自動二輪－小型二輪－251～400cc,自家用,自家用,貨物車,対象外当事者,指定の速度規制なし等,指定の速度規制なし等,40,10,小破,中破,その他,対象外当事者,その他,対象外当事者,損傷なし,死亡,日,前日,36.134506,140.583096,2019-04-28,07:05,red,,,,,,,,,,,,
本票,茨城,砂川,0056,死亡,1,0,22420,対象外,0000,222,昼－昼,晴,非市街地,舗装－湿潤,交差点－その他,環状交差点以外 環状交差点以外をいう。,施設なし,09,22,00,23,14,9,交差点内,規制なし,4,2,人対車両,75歳以上,75歳以上,乗用車－普通車,歩行者,自家用,対象外当事者,乗用車,対象外当事者,50㎞／ｈ以下,対象外当事者,81,00,小破,対象外当事者,その他,対象外当事者,その他,対象外当事者,損傷なし,死亡,土,その他,36.065344,140.598973,2019-04-27,07:08,red,,,,,,,,,,,,
本票,茨城,静内,0083,死亡,1,0,03540,対象外,0000,204,夜－夜,曇,非市街地,舗装－乾燥,交差点－その他,環状交差点以外 環状交差点以外をいう。,点灯－３灯式,09,22,00,23,15,9,交差点内,規制なし,4,2,人対車両,55～64歳,0～24歳,貨物車－中型車,歩行者,事業用,対象外当事者,貨物車,対象外当事者,40㎞／ｈ以下,対象外当事者,10,00,小破,対象外当事者,その他,対象外当事者,その他,対象外当事者,損傷なし,死亡,土,その他,36.193456,139.695310,2019-04-13,00:08,red,,,,,,,,,,,,
本票,茨城,静内,0086,死亡,1,0,22280,対象外,0000,204,昼－昼,晴,非市街地,舗装－乾燥,単路－その他,環状交差点以外 環状交差点以外をいう。,施設なし,00,23,00,23,03,9,単路（交差点付近を含む）,規制なし,4,4,車両相互,55～64歳,65～74歳,貨物車－中型車,乗用車－軽自動車,自家用,自家用,貨物車,乗用車,50㎞／ｈ以下,50㎞／ｈ以下,10,10,小破,大破,その他,装備あり 作動,その他,装備あり 作動,損傷なし,死亡,火,その他,36.170070,139.715507,2019-04-16,10:15,red,,,,,,,,,,,,
本票,茨城,南,0084,死亡,1,0,30000,対象外,0000,217,夜－夜,晴,市街地－人口集中,舗装－乾燥,交差点付近－その他,環状交差点以外 環状交差点以外をいう。,施設なし,00,23,00,23,02,9,単路（交差点付近を含む）,規制なし,5,4,人対車両,65～74歳,65～74歳,乗用車－普通車,歩行者,自家用,対象外当事者,乗用車,対象外当事者,指定の速度規制なし等,対象外当事者,00,00,損壊なし,対象外当事者,その他,対象外当事者,その他,対象外当事者,損傷なし,死亡,火,その他,35.908754,140.090966,2019-04-02,20:30,red,,,,,,,,,,,,
本票,茨城,南,0085,死亡,1,0,30000,対象外,0000,217,昼－昼,晴,市街地－人口集中,舗装－乾燥,交差点－その他,環状交差点以外 環状交差点以外をいう。,施設なし,09,22,09,22,14,9,交差点内,規制なし,4,2,車両相互,65～74歳,75歳以上,貨物車－準中型車,軽車両－自転車,自家用,対象外当事者,貨物車,対象外当事者,50㎞／ｈ以下,対象外当事者,10,20,小破,小破,その他,対象外当事者,その他,対象外当事者,損傷なし,死亡,金,その他,35.911857,140.066164,2019-04-05,13:15,red,,,,,,,,,,,,
本票,茨城,厚別,0076,死亡,1,0,01240,対象外,0000,232,夜－夜,曇,市街地－その他,舗装－乾燥,単路－その他,環状交差点以外 環状交差点以外をいう。,施設なし,00,23,00,23,03,9,単路（交差点付近を含む）,規制なし,4,2,人対車両,35～44歳,65～74歳,貨物車－軽自動車,歩行者,自家用,対象外当事者,貨物車,対象外当事者,40㎞／ｈ以下,対象外当事者,10,00,小破,対象外当事者,その他,対象外当事者,その他,対象外当事者,損傷なし,死亡,金,その他,35.752287,140.815758,2019-04-26,23:05,red,,,,,,,,,,,,
本票,栃木,東,0066,死亡,1,0,10670,対象外,0000,204,昼－昼,晴,非市街地,舗装－乾燥,単路－カーブ・屈折,環状交差点以外 環状交差点以外をいう。,施設なし,00,23,00,23,03,4,単路（交差点付近を含む）,規制なし,4,4,車両相互,45～54歳,75歳以上,乗用車－普通車,軽車両－自転車,自家用,対象外当事者,乗用車,対象外当事者,40㎞／ｈ以下,対象外当事者,50,40,小破,小破,その他,対象外当事者,その他,対象外当事者,損傷なし,死亡,月,その他,36.325377,139.633385,2019-04-01,09:03,red,,,,,,,,,,,,
本票,栃木,江別,0056,死亡,2,0,10150,対象外,0000,205,昼－昼,晴,非市街地,舗装－乾燥,単路－カーブ・屈折,環状交差点以外 環状交差点以外をいう。,施設なし,00,23,00,23,03,3,単路（交差点付近を含む）,規制なし,4,4,車両相互,0～24歳,75歳以上,乗用車－普通車,乗用車－軽自動車,自家用,自家用,乗用車,乗用車,40㎞／ｈ以下,40㎞／ｈ以下,10,10,大破,大破,装備あり 作動,装備あり 作動,その他,その他,損傷なし,死亡,月,その他,36.530914,139.740457,2019-04-22,07:29,red,,,,,,,,,,,,
本票,栃木,岩見沢,0119,死亡,1,1,20000,対象外,0000,364,昼－昼,晴,非市街地,舗装－乾燥,交差点－その他,環状交差点以外 環状交差点以外をいう。,施設なし,02,21,09,22,14,9,交差点内,規制なし,4,2,車両相互,35～44歳,0～24歳,乗用車－普通車,二輪車－自動二輪－小型二輪－751ｃｃ以上,自家用,自家用,乗用車,対象外当事者,指定の速度規制なし等,40㎞／ｈ以下,20,10,中破,大破,装備あり 作動,対象外当事者,装備あり 作動,対象外当事者,負傷,死亡,土,その他,36.216658,139.753552,2019-04-06,08:31,red,,,,,,,,,,,,
本票,栃木,栗山,0029,死亡,1,0,10480,対象外,0000,210,夜－夜,雨,非市街地,舗装－湿潤,単路－その他,環状交差点以外 環状交差点以外をいう。,施設なし,00,23,00,23,03,9,単路（交差点付近を含む）,規制なし,4,2,人対車両,25～34歳,65～74歳,貨物車－準中型車,歩行者,事業用,対象外当事者,貨物車,対象外当事者,40㎞／ｈ以下,対象外当事者,10,00,中破,対象外当事者,その他,対象外当事者,その他,対象外当事者,損傷なし,死亡,月,その他,36.816400,140.009453,2019-04-08,19:30,red,,,,,,,,,,,,
本票,栃木,栗山,0034,死亡,1,1,30000,対象外,0000,210,昼－昼,曇,非市街地,舗装－乾燥,一般交通の場所,環状交差点以外 環状交差点以外をいう。,施設なし,00,23,00,23,00,0,その他,規制なし,0,4,車両単独,75歳以上,不明,乗用車－軽自動車,物件等,自家用,対象外当事者,乗用車,対象外当事者,40㎞／ｈ以下,対象外当事者,10,00,大破,対象外当事者,装備あり 作動,対象外当事者,その他,対象外当事者,負傷,対象外当事者,日,その他,36.868699,140.050281,2019-04-21,12:37,red,,,,,,,,,,,,
本票,栃木,室蘭,0195,死亡,1,1,10630,対象外,0000,201,昼－昼,晴,非市街地,舗装－乾燥,単路－その他,環状交差点以外 環状交差点以外をいう。,施設なし,00,23,00,23,03,9,単路（交差点付近を含む）,規制なし,4,2,車両相互,45～54歳,55～64歳,貨物車－大型車,乗用車－普通車,自家用,自家用,貨物車,乗用車,指定の速度規制なし等,指定の速度規制なし等,10,10,大破,大破,その他,装備あり 作動,その他,その他,損傷なし,負傷,木,その他,36.705562,139.892291,2019-04-18,13:35,red,,,,,,,,,,,,
本票,群馬,高速道路交通警察隊,0035,死亡,1,0,42510,上,0071,201,夜－夜,曇,非市街地,舗装－乾燥,単路－橋,環状交差点以外 環状交差点以外をいう。,施設なし,00,23,00,23,05,9,単路（交差点付近を含む）,規制なし,1,4,車両相互,45～54歳,45～54歳,貨物車－大型車,乗用車－普通車,自家用,自家用,貨物車,乗用車,指定の速度規制なし等,指定の速度規制なし等,30,10,大破,大破,その他,装備あり 作動,その他,その他,損傷なし,死亡,水,その他,36.344420,139.139504,2019-04-24,02:34,red,71,東日本高速道路,追越車線,完全分離－盛土,直線,平坦・該当なし,,2,該当なし,該当なし,該当なし,0
本票,群馬,岩見沢,0096,死亡,1,0,00180,上,0257,211,夜－夜,晴,非市街地,舗装－乾燥,単路－その他,環状交差点以外 環状交差点以外をいう。,施設なし,00,23,00,23,03,9,単路（交差点付近を含む）,規制なし,4,2,人対車両,45～54歳,75歳以上,貨物車－大型車,歩行者,事業用,対象外当事者,貨物車,対象外当事者,50㎞／ｈ以下,対象外当事者,80,00,小破,対象外当事者,その他,対象外当事者,その他,対象外当事者,損傷なし,死亡,水,その他,36.323217,138.767499,2019-04-03,03:14,red,,,,,,,,,,,,
本票,群馬,美唄,0399,死亡,1,0,03540,対象外,0000,205,昼－昼,曇,非市街地,舗装－乾燥,交差点付近－その他,環状交差点以外 環状交差点以外をいう。,点灯－３灯式,00,23,00,23,05,9,単路（交差点付近を含む）,規制なし,1,2,車両相互,65～74歳,45～54歳,貨物車－大型車,二輪車－自動二輪－小型二輪－751ｃｃ以上,事業用,自家用,貨物車,対象外当事者,指定の速度規制なし等,指定の速度規制なし等,20,40,小破,中破,その他,対象外当事者,その他,対象外当事者,損傷なし,死亡,月,その他,36.274601,139.298561,2019-04-08,12:08,red,,,,,,,,,,,,
本票,群馬,三戸,0126,死亡,1,0,37000,対象外,0000,521,昼－昼,曇,非市街地,舗装－乾燥,交差点－その他,環状交差点以外 環状交差点以外をいう。,施設なし,09,22,00,23,11,9,交差点内,規制なし,5,4,車両単独,75歳以上,不明,特殊車－小型－その他,相手なし,対象外当事者,対象外当事者,対象外当事者,対象外当事者,指定の速度規制なし等,対象外当事者,00,00,損壊なし,対象外当事者,対象外当事者,対象外当事者,対象外当事者,対象外当事者,死亡,対象外当事者,土,その他,36.264315,139.632263,2019-04-27,08:53,red,,,,,,,,,,,,
本票,群馬,小樽,0085,死亡,1,0,37000,対象外,0000,206,夜－夜,曇,市街地－その他,舗装－湿潤,交差点－その他,環状交差点以外 環状交差点以外をいう。,施設なし,09,22,00,23,14,9,交差点内,規制なし,5,2,人対車両,25～34歳,65～74歳,乗用車－軽自動車,歩行者,自家用,対象外当事者,乗用車,対象外当事者,40㎞／ｈ以下,対象外当事者,80,00,小破,対象外当事者,その他,対象外当事者,その他,対象外当事者,損傷なし,死亡,金,その他,36.653640,139.064652,2019-04-26,19:34,red,,,,,,,,,,,,
本票,群馬,余市,0047,死亡,1,1,02920,対象外,0000,421,昼－昼,晴,非市街地,舗装－乾燥,単路－カーブ・屈折,環状交差点以外 環状交差点以外をいう。,施設なし,00,23,00,23,03,2,単路（交差点付近を含む）,規制なし,4,3,車両単独,45～54歳,不明,乗用車－普通車,物件等,自家用,対象外当事者,乗用車,対象外当事者,40㎞／ｈ以下,対象外当事者,10,00,大破,対象外当事者,その他,対象外当事者,その他,対象外当事者,負傷,対象外当事者,日,前日,36.617162,138.639256,2019-04-28,14:00,red,,,,,,,,,,,,
本票,埼玉,西,0254,死亡,1,0,39990,対象外,0000,203,昼－昼,晴,非市街地,舗装－乾燥,交差点－その他,環状交差点以外 環状交差点以外をいう。,点灯－押ボタン式,09,22,09,22,15,9,交差点内,規制なし,1,2,車両相互,45～54歳,75歳以上,貨物車－大型車,軽車両－自転車,事業用,対象外当事者,貨物車,対象外当事者,指定の速度規制なし等,対象外当事者,10,20,小破,大破,その他,対象外当事者,その他,対象外当事者,損傷なし,死亡,木,その他,35.788821,139.753869,2019-04-11,06:59,red,,,,,,,,,,,,
本票,埼玉,東,0196,死亡,1,0,39990,対象外,0000,227,夜－夜,晴,市街地－人口集中,舗装－乾燥,単路－その他,環状交差点以外 環状交差点以外をいう。,施設なし,00,23,00,23,02,9,単路（交差点付近を含む）,規制なし,5,3,車両相互,45～54歳,75歳以上,乗用車－軽自動車,軽車両－自転車,自家用,対象外当事者,乗用車,対象外当事者,30㎞／ｈ以下,対象外当事者,15,20,小破,中破,装備あり 作動,対象外当事者,装備あり 作動,対象外当事者,損傷なし,死亡,日,その他,35.798374,139.584002,2019-04-07,04:16,red,,,,,,,,,,,,
本票,埼玉,江別,0305,死亡,1,0,23280,対象外,0000,221,昼－昼,曇,市街地－人口集中,舗装－乾燥,単路－その他,環状交差点以外 環状交差点以外をいう。,施設なし,00,23,00,23,03,9,単路（交差点付近を含む）,規制なし,5,2,車両相互,45～54歳,75歳以上,貨物車－普通車,軽車両－自転車,自家用,対象外当事者,貨物車,対象外当事者,40㎞／ｈ以下,対象外当事者,10,20,小破,小破,その他,対象外当事者,その他,対象外当事者,損傷なし,死亡,水,その他,35.851708,139.789483,2019-04-17,08:18,red,,,,,,,,,,,,
本票,埼玉,栗山,0389,死亡,1,0,22560,対象外,0000,201,夜－夜,曇,非市街地,舗装－乾燥,交差点－その他,環状交差点以外 環状交差点以外をいう。,点灯－３灯式,09,22,09,22,15,9,交差点内,規制なし,5,2,車両相互,45～54歳,55～64歳,貨物車－大型車,軽車両－自転車,事業用,対象外当事者,貨物車,対象外当事者,40㎞／ｈ以下,対象外当事者,80,10,小破,大破,その他,対象外当事者,その他,対象外当事者,損傷なし,死亡,木,その他,35.944500,139.462516,2019-04-25,20:05,red,,,,,,,,,,,,
本票,埼玉,赤歌,0067,死亡,1,1,02990,対象外,0000,361,昼－昼,曇,市街地－その他,舗装－乾燥,単路－その他,環状交差点以外 環状交差点以外をいう。,施設なし,00,23,00,23,03,9,単路（交差点付近を含む）,規制なし,4,2,車両相互,65～74歳,55～64歳,乗用車－軽自動車,乗用車－軽自動車,自家用,自家用,乗用車,乗用車,40㎞／ｈ以下,40㎞／ｈ以下,50,50,大破,大破,装備あり 作動,装備あり 作動,その他,その他,死亡,負傷,月,その他,35.990837,139.094175,2019-04-08,07:22,red,,,,,,,,,,,,