資料区分,都道府県コード,警察署等コード,本票番号,事故内容,死者数,負傷者数,路線コード,上下線,地点コード,市区町村コード,昼夜,天候,地形,路面状態,道路形状,環状交差点の直径,信号機,一時停止規制　標識（当事者A）,一時停止規制　表示（当事者A）,一時停止規制　標識（当事者B）,一時停止規制　表示（当事者B）,車道幅員,道路線形,衝突地点,ゾーン規制,中央分離帯施設等,歩車道区分,事故類型,年齢（当事者A）,年齢（当事者B）,当事者種別（当事者A）,当事者種別（当事者B）,用途別（当事者A）,用途別（当事者B）,車両形状（当事者A）,車両形状（当事者B）,速度規制（指定のみ）（当事者A）,速度規制（指定のみ）（当事者B）,車両の衝突部位（当事者A）,車両の衝突部位（当事者B）,車両の損壊程度（当事者A）,車両の損壊程度（当事者B）,エアバッグの装備（当事者A）,エアバッグの装備（当事者B）,サイドエアバッグの装備（当事者A）,サイドエアバッグの装備（当事者B）,人身損傷程度（当事者A）,人身損傷程度（当事者B）,曜日(発生年月日),祝日(発生年月日),緯度,経度,発生日,発生時,color,発生地点,道路管理者区分,道路区分,道路構造,曲線半径,縦断勾配,トンネル番号,当事者車両台数,車両単独事故の対象物,臨時速度規制の有無,速度規制（臨時のみ）,トンネル延長距離
本票,静岡,余市,0156,死亡,1,0,00010,下,2111,209,昼－昼,晴,非市街地,舗装－乾燥,単路－その他,環状交差点以外 環状交差点以外をいう。,施設なし,00,23,00,23,03,9,単路（交差点付近を含む）,規制なし,4,4,車両単独,0～24歳,不明,二輪車－自動二輪－小型二輪－251～400cc,物件等,自家用,対象外当事者,対象外当事者,対象外当事者,60㎞／ｈ以下,対象外当事者,41,00,中破,対象外当事者,対象外当事者,対象外当事者,対象外当事者,対象外当事者,死亡,対象外当事者,日,その他,34.844568,138.152288,2019-04-07,14:05,red,,,,,,,,,,,,
本票,静岡,南,0816,死亡,1,0,90000,対象外,0000,131,夜－暮,曇,市街地－人口集中,舗装－乾燥,単路－その他,環状交差点以外 環状交差点以外をいう。,施設なし,00,23,00,23,02,9,その他,規制なし,5,4,車両単独,75歳以上,不明,軽車両－自転車,相手なし,対象外当事者,対象外当事者,対象外当事者,対象外当事者,対象外当事者,対象外当事者,10,00,小破,対象外当事者,対象外当事者,対象外当事者,対象外当事者,対象外当事者,死亡,対象外当事者,月,その他,34.699217,137.706432,2019-04-08,18:40,red,,,,,,,,,,,,
本票,静岡,南,0873,死亡,1,1,37000,対象外,0000,131,昼－昼,晴,市街地－人口集中,舗装－乾燥,交差点－その他,環状交差点以外 環状交差点以外をいう。,施設なし,01,21,00,23,14,9,交差点内,規制なし,5,3,車両単独,75歳以上,不明,乗用車－軽自動車,物件等,自家用,対象外当事者,乗用車,対象外当事者,30㎞／ｈ以下,対象外当事者,10,00,大破,対象外当事者,装備あり 作動,対象外当事者,その他,対象外当事者,死亡,対象外当事者,日,その他,34.704840,137.696695,2019-04-21,17:00,red,,,,,,,,,,,,
本票,静岡,北,0724,死亡,1,0,37000,対象外,0000,134,夜－夜,晴,市街地－その他,舗装－乾燥,単路－その他,環状交差点以外 環状交差点以外をいう。,施設なし,00,23,00,23,03,9,単路（交差点付近を含む）,規制なし,4,3,人対車両,0～24歳,45～54歳,乗用車－軽自動車,歩行者,自家用,対象外当事者,乗用車,対象外当事者,40㎞／ｈ以下,対象外当事者,10,00,小破,対象外当事者,その他,対象外当事者,その他,対象外当事者,損傷なし,死亡,土,その他,34.675914,137.716641,2019-04-13,23:56,red,,,,,,,,,,,,
本票,富山,高速道路交通警察隊,0004,死亡,1,0,44020,下,1592,210,昼－昼,雨,非市街地,舗装－乾燥,単路－トンネル,環状交差点以外 環状交差点以外をいう。,施設なし,00,23,00,23,04,9,単路（交差点付近を含む）,規制なし,6,4,車両相互,25～34歳,35～44歳,乗用車－普通車,二輪車－自動二輪－小型二輪－751ｃｃ以上,自家用,自家用,乗用車,対象外当事者,70㎞／ｈ以下,80㎞／ｈ以下,10,30,小破,中破,装備あり 作動,対象外当事者,装備あり 作動,対象外当事者,損傷なし,死亡,土,その他,36.403646,136.877992,2019-04-27,09:19,red,1592,中日本高速道路,走行車線－第一通行帯,非分離－トンネル,直線,平坦・該当なし,袴腰,2,該当なし,該当なし,該当なし,5932
本票,富山,静内,0054,死亡,1,0,37000,対象外,0000,211,夜－暮,曇,非市街地,舗装－乾燥,単路－その他,環状交差点以外 環状交差点以外をいう。,施設なし,00,23,00,23,03,9,単路（交差点付近を含む）,規制なし,4,3,人対車両,65～74歳,75歳以上,乗用車－普通車,歩行者,自家用,対象外当事者,乗用車,対象外当事者,40㎞／ｈ以下,対象外当事者,00,00,小破,対象外当事者,その他,対象外当事者,その他,対象外当事者,損傷なし,死亡,金,その他,36.693977,137.084546,2019-04-12,18:50,red,,,,,,,,,,,,
本票,富山,武南,0019,死亡,1,0,99000,対象外,0000,210,昼－昼,晴,非市街地,非舗装,一般交通の場所,環状交差点以外 環状交差点以外をいう。,施設なし,00,23,00,23,00,0,その他,規制なし,0,4,車両単独,65～74歳,不明,特殊車－小型－農耕作業用,物件等,対象外当事者,対象外当事者,対象外当事者,対象外当事者,指定の速度規制なし等,対象外当事者,50,00,小破,対象外当事者,対象外当事者,対象外当事者,対象外当事者,対象外当事者,死亡,対象外当事者,金,その他,36.589625,136.830737,2019-04-05,15:30,red,,,,,,,,,,,,
本票,富山,武南,0023,死亡,1,0,95000,対象外,0000,210,昼－昼,雨,市街地－その他,舗装－乾燥,一般交通の場所,環状交差点以外 環状交差点以外をいう。,施設なし,00,23,00,23,00,0,その他,規制なし,0,4,車両単独,75歳以上,不明,軽車両－自転車,相手なし,対象外当事者,対象外当事者,対象外当事者,対象外当事者,対象外当事者,対象外当事者,10,00,小破,対象外当事者,対象外当事者,対象外当事者,対象外当事者,対象外当事者,死亡,対象外当事者,木,当日,36.564684,136.877910,2019-03-21,13:45,red,,,,,,,,,,,,
本票,富山,武南,0025,死亡,1,0,03040,対象外,0000,210,昼－昼,曇,非市街地,舗装－乾燥,単路－その他,環状交差点以外 環状交差点以外をいう。,施設なし,00,23,00,23,03,7,単路（交差点付近を含む）,規制なし,4,2,車両単独,55～64歳,不明,乗用車－普通車,物件等,自家用,対象外当事者,乗用車,対象外当事者,50㎞／ｈ以下,対象外当事者,51,00,大破,対象外当事者,装備あり 作動,対象外当事者,その他,対象外当事者,死亡,対象外当事者,金,その他,36.583963,136.842256,2019-04-19,12:05,red,,,,,,,,,,,,
本票,石川,東,0044,死亡,1,0,00080,上,0000,206,夜－夜,雨,非市街地,舗装－湿潤,単路－その他,環状交差点以外 環状交差点以外をいう。,施設なし,00,23,00,23,04,8,単路（交差点付近を含む）,規制なし,4,3,車両単独,45～54歳,不明,乗用車－普通車,物件等,自家用,対象外当事者,乗用車,対象外当事者,50㎞／ｈ以下,対象外当事者,10,00,中破,対象外当事者,装備あり 作動,対象外当事者,その他,対象外当事者,損傷なし,対象外当事者,日,その他,36.269595,136.289153,2019-04-14,22:42,red,,,,,,,,,,,,
本票,石川,江別,0074,死亡,1,0,20110,対象外,0000,203,昼－昼,晴,市街地－その他,舗装－乾燥,交差点付近－その他,環状交差点以外 環状交差点以外をいう。,施設なし,00,23,00,23,02,9,単路（交差点付近を含む）,規制なし,5,3,人対車両,45～54歳,75歳以上,乗用車－普通車,歩行者,自家用,対象外当事者,乗用車,対象外当事者,30㎞／ｈ以下,対象外当事者,80,00,小破,対象外当事者,その他,対象外当事者,その他,対象外当事者,損傷なし,死亡,金,その他,36.396797,136.488652,2019-04-12,16:30,red,,,,,,,,,,,,
本票,福井,中央,0132,死亡,1,0,10360,対象外,0000,201,夜－暮,雨,市街地－その他,舗装－乾燥,交差点－その他,環状交差点以外 環状交差点以外をいう。,点灯－押ボタン式,09,22,00,23,15,9,交差点内,規制なし,4,2,人対車両,35～44歳,65～74歳,乗用車－普通車,歩行者,自家用,対象外当事者,乗用車,対象外当事者,50㎞／ｈ以下,対象外当事者,10,00,小破,対象外当事者,その他,対象外当事者,その他,対象外当事者,損傷なし,死亡,木,その他,36.105249,136.224272,2019-04-25,19:30,red,,,,,,,,,,,,
本票,福井,西,0008,死亡,1,2,01580,対象外,0000,205,昼－昼,晴,非市街地,舗装－乾燥,単路－カーブ・屈折,環状交差点以外 環状交差点以外をいう。,施設なし,00,23,00,23,03,2,単路（交差点付近を含む）,規制なし,4,3,車両単独,65～74歳,不明,貨物車－中型車,物件等,自家用,対象外当事者,貨物車,対象外当事者,50㎞／ｈ以下,対象外当事者,50,00,大破,対象外当事者,その他,対象外当事者,その他,対象外当事者,損傷なし,対象外当事者,土,その他,35.879933,136.734579,2019-04-20,10:43,red,,,,,,,,,,,,
本票,福井,つがる,0029,死亡,1,2,03650,対象外,0000,423,昼－昼,雨,非市街地,舗装－乾燥,単路－カーブ・屈折,環状交差点以外 環状交差点以外をいう。,施設なし,00,23,00,23,03,1,単路（交差点付近を含む）,規制なし,4,4,車両相互,0～24歳,65～74歳,乗用車－軽自動車,乗用車－軽自動車,自家用,自家用,乗用車,乗用車,40㎞／ｈ以下,40㎞／ｈ以下,50,50,中破,中破,装備あり 作動,装備あり 作動,その他,その他,負傷,負傷,日,その他,35.960058,135.990898,2019-04-14,15:11,red,,,,,,,,,,,,
本票,福井,美唄,0020,死亡,1,0,37000,対象外,0000,209,昼－昼,晴,非市街地,舗装－乾燥,踏切－第三種,環状交差点以外 環状交差点以外をいう。,施設なし,00,23,00,23,01,9,その他,規制なし,5,4,列車,75歳以上,25～34歳,貨物車－軽自動車,列車,自家用,対象外当事者,貨物車,対象外当事者,指定の速度規制なし等,対象外当事者,20,10,中破,小破,その他,対象外当事者,その他,対象外当事者,死亡,損傷なし,土,その他,35.928298,136.171322,2019-04-13,11:31,red,,,,,,,,,,,,
本票,福井,砂川,0034,死亡,1,1,00270,下,0053,202,夜－夜,晴,非市街地,舗装－乾燥,単路－その他,環状交差点以外 環状交差点以外をいう。,施設なし,00,23,00,23,05,9,単路（交差点付近を含む）,規制なし,1,4,車両相互,35～44歳,35～44歳,乗用車－普通車,乗用車－普通車,自家用,自家用,乗用車,乗用車,指定の速度規制なし等,指定の速度規制なし等,17,14,中破,中破,装備あり 作動,装備あり 作動,その他,その他,死亡,負傷,金,その他,35.633591,136.026401,2019-04-12,21:30,red,,,,,,,,,,,,
本票,岐阜,白石,0113,死亡,1,0,30000,対象外,0000,201,夜－夜,雨,市街地－人口集中,舗装－湿潤,単路－その他,環状交差点以外 環状交差点以外をいう。,施設なし,00,23,00,23,03,9,単路（交差点付近を含む）,規制なし,4,3,人対車両,35～44歳,65～74歳,乗用車－普通車,歩行者,自家用,対象外当事者,乗用車,対象外当事者,40㎞／ｈ以下,対象外当事者,10,00,小破,対象外当事者,その他,対象外当事者,その他,対象外当事者,損傷なし,死亡,月,当日,35.388580,136.715347,2019-04-29,22:23,red,,,,,,,,,,,,
本票,岐阜,東,0095,死亡,1,0,10930,対象外,0000,213,夜－夜,晴,非市街地,舗装－乾燥,交差点－その他,環状交差点以外 環状交差点以外をいう。,施設なし,05,21,09,22,11,9,交差点内,規制なし,5,3,車両相互,25～34歳,35～44歳,乗用車－普通車,二輪車－原付自転車,自家用,自家用,乗用車,対象外当事者,指定の速度規制なし等,指定の速度規制なし等,20,12,小破,中破,その他,対象外当事者,その他,対象外当事者,損傷なし,死亡,土,その他,35.389871,136.820310,2019-04-20,19:43,red,,,,,,,,,,,,
本票,岐阜,千歳,0030,死亡,1,0,30000,対象外,0000,221,昼－昼,晴,非市街地,舗装－乾燥,交差点－その他,環状交差点以外 環状交差点以外をいう。,施設なし,09,22,09,22,11,9,交差点内,規制なし,5,4,車両相互,55～64歳,65～74歳,乗用車－普通車,貨物車－軽自動車,自家用,自家用,乗用車,貨物車,指定の速度規制なし等,指定の速度規制なし等,14,52,中破,中破,その他,装備あり 作動,その他,その他,損傷なし,死亡,土,その他,35.244321,136.664652,2019-04-27,06:33,red,,,,,,,,,,,,
本票,岐阜,美唄,0066,死亡,1,0,35000,対象外,0000,421,夜－暮,晴,市街地－人口集中,舗装－乾燥,交差点－その他,環状交差点以外 環状交差点以外をいう。,施設なし,09,22,00,23,14,9,交差点内,規制なし,4,2,人対車両,65～74歳,75歳以上,乗用車－軽自動車,歩行者,自家用,対象外当事者,乗用車,対象外当事者,40㎞／ｈ以下,対象外当事者,10,00,中破,対象外当事者,その他,対象外当事者,その他,対象外当事者,損傷なし,死亡,火,その他,35.436074,136.685499,2019-04-16,18:42,red,,,,,,,,,,,,
本票,岐阜,滝川,0048,死亡,1,1,30000,対象外,0000,205,昼－昼,晴,市街地－人口集中,舗装－乾燥,交差点－その他,環状交差点以外 環状交差点以外をいう。,点灯－３灯式,09,22,09,22,15,9,交差点内,規制なし,5,1,車両相互,65～74歳,45～54歳,乗用車－軽自動車,乗用車－軽自動車,自家用,自家用,乗用車,乗用車,40㎞／ｈ以下,40㎞／ｈ以下,50,54,中破,中破,装備あり 作動,装備あり 作動,その他,その他,死亡,負傷,月,その他,35.469541,136.934467,2019-04-01,13:50,red,,,,,,,,,,,,
本票,愛知,高速道路交通警察隊,0209,死亡,1,0,42630,上,0000,203,昼－昼,晴,非市街地,舗装－乾燥,単路－その他,環状交差点以外 環状交差点以外をいう。,施設なし,00,23,00,23,05,9,単路（交差点付近を含む）,規制なし,1,4,車両相互,45～54歳,25～34歳,貨物車－大型車,貨物車－中型車,事業用,自家用,貨物車,貨物車,50㎞／ｈ以下,50㎞／ｈ以下,70,50,小破,大破,その他,その他,その他,その他,損傷なし,死亡,金,その他,35.283000,136.778649,2019-04-26,15:25,red,3596,中日本高速道路,追越車線,完全分離－高架・橋梁,直線,平坦・該当なし,,2,該当なし,あり－渋滞,50㎞/h以下,0
本票,愛知,伊達,0304,死亡,1,0,00010,下,3656,110,昼－昼,晴,市街地－その他,舗装－乾燥,交差点－その他,環状交差点以外 環状交差点以外をいう。,点灯－３灯式,09,22,09,22,17,9,交差点内,規制なし,1,1,車両相互,35～44歳,45～54歳,貨物車－普通車,二輪車－自動二輪－小型二輪－251～400cc,自家用,自家用,貨物車,対象外当事者,60㎞／ｈ以下,60㎞／ｈ以下,10,30,小破,中破,その他,対象外当事者,その他,対象外当事者,損傷なし,死亡,火,その他,35.125741,136.828384,2019-04-16,10:02,red,,,,,,,,,,,,
本票,愛知,室蘭,0183,死亡,1,0,30410,対象外,0099,112,昼－昼,晴,市街地－人口集中,舗装－乾燥,単路－その他,環状交差点以外 環状交差点以外をいう。,施設なし,00,23,00,23,03,9,その他,規制なし,4,2,車両単独,65～74歳,不明,乗用車－普通車,物件等,自家用,対象外当事者,乗用車,対象外当事者,50㎞／ｈ以下,対象外当事者,50,00,中破,対象外当事者,装備あり 作動,対象外当事者,その他,対象外当事者,死亡,対象外当事者,土,その他,35.101941,136.943133,2019-04-06,10:42,red,,,,,,,,,,,,
本票,愛知,苫小牧,0163,死亡,1,0,30000,対象外,0000,111,夜－明,晴,市街地－その他,舗装－乾燥,交差点－その他,環状交差点以外 環状交差点以外をいう。,点灯－３灯式,09,22,00,23,15,9,交差点内,規制なし,4,2,人対車両,55～64歳,75歳以上,貨物車－普通車,歩行者,自家用,対象外当事者,貨物車,対象外当事者,30㎞／ｈ以下,対象外当事者,50,00,小破,対象外当事者,その他,対象外当事者,その他,対象外当事者,損傷なし,死亡,木,その他,35.088129,136.861575,2019-04-18,05:10,red,,,,,,,,,,,,
本票,愛知,鎌ケ谷,0300,死亡,1,0,30000,対象外,0000,114,昼－昼,晴,市街地－その他,舗装－乾燥,交差点付近－その他,環状交差点以外 環状交差点以外をいう。,施設なし,00,23,00,23,02,9,単路（交差点付近を含む）,規制なし,5,4,車両単独,75歳以上,不明,乗用車－軽自動車,物件等,自家用,対象外当事者,乗用車,対象外当事者,指定の速度規制なし等,対象外当事者,50,00,中破,対象外当事者,装備あり 作動,対象外当事者,その他,対象外当事者,死亡,対象外当事者,火,その他,35.097081,136.964045,2019-04-23,17:10,red,,,,,,,,,,,,
本票,愛知,中原,0262,死亡,1,0,35000,対象外,0000,229,昼－昼,晴,市街地－その他,舗装－乾燥,単路－その他,環状交差点以外 環状交差点以外をいう。,施設なし,00,23,00,23,01,9,単路（交差点付近を含む）,規制なし,5,4,車両単独,65～74歳,不明,軽車両－駆動補助機付自転車,相手なし,対象外当事者,対象外当事者,対象外当事者,対象外当事者,対象外当事者,対象外当事者,10,00,小破,対象外当事者,対象外当事者,対象外当事者,対象外当事者,対象外当事者,死亡,対象外当事者,火,その他,35.077719,137.032586,2019-01-29,12:00,red,,,,,,,,,,,,
本票,愛知,幸,0236,死亡,1,0,10560,対象外,0000,233,昼－昼,晴,市街地－その他,舗装－乾燥,交差点－その他,環状交差点以外 環状交差点以外をいう。,点灯－３灯式,09,22,00,23,14,9,交差点内,規制なし,5,2,人対車両,55～64歳,75歳以上,乗用車－軽自動車,歩行者,自家用,対象外当事者,乗用車,対象外当事者,指定の速度規制なし等,対象外当事者,10,00,中破,対象外当事者,その他,対象外当事者,その他,対象外当事者,損傷なし,死亡,木,その他,35.212216,136.839925,2019-04-18,15:45,red,,,,,,,,,,,,
本票,愛知,三崎,0194,死亡,1,0,95000,対象外,0000,228,夜－暮,晴,市街地－その他,舗装－乾燥,踏切－第三種,環状交差点以外 環状交差点以外をいう。,施設なし,00,23,00,23,01,9,その他,規制なし,5,4,列車,45～54歳,65～74歳,列車,歩行者,対象外当事者,対象外当事者,対象外当事者,対象外当事者,対象外当事者,対象外当事者,10,00,損壊なし,対象外当事者,対象外当事者,対象外当事者,対象外当事者,対象外当事者,損傷なし,死亡,金,その他,35.259158,136.873958,2019-03-08,18:42,red,,,,,,,,,,,,
本票,愛知,西尾,0206,死亡,1,0,22020,対象外,0000,213,夜－夜,曇,市街地－人口集中,舗装－乾燥,単路－その他,環状交差点以外 環状交差点以外をいう。,施設なし,00,23,00,23,02,9,単路（交差点付近を含む）,規制なし,5,4,車両単独,45～54歳,不明,乗用車－普通車,物件等,自家用,対象外当事者,乗用車,対象外当事者,30㎞／ｈ以下,対象外当事者,10,00,大破,対象外当事者,その他,対象外当事者,その他,対象外当事者,死亡,対象外当事者,水,その他,34.863021,137.013377,2019-04-17,20:56,red,,,,,,,,,,,,
本票,愛知,豊田,0407,死亡,1,0,10450,対象外,0193,211,夜－夜,晴,市街地－その他,舗装－乾燥,交差点－その他,環状交差点以外 環状交差点以外をいう。,施設なし,09,22,00,23,14,9,その他,規制なし,5,2,車両単独,35～44歳,不明,乗用車－軽自動車,物件等,自家用,対象外当事者,乗用車,対象外当事者,40㎞／ｈ以下,対象外当事者,80,00,大破,対象外当事者,装備あり 作動,対象外当事者,装備あり 作動,対象外当事者,死亡,対象外当事者,日,その他,34.996906,137.114741,2019-04-07,03:30,red,,,,,,,,,,,,
本票,愛知,豊田,0419,死亡,1,0,99000,対象外,0000,211,昼－昼,晴,市街地－その他,舗装－乾燥,一般交通の場所,環状交差点以外 環状交差点以外をいう。,施設なし,00,23,00,23,00,0,その他,規制なし,0,4,車両単独,65～74歳,不明,乗用車－軽自動車,物件等,自家用,対象外当事者,乗用車,対象外当事者,指定の速度規制なし等,対象外当事者,10,00,中破,対象外当事者,その他,対象外当事者,その他,対象外当事者,死亡,対象外当事者,火,その他,35.099016,137.126938,2019-04-09,12:55,red,,,,,,,,,,,,
本票,愛知,豊川,0191,死亡,1,0,35000,対象外,0000,207,昼－昼,晴,非市街地,舗装－乾燥,単路－カーブ・屈折,環状交差点以外 環状交差点以外をいう。,施設なし,00,23,00,23,03,6,その他,規制なし,5,4,車両単独,65～74歳,不明,乗用車－普通車,物件等,自家用,対象外当事者,乗用車,対象外当事者,指定の速度規制なし等,対象外当事者,20,00,中破,対象外当事者,その他,対象外当事者,その他,対象外当事者,死亡,対象外当事者,木,その他,34.883825,137.415737,2019-04-04,12:10,red,,,,,,,,,,,,
本票,愛知,豊橋,0550,死亡,1,0,35000,対象外,0000,201,昼－昼,晴,市街地－その他,舗装－乾燥,交差点－その他,環状交差点以外 環状交差点以外をいう。,施設なし,09,22,09,22,14,9,交差点内,規制なし,4,2,車両相互,55～64歳,75歳以上,貨物車－準中型車,乗用車－軽自動車,事業用,自家用,貨物車,乗用車,50㎞／ｈ以下,50㎞／ｈ以下,50,10,小破,中破,その他,装備あり 作動,その他,その他,損傷なし,死亡,火,その他,34.764417,137.430839,2019-04-09,12:17,red,,,,,,,,,,,,
本票,愛知,豊橋,0671,死亡,1,0,00230,対象外,0027,201,昼－昼,晴,市街地－人口集中,舗装－乾燥,単路－その他,環状交差点以外 環状交差点以外をいう。,施設なし,00,23,00,23,04,9,その他,規制なし,5,2,人対車両,25～34歳,65～74歳,乗用車－軽自動車,歩行者,自家用,対象外当事者,乗用車,対象外当事者,50㎞／ｈ以下,対象外当事者,10,00,中破,対象外当事者,その他,対象外当事者,その他,対象外当事者,損傷なし,死亡,金,その他,34.767606,137.371931,2019-04-26,09:15,red,,,,,,,,,,,,
本票,三重,野辺地,0064,死亡,1,0,26130,対象外,0000,205,夜－夜,晴,非市街地,舗装－乾燥,交差点付近－その他,環状交差点以外 環状交差点以外をいう。,施設なし,00,23,00,23,05,9,単路（交差点付近を含む）,規制なし,4,4,人対車両,45～54歳,25～34歳,貨物車－大型車,歩行者,事業用,対象外当事者,貨物車,対象外当事者,50㎞／ｈ以下,対象外当事者,10,00,小破,対象外当事者,その他,対象外当事者,その他,対象外当事者,損傷なし,死亡,木,その他,35.073640,136.691900,2019-04-11,01:08,red,,,,,,,,,,,,
本票,三重,野辺地,0069,死亡,1,0,30000,対象外,0000,205,昼－昼,晴,市街地－その他,舗装－乾燥,交差点－その他,環状交差点以外 環状交差点以外をいう。,施設なし,09,22,00,23,11,9,交差点内,規制なし,5,2,車両単独,25～34歳,不明,乗用車－普通車,物件等,自家用,対象外当事者,乗用車,対象外当事者,指定の速度規制なし等,対象外当事者,15,00,大破,対象外当事者,装備あり 作動,対象外当事者,その他,対象外当事者,死亡,対象外当事者,月,その他,35.108080,136.689700,2019-04-15,08:30,red,,,,,,,,,,,,
本票,三重,三戸,0153,死亡,1,0,30000,対象外,0000,202,昼－昼,晴,非市街地,舗装－乾燥,交差点－その他,環状交差点以外 環状交差点以外をいう。,施設なし,09,22,09,22,11,9,交差点内,規制なし,5,4,車両相互,45～54歳,0～24歳,貨物車－準中型車,軽車両－自転車,自家用,対象外当事者,貨物車,対象外当事者,指定の速度規制なし等,対象外当事者,81,21,大破,大破,その他,対象外当事者,その他,対象外当事者,損傷なし,死亡,月,その他,34.972720,136.638900,2019-04-15,08:43,red,,,,,,,,,,,,
本票,三重,厚別,0096,死亡,1,0,10450,対象外,0000,204,昼－昼,晴,非市街地,舗装－乾燥,単路－カーブ・屈折,環状交差点以外 環状交差点以外をいう。,施設なし,00,23,00,23,03,6,単路（交差点付近を含む）,規制なし,4,4,車両単独,25～34歳,不明,貨物車－準中型車,相手なし,自家用,対象外当事者,貨物車,対象外当事者,40㎞／ｈ以下,対象外当事者,20,00,小破,対象外当事者,その他,対象外当事者,その他,対象外当事者,死亡,対象外当事者,火,その他,34.558930,136.460000,2019-04-09,14:27,red,,,,,,,,,,,,
本票,滋賀,白石,0212,死亡,1,0,14520,対象外,0000,208,昼－昼,晴,市街地－その他,舗装－乾燥,交差点－その他,環状交差点以外 環状交差点以外をいう。,施設なし,09,22,09,22,15,9,交差点内,規制なし,4,2,車両相互,35～44歳,45～54歳,乗用車－普通車,二輪車－自動二輪－小型二輪－751ｃｃ以上,自家用,自家用,乗用車,対象外当事者,50㎞／ｈ以下,50㎞／ｈ以下,40,10,小破,中破,その他,対象外当事者,その他,対象外当事者,損傷なし,死亡,土,その他,35.024766,136.000579,2019-04-13,08:58,red,,,,,,,,,,,,
本票,滋賀,江別,0095,死亡,1,0,26630,対象外,0000,204,昼－昼,晴,非市街地,舗装－乾燥,交差点－その他,環状交差点以外 環状交差点以外をいう。,施設なし,01,21,09,21,15,9,交差点内,規制なし,4,4,車両相互,45～54歳,0～24歳,貨物車－準中型車,二輪車－自動二輪－小型二輪－751ｃｃ以上,自家用,自家用,貨物車,対象外当事者,指定の速度規制なし等,50㎞／ｈ以下,20,10,小破,大破,その他,対象外当事者,その他,対象外当事者,損傷なし,死亡,土,その他,35.175542,136.120255,2019-04-20,10:30,red,,,,,,,,,,,,
本票,滋賀,岩見沢,0155,死亡,1,0,25870,対象外,0000,213,昼－昼,晴,非市街地,舗装－乾燥,交差点－その他,環状交差点以外 環状交差点以外をいう。,施設なし,02,21,09,22,14,9,交差点内,規制なし,5,2,車両相互,25～34歳,55～64歳,乗用車－軽自動車,軽車両－自転車,自家用,対象外当事者,乗用車,対象外当事者,指定の速度規制なし等,対象外当事者,00,10,損壊なし,小破,その他,対象外当事者,その他,対象外当事者,損傷なし,死亡,月,その他,35.120677,136.228351,2019-04-08,07:50,red,,,,,,,,,,,,
本票,京都,中央,0033,死亡,1,0,15010,対象外,0000,103,昼－昼,晴,市街地－人口集中,舗装－乾燥,交差点－その他,環状交差点以外 環状交差点以外をいう。,点灯－３灯式,09,22,00,23,19,9,交差点内,規制なし,5,2,人対車両,35～44歳,75歳以上,乗用車－大型車,歩行者,事業用,対象外当事者,乗用車,対象外当事者,50㎞／ｈ以下,対象外当事者,80,00,損壊なし,対象外当事者,その他,対象外当事者,その他,対象外当事者,損傷なし,死亡,火,その他,35.017377,135.778101,2019-04-09,14:29,red,,,,,,,,,,,,
本票,京都,つがる,0219,死亡,1,0,00240,下,0038,109,夜－夜,曇,市街地－人口集中,舗装－乾燥,単路－その他,環状交差点以外 環状交差点以外をいう。,施設なし,00,23,00,23,05,9,単路（交差点付近を含む）,規制なし,4,3,人対車両,35～44歳,75歳以上,乗用車－普通車,歩行者,自家用,対象外当事者,乗用車,対象外当事者,50㎞／ｈ以下,対象外当事者,10,00,小破,対象外当事者,その他,対象外当事者,その他,対象外当事者,損傷なし,死亡,月,その他,34.967407,135.762540,2019-04-01,01:09,red,,,,,,,,,,,,
本票,京都,野辺地,0098,死亡,1,0,38880,対象外,0000,109,夜－暮,晴,市街地－人口集中,舗装－乾燥,単路－その他,環状交差点以外 環状交差点以外をいう。,施設なし,00,23,00,23,03,9,単路（交差点付近を含む）,規制なし,4,3,車両単独,45～54歳,不明,貨物車－軽自動車,物件等,自家用,対象外当事者,貨物車,対象外当事者,40㎞／ｈ以下,対象外当事者,10,00,中破,対象外当事者,装備あり 作動,対象外当事者,その他,対象外当事者,死亡,対象外当事者,水,その他,34.947482,135.804342,2019-04-03,19:18,red,,,,,,,,,,,,
本票,京都,東京空港,0052,死亡,1,0,00240,上,0232,343,昼－昼,晴,非市街地,舗装－乾燥,単路－その他,環状交差点以外 環状交差点以外をいう。,施設なし,00,23,00,23,03,9,単路（交差点付近を含む）,規制なし,2,3,車両相互,55～64歳,65～74歳,貨物車－大型車,乗用車－普通車,事業用,事業用,貨物車,乗用車,50㎞／ｈ以下,50㎞／ｈ以下,10,10,中破,大破,その他,その他,その他,その他,損傷なし,死亡,月,その他,34.810601,135.804634,2019-04-15,11:40,red,,,,,,,,,,,,
本票,京都,藤沢,0024,死亡,1,1,01780,上,0000,212,昼－昼,曇,市街地－その他,舗装－湿潤,単路－その他,環状交差点以外 環状交差点以外をいう。,施設なし,00,23,00,23,03,8,単路（交差点付近を含む）,規制なし,4,3,車両相互,55～64歳,75歳以上,乗用車－普通車,貨物車－軽自動車,自家用,自家用,乗用車,貨物車,50㎞／ｈ以下,50㎞／ｈ以下,10,10,大破,大破,装備あり 作動,装備あり 作動,その他,その他,負傷,死亡,金,その他,35.712859,135.068806,2019-04-26,10:43,red,,,,,,,,,,,,