資料区分,都道府県コード,警察署等コード,本票番号,事故内容,死者数,負傷者数,路線コード,上下線,地点コード,市区町村コード,昼夜,天候,地形,路面状態,道路形状,環状交差点の直径,信号機,一時停止規制　標識（当事者A）,一時停止規制　表示（当事者A）,一時停止規制　標識（当事者B）,一時停止規制　表示（当事者B）,車道幅員,道路線形,衝突地点,ゾーン規制,中央分離帯施設等,歩車道区分,事故類型,年齢（当事者A）,年齢（当事者B）,当事者種別（当事者A）,当事者種別（当事者B）,用途別（当事者A）,用途別（当事者B）,車両形状（当事者A）,車両形状（当事者B）,速度規制（指定のみ）（当事者A）,速度規制（指定のみ）（当事者B）,車両の衝突部位（当事者A）,車両の衝突部位（当事者B）,車両の損壊程度（当事者A）,車両の損壊程度（当事者B）,エアバッグの装備（当事者A）,エアバッグの装備（当事者B）,サイドエアバッグの装備（当事者A）,サイドエアバッグの装備（当事者B）,人身損傷程度（当事者A）,人身損傷程度（当事者B）,曜日(発生年月日),祝日(発生年月日),緯度,経度,発生日,発生時,color,発生地点,道路管理者区分,道路区分,道路構造,曲線半径,縦断勾配,トンネル番号,当事者車両台数,車両単独事故の対象物,臨時速度規制の有無,速度規制（臨時のみ）,トンネル延長距離
本票,徳島,栗山,0056,死亡,1,2,01920,上,1028,205,昼－昼,晴,非市街地,舗装－乾燥,単路－その他,環状交差点以外 環状交差点以外をいう。,施設なし,00,23,00,23,03,9,単路（交差点付近を含む）,規制なし,4,2,車両相互,55～64歳,55～64歳,乗用車－普通車,乗用車－軽自動車,自家用,自家用,乗用車,乗用車,50㎞／ｈ以下,50㎞／ｈ以下,10,10,中破,大破,装備あり 作動,装備あり 作動,その他,その他,負傷,負傷,月,その他,34.059425,134.217291,2019-04-08,16:00,red,,,,,,,,,,,,
本票,徳島,砂川,0019,死亡,1,0,01920,上,0754,489,夜－夜,雨,市街地－その他,舗装－乾燥,単路－その他,環状交差点以外 環状交差点以外をいう。,施設なし,00,23,00,23,03,9,単路（交差点付近を含む）,規制なし,4,2,人対車両,45～54歳,65～74歳,乗用車－普通車,歩行者,自家用,対象外当事者,乗用車,対象外当事者,50㎞／ｈ以下,対象外当事者,10,00,小破,対象外当事者,その他,対象外当事者,その他,対象外当事者,損傷なし,死亡,月,その他,34.037262,133.920811,2019-04-08,03:05,red,,,,,,,,,,,,
本票,徳島,三戸,0064,死亡,1,0,00550,下,0337,204,昼－昼,晴,非市街地,舗装－乾燥,交差点－その他,環状交差点以外 環状交差点以外をいう。,施設なし,09,22,09,22,15,7,交差点内,規制なし,4,2,車両相互,35～44歳,75歳以上,貨物車－準中型車,二輪車－原付自転車,自家用,自家用,貨物車,対象外当事者,指定の速度規制なし等,指定の速度規制なし等,10,20,小破,大破,その他,対象外当事者,その他,対象外当事者,損傷なし,死亡,金,その他,33.844959,134.625221,2019-04-26,12:30,red,,,,,,,,,,,,
本票,香川,芦別,0047,死亡,1,0,22390,対象外,0000,205,夜－夜,雨,市街地－人口集中,舗装－湿潤,単路－その他,環状交差点以外 環状交差点以外をいう。,施設なし,00,23,00,23,04,9,単路（交差点付近を含む）,規制なし,4,2,車両相互,55～64歳,45～54歳,乗用車－普通車,軽車両－自転車,自家用,対象外当事者,乗用車,対象外当事者,40㎞／ｈ以下,対象外当事者,10,30,中破,大破,その他,対象外当事者,その他,対象外当事者,損傷なし,死亡,月,その他,34.122957,133.648600,2019-04-08,02:37,red,,,,,,,,,,,,
本票,香川,芦別,0058,死亡,1,0,03770,下,0000,205,昼－昼,曇,非市街地,舗装－乾燥,単路－カーブ・屈折,環状交差点以外 環状交差点以外をいう。,施設なし,00,23,00,23,03,6,単路（交差点付近を含む）,規制なし,4,2,車両相互,35～44歳,55～64歳,貨物車－大型車,乗用車－普通車,事業用,自家用,貨物車,乗用車,50㎞／ｈ以下,50㎞／ｈ以下,50,50,小破,小破,その他,装備あり 作動,その他,その他,損傷なし,死亡,金,その他,34.096862,133.693773,2019-04-26,16:04,red,,,,,,,,,,,,
本票,香川,伊達,0062,死亡,1,0,00110,下,1285,208,昼－昼,晴,市街地－その他,舗装－乾燥,交差点付近－その他,環状交差点以外 環状交差点以外をいう。,点灯－３灯式,00,23,00,23,04,8,単路（交差点付近を含む）,規制なし,4,2,車両単独,75歳以上,不明,乗用車－軽自動車,物件等,自家用,対象外当事者,乗用車,対象外当事者,40㎞／ｈ以下,対象外当事者,10,00,大破,対象外当事者,装備あり 作動,対象外当事者,装備あり 作動,対象外当事者,死亡,対象外当事者,土,その他,34.145341,133.701654,2019-04-13,09:37,red,,,,,,,,,,,,
本票,愛媛,岩見沢,0169,死亡,1,1,03170,対象外,0000,201,昼－昼,晴,非市街地,舗装－乾燥,単路－トンネル,環状交差点以外 環状交差点以外をいう。,施設なし,00,23,00,23,04,9,単路（交差点付近を含む）,規制なし,4,2,車両相互,35～44歳,75歳以上,貨物車－普通車,貨物車－軽自動車,自家用,自家用,貨物車,貨物車,50㎞／ｈ以下,50㎞／ｈ以下,10,10,中破,大破,装備あり 作動,その他,装備あり 作動,その他,負傷,死亡,金,その他,33.940902,132.904688,2019-04-05,17:02,red,,,,,,,,,,,,
本票,高知,滝川,0015,死亡,1,1,03210,対象外,0000,209,昼－昼,晴,非市街地,舗装－乾燥,単路－カーブ・屈折,環状交差点以外 環状交差点以外をいう。,施設なし,00,23,00,23,03,3,単路（交差点付近を含む）,規制なし,5,3,車両単独,0～24歳,不明,乗用車－普通車,物件等,自家用,対象外当事者,乗用車,対象外当事者,40㎞／ｈ以下,対象外当事者,84,00,大破,対象外当事者,装備あり 作動,対象外当事者,その他,対象外当事者,死亡,対象外当事者,水,その他,32.784625,132.932773,2019-04-17,07:20,red,,,,,,,,,,,,
本票,高知,小樽,0067,死亡,1,0,23840,対象外,0000,201,夜－夜,晴,市街地－人口集中,舗装－乾燥,単路－カーブ・屈折,環状交差点以外 環状交差点以外をいう。,施設なし,00,23,00,23,04,6,単路（交差点付近を含む）,規制なし,4,2,人対車両,25～34歳,55～64歳,乗用車－軽自動車,歩行者,自家用,対象外当事者,乗用車,対象外当事者,40㎞／ｈ以下,対象外当事者,50,00,小破,対象外当事者,その他,対象外当事者,その他,対象外当事者,損傷なし,死亡,木,その他,33.577229,133.561438,2019-04-04,20:07,red,,,,,,,,,,,,
本票,福岡,滝川,0141,死亡,1,1,14500,対象外,0000,230,昼－昼,晴,市街地－その他,舗装－乾燥,単路－カーブ・屈折,環状交差点以外 環状交差点以外をいう。,施設なし,00,23,00,23,03,3,単路（交差点付近を含む）,規制なし,4,2,車両単独,75歳以上,不明,乗用車－軽自動車,物件等,自家用,対象外当事者,乗用車,対象外当事者,50㎞／ｈ以下,対象外当事者,10,00,大破,対象外当事者,装備あり 作動,対象外当事者,その他,対象外当事者,死亡,対象外当事者,月,その他,33.560518,130.165840,2019-04-08,15:12,red,,,,,,,,,,,,
本票,福岡,松前,0193,死亡,1,0,14730,対象外,0000,101,夜－夜,曇,市街地－その他,舗装－乾燥,交差点付近－その他,環状交差点以外 環状交差点以外をいう。,点灯－３灯式,00,23,00,23,05,9,単路（交差点付近を含む）,規制なし,4,2,人対車両,45～54歳,75歳以上,乗用車－軽自動車,歩行者,自家用,対象外当事者,乗用車,対象外当事者,50㎞／ｈ以下,対象外当事者,10,00,中破,対象外当事者,その他,対象外当事者,その他,対象外当事者,損傷なし,死亡,木,その他,33.889323,130.967529,2019-04-25,22:30,red,,,,,,,,,,,,
本票,福岡,泉大津,0335,死亡,1,0,37990,対象外,0000,109,夜－暮,曇,市街地－人口集中,舗装－乾燥,単路－その他,環状交差点以外 環状交差点以外をいう。,施設なし,00,23,00,23,03,9,単路（交差点付近を含む）,規制なし,4,2,人対車両,55～64歳,75歳以上,乗用車－軽自動車,歩行者,自家用,対象外当事者,乗用車,対象外当事者,40㎞／ｈ以下,対象外当事者,15,00,小破,対象外当事者,その他,対象外当事者,その他,対象外当事者,損傷なし,死亡,月,その他,33.858658,130.751852,2019-04-01,19:13,red,,,,,,,,,,,,
本票,福岡,岸和田,0322,死亡,1,2,37990,対象外,0000,213,昼－昼,曇,市街地－その他,舗装－乾燥,交差点－その他,環状交差点以外 環状交差点以外をいう。,施設なし,09,22,01,21,15,9,交差点内,規制なし,4,2,車両相互,25～34歳,65～74歳,乗用車－普通車,貨物車－軽自動車,自家用,自家用,乗用車,貨物車,40㎞／ｈ以下,指定の速度規制なし等,11,44,中破,大破,その他,その他,その他,その他,負傷,負傷,火,その他,33.711501,130.948215,2019-04-23,07:15,red,,,,,,,,,,,,
本票,福岡,稚内,0055,死亡,1,0,10900,対象外,0000,227,昼－昼,曇,非市街地,舗装－乾燥,単路－その他,環状交差点以外 環状交差点以外をいう。,施設なし,00,23,00,23,03,9,単路（交差点付近を含む）,規制なし,4,3,人対車両,0～24歳,35～44歳,貨物車－中型車,歩行者,事業用,対象外当事者,貨物車,対象外当事者,40㎞／ｈ以下,対象外当事者,10,00,中破,対象外当事者,装備あり 作動,対象外当事者,その他,対象外当事者,損傷なし,死亡,水,その他,33.565925,130.703650,2019-04-17,15:05,red,,,,,,,,,,,,
本票,福岡,田川,0251,死亡,1,0,37990,対象外,0000,206,昼－昼,晴,市街地－人口集中,舗装－乾燥,交差点－その他,環状交差点以外 環状交差点以外をいう。,点灯－押ボタン式,09,22,00,23,14,9,交差点内,規制なし,4,2,人対車両,55～64歳,75歳以上,乗用車－軽自動車,歩行者,自家用,対象外当事者,乗用車,対象外当事者,50㎞／ｈ以下,対象外当事者,58,00,中破,対象外当事者,装備あり 作動,対象外当事者,その他,対象外当事者,損傷なし,死亡,水,その他,33.636360,130.811352,2019-04-03,17:10,red,,,,,,,,,,,,
本票,福岡,田川,0293,死亡,2,1,23030,対象外,0000,602,昼－昼,曇,市街地－その他,舗装－乾燥,単路－カーブ・屈折,環状交差点以外 環状交差点以外をいう。,施設なし,00,23,00,23,03,6,単路（交差点付近を含む）,規制なし,4,3,車両相互,55～64歳,25～34歳,貨物車－中型車,乗用車－軽自動車,自家用,自家用,貨物車,乗用車,40㎞／ｈ以下,40㎞／ｈ以下,55,55,小破,中破,その他,装備あり 作動,その他,その他,損傷なし,負傷,水,その他,33.560794,130.836171,2019-04-17,16:05,red,,,,,,,,,,,,
本票,福岡,中標津,0248,死亡,1,0,24380,対象外,0000,211,夜－夜,晴,市街地－その他,舗装－乾燥,単路－その他,環状交差点以外 環状交差点以外をいう。,施設なし,00,23,00,23,02,9,単路（交差点付近を含む）,規制なし,5,3,車両単独,25～34歳,不明,乗用車－普通車,物件等,自家用,対象外当事者,乗用車,対象外当事者,40㎞／ｈ以下,対象外当事者,11,00,大破,対象外当事者,その他,対象外当事者,その他,対象外当事者,死亡,対象外当事者,日,前日,33.193790,130.454508,2019-04-28,03:30,red,,,,,,,,,,,,
本票,福岡,大牟田,0200,死亡,1,0,10930,対象外,0000,202,昼－昼,晴,市街地－人口集中,舗装－乾燥,単路－その他,環状交差点以外 環状交差点以外をいう。,施設なし,00,23,00,23,03,9,単路（交差点付近を含む）,規制なし,5,3,人対車両,65～74歳,75歳以上,乗用車－軽自動車,歩行者,自家用,対象外当事者,乗用車,対象外当事者,30㎞／ｈ以下,対象外当事者,80,00,小破,対象外当事者,その他,対象外当事者,その他,対象外当事者,損傷なし,死亡,日,その他,33.044582,130.481290,2019-04-21,09:38,red,,,,,,,,,,,,
本票,佐賀,高速道路交通警察隊,0024,死亡,1,0,47020,下,0946,341,昼－昼,晴,非市街地,舗装－乾燥,単路－その他,環状交差点以外 環状交差点以外をいう。,施設なし,00,23,00,23,06,9,単路（交差点付近を含む）,規制なし,1,3,人対車両,45～54歳,45～54歳,貨物車－大型車,歩行者,事業用,対象外当事者,貨物車,対象外当事者,指定の速度規制なし等,対象外当事者,10,00,小破,対象外当事者,その他,対象外当事者,その他,対象外当事者,損傷なし,死亡,火,その他,33.409633,130.538572,2019-03-05,15:35,red,946,西日本高速道路,ランプウェイ－出路 減速車線（減速車線のない場合は本線車道）から一般道路に至るまでの部分をいう（料金所付近を除く。）。,その他,該当なし,平坦・該当なし,,1,該当なし,該当なし,該当なし,0
本票,佐賀,栗山,0210,死亡,1,0,14140,対象外,1454,202,夜－夜,雨,非市街地,舗装－湿潤,単路－その他,環状交差点以外 環状交差点以外をいう。,施設なし,00,23,00,23,03,8,単路（交差点付近を含む）,規制なし,4,3,人対車両,45～54歳,65～74歳,貨物車－軽自動車,歩行者,自家用,対象外当事者,貨物車,対象外当事者,40㎞／ｈ以下,対象外当事者,10,00,小破,対象外当事者,その他,対象外当事者,その他,対象外当事者,損傷なし,死亡,月,当日,33.493688,129.923754,2019-04-29,20:11,red,,,,,,,,,,,,
本票,佐賀,野辺地,0107,死亡,1,0,02040,下,0907,205,昼－昼,曇,非市街地,舗装－乾燥,単路－カーブ・屈折,環状交差点以外 環状交差点以外をいう。,施設なし,00,23,00,23,03,1,単路（交差点付近を含む）,規制なし,4,1,車両単独,35～44歳,不明,二輪車－自動二輪－小型二輪－251～400cc,物件等,自家用,対象外当事者,対象外当事者,対象外当事者,50㎞／ｈ以下,対象外当事者,10,00,大破,対象外当事者,対象外当事者,対象外当事者,対象外当事者,対象外当事者,死亡,対象外当事者,日,その他,33.340397,129.789230,2019-04-07,09:55,red,,,,,,,,,,,,
本票,熊本,中央,0114,死亡,1,0,10280,対象外,0000,101,夜－夜,晴,市街地－人口集中,舗装－乾燥,交差点－その他,環状交差点以外 環状交差点以外をいう。,点灯－３灯式,09,22,09,22,19,9,交差点内,規制なし,5,2,車両相互,25～34歳,0～24歳,乗用車－普通車,二輪車－自動二輪－小型二輪－251～400cc,自家用,自家用,乗用車,対象外当事者,50㎞／ｈ以下,50㎞／ｈ以下,41,14,大破,大破,その他,対象外当事者,装備あり 作動,対象外当事者,損傷なし,死亡,木,その他,32.799758,130.717652,2019-04-04,00:55,red,,,,,,,,,,,,
本票,熊本,白石,0161,死亡,1,2,02660,対象外,0000,101,昼－昼,晴,市街地－人口集中,舗装－乾燥,単路－その他,環状交差点以外 環状交差点以外をいう。,施設なし,00,23,00,23,05,9,単路（交差点付近を含む）,規制なし,4,2,車両単独,35～44歳,不明,貨物車－準中型車,物件等,自家用,対象外当事者,貨物車,対象外当事者,50㎞／ｈ以下,対象外当事者,81,00,大破,対象外当事者,装備あり 作動,対象外当事者,その他,対象外当事者,損傷なし,対象外当事者,月,その他,32.781289,130.714915,2019-04-22,14:37,red,,,,,,,,,,,,
本票,熊本,江別,0082,死亡,1,1,10030,対象外,0000,369,昼－昼,曇,市街地－その他,舗装－乾燥,単路－カーブ・屈折,環状交差点以外 環状交差点以外をいう。,施設なし,00,23,00,23,03,3,単路（交差点付近を含む）,規制なし,4,3,車両単独,35～44歳,不明,乗用車－軽自動車,物件等,自家用,対象外当事者,乗用車,対象外当事者,40㎞／ｈ以下,対象外当事者,10,00,中破,対象外当事者,装備あり 作動,対象外当事者,その他,対象外当事者,負傷,対象外当事者,日,前日,32.976474,130.603744,2019-04-28,15:50,red,,,,,,,,,,,,
本票,熊本,つがる,0035,死亡,1,2,03870,対象外,0000,210,昼－昼,晴,非市街地,舗装－乾燥,交差点付近－その他,環状交差点以外 環状交差点以外をいう。,施設なし,00,23,00,23,03,9,単路（交差点付近を含む）,規制なし,4,2,車両相互,35～44歳,55～64歳,乗用車－普通車,乗用車－軽自動車,自家用,自家用,乗用車,乗用車,50㎞／ｈ以下,50㎞／ｈ以下,50,50,大破,大破,装備あり 作動,装備あり 作動,その他,その他,負傷,死亡,火,その他,32.965559,130.798907,2019-04-16,14:40,red,,,,,,,,,,,,
本票,熊本,野辺地,0074,死亡,1,0,95000,対象外,0000,404,昼－昼,晴,非市街地,非舗装,単路－橋,環状交差点以外 環状交差点以外をいう。,施設なし,00,23,00,23,01,9,単路（交差点付近を含む）,規制なし,5,4,車両単独,75歳以上,不明,軽車両－自転車,相手なし,対象外当事者,対象外当事者,対象外当事者,対象外当事者,対象外当事者,対象外当事者,20,00,小破,対象外当事者,対象外当事者,対象外当事者,対象外当事者,対象外当事者,死亡,対象外当事者,火,その他,32.853416,130.844956,2019-04-16,13:00,red,,,,,,,,,,,,
本票,熊本,余市,0066,死亡,1,0,30000,対象外,0000,468,昼－昼,晴,非市街地,舗装－乾燥,交差点－その他,環状交差点以外 環状交差点以外をいう。,施設なし,09,22,09,21,11,9,交差点内,規制なし,5,3,車両相互,35～44歳,65～74歳,乗用車－軽自動車,二輪車－原付自転車,自家用,自家用,乗用車,対象外当事者,指定の速度規制なし等,指定の速度規制なし等,55,14,小破,大破,その他,対象外当事者,その他,対象外当事者,損傷なし,死亡,日,その他,32.603452,130.662605,2019-04-07,10:10,red,,,,,,,,,,,,
本票,熊本,伊達,0014,死亡,1,0,00030,下,0000,205,昼－昼,晴,市街地－人口集中,舗装－乾燥,交差点付近－その他,環状交差点以外 環状交差点以外をいう。,点灯－押ボタン式,00,23,00,23,02,9,その他,規制なし,5,1,人対車両,25～34歳,75歳以上,貨物車－大型車,歩行者,事業用,対象外当事者,貨物車,対象外当事者,40㎞／ｈ以下,対象外当事者,11,00,小破,対象外当事者,その他,対象外当事者,その他,対象外当事者,損傷なし,死亡,水,その他,32.210794,130.405262,2019-04-17,09:49,red,,,,,,,,,,,,
本票,熊本,北,0213,死亡,1,0,99000,対象外,0000,101,昼－昼,晴,市街地－人口集中,舗装－乾燥,一般交通の場所,環状交差点以外 環状交差点以外をいう。,施設なし,00,23,00,23,00,0,その他,規制なし,0,4,車両単独,65～74歳,不明,乗用車－普通車,物件等,自家用,対象外当事者,乗用車,対象外当事者,指定の速度規制なし等,対象外当事者,13,00,中破,対象外当事者,その他,対象外当事者,その他,対象外当事者,死亡,対象外当事者,木,その他,32.793619,130.727703,2019-04-04,10:45,red,,,,,,,,,,,,
本票,熊本,豊平,0132,死亡,1,0,30000,対象外,0000,216,昼－昼,晴,非市街地,舗装－乾燥,交差点－その他,環状交差点以外 環状交差点以外をいう。,施設なし,09,22,00,23,15,9,交差点内,規制なし,4,2,人対車両,25～34歳,75歳以上,貨物車－準中型車,歩行者,事業用,対象外当事者,貨物車,対象外当事者,40㎞／ｈ以下,対象外当事者,15,00,小破,対象外当事者,その他,対象外当事者,その他,対象外当事者,損傷なし,死亡,月,その他,32.878084,130.770507,2019-04-22,12:33,red,,,,,,,,,,,,
本票,大分,中央,0180,死亡,1,0,30000,対象外,0000,201,昼－昼,晴,市街地－その他,舗装－乾燥,単路－その他,環状交差点以外 環状交差点以外をいう。,施設なし,00,23,00,23,04,9,単路（交差点付近を含む）,規制なし,4,4,車両単独,0～24歳,不明,乗用車－普通車,物件等,自家用,対象外当事者,乗用車,対象外当事者,40㎞／ｈ以下,対象外当事者,10,00,中破,対象外当事者,装備あり 作動,対象外当事者,その他,対象外当事者,損傷なし,対象外当事者,水,その他,33.255989,131.670833,2019-04-03,16:45,red,,,,,,,,,,,,
本票,大分,中央,0183,死亡,1,1,01970,対象外,0044,201,昼－昼,晴,市街地－その他,舗装－乾燥,単路－その他,環状交差点以外 環状交差点以外をいう。,施設なし,00,23,00,23,05,9,単路（交差点付近を含む）,規制なし,4,2,車両相互,0～24歳,65～74歳,乗用車－軽自動車,二輪車－自動二輪－原付二種－51～125cc,自家用,自家用,乗用車,対象外当事者,50㎞／ｈ以下,50㎞／ｈ以下,30,10,中破,中破,その他,対象外当事者,その他,対象外当事者,負傷,死亡,木,その他,33.243305,131.649131,2019-04-04,14:10,red,,,,,,,,,,,,
本票,大分,江別,0013,死亡,1,0,30000,対象外,0000,214,昼－昼,晴,非市街地,舗装－乾燥,交差点付近－その他,環状交差点以外 環状交差点以外をいう。,施設なし,00,23,00,23,02,1,単路（交差点付近を含む）,規制なし,5,4,車両単独,65～74歳,不明,軽車両－その他,物件等,対象外当事者,対象外当事者,対象外当事者,対象外当事者,対象外当事者,対象外当事者,70,00,小破,対象外当事者,対象外当事者,対象外当事者,対象外当事者,対象外当事者,死亡,対象外当事者,日,その他,33.505998,131.614372,2019-04-21,17:35,red,,,,,,,,,,,,
本票,大分,つがる,0056,死亡,1,0,11110,対象外,0000,203,昼－明,晴,非市街地,舗装－乾燥,一般交通の場所,環状交差点以外 環状交差点以外をいう。,施設なし,00,23,00,23,00,0,その他,規制なし,0,4,車両単独,65～74歳,不明,軽車両－自転車,相手なし,対象外当事者,対象外当事者,対象外当事者,対象外当事者,対象外当事者,対象外当事者,20,00,小破,対象外当事者,対象外当事者,対象外当事者,対象外当事者,対象外当事者,死亡,対象外当事者,金,その他,33.572416,131.183793,2019-03-29,06:10,red,,,,,,,,,,,,
本票,大分,美唄,0032,死亡,1,0,30000,対象外,0000,204,昼－昼,晴,非市街地,舗装－乾燥,単路－その他,環状交差点以外 環状交差点以外をいう。,施設なし,00,23,00,23,03,7,その他,規制なし,5,4,車両単独,75歳以上,不明,軽車両－その他,物件等,対象外当事者,対象外当事者,対象外当事者,対象外当事者,対象外当事者,対象外当事者,10,00,小破,対象外当事者,対象外当事者,対象外当事者,対象外当事者,対象外当事者,死亡,対象外当事者,金,その他,33.085103,130.928770,2019-04-19,17:00,red,,,,,,,,,,,,
本票,大分,美唄,0035,死亡,1,0,80000,対象外,0000,204,昼－昼,晴,非市街地,舗装－乾燥,単路－カーブ・屈折,環状交差点以外 環状交差点以外をいう。,施設なし,00,23,00,23,02,5,単路（交差点付近を含む）,規制なし,5,4,車両単独,75歳以上,不明,貨物車－軽自動車,物件等,自家用,対象外当事者,貨物車,対象外当事者,指定の速度規制なし等,対象外当事者,10,00,大破,対象外当事者,その他,対象外当事者,その他,対象外当事者,死亡,対象外当事者,土,その他,33.201862,130.946586,2019-04-20,13:00,red,,,,,,,,,,,,
本票,大分,滝川,0029,死亡,1,1,00100,下,1810,205,昼－昼,晴,非市街地,舗装－乾燥,単路－その他,環状交差点以外 環状交差点以外をいう。,施設なし,00,23,00,23,04,8,単路（交差点付近を含む）,規制なし,4,3,車両相互,25～34歳,35～44歳,乗用車－普通車,乗用車－軽自動車,自家用,自家用,乗用車,乗用車,50㎞／ｈ以下,50㎞／ｈ以下,60,50,小破,大破,その他,その他,その他,その他,損傷なし,死亡,月,その他,32.999606,131.785412,2019-04-08,07:40,red,,,,,,,,,,,,
本票,大分,滝川,0032,死亡,1,0,00100,下,1829,205,昼－昼,曇,非市街地,舗装－乾燥,単路－その他,環状交差点以外 環状交差点以外をいう。,施設なし,00,23,00,23,03,9,単路（交差点付近を含む）,規制なし,4,2,車両単独,45～54歳,不明,二輪車－自動二輪－小型二輪－401～750ｃｃ,物件等,自家用,対象外当事者,対象外当事者,対象外当事者,50㎞／ｈ以下,対象外当事者,40,00,小破,対象外当事者,対象外当事者,対象外当事者,対象外当事者,対象外当事者,死亡,対象外当事者,木,その他,33.000411,131.810276,2019-04-11,13:00,red,,,,,,,,,,,,
本票,宮崎,東,0292,死亡,1,1,30000,対象外,0000,202,昼－昼,曇,市街地－その他,舗装－乾燥,交差点－その他,環状交差点以外 環状交差点以外をいう。,施設なし,09,22,01,21,14,9,交差点内,規制なし,5,3,車両相互,35～44歳,75歳以上,乗用車－普通車,乗用車－軽自動車,自家用,自家用,乗用車,乗用車,40㎞／ｈ以下,指定の速度規制なし等,42,10,小破,小破,その他,その他,その他,その他,損傷なし,負傷,金,その他,31.726988,131.086246,2019-04-05,08:10,red,,,,,,,,,,,,
本票,宮崎,つがる,0123,死亡,1,0,00100,上,2962,405,昼－明,晴,市街地－その他,舗装－乾燥,単路－その他,環状交差点以外 環状交差点以外をいう。,施設なし,00,23,00,23,05,9,単路（交差点付近を含む）,規制なし,4,2,車両相互,45～54歳,45～54歳,貨物車－大型車,二輪車－自動二輪－原付二種－51～125cc,自家用,自家用,貨物車,対象外当事者,指定の速度規制なし等,指定の速度規制なし等,40,20,損壊なし,中破,その他,対象外当事者,その他,対象外当事者,損傷なし,死亡,土,その他,32.211867,131.535899,2019-04-27,06:05,red,,,,,,,,,,,,
本票,鹿児島,白石,0231,死亡,1,0,02250,下,0043,201,夜－夜,晴,非市街地,舗装－乾燥,単路－カーブ・屈折,環状交差点以外 環状交差点以外をいう。,施設なし,00,23,00,23,04,1,単路（交差点付近を含む）,規制なし,4,2,車両単独,0～24歳,不明,二輪車－自動二輪－軽二輪－126～250cc,物件等,自家用,対象外当事者,対象外当事者,対象外当事者,50㎞／ｈ以下,対象外当事者,12,00,小破,対象外当事者,対象外当事者,対象外当事者,対象外当事者,対象外当事者,死亡,対象外当事者,土,その他,31.465224,130.489912,2019-04-13,00:21,red,,,,,,,,,,,,
本票,鹿児島,東,0147,死亡,2,3,00030,上,9999,201,昼－昼,晴,非市街地,舗装－乾燥,単路－その他,環状交差点以外 環状交差点以外をいう。,施設なし,00,23,00,23,03,8,単路（交差点付近を含む）,規制なし,4,2,車両相互,35～44歳,65～74歳,乗用車－普通車,乗用車－軽自動車,自家用,自家用,乗用車,乗用車,50㎞／ｈ以下,50㎞／ｈ以下,16,10,大破,大破,装備あり 作動,装備あり 作動,その他,その他,負傷,死亡,木,その他,31.652219,130.505400,2019-04-04,15:00,red,,,,,,,,,,,,
本票,鹿児島,千歳,0002,死亡,1,0,02250,上,0001,204,昼－昼,晴,市街地－その他,舗装－乾燥,交差点－その他,環状交差点以外 環状交差点以外をいう。,施設なし,09,22,09,22,14,9,交差点内,規制なし,4,2,車両相互,65～74歳,75歳以上,乗用車－軽自動車,二輪車－原付自転車,自家用,自家用,乗用車,対象外当事者,50㎞／ｈ以下,指定の速度規制なし等,10,40,中破,大破,その他,対象外当事者,その他,対象外当事者,損傷なし,死亡,金,その他,31.294241,130.302876,2019-04-12,09:20,red,,,,,,,,,,,,
本票,沖縄,千歳,0035,死亡,1,0,00580,上,0920,324,夜－夜,曇,非市街地,舗装－乾燥,単路－カーブ・屈折,環状交差点以外 環状交差点以外をいう。,施設なし,00,23,00,23,05,6,その他,規制なし,1,2,車両単独,35～44歳,不明,二輪車－自動二輪－小型二輪－751ｃｃ以上,物件等,自家用,対象外当事者,対象外当事者,対象外当事者,60㎞／ｈ以下,対象外当事者,10,00,大破,対象外当事者,対象外当事者,対象外当事者,対象外当事者,対象外当事者,死亡,対象外当事者,月,その他,26.419498,127.771662,2019-04-22,22:43,red,,,,,,,,,,,,
本票,北海道（札幌方面）,高速道路交通警察隊,0019,死亡,1,0,40020,下,0000,578,昼－暮,晴,非市街地,舗装－乾燥,単路－その他,環状交差点以外 環状交差点以外をいう。,施設なし,00,23,00,23,04,9,単路（交差点付近を含む）,規制なし,1,3,車両単独,25～34歳,不明,乗用車－普通車,物件等,自家用,対象外当事者,乗用車,対象外当事者,指定の速度規制なし等,対象外当事者,10,00,大破,対象外当事者,その他,対象外当事者,その他,対象外当事者,死亡,対象外当事者,日,その他,42.573681,141.356351,2019-05-12,18:42,red,781,東日本高速道路,走行車線－第一通行帯,完全分離－その他,直線,平坦・該当なし,,1,防護柵－ガードレール,該当なし,該当なし,0
本票,北海道（札幌方面）,高速道路交通警察隊,0023,死亡,1,1,50020,下,0000,601,昼－昼,曇,非市街地,舗装－乾燥,単路－トンネル,環状交差点以外 環状交差点以外をいう。,施設なし,00,23,00,23,04,9,単路（交差点付近を含む）,規制なし,6,2,車両相互,45～54歳,0～24歳,乗用車－普通車,貨物車－普通車,自家用,自家用,乗用車,貨物車,70㎞／ｈ以下,70㎞／ｈ以下,80,65,小破,大破,その他,装備あり 作動,その他,その他,損傷なし,負傷,火,その他,42.436865,142.232081,2019-05-28,10:15,red,595,国土交通省,走行車線－第一通行帯,非分離－トンネル,直線,平坦・該当なし,厚賀,3,該当なし,該当なし,70㎞/h以下,1239