資料区分,都道府県コード,警察署等コード,本票番号,事故内容,死者数,負傷者数,路線コード,上下線,地点コード,市区町村コード,昼夜,天候,地形,路面状態,道路形状,環状交差点の直径,信号機,一時停止規制　標識（当事者A）,一時停止規制　表示（当事者A）,一時停止規制　標識（当事者B）,一時停止規制　表示（当事者B）,車道幅員,道路線形,衝突地点,ゾーン規制,中央分離帯施設等,歩車道区分,事故類型,年齢（当事者A）,年齢（当事者B）,当事者種別（当事者A）,当事者種別（当事者B）,用途別（当事者A）,用途別（当事者B）,車両形状（当事者A）,車両形状（当事者B）,速度規制（指定のみ）（当事者A）,速度規制（指定のみ）（当事者B）,車両の衝突部位（当事者A）,車両の衝突部位（当事者B）,車両の損壊程度（当事者A）,車両の損壊程度（当事者B）,エアバッグの装備（当事者A）,エアバッグの装備（当事者B）,サイドエアバッグの装備（当事者A）,サイドエアバッグの装備（当事者B）,人身損傷程度（当事者A）,人身損傷程度（当事者B）,曜日(発生年月日),祝日(発生年月日),緯度,経度,発生日,発生時,color,発生地点,道路管理者区分,道路区分,道路構造,曲線半径,縦断勾配,トンネル番号,当事者車両台数,車両単独事故の対象物,臨時速度規制の有無,速度規制（臨時のみ）,トンネル延長距離
本票,北海道（札幌方面）,江別,0113,死亡,1,0,39990,対象外,0000,217,昼－昼,晴,非市街地,舗装－乾燥,単路－カーブ・屈折,環状交差点以外 環状交差点以外をいう。,施設なし,00,23,00,23,03,6,その他,規制なし,4,4,車両単独,65～74歳,不明,乗用車－軽自動車,相手なし,自家用,対象外当事者,乗用車,対象外当事者,40㎞／ｈ以下,対象外当事者,00,00,小破,対象外当事者,その他,対象外当事者,その他,対象外当事者,死亡,対象外当事者,水,その他,43.070312,141.557719,2019-05-29,15:35,red,,,,,,,,,,,,
本票,北海道（札幌方面）,岩内,0029,死亡,1,0,02760,対象外,0765,401,昼－昼,曇,市街地－その他,舗装－乾燥,交差点－その他,環状交差点以外 環状交差点以外をいう。,施設なし,09,22,00,23,15,9,交差点内,規制なし,4,2,人対車両,75歳以上,75歳以上,貨物車－軽自動車,歩行者,自家用,対象外当事者,貨物車,対象外当事者,50㎞／ｈ以下,対象外当事者,80,00,小破,対象外当事者,その他,対象外当事者,その他,対象外当事者,損傷なし,死亡,火,その他,42.979449,140.614605,2019-05-28,14:30,red,,,,,,,,,,,,
本票,北海道（札幌方面）,苫小牧,0129,死亡,1,0,24790,対象外,0000,213,昼－昼,晴,市街地－その他,舗装－乾燥,交差点－その他,環状交差点以外 環状交差点以外をいう。,施設なし,09,22,09,22,14,9,交差点内,規制なし,4,2,車両相互,25～34歳,0～24歳,貨物車－大型車,乗用車－軽自動車,事業用,自家用,貨物車,乗用車,50㎞／ｈ以下,指定の速度規制なし等,10,52,小破,大破,その他,装備あり 作動,その他,その他,損傷なし,死亡,日,当日,42.636982,141.724361,2019-05-05,07:08,red,,,,,,,,,,,,
本票,北海道（札幌方面）,北,0301,死亡,1,0,02750,対象外,0234,303,昼－昼,晴,非市街地,舗装－乾燥,交差点付近－その他,環状交差点以外 環状交差点以外をいう。,点灯－３灯式,00,23,00,23,04,9,単路（交差点付近を含む）,規制なし,4,2,車両相互,45～54歳,55～64歳,乗用車－大型車,二輪車－自動二輪－小型二輪－751ｃｃ以上,事業用,自家用,乗用車,対象外当事者,40㎞／ｈ以下,50㎞／ｈ以下,80,30,小破,中破,その他,対象外当事者,その他,対象外当事者,損傷なし,死亡,日,その他,43.213390,141.525017,2019-05-12,14:32,red,,,,,,,,,,,,
本票,北海道（函館方面）,函館中央,0198,死亡,1,0,02280,対象外,0103,236,夜－暮,晴,市街地－その他,舗装－乾燥,単路－その他,環状交差点以外 環状交差点以外をいう。,施設なし,00,23,00,23,05,9,単路（交差点付近を含む）,規制なし,1,2,人対車両,35～44歳,75歳以上,乗用車－普通車,歩行者,自家用,対象外当事者,乗用車,対象外当事者,指定の速度規制なし等,対象外当事者,50,00,小破,対象外当事者,その他,対象外当事者,その他,対象外当事者,損傷なし,死亡,金,その他,41.813719,140.631095,2019-05-17,19:31,red,,,,,,,,,,,,
本票,北海道（旭川方面）,富良野,0014,死亡,1,0,38880,対象外,0000,462,昼－昼,晴,非市街地,舗装－乾燥,単路－カーブ・屈折,環状交差点以外 環状交差点以外をいう。,施設なし,00,23,00,23,03,6,単路（交差点付近を含む）,規制なし,4,3,車両単独,45～54歳,不明,二輪車－自動二輪－小型二輪－251～400cc,相手なし,自家用,対象外当事者,対象外当事者,対象外当事者,指定の速度規制なし等,対象外当事者,42,00,小破,対象外当事者,対象外当事者,対象外当事者,対象外当事者,対象外当事者,死亡,対象外当事者,日,その他,43.129147,142.677984,2019-05-12,13:23,red,,,,,,,,,,,,
本票,北海道（釧路方面）,池田,0004,死亡,1,1,03360,対象外,1458,649,昼－昼,晴,非市街地,舗装－乾燥,交差点－その他,環状交差点以外 環状交差点以外をいう。,施設なし,09,21,09,22,15,9,交差点内,規制なし,4,2,車両相互,55～64歳,45～54歳,乗用車－普通車,乗用車－普通車,自家用,自家用,乗用車,乗用車,指定の速度規制なし等,指定の速度規制なし等,10,50,小破,中破,その他,その他,その他,その他,損傷なし,死亡,火,その他,42.721201,143.655856,2019-05-07,15:15,red,,,,,,,,,,,,
本票,北海道（釧路方面）,帯広,0138,死亡,1,0,24330,対象外,0000,207,夜－暮,晴,市街地－人口集中,舗装－乾燥,交差点－その他,環状交差点以外 環状交差点以外をいう。,点灯－押ボタン式,09,22,00,23,18,9,交差点内,規制なし,5,2,人対車両,0～24歳,75歳以上,乗用車－普通車,歩行者,自家用,対象外当事者,乗用車,対象外当事者,50㎞／ｈ以下,対象外当事者,10,00,小破,対象外当事者,その他,対象外当事者,その他,対象外当事者,損傷なし,死亡,金,その他,42.924160,143.164448,2019-05-10,19:08,red,,,,,,,,,,,,
本票,北海道（北見方面）,北見,0044,死亡,1,0,00390,対象外,1639,208,昼－昼,曇,市街地－人口集中,舗装－乾燥,交差点付近－その他,環状交差点以外 環状交差点以外をいう。,点灯－３灯式,00,23,00,23,05,9,単路（交差点付近を含む）,規制なし,4,2,車両相互,35～44歳,55～64歳,乗用車－普通車,乗用車－軽自動車,自家用,自家用,乗用車,乗用車,50㎞／ｈ以下,50㎞／ｈ以下,80,61,中破,中破,装備あり 作動,装備あり 作動,その他,その他,損傷なし,死亡,火,その他,43.833007,143.923184,2019-05-21,17:20,red,,,,,,,,,,,,
本票,北海道（北見方面）,紋別,0011,死亡,1,0,02380,対象外,1070,219,昼－昼,晴,非市街地,舗装－乾燥,単路－その他,環状交差点以外 環状交差点以外をいう。,施設なし,00,23,00,23,04,9,単路（交差点付近を含む）,規制なし,4,2,人対車両,25～34歳,75歳以上,乗用車－普通車,歩行者,自家用,対象外当事者,乗用車,対象外当事者,指定の速度規制なし等,対象外当事者,18,00,小破,対象外当事者,その他,対象外当事者,その他,対象外当事者,損傷なし,死亡,木,その他,44.347550,143.336985,2019-05-23,07:00,red,,,,,,,,,,,,
本票,青森,西,0247,死亡,1,2,10470,対象外,0100,203,夜－夜,晴,非市街地,舗装－乾燥,単路－その他,環状交差点以外 環状交差点以外をいう。,施設なし,00,23,00,23,03,9,その他,規制なし,4,4,車両単独,0～24歳,不明,乗用車－普通車,相手なし,自家用,対象外当事者,乗用車,対象外当事者,指定の速度規制なし等,対象外当事者,50,00,大破,対象外当事者,その他,対象外当事者,その他,対象外当事者,負傷,対象外当事者,金,その他,40.531647,141.580732,2019-05-24,01:00,red,,,,,,,,,,,,
本票,青森,栗山,0086,死亡,1,0,30000,対象外,0000,405,昼－昼,晴,非市街地,舗装－乾燥,単路－その他,環状交差点以外 環状交差点以外をいう。,施設なし,00,23,00,23,03,9,単路（交差点付近を含む）,規制なし,4,3,車両単独,75歳以上,不明,軽車両－自転車,相手なし,対象外当事者,対象外当事者,対象外当事者,対象外当事者,対象外当事者,対象外当事者,10,00,小破,対象外当事者,対象外当事者,対象外当事者,対象外当事者,対象外当事者,死亡,対象外当事者,日,その他,40.608401,141.321567,2019-05-19,14:50,red,,,,,,,,,,,,
本票,青森,余市,0003,死亡,1,0,95000,対象外,0000,304,昼－昼,晴,市街地－その他,非舗装,踏切－第三種,環状交差点以外 環状交差点以外をいう。,施設なし,00,23,00,23,01,9,その他,規制なし,5,4,列車,35～44歳,45～54歳,列車,歩行者,対象外当事者,対象外当事者,対象外当事者,対象外当事者,対象外当事者,対象外当事者,50,00,損壊なし,対象外当事者,対象外当事者,対象外当事者,対象外当事者,対象外当事者,損傷なし,死亡,水,その他,40.981563,140.653891,2019-05-22,15:59,red,,,,,,,,,,,,
本票,岩手,高速道路交通警察隊,0018,死亡,1,1,41020,下,5368,214,夜－夜,晴,非市街地,舗装－乾燥,単路－カーブ・屈折,環状交差点以外 環状交差点以外をいう。,施設なし,00,23,00,23,05,6,単路（交差点付近を含む）,規制なし,1,4,車両相互,25～34歳,25～34歳,乗用車－普通車,乗用車－軽自動車,自家用,自家用,乗用車,乗用車,指定の速度規制なし等,指定の速度規制なし等,51,51,大破,大破,装備あり 作動,装備あり 作動,その他,その他,負傷,死亡,土,当日,39.912867,141.049930,2019-05-04,02:30,red,5368,東日本高速道路,減速車線,完全分離－その他,カーブ－500m以上,平坦－１％以上,,2,該当なし,該当なし,該当なし,0
本票,岩手,高速道路交通警察隊,0023,死亡,1,5,41020,下,5120,201,昼－昼,晴,市街地－その他,舗装－乾燥,単路－その他,環状交差点以外 環状交差点以外をいう。,施設なし,00,23,00,23,05,9,単路（交差点付近を含む）,規制なし,5,4,車両相互,75歳以上,75歳以上,乗用車－普通車,乗用車－普通車,自家用,自家用,乗用車,乗用車,40㎞／ｈ以下,40㎞／ｈ以下,10,30,中破,中破,装備あり 作動,その他,その他,その他,負傷,負傷,日,その他,39.710208,141.093050,2019-05-19,15:17,red,0,東日本高速道路,料金所等付近－その他 ランプウェイに設置された料金所及びこれに接続する広場をいう。,その他,該当なし,平坦・該当なし,,2,該当なし,該当なし,該当なし,0
本票,岩手,千歳,0084,死亡,1,1,21080,対象外,0000,215,昼－昼,晴,非市街地,舗装－乾燥,交差点－その他,環状交差点以外 環状交差点以外をいう。,施設なし,09,22,09,22,15,9,交差点内,規制なし,4,3,車両相互,0～24歳,75歳以上,乗用車－普通車,乗用車－軽自動車,自家用,自家用,乗用車,乗用車,50㎞／ｈ以下,50㎞／ｈ以下,10,80,中破,中破,装備あり 作動,装備あり 作動,その他,装備あり 作動,負傷,死亡,日,当日,39.199928,141.158057,2019-05-05,09:35,red,,,,,,,,,,,,
本票,岩手,栗山,0051,死亡,1,0,30000,対象外,0000,402,昼－昼,晴,非市街地,舗装－乾燥,交差点－その他,環状交差点以外 環状交差点以外をいう。,施設なし,09,22,09,22,14,9,交差点内,規制なし,4,4,車両相互,55～64歳,55～64歳,乗用車－軽自動車,二輪車－自動二輪－小型二輪－751ｃｃ以上,自家用,自家用,乗用車,対象外当事者,指定の速度規制なし等,指定の速度規制なし等,80,20,中破,中破,装備あり 作動,対象外当事者,その他,対象外当事者,損傷なし,死亡,日,その他,39.008030,141.131258,2019-05-19,08:10,red,,,,,,,,,,,,
本票,岩手,野辺地,0025,死亡,1,0,00450,下,0167,203,昼－昼,晴,市街地－人口集中,舗装－乾燥,単路－その他,環状交差点以外 環状交差点以外をいう。,施設なし,00,23,00,23,03,9,単路（交差点付近を含む）,規制なし,4,2,車両相互,65～74歳,35～44歳,乗用車－普通車,乗用車－普通車,自家用,自家用,乗用車,乗用車,指定の速度規制なし等,50㎞／ｈ以下,20,10,中破,中破,その他,装備あり 作動,その他,その他,死亡,損傷なし,火,その他,39.061378,141.718364,2019-05-07,06:59,red,,,,,,,,,,,,
本票,岩手,赤歌,0016,死亡,1,0,00450,上,3451,503,夜－夜,晴,市街地－その他,舗装－乾燥,単路－その他,環状交差点以外 環状交差点以外をいう。,施設なし,00,23,00,23,04,9,単路（交差点付近を含む）,規制なし,4,2,人対車両,55～64歳,65～74歳,乗用車－軽自動車,歩行者,自家用,対象外当事者,乗用車,対象外当事者,指定の速度規制なし等,対象外当事者,10,00,中破,対象外当事者,その他,対象外当事者,その他,対象外当事者,損傷なし,死亡,月,その他,40.117041,141.813307,2019-05-27,21:35,red,,,,,,,,,,,,
本票,宮城,西,0255,死亡,1,0,99000,対象外,0000,102,昼－昼,雨,市街地－人口集中,舗装－湿潤,一般交通の場所,環状交差点以外 環状交差点以外をいう。,施設なし,00,23,00,23,00,0,その他,規制なし,0,4,人対車両,35～44歳,45～54歳,貨物車－軽自動車,歩行者,自家用,対象外当事者,貨物車,対象外当事者,指定の速度規制なし等,対象外当事者,50,00,小破,対象外当事者,その他,対象外当事者,その他,対象外当事者,損傷なし,死亡,金,その他,38.266764,140.976999,2019-04-26,09:57,red,,,,,,,,,,,,
本票,宮城,東,0150,死亡,1,0,30000,対象外,0000,203,昼－昼,晴,市街地－人口集中,舗装－乾燥,単路－カーブ・屈折,環状交差点以外 環状交差点以外をいう。,施設なし,00,23,00,23,03,1,単路（交差点付近を含む）,規制なし,4,2,車両単独,75歳以上,不明,乗用車－普通車,物件等,自家用,対象外当事者,乗用車,対象外当事者,40㎞／ｈ以下,対象外当事者,10,00,大破,対象外当事者,装備あり 作動,対象外当事者,その他,対象外当事者,損傷なし,対象外当事者,金,その他,38.336069,141.016709,2019-05-17,09:50,red,,,,,,,,,,,,
本票,秋田,美唄,0021,死亡,1,0,70000,対象外,0000,366,昼－昼,曇,非市街地,非舗装,単路－その他,環状交差点以外 環状交差点以外をいう。,施設なし,00,23,00,23,02,9,その他,規制なし,5,4,車両単独,65～74歳,不明,貨物車－軽自動車,相手なし,自家用,対象外当事者,貨物車,対象外当事者,指定の速度規制なし等,対象外当事者,10,00,小破,対象外当事者,その他,対象外当事者,その他,対象外当事者,死亡,対象外当事者,水,その他,39.916349,140.056581,2019-05-08,06:30,red,,,,,,,,,,,,
本票,秋田,余市,0066,死亡,1,0,37000,対象外,0000,201,夜－夜,曇,市街地－人口集中,舗装－乾燥,交差点－その他,環状交差点以外 環状交差点以外をいう。,施設なし,09,22,00,23,15,9,交差点内,規制なし,4,2,人対車両,65～74歳,35～44歳,乗用車－普通車,歩行者,事業用,対象外当事者,乗用車,対象外当事者,指定の速度規制なし等,対象外当事者,10,00,小破,対象外当事者,その他,対象外当事者,その他,対象外当事者,損傷なし,死亡,木,その他,39.716393,140.132180,2019-05-09,22:06,red,,,,,,,,,,,,
本票,山形,西,0117,死亡,1,2,00070,下,1933,461,昼－昼,晴,非市街地,舗装－乾燥,単路－カーブ・屈折,環状交差点以外 環状交差点以外をいう。,施設なし,00,23,00,23,03,4,単路（交差点付近を含む）,規制なし,4,2,車両相互,55～64歳,75歳以上,乗用車－普通車,乗用車－軽自動車,自家用,自家用,乗用車,乗用車,指定の速度規制なし等,指定の速度規制なし等,50,10,中破,大破,装備あり 作動,その他,その他,その他,負傷,死亡,土,当日,39.111222,139.873083,2019-05-04,08:40,red,,,,,,,,,,,,
本票,山形,小樽,0014,死亡,1,1,01130,上,0763,401,昼－昼,晴,非市街地,舗装－乾燥,単路－橋,環状交差点以外 環状交差点以外をいう。,施設なし,00,23,00,23,03,9,単路（交差点付近を含む）,規制なし,4,3,車両相互,75歳以上,55～64歳,乗用車－普通車,乗用車－軽自動車,自家用,自家用,乗用車,乗用車,指定の速度規制なし等,指定の速度規制なし等,50,50,中破,中破,装備あり 作動,装備あり 作動,その他,その他,損傷なし,負傷,水,その他,38.074861,139.705833,2019-05-29,13:02,red,,,,,,,,,,,,
本票,福島,高速道路交通警察隊,0019,死亡,1,6,42120,上,2016,541,昼－明,晴,非市街地,舗装－乾燥,単路－その他,環状交差点以外 環状交差点以外をいう。,施設なし,00,23,00,23,04,9,単路（交差点付近を含む）,規制なし,1,4,車両相互,0～24歳,45～54歳,乗用車－普通車,乗用車－普通車,自家用,自家用,乗用車,乗用車,70㎞／ｈ以下,70㎞／ｈ以下,51,52,大破,中破,装備あり 作動,装備あり 作動,その他,その他,死亡,負傷,木,当日,37.233791,140.981270,2019-05-02,04:57,red,2016,東日本高速道路,走行車線－第一通行帯,完全分離－その他,直線,平坦・該当なし,,2,該当なし,該当なし,該当なし,0
本票,福島,苫小牧,0060,死亡,1,0,95000,対象外,0000,204,昼－昼,晴,非市街地,舗装－乾燥,単路－その他,環状交差点以外 環状交差点以外をいう。,施設なし,00,23,00,23,01,9,単路（交差点付近を含む）,規制なし,5,4,車両単独,65～74歳,不明,特殊車－小型－農耕作業用,相手なし,対象外当事者,対象外当事者,対象外当事者,対象外当事者,指定の速度規制なし等,対象外当事者,50,00,損壊なし,対象外当事者,対象外当事者,対象外当事者,対象外当事者,対象外当事者,死亡,対象外当事者,水,その他,36.979638,140.797815,2019-04-03,11:00,red,,,,,,,,,,,,
本票,福島,豊平,0035,死亡,1,0,10000,対象外,0000,209,夜－暮,曇,市街地－その他,舗装－乾燥,交差点－その他,環状交差点以外 環状交差点以外をいう。,点灯－押ボタン式,09,22,09,22,14,9,交差点内,規制なし,5,2,車両相互,0～24歳,75歳以上,乗用車－軽自動車,軽車両－自転車,自家用,対象外当事者,乗用車,対象外当事者,50㎞／ｈ以下,対象外当事者,10,40,中破,中破,その他,対象外当事者,その他,対象外当事者,損傷なし,死亡,木,その他,37.789020,140.913134,2019-05-16,18:49,red,,,,,,,,,,,,
本票,東京,高速道路交通警察隊,0247,死亡,1,0,50030,上,0000,101,夜－夜,晴,市街地－人口集中,舗装－乾燥,単路－トンネル,環状交差点以外 環状交差点以外をいう。,施設なし,00,23,00,23,04,5,単路（交差点付近を含む）,規制なし,1,4,車両単独,0～24歳,不明,二輪車－自動二輪－軽二輪－126～250cc,物件等,自家用,対象外当事者,対象外当事者,対象外当事者,50㎞／ｈ以下,対象外当事者,20,00,中破,対象外当事者,対象外当事者,対象外当事者,対象外当事者,対象外当事者,死亡,対象外当事者,月,当日,35.677961,139.748297,2019-05-06,01:02,red,0,首都高速道路,走行車線－第二通行帯以上,完全分離－トンネル,カーブ－100m以上,上り・下り－４％以上,白老,2,中央分離帯－ガードレール,該当なし,該当なし,1150
本票,東京,荏原,0074,死亡,1,0,30000,対象外,0000,109,昼－昼,晴,市街地－人口集中,舗装－乾燥,交差点－その他,環状交差点以外 環状交差点以外をいう。,施設なし,09,22,00,23,11,9,交差点内,規制なし,5,1,人対車両,25～34歳,75歳以上,貨物車－準中型車,歩行者,事業用,対象外当事者,貨物車,対象外当事者,30㎞／ｈ以下,対象外当事者,10,00,小破,対象外当事者,その他,対象外当事者,その他,対象外当事者,損傷なし,死亡,月,当日,35.611317,139.723629,2019-05-06,13:20,red,,,,,,,,,,,,
本票,東京,石神井,0159,死亡,1,0,30000,対象外,0000,120,昼－昼,晴,市街地－人口集中,舗装－乾燥,踏切－第一種,環状交差点以外 環状交差点以外をいう。,施設なし,00,23,00,23,01,9,その他,規制なし,5,3,列車,45～54歳,55～64歳,列車,歩行者,対象外当事者,対象外当事者,対象外当事者,対象外当事者,対象外当事者,対象外当事者,10,00,損壊なし,対象外当事者,対象外当事者,対象外当事者,対象外当事者,対象外当事者,損傷なし,死亡,水,その他,35.749770,139.582594,2019-03-13,08:28,red,,,,,,,,,,,,
本票,東京,西新井,0192,死亡,1,0,00040,下,0110,121,夜－夜,晴,市街地－人口集中,舗装－乾燥,交差点－その他,環状交差点以外 環状交差点以外をいう。,点灯－３灯式,09,22,09,22,19,9,交差点内,規制なし,5,1,車両相互,0～24歳,0～24歳,乗用車－軽自動車,軽車両－自転車,自家用,対象外当事者,乗用車,対象外当事者,指定の速度規制なし等,対象外当事者,10,40,中破,大破,その他,対象外当事者,その他,対象外当事者,損傷なし,死亡,水,その他,35.775462,139.803223,2019-05-22,23:08,red,,,,,,,,,,,,
本票,東京,深川,0133,死亡,1,0,10060,対象外,0000,108,昼－暮,晴,市街地－人口集中,舗装－乾燥,交差点－その他,環状交差点以外 環状交差点以外をいう。,点灯－３灯式,09,22,09,22,19,9,交差点内,規制なし,5,1,車両相互,55～64歳,25～34歳,貨物車－普通車,二輪車－自動二輪－原付二種－51～125cc,自家用,自家用,貨物車,対象外当事者,50㎞／ｈ以下,50㎞／ｈ以下,40,10,小破,小破,その他,対象外当事者,その他,対象外当事者,損傷なし,死亡,月,その他,35.689057,139.815692,2019-05-13,18:17,red,,,,,,,,,,,,
本票,茨城,中央,0386,死亡,1,0,00510,下,1212,201,夜－夜,晴,非市街地,舗装－乾燥,単路－その他,環状交差点以外 環状交差点以外をいう。,施設なし,00,23,00,23,04,9,単路（交差点付近を含む）,規制なし,4,2,車両相互,65～74歳,0～24歳,乗用車－普通車,二輪車－原付自転車,自家用,自家用,乗用車,対象外当事者,50㎞／ｈ以下,指定の速度規制なし等,15,14,中破,大破,その他,対象外当事者,その他,対象外当事者,損傷なし,死亡,木,その他,36.354405,140.511413,2019-05-09,21:10,red,,,,,,,,,,,,
本票,茨城,中央,0432,死亡,1,0,30000,対象外,0000,201,夜－夜,曇,市街地－人口集中,舗装－乾燥,単路－その他,環状交差点以外 環状交差点以外をいう。,施設なし,00,23,00,23,03,8,単路（交差点付近を含む）,規制なし,5,3,車両単独,45～54歳,不明,軽車両－駆動補助機付自転車,相手なし,対象外当事者,対象外当事者,対象外当事者,対象外当事者,対象外当事者,対象外当事者,40,00,小破,対象外当事者,対象外当事者,対象外当事者,対象外当事者,対象外当事者,死亡,対象外当事者,月,その他,36.385295,140.431195,2019-05-20,23:30,red,,,,,,,,,,,,
本票,茨城,余市,0211,死亡,1,2,21280,対象外,0000,220,昼－昼,曇,非市街地,舗装－乾燥,交差点－その他,環状交差点以外 環状交差点以外をいう。,点灯－３灯式,09,22,09,22,15,9,交差点内,規制なし,4,2,車両相互,35～44歳,75歳以上,乗用車－普通車,貨物車－軽自動車,自家用,自家用,乗用車,貨物車,指定の速度規制なし等,指定の速度規制なし等,50,18,大破,大破,装備あり 作動,その他,その他,その他,負傷,死亡,水,その他,36.096921,140.148178,2019-05-15,10:24,red,,,,,,,,,,,,
本票,茨城,倶知安,0028,死亡,1,0,30000,対象外,0000,220,昼－昼,晴,非市街地,舗装－乾燥,単路－カーブ・屈折,環状交差点以外 環状交差点以外をいう。,施設なし,00,23,00,23,03,6,単路（交差点付近を含む）,規制なし,5,3,車両相互,35～44歳,45～54歳,貨物車－普通車,二輪車－自動二輪－原付二種－51～125cc,自家用,自家用,貨物車,対象外当事者,指定の速度規制なし等,指定の速度規制なし等,50,20,小破,中破,その他,対象外当事者,その他,対象外当事者,損傷なし,死亡,木,当日,36.177467,140.102554,2019-05-02,15:00,red,,,,,,,,,,,,
本票,茨城,伊達,0052,死亡,1,2,01250,対象外,0000,521,夜－夜,晴,非市街地,舗装－乾燥,単路－その他,環状交差点以外 環状交差点以外をいう。,施設なし,00,23,00,23,03,9,単路（交差点付近を含む）,規制なし,4,2,車両相互,0～24歳,55～64歳,乗用車－普通車,乗用車－軽自動車,自家用,自家用,乗用車,乗用車,50㎞／ｈ以下,50㎞／ｈ以下,15,15,中破,大破,その他,装備あり 作動,その他,その他,負傷,死亡,土,その他,36.187144,139.928612,2019-05-11,21:33,red,,,,,,,,,,,,
本票,茨城,南,0143,死亡,1,0,30000,対象外,0000,217,昼－昼,晴,非市街地,舗装－乾燥,単路－その他,環状交差点以外 環状交差点以外をいう。,施設なし,00,23,00,23,04,9,単路（交差点付近を含む）,規制なし,4,2,車両相互,45～54歳,75歳以上,貨物車－大型車,二輪車－原付自転車,事業用,自家用,貨物車,対象外当事者,40㎞／ｈ以下,指定の速度規制なし等,60,10,小破,中破,その他,対象外当事者,その他,対象外当事者,損傷なし,死亡,土,その他,35.896175,140.056854,2019-05-25,10:00,red,,,,,,,,,,,,
本票,茨城,豊平,0196,死亡,1,1,70000,対象外,0000,221,昼－昼,晴,非市街地,非舗装,踏切－第四種,環状交差点以外 環状交差点以外をいう。,施設なし,00,23,00,23,01,9,その他,規制なし,5,4,列車,75歳以上,35～44歳,貨物車－軽自動車,列車,自家用,対象外当事者,貨物車,対象外当事者,指定の速度規制なし等,対象外当事者,25,15,大破,小破,その他,対象外当事者,その他,対象外当事者,死亡,損傷なし,土,当日,36.371609,140.555734,2019-05-04,13:25,red,,,,,,,,,,,,
本票,栃木,中央,0166,死亡,1,0,01190,対象外,0000,201,夜－夜,雨,市街地－その他,舗装－湿潤,単路－その他,環状交差点以外 環状交差点以外をいう。,施設なし,00,23,00,23,04,9,単路（交差点付近を含む）,規制なし,4,2,人対車両,35～44歳,75歳以上,貨物車－軽自動車,歩行者,自家用,対象外当事者,貨物車,対象外当事者,50㎞／ｈ以下,対象外当事者,10,00,小破,対象外当事者,その他,対象外当事者,その他,対象外当事者,損傷なし,死亡,金,その他,36.541196,139.880548,2019-04-26,02:58,red,,,,,,,,,,,,
本票,栃木,白石,0144,死亡,1,1,21720,対象外,0000,361,昼－明,曇,非市街地,舗装－乾燥,単路－その他,環状交差点以外 環状交差点以外をいう。,施設なし,00,23,00,23,03,8,単路（交差点付近を含む）,規制なし,5,3,車両相互,45～54歳,45～54歳,貨物車－大型車,貨物車－普通車,事業用,自家用,貨物車,貨物車,50㎞／ｈ以下,50㎞／ｈ以下,55,10,大破,大破,その他,装備あり 作動,その他,その他,負傷,死亡,土,その他,36.482829,139.815584,2019-05-11,05:12,red,,,,,,,,,,,,
本票,栃木,白石,0160,死亡,1,0,03520,対象外,0000,361,昼－昼,晴,市街地－その他,舗装－乾燥,交差点－その他,環状交差点以外 環状交差点以外をいう。,施設なし,09,22,01,21,14,9,交差点内,規制なし,4,2,車両相互,65～74歳,75歳以上,貨物車－準中型車,軽車両－自転車,自家用,対象外当事者,貨物車,対象外当事者,50㎞／ｈ以下,対象外当事者,50,44,小破,中破,その他,対象外当事者,その他,対象外当事者,損傷なし,死亡,木,その他,36.450328,139.776819,2019-05-23,14:25,red,,,,,,,,,,,,
本票,栃木,岩見沢,0160,死亡,1,2,21600,対象外,0000,208,昼－昼,曇,非市街地,舗装－乾燥,単路－その他,環状交差点以外 環状交差点以外をいう。,施設なし,00,23,00,23,01,8,単路（交差点付近を含む）,規制なし,4,2,車両相互,45～54歳,75歳以上,乗用車－普通車,乗用車－軽自動車,自家用,自家用,乗用車,乗用車,指定の速度規制なし等,指定の速度規制なし等,50,50,中破,中破,装備あり 作動,装備あり 作動,その他,その他,負傷,死亡,水,その他,36.272345,139.755792,2019-05-15,16:40,red,,,,,,,,,,,,
本票,栃木,栗山,0040,死亡,1,0,30000,対象外,0000,210,昼－昼,晴,非市街地,舗装－乾燥,交差点－その他,環状交差点以外 環状交差点以外をいう。,点灯－３灯式,09,22,09,22,15,3,交差点内,規制なし,4,2,車両相互,45～54歳,55～64歳,乗用車－普通車,二輪車－自動二輪－小型二輪－751ｃｃ以上,自家用,自家用,乗用車,対象外当事者,指定の速度規制なし等,指定の速度規制なし等,80,10,中破,大破,装備あり 作動,対象外当事者,その他,対象外当事者,損傷なし,死亡,木,その他,36.848269,139.954624,2019-05-09,12:00,red,,,,,,,,,,,,
本票,栃木,砂川,0087,死亡,1,0,21930,対象外,0000,301,昼－昼,晴,非市街地,舗装－乾燥,単路－その他,環状交差点以外 環状交差点以外をいう。,施設なし,00,23,00,23,03,9,単路（交差点付近を含む）,規制なし,4,2,車両相互,35～44歳,75歳以上,乗用車－普通車,貨物車－軽自動車,自家用,自家用,乗用車,貨物車,指定の速度規制なし等,指定の速度規制なし等,22,51,小破,中破,その他,その他,その他,その他,損傷なし,死亡,日,その他,36.473215,139.941110,2019-05-26,11:45,red,,,,,,,,,,,,