資料区分,都道府県コード,警察署等コード,本票番号,事故内容,死者数,負傷者数,路線コード,上下線,地点コード,市区町村コード,昼夜,天候,地形,路面状態,道路形状,環状交差点の直径,信号機,一時停止規制　標識（当事者A）,一時停止規制　表示（当事者A）,一時停止規制　標識（当事者B）,一時停止規制　表示（当事者B）,車道幅員,道路線形,衝突地点,ゾーン規制,中央分離帯施設等,歩車道区分,事故類型,年齢（当事者A）,年齢（当事者B）,当事者種別（当事者A）,当事者種別（当事者B）,用途別（当事者A）,用途別（当事者B）,車両形状（当事者A）,車両形状（当事者B）,速度規制（指定のみ）（当事者A）,速度規制（指定のみ）（当事者B）,車両の衝突部位（当事者A）,車両の衝突部位（当事者B）,車両の損壊程度（当事者A）,車両の損壊程度（当事者B）,エアバッグの装備（当事者A）,エアバッグの装備（当事者B）,サイドエアバッグの装備（当事者A）,サイドエアバッグの装備（当事者B）,人身損傷程度（当事者A）,人身損傷程度（当事者B）,曜日(発生年月日),祝日(発生年月日),緯度,経度,発生日,発生時,color,発生地点,道路管理者区分,道路区分,道路構造,曲線半径,縦断勾配,トンネル番号,当事者車両台数,車両単独事故の対象物,臨時速度規制の有無,速度規制（臨時のみ）,トンネル延長距離
本票,栃木,砂川,0089,死亡,1,1,23200,対象外,0000,301,昼－昼,晴,市街地－その他,舗装－乾燥,単路－カーブ・屈折,環状交差点以外 環状交差点以外をいう。,施設なし,00,23,00,23,03,6,単路（交差点付近を含む）,規制なし,4,3,車両相互,45～54歳,65～74歳,貨物車－中型車,乗用車－軽自動車,事業用,自家用,貨物車,乗用車,50㎞／ｈ以下,50㎞／ｈ以下,51,51,大破,大破,その他,その他,その他,その他,負傷,死亡,月,その他,36.454821,139.922915,2019-05-27,14:26,red,,,,,,,,,,,,
本票,栃木,滝川,0044,死亡,1,0,22710,対象外,0000,211,夜－夜,晴,市街地－その他,舗装－乾燥,単路－その他,環状交差点以外 環状交差点以外をいう。,施設なし,00,23,00,23,02,9,単路（交差点付近を含む）,規制なし,4,2,人対車両,75歳以上,75歳以上,乗用車－普通車,歩行者,自家用,対象外当事者,乗用車,対象外当事者,50㎞／ｈ以下,対象外当事者,50,00,中破,対象外当事者,その他,対象外当事者,その他,対象外当事者,損傷なし,死亡,金,その他,36.816318,139.937258,2019-05-10,20:05,red,,,,,,,,,,,,
本票,栃木,苫小牧,0160,死亡,1,2,00040,下,1047,201,夜－夜,晴,市街地－人口集中,舗装－乾燥,単路－カーブ・屈折,環状交差点以外 環状交差点以外をいう。,施設なし,00,23,00,23,03,6,単路（交差点付近を含む）,規制なし,4,2,車両相互,0～24歳,45～54歳,乗用車－普通車,乗用車－軽自動車,自家用,自家用,乗用車,乗用車,指定の速度規制なし等,指定の速度規制なし等,10,10,大破,大破,装備あり 作動,装備あり 作動,その他,その他,負傷,死亡,月,当日,36.539216,139.882447,2019-05-06,03:21,red,,,,,,,,,,,,
本票,群馬,高速道路交通警察隊,0044,死亡,1,0,42010,上,1345,449,夜－夜,晴,非市街地,舗装－乾燥,単路－その他,環状交差点以外 環状交差点以外をいう。,施設なし,00,23,00,23,05,9,単路（交差点付近を含む）,規制なし,1,4,車両相互,55～64歳,25～34歳,貨物車－大型車,貨物車－準中型車,事業用,自家用,貨物車,貨物車,80㎞／ｈ以下,80㎞／ｈ以下,60,10,小破,大破,その他,その他,その他,その他,損傷なし,損傷なし,木,その他,36.692887,138.993857,2019-05-16,01:05,red,1345,東日本高速道路,走行車線－第一通行帯,完全分離－盛土,該当なし,平坦・該当なし,,2,該当なし,該当なし,該当なし,0
本票,群馬,西,1461,死亡,1,4,37000,対象外,0000,202,夜－夜,晴,市街地－その他,舗装－乾燥,単路－その他,環状交差点以外 環状交差点以外をいう。,施設なし,00,23,00,23,05,9,単路（交差点付近を含む）,規制なし,4,2,車両相互,0～24歳,0～24歳,乗用車－普通車,乗用車－普通車,自家用,自家用,乗用車,乗用車,50㎞／ｈ以下,50㎞／ｈ以下,10,10,大破,大破,装備あり 作動,装備あり 作動,その他,その他,負傷,負傷,日,その他,36.351026,139.051290,2019-05-26,00:43,red,,,,,,,,,,,,
本票,群馬,東,0118,死亡,1,0,02540,対象外,0000,209,夜－夜,雨,市街地－その他,舗装－湿潤,交差点付近－その他,環状交差点以外 環状交差点以外をいう。,施設なし,00,23,00,23,03,9,単路（交差点付近を含む）,規制なし,4,2,車両相互,25～34歳,55～64歳,乗用車－普通車,二輪車－原付自転車,自家用,自家用,乗用車,対象外当事者,40㎞／ｈ以下,指定の速度規制なし等,10,30,中破,大破,その他,対象外当事者,その他,対象外当事者,損傷なし,死亡,水,当日,36.238756,139.092130,2019-05-01,03:10,red,,,,,,,,,,,,
本票,埼玉,江別,0369,死亡,1,0,02980,下,0298,221,昼－昼,晴,市街地－その他,舗装－乾燥,単路－その他,環状交差点以外 環状交差点以外をいう。,施設なし,00,23,00,23,05,9,単路（交差点付近を含む）,規制なし,1,1,車両相互,35～44歳,35～44歳,乗用車－軽自動車,二輪車－自動二輪－原付二種－51～125cc,自家用,自家用,乗用車,対象外当事者,指定の速度規制なし等,指定の速度規制なし等,26,14,小破,中破,その他,対象外当事者,その他,対象外当事者,損傷なし,死亡,金,その他,35.850296,139.799240,2019-05-17,07:08,red,,,,,,,,,,,,
本票,埼玉,栗山,0475,死亡,1,0,39990,対象外,0000,201,昼－明,晴,非市街地,舗装－乾燥,交差点－その他,環状交差点以外 環状交差点以外をいう。,施設なし,09,22,01,22,14,9,交差点内,規制なし,5,4,車両相互,35～44歳,75歳以上,乗用車－軽自動車,二輪車－原付自転車,自家用,自家用,乗用車,対象外当事者,40㎞／ｈ以下,30㎞／ｈ以下,10,40,小破,中破,その他,対象外当事者,その他,対象外当事者,損傷なし,死亡,土,その他,35.945042,139.498498,2019-05-25,05:14,red,,,,,,,,,,,,
本票,埼玉,赤歌,0080,死亡,1,1,01400,対象外,0400,207,昼－暮,晴,市街地－その他,舗装－乾燥,単路－カーブ・屈折,環状交差点以外 環状交差点以外をいう。,施設なし,00,23,00,23,03,3,単路（交差点付近を含む）,規制なし,4,1,車両単独,0～24歳,不明,乗用車－軽自動車,物件等,自家用,対象外当事者,乗用車,対象外当事者,40㎞／ｈ以下,対象外当事者,80,00,中破,対象外当事者,装備あり 作動,対象外当事者,その他,対象外当事者,損傷なし,対象外当事者,金,当日,35.957743,138.965436,2019-05-03,18:09,red,,,,,,,,,,,,
本票,埼玉,倶知安,0312,死亡,1,0,22640,対象外,0000,202,夜－夜,晴,市街地－人口集中,舗装－乾燥,交差点付近－その他,環状交差点以外 環状交差点以外をいう。,施設なし,00,23,00,23,03,9,単路（交差点付近を含む）,規制なし,5,3,人対車両,45～54歳,75歳以上,乗用車－軽自動車,歩行者,自家用,対象外当事者,乗用車,対象外当事者,30㎞／ｈ以下,対象外当事者,10,00,小破,対象外当事者,その他,対象外当事者,その他,対象外当事者,損傷なし,死亡,水,その他,36.176019,139.341915,2019-05-22,21:35,red,,,,,,,,,,,,
本票,埼玉,門別,0119,死亡,1,0,10460,対象外,0000,210,昼－昼,晴,非市街地,舗装－乾燥,単路－橋,環状交差点以外 環状交差点以外をいう。,施設なし,00,23,00,23,03,7,単路（交差点付近を含む）,規制なし,4,1,車両単独,75歳以上,不明,二輪車－原付自転車,物件等,自家用,対象外当事者,対象外当事者,対象外当事者,30㎞／ｈ以下,対象外当事者,40,00,小破,対象外当事者,対象外当事者,対象外当事者,対象外当事者,対象外当事者,死亡,対象外当事者,金,その他,36.177327,139.648592,2019-05-10,16:10,red,,,,,,,,,,,,
本票,埼玉,東入間,0241,死亡,1,0,39990,対象外,0000,324,夜－明,雨,市街地－その他,舗装－湿潤,単路－その他,環状交差点以外 環状交差点以外をいう。,施設なし,00,23,00,23,03,9,単路（交差点付近を含む）,規制なし,4,1,人対車両,35～44歳,65～74歳,貨物車－中型車,歩行者,自家用,対象外当事者,貨物車,対象外当事者,40㎞／ｈ以下,対象外当事者,58,00,小破,対象外当事者,その他,対象外当事者,その他,対象外当事者,損傷なし,死亡,火,その他,35.819755,139.513467,2019-05-21,03:40,red,,,,,,,,,,,,
本票,千葉,西,0139,死亡,1,0,30000,対象外,0000,216,夜－夜,晴,市街地－人口集中,舗装－乾燥,踏切－第一種,環状交差点以外 環状交差点以外をいう。,施設なし,00,23,00,23,03,9,その他,規制なし,5,4,列車,45～54歳,65～74歳,列車,歩行者,対象外当事者,対象外当事者,対象外当事者,対象外当事者,対象外当事者,対象外当事者,10,00,小破,対象外当事者,対象外当事者,対象外当事者,対象外当事者,対象外当事者,損傷なし,死亡,日,その他,35.685948,140.047915,2019-05-19,22:07,red,,,,,,,,,,,,
本票,千葉,三戸,0074,死亡,1,1,30000,対象外,0000,236,昼－昼,曇,非市街地,舗装－乾燥,交差点－その他,環状交差点以外 環状交差点以外をいう。,施設なし,09,22,01,21,15,9,交差点内,規制なし,4,2,車両相互,55～64歳,75歳以上,貨物車－大型車,乗用車－普通車,事業用,自家用,貨物車,乗用車,指定の速度規制なし等,指定の速度規制なし等,10,40,大破,大破,その他,装備あり 作動,装備あり 作動,装備あり 作動,負傷,死亡,火,その他,35.805527,140.515933,2019-05-07,06:40,red,,,,,,,,,,,,
本票,千葉,芦別,0090,死亡,1,0,30000,対象外,0000,202,昼－昼,雨,市街地－人口集中,舗装－湿潤,単路－その他,環状交差点以外 環状交差点以外をいう。,施設なし,00,23,00,23,04,9,単路（交差点付近を含む）,規制なし,4,2,人対車両,55～64歳,55～64歳,乗用車－大型車,歩行者,事業用,対象外当事者,乗用車,対象外当事者,指定の速度規制なし等,対象外当事者,50,00,小破,対象外当事者,その他,対象外当事者,その他,対象外当事者,損傷なし,死亡,水,その他,35.730168,140.826975,2019-05-29,09:15,red,,,,,,,,,,,,
本票,千葉,小樽,0068,死亡,1,0,30000,対象外,0000,215,昼－昼,曇,非市街地,舗装－乾燥,交差点－その他,環状交差点以外 環状交差点以外をいう。,施設なし,09,22,09,22,11,9,交差点内,規制なし,5,4,車両相互,35～44歳,65～74歳,乗用車－軽自動車,二輪車－原付自転車,自家用,自家用,乗用車,対象外当事者,指定の速度規制なし等,指定の速度規制なし等,82,20,中破,大破,その他,対象外当事者,その他,対象外当事者,損傷なし,死亡,月,その他,35.709156,140.616988,2019-05-20,16:00,red,,,,,,,,,,,,
本票,千葉,苫小牧,0044,死亡,1,0,30000,対象外,0000,443,夜－暮,晴,非市街地,舗装－乾燥,踏切－第一種,環状交差点以外 環状交差点以外をいう。,施設なし,00,23,00,23,01,9,その他,規制なし,5,4,列車,25～34歳,75歳以上,列車,歩行者,対象外当事者,対象外当事者,対象外当事者,対象外当事者,対象外当事者,対象外当事者,80,00,損壊なし,対象外当事者,対象外当事者,対象外当事者,対象外当事者,対象外当事者,損傷なし,死亡,水,その他,35.179221,140.344573,2019-05-08,19:23,red,,,,,,,,,,,,
本票,千葉,大宮東,0215,死亡,1,0,30000,対象外,0000,220,昼－昼,曇,非市街地,舗装－乾燥,交差点付近－その他,環状交差点以外 環状交差点以外をいう。,施設なし,00,23,00,23,03,9,単路（交差点付近を含む）,規制なし,4,4,人対車両,45～54歳,75歳以上,乗用車－普通車,歩行者,自家用,対象外当事者,乗用車,対象外当事者,指定の速度規制なし等,対象外当事者,10,00,小破,対象外当事者,その他,対象外当事者,その他,対象外当事者,損傷なし,死亡,金,その他,35.831296,139.896951,2019-05-31,16:22,red,,,,,,,,,,,,
本票,神奈川,高速道路交通警察隊,0237,死亡,1,0,42610,上,3020,151,昼－暮,晴,非市街地,舗装－乾燥,単路－その他,環状交差点以外 環状交差点以外をいう。,施設なし,00,23,00,23,05,9,その他,規制なし,1,4,車両単独,65～74歳,不明,二輪車－自動二輪－小型二輪－401～750ｃｃ,物件等,自家用,対象外当事者,対象外当事者,対象外当事者,80㎞／ｈ以下,対象外当事者,10,00,中破,対象外当事者,対象外当事者,対象外当事者,対象外当事者,対象外当事者,死亡,対象外当事者,日,その他,35.618495,139.142742,2019-05-26,18:30,red,481,中日本高速道路,追越車線,完全分離－高低分離,直線,平坦・該当なし,,2,中央分離帯－ガードレール,あり－渋滞,50㎞/h以下,0
本票,神奈川,東入間,0136,死亡,1,0,30441,対象外,0000,107,夜－夜,晴,市街地－人口集中,舗装－乾燥,単路－その他,環状交差点以外 環状交差点以外をいう。,施設なし,00,23,00,23,04,9,その他,規制なし,1,4,車両単独,0～24歳,不明,二輪車－原付自転車,物件等,自家用,対象外当事者,対象外当事者,対象外当事者,指定の速度規制なし等,対象外当事者,10,00,中破,対象外当事者,対象外当事者,対象外当事者,対象外当事者,対象外当事者,死亡,対象外当事者,金,その他,35.393833,139.606545,2019-05-24,01:00,red,,,,,,,,,,,,
本票,神奈川,浦和東,0167,死亡,1,0,00010,下,0289,102,夜－夜,曇,市街地－人口集中,舗装－乾燥,交差点－その他,環状交差点以外 環状交差点以外をいう。,点灯－３灯式,09,22,09,22,18,3,交差点内,規制なし,5,1,車両相互,45～54歳,65～74歳,乗用車－普通車,二輪車－自動二輪－軽二輪－126～250cc,自家用,自家用,乗用車,対象外当事者,指定の速度規制なし等,指定の速度規制なし等,80,10,中破,大破,装備あり 作動,対象外当事者,その他,対象外当事者,損傷なし,死亡,月,当日,35.481738,139.636138,2019-05-06,22:22,red,,,,,,,,,,,,
本票,神奈川,大宮東,0234,死亡,1,0,10060,対象外,0000,101,昼－明,晴,市街地－人口集中,舗装－乾燥,交差点－その他,環状交差点以外 環状交差点以外をいう。,点灯－３灯式,09,22,09,22,18,9,交差点内,規制なし,5,1,車両相互,45～54歳,35～44歳,貨物車－大型車,二輪車－自動二輪－原付二種－51～125cc,事業用,自家用,貨物車,対象外当事者,指定の速度規制なし等,50㎞／ｈ以下,20,10,小破,大破,その他,対象外当事者,その他,対象外当事者,損傷なし,死亡,月,その他,35.493159,139.675429,2019-05-20,05:10,red,,,,,,,,,,,,
本票,神奈川,千葉北,0136,死亡,1,0,21090,対象外,0000,113,夜－暮,晴,市街地－人口集中,舗装－乾燥,単路－その他,環状交差点以外 環状交差点以外をいう。,施設なし,00,23,00,23,05,9,単路（交差点付近を含む）,規制なし,4,1,車両単独,0～24歳,不明,二輪車－原付自転車,物件等,自家用,対象外当事者,対象外当事者,対象外当事者,指定の速度規制なし等,対象外当事者,10,00,中破,対象外当事者,対象外当事者,対象外当事者,対象外当事者,対象外当事者,死亡,対象外当事者,木,その他,35.507431,139.555424,2019-05-16,19:30,red,,,,,,,,,,,,
本票,神奈川,行徳,0218,死亡,1,0,00010,下,0484,110,夜－夜,晴,市街地－人口集中,舗装－乾燥,交差点－その他,環状交差点以外 環状交差点以外をいう。,点灯－３灯式,09,22,09,22,18,9,交差点内,規制なし,5,1,車両相互,45～54歳,45～54歳,貨物車－中型車,軽車両－駆動補助機付自転車,自家用,対象外当事者,貨物車,対象外当事者,指定の速度規制なし等,対象外当事者,10,20,中破,小破,その他,対象外当事者,その他,対象外当事者,損傷なし,死亡,水,その他,35.367342,139.499346,2019-05-22,00:50,red,,,,,,,,,,,,
本票,神奈川,瀬谷,0133,死亡,1,4,30620,対象外,0000,114,昼－昼,晴,市街地－人口集中,舗装－乾燥,単路－その他,環状交差点以外 環状交差点以外をいう。,施設なし,00,23,00,23,03,9,単路（交差点付近を含む）,規制なし,3,1,車両相互,25～34歳,45～54歳,乗用車－普通車,二輪車－自動二輪－小型二輪－751ｃｃ以上,自家用,自家用,乗用車,対象外当事者,40㎞／ｈ以下,40㎞／ｈ以下,10,30,大破,大破,装備あり 作動,対象外当事者,装備あり 作動,対象外当事者,損傷なし,死亡,金,当日,35.497883,139.487047,2019-05-03,08:39,red,,,,,,,,,,,,
本票,神奈川,都筑,0211,死亡,1,0,10450,対象外,0000,118,夜－夜,晴,市街地－その他,舗装－乾燥,交差点－その他,環状交差点以外 環状交差点以外をいう。,点灯－３灯式,09,22,00,23,15,9,交差点内,規制なし,5,2,人対車両,45～54歳,65～74歳,貨物車－普通車,歩行者,自家用,対象外当事者,貨物車,対象外当事者,40㎞／ｈ以下,対象外当事者,50,00,小破,対象外当事者,その他,対象外当事者,その他,対象外当事者,損傷なし,死亡,月,その他,35.554137,139.600130,2019-05-27,21:10,red,,,,,,,,,,,,
本票,神奈川,高津,0124,死亡,1,0,02460,上,0176,134,昼－昼,晴,市街地－人口集中,舗装－乾燥,単路－その他,環状交差点以外 環状交差点以外をいう。,施設なし,00,23,00,23,05,9,単路（交差点付近を含む）,規制なし,1,1,車両単独,35～44歳,不明,二輪車－自動二輪－軽二輪－126～250cc,相手なし,自家用,対象外当事者,対象外当事者,対象外当事者,指定の速度規制なし等,対象外当事者,10,00,小破,対象外当事者,対象外当事者,対象外当事者,対象外当事者,対象外当事者,死亡,対象外当事者,月,その他,35.588803,139.600134,2019-05-20,05:45,red,,,,,,,,,,,,
本票,神奈川,多摩,0203,死亡,1,0,30000,対象外,0000,135,夜－夜,曇,市街地－人口集中,舗装－乾燥,交差点－その他,環状交差点以外 環状交差点以外をいう。,施設なし,01,21,00,23,15,9,交差点内,規制なし,5,4,人対車両,0～24歳,75歳以上,乗用車－普通車,歩行者,自家用,対象外当事者,乗用車,対象外当事者,指定の速度規制なし等,対象外当事者,80,00,小破,対象外当事者,その他,対象外当事者,その他,対象外当事者,損傷なし,死亡,土,その他,35.629750,139.532682,2019-05-25,19:53,red,,,,,,,,,,,,
本票,神奈川,横須賀,0216,死亡,1,1,10270,対象外,0000,201,夜－夜,雨,市街地－その他,舗装－湿潤,単路－その他,環状交差点以外 環状交差点以外をいう。,施設なし,00,23,00,23,05,9,単路（交差点付近を含む）,規制なし,1,2,車両単独,35～44歳,不明,乗用車－普通車,物件等,自家用,対象外当事者,乗用車,対象外当事者,50㎞／ｈ以下,対象外当事者,10,00,大破,対象外当事者,その他,対象外当事者,その他,対象外当事者,死亡,対象外当事者,水,当日,35.242624,139.661242,2019-05-01,22:48,red,,,,,,,,,,,,
本票,神奈川,藤沢北,0227,死亡,1,0,10220,対象外,0000,205,昼－昼,晴,市街地－その他,舗装－乾燥,交差点－その他,環状交差点以外 環状交差点以外をいう。,施設なし,09,22,09,22,17,9,交差点内,規制なし,4,2,車両相互,45～54歳,65～74歳,貨物車－軽自動車,軽車両－自転車,自家用,対象外当事者,貨物車,対象外当事者,50㎞／ｈ以下,対象外当事者,10,40,中破,中破,その他,対象外当事者,その他,対象外当事者,損傷なし,死亡,木,その他,35.416967,139.477752,2019-05-30,08:15,red,,,,,,,,,,,,
本票,神奈川,大船,0059,死亡,1,0,30000,対象外,0000,204,夜－明,晴,市街地－人口集中,舗装－乾燥,交差点付近－その他,環状交差点以外 環状交差点以外をいう。,施設なし,00,23,00,23,01,8,単路（交差点付近を含む）,規制なし,5,4,人対車両,35～44歳,45～54歳,乗用車－普通車,歩行者,自家用,対象外当事者,乗用車,対象外当事者,指定の速度規制なし等,対象外当事者,80,00,小破,対象外当事者,その他,対象外当事者,その他,対象外当事者,損傷なし,死亡,日,当日,35.344111,139.526193,2019-05-05,03:51,red,,,,,,,,,,,,
本票,神奈川,厚木,0242,死亡,1,0,10640,対象外,0000,402,夜－夜,晴,非市街地,舗装－乾燥,交差点－その他,環状交差点以外 環状交差点以外をいう。,点灯－３灯式,09,22,00,23,15,9,交差点内,規制なし,5,1,車両単独,25～34歳,不明,乗用車－普通車,物件等,自家用,対象外当事者,乗用車,対象外当事者,40㎞／ｈ以下,対象外当事者,10,00,大破,対象外当事者,装備あり 作動,対象外当事者,装備あり 作動,対象外当事者,死亡,対象外当事者,月,その他,35.524879,139.235631,2019-04-01,03:56,red,,,,,,,,,,,,
本票,神奈川,相模原,0334,死亡,1,0,01290,対象外,0000,152,昼－昼,晴,市街地－その他,舗装－乾燥,単路－その他,環状交差点以外 環状交差点以外をいう。,施設なし,00,23,00,23,05,9,単路（交差点付近を含む）,規制なし,1,2,車両相互,25～34歳,45～54歳,貨物車－中型車,二輪車－自動二輪－原付二種－51～125cc,事業用,自家用,貨物車,対象外当事者,指定の速度規制なし等,指定の速度規制なし等,40,00,小破,中破,その他,対象外当事者,その他,対象外当事者,損傷なし,死亡,木,その他,35.563026,139.347006,2019-05-23,07:19,red,,,,,,,,,,,,
本票,神奈川,相模原北,0086,死亡,1,0,00160,上,0327,151,夜－明,雨,市街地－その他,舗装－湿潤,踏切－第一種,環状交差点以外 環状交差点以外をいう。,施設なし,00,23,00,23,02,9,その他,規制なし,5,2,列車,25～34歳,45～54歳,列車,歩行者,対象外当事者,対象外当事者,対象外当事者,対象外当事者,対象外当事者,対象外当事者,40,00,小破,対象外当事者,対象外当事者,対象外当事者,対象外当事者,対象外当事者,損傷なし,死亡,土,その他,35.598223,139.338819,2019-04-27,04:47,red,,,,,,,,,,,,
本票,神奈川,相模原北,0104,死亡,1,0,30000,対象外,0000,151,昼－昼,晴,市街地－人口集中,舗装－乾燥,交差点－その他,環状交差点以外 環状交差点以外をいう。,点灯－３灯式,09,22,00,23,15,9,交差点内,規制なし,5,2,人対車両,45～54歳,75歳以上,貨物車－大型車,歩行者,自家用,対象外当事者,貨物車,対象外当事者,40㎞／ｈ以下,対象外当事者,80,00,小破,対象外当事者,その他,対象外当事者,その他,対象外当事者,損傷なし,死亡,水,その他,35.597645,139.346771,2019-05-15,09:37,red,,,,,,,,,,,,
本票,新潟,東,0036,死亡,1,1,01130,上,0629,581,昼－昼,晴,非市街地,舗装－乾燥,単路－カーブ・屈折,環状交差点以外 環状交差点以外をいう。,施設なし,00,23,00,23,03,6,単路（交差点付近を含む）,規制なし,4,2,車両相互,45～54歳,0～24歳,貨物車－大型車,貨物車－準中型車,事業用,自家用,貨物車,貨物車,40㎞／ｈ以下,40㎞／ｈ以下,10,10,大破,大破,その他,その他,その他,その他,負傷,死亡,月,その他,38.074836,139.596022,2019-05-27,11:30,red,,,,,,,,,,,,
本票,新潟,小樽,0086,死亡,1,0,25960,対象外,0000,204,昼－昼,曇,非市街地,舗装－乾燥,単路－その他,環状交差点以外 環状交差点以外をいう。,施設なし,00,23,00,23,03,9,単路（交差点付近を含む）,規制なし,4,2,車両単独,35～44歳,不明,貨物車－大型車,物件等,事業用,対象外当事者,貨物車,対象外当事者,指定の速度規制なし等,対象外当事者,80,00,小破,対象外当事者,その他,対象外当事者,その他,対象外当事者,損傷なし,対象外当事者,月,その他,37.675583,138.977711,2019-05-20,15:46,red,,,,,,,,,,,,
本票,新潟,余市,0026,死亡,1,0,14080,対象外,0000,211,夜－夜,晴,市街地－人口集中,舗装－乾燥,交差点－その他,環状交差点以外 環状交差点以外をいう。,点灯－３灯式,09,22,09,22,15,9,交差点内,規制なし,5,2,車両相互,75歳以上,35～44歳,貨物車－大型車,乗用車－軽自動車,自家用,自家用,貨物車,乗用車,40㎞／ｈ以下,40㎞／ｈ以下,10,50,小破,大破,その他,装備あり 作動,その他,その他,損傷なし,死亡,日,その他,37.520447,138.924803,2019-05-26,23:45,red,,,,,,,,,,,,
本票,新潟,倶知安,0095,死亡,1,0,03520,対象外,0000,202,夜－夜,晴,市街地－人口集中,舗装－乾燥,交差点付近－その他,環状交差点以外 環状交差点以外をいう。,点灯－３灯式,00,23,00,23,05,9,単路（交差点付近を含む）,規制なし,4,2,人対車両,25～34歳,55～64歳,乗用車－普通車,歩行者,自家用,対象外当事者,乗用車,対象外当事者,50㎞／ｈ以下,対象外当事者,50,00,小破,対象外当事者,その他,対象外当事者,その他,対象外当事者,損傷なし,死亡,土,その他,37.446389,138.850036,2019-05-11,03:15,red,,,,,,,,,,,,
本票,新潟,静内,0019,死亡,1,0,37790,対象外,0000,210,夜－夜,晴,非市街地,舗装－乾燥,単路－その他,環状交差点以外 環状交差点以外をいう。,施設なし,00,23,00,23,02,7,単路（交差点付近を含む）,規制なし,5,4,車両単独,55～64歳,不明,乗用車－普通車,相手なし,自家用,対象外当事者,乗用車,対象外当事者,指定の速度規制なし等,対象外当事者,70,00,大破,対象外当事者,その他,対象外当事者,その他,対象外当事者,死亡,対象外当事者,土,当日,37.127531,138.532711,2019-05-04,22:35,red,,,,,,,,,,,,
本票,新潟,浦河,0030,死亡,1,0,00080,下,1003,205,昼－昼,晴,非市街地,舗装－乾燥,単路－橋,環状交差点以外 環状交差点以外をいう。,施設なし,00,23,00,23,03,9,単路（交差点付近を含む）,規制なし,4,3,車両相互,45～54歳,55～64歳,乗用車－普通車,二輪車－自動二輪－原付二種－51～125cc,自家用,自家用,乗用車,対象外当事者,指定の速度規制なし等,指定の速度規制なし等,10,10,中破,大破,その他,対象外当事者,その他,対象外当事者,損傷なし,死亡,土,その他,37.346886,138.488842,2019-05-11,13:40,red,,,,,,,,,,,,
本票,山梨,岩見沢,0019,死亡,1,0,14080,対象外,0000,365,夜－夜,曇,非市街地,舗装－乾燥,単路－その他,環状交差点以外 環状交差点以外をいう。,施設なし,00,23,00,23,03,9,単路（交差点付近を含む）,規制なし,4,2,車両相互,45～54歳,75歳以上,貨物車－中型車,乗用車－普通車,事業用,自家用,貨物車,乗用車,50㎞／ｈ以下,50㎞／ｈ以下,10,10,中破,大破,その他,装備あり 作動,その他,その他,損傷なし,死亡,金,その他,35.385569,138.453343,2019-05-17,02:20,red,,,,,,,,,,,,
本票,長野,中央,0282,死亡,1,0,10370,対象外,0000,201,昼－昼,晴,非市街地,舗装－乾燥,単路－その他,環状交差点以外 環状交差点以外をいう。,施設なし,00,23,00,23,03,9,単路（交差点付近を含む）,規制なし,4,2,人対車両,45～54歳,75歳以上,乗用車－普通車,歩行者,自家用,対象外当事者,乗用車,対象外当事者,40㎞／ｈ以下,対象外当事者,10,00,小破,対象外当事者,その他,対象外当事者,その他,対象外当事者,損傷なし,死亡,火,その他,36.681136,138.200878,2019-05-28,07:15,red,,,,,,,,,,,,
本票,長野,野辺地,0238,死亡,1,0,10790,対象外,0000,219,夜－暮,晴,非市街地,舗装－乾燥,交差点－その他,環状交差点以外 環状交差点以外をいう。,点灯－３灯式,09,22,00,23,15,9,交差点内,規制なし,5,2,人対車両,55～64歳,75歳以上,乗用車－普通車,歩行者,自家用,対象外当事者,乗用車,対象外当事者,50㎞／ｈ以下,対象外当事者,80,00,小破,対象外当事者,その他,対象外当事者,その他,対象外当事者,損傷なし,死亡,日,当日,36.372685,138.332897,2019-05-05,19:15,red,,,,,,,,,,,,
本票,長野,滝川,0124,死亡,1,3,01410,対象外,0000,303,昼－昼,雨,非市街地,舗装－湿潤,単路－カーブ・屈折,環状交差点以外 環状交差点以外をいう。,施設なし,00,23,00,23,03,3,単路（交差点付近を含む）,規制なし,4,2,車両相互,45～54歳,75歳以上,乗用車－普通車,乗用車－軽自動車,自家用,自家用,乗用車,乗用車,50㎞／ｈ以下,50㎞／ｈ以下,50,50,大破,大破,装備あり 作動,装備あり 作動,その他,その他,損傷なし,死亡,水,当日,36.113465,138.473564,2019-05-01,12:36,red,,,,,,,,,,,,
本票,長野,東入間,0131,死亡,1,2,04030,対象外,0000,446,昼－昼,晴,市街地－その他,舗装－乾燥,交差点－その他,環状交差点以外 環状交差点以外をいう。,施設なし,09,22,00,23,15,3,交差点内,規制なし,4,2,車両単独,45～54歳,不明,乗用車－軽自動車,物件等,自家用,対象外当事者,乗用車,対象外当事者,40㎞／ｈ以下,対象外当事者,80,00,小破,対象外当事者,その他,対象外当事者,その他,対象外当事者,負傷,対象外当事者,月,当日,36.456252,138.046376,2019-05-06,11:00,red,,,,,,,,,,,,
本票,長野,東入間,0143,死亡,1,0,01470,対象外,0000,220,夜－夜,曇,非市街地,舗装－乾燥,単路－その他,環状交差点以外 環状交差点以外をいう。,施設なし,00,23,00,23,03,9,単路（交差点付近を含む）,規制なし,4,2,人対車両,25～34歳,65～74歳,乗用車－軽自動車,歩行者,自家用,対象外当事者,乗用車,対象外当事者,40㎞／ｈ以下,対象外当事者,88,00,小破,対象外当事者,その他,対象外当事者,その他,対象外当事者,損傷なし,死亡,月,その他,36.318952,137.894200,2019-05-20,21:40,red,,,,,,,,,,,,