資料区分,都道府県コード,警察署等コード,本票番号,事故内容,死者数,負傷者数,路線コード,上下線,地点コード,市区町村コード,昼夜,天候,地形,路面状態,道路形状,環状交差点の直径,信号機,一時停止規制　標識（当事者A）,一時停止規制　表示（当事者A）,一時停止規制　標識（当事者B）,一時停止規制　表示（当事者B）,車道幅員,道路線形,衝突地点,ゾーン規制,中央分離帯施設等,歩車道区分,事故類型,年齢（当事者A）,年齢（当事者B）,当事者種別（当事者A）,当事者種別（当事者B）,用途別（当事者A）,用途別（当事者B）,車両形状（当事者A）,車両形状（当事者B）,速度規制（指定のみ）（当事者A）,速度規制（指定のみ）（当事者B）,車両の衝突部位（当事者A）,車両の衝突部位（当事者B）,車両の損壊程度（当事者A）,車両の損壊程度（当事者B）,エアバッグの装備（当事者A）,エアバッグの装備（当事者B）,サイドエアバッグの装備（当事者A）,サイドエアバッグの装備（当事者B）,人身損傷程度（当事者A）,人身損傷程度（当事者B）,曜日(発生年月日),祝日(発生年月日),緯度,経度,発生日,発生時,color,発生地点,道路管理者区分,道路区分,道路構造,曲線半径,縦断勾配,トンネル番号,当事者車両台数,車両単独事故の対象物,臨時速度規制の有無,速度規制（臨時のみ）,トンネル延長距離
本票,静岡,野辺地,0680,死亡,1,0,21760,対象外,0000,210,昼－昼,晴,市街地－人口集中,舗装－乾燥,単路－その他,環状交差点以外 環状交差点以外をいう。,施設なし,00,23,00,23,03,9,単路（交差点付近を含む）,規制なし,4,2,人対車両,25～34歳,55～64歳,乗用車－軽自動車,歩行者,自家用,対象外当事者,乗用車,対象外当事者,40㎞／ｈ以下,対象外当事者,50,00,中破,対象外当事者,その他,対象外当事者,その他,対象外当事者,損傷なし,死亡,日,当日,35.175242,138.635617,2019-05-05,10:10,red,,,,,,,,,,,,
本票,静岡,三戸,0518,死亡,1,0,00010,上,1534,103,夜－夜,晴,非市街地,舗装－乾燥,交差点付近－その他,環状交差点以外 環状交差点以外をいう。,施設なし,00,23,00,23,01,8,単路（交差点付近を含む）,規制なし,5,4,車両単独,35～44歳,不明,乗用車－軽自動車,物件等,自家用,対象外当事者,乗用車,対象外当事者,指定の速度規制なし等,対象外当事者,50,00,小破,対象外当事者,その他,対象外当事者,その他,対象外当事者,死亡,対象外当事者,水,その他,35.116016,138.608471,2019-05-08,02:00,red,,,,,,,,,,,,
本票,静岡,滝川,0605,死亡,1,0,10270,対象外,0000,101,昼－昼,晴,市街地－人口集中,舗装－乾燥,交差点－その他,環状交差点以外 環状交差点以外をいう。,点灯－３灯式,09,22,00,23,15,9,交差点内,規制なし,5,2,人対車両,35～44歳,75歳以上,貨物車－中型車,歩行者,事業用,対象外当事者,貨物車,対象外当事者,50㎞／ｈ以下,対象外当事者,10,00,小破,対象外当事者,その他,対象外当事者,その他,対象外当事者,損傷なし,死亡,金,その他,35.008674,138.372906,2019-05-31,11:58,red,,,,,,,,,,,,
本票,富山,苫小牧,0164,死亡,1,0,14400,対象外,0000,202,昼－昼,晴,市街地－その他,舗装－乾燥,交差点付近－その他,環状交差点以外 環状交差点以外をいう。,施設なし,00,23,00,23,04,9,単路（交差点付近を含む）,規制なし,4,3,車両相互,45～54歳,75歳以上,乗用車－普通車,軽車両－自転車,自家用,対象外当事者,乗用車,対象外当事者,40㎞／ｈ以下,対象外当事者,50,40,小破,小破,その他,対象外当事者,その他,対象外当事者,損傷なし,死亡,水,その他,36.730589,137.008674,2019-05-22,14:27,red,,,,,,,,,,,,
本票,富山,苫小牧,0171,死亡,1,0,70000,対象外,0000,202,昼－昼,雨,非市街地,舗装－乾燥,単路－トンネル,環状交差点以外 環状交差点以外をいう。,施設なし,00,23,00,23,03,8,単路（交差点付近を含む）,規制なし,4,2,人対車両,25～34歳,45～54歳,貨物車－準中型車,歩行者,自家用,対象外当事者,貨物車,対象外当事者,50㎞／ｈ以下,対象外当事者,10,00,小破,対象外当事者,その他,対象外当事者,その他,対象外当事者,損傷なし,死亡,火,その他,36.787629,136.981436,2019-05-28,13:18,red,,,,,,,,,,,,
本票,富山,苫小牧,0174,死亡,1,0,37000,対象外,0000,202,昼－昼,晴,市街地－その他,舗装－乾燥,単路－その他,環状交差点以外 環状交差点以外をいう。,施設なし,00,23,00,23,02,9,単路（交差点付近を含む）,規制なし,5,4,人対車両,65～74歳,75歳以上,乗用車－普通車,歩行者,自家用,対象外当事者,乗用車,対象外当事者,指定の速度規制なし等,対象外当事者,50,00,小破,対象外当事者,その他,対象外当事者,その他,対象外当事者,損傷なし,死亡,木,その他,36.767344,137.045887,2019-05-30,16:59,red,,,,,,,,,,,,
本票,富山,門別,0014,死亡,1,0,37000,対象外,0000,205,昼－昼,晴,非市街地,舗装－乾燥,単路－その他,環状交差点以外 環状交差点以外をいう。,施設なし,00,23,00,23,02,9,その他,規制なし,5,4,車両単独,75歳以上,不明,軽車両－自転車,相手なし,対象外当事者,対象外当事者,対象外当事者,対象外当事者,対象外当事者,対象外当事者,40,00,小破,対象外当事者,対象外当事者,対象外当事者,対象外当事者,対象外当事者,死亡,対象外当事者,水,その他,36.855099,136.949126,2019-05-29,10:45,red,,,,,,,,,,,,
本票,富山,手稲,0037,死亡,1,0,01560,対象外,0000,208,昼－昼,晴,市街地－その他,舗装－乾燥,交差点－その他,環状交差点以外 環状交差点以外をいう。,施設なし,09,22,00,23,18,9,交差点内,規制なし,1,2,人対車両,65～74歳,75歳以上,乗用車－普通車,歩行者,自家用,対象外当事者,乗用車,対象外当事者,50㎞／ｈ以下,対象外当事者,80,00,中破,対象外当事者,装備あり 作動,対象外当事者,その他,対象外当事者,損傷なし,死亡,土,その他,36.647220,136.961067,2019-05-25,09:52,red,,,,,,,,,,,,
本票,石川,高速道路交通警察隊,0004,死亡,1,0,43010,上,1653,210,昼－昼,晴,非市街地,舗装－乾燥,単路－その他,環状交差点以外 環状交差点以外をいう。,施設なし,00,23,00,23,06,9,単路（交差点付近を含む）,規制なし,1,1,車両相互,35～44歳,75歳以上,乗用車－普通車,乗用車－普通車,自家用,自家用,乗用車,乗用車,指定の速度規制なし等,指定の速度規制なし等,00,10,小破,小破,その他,その他,その他,その他,損傷なし,死亡,日,その他,36.538649,136.532895,2019-05-26,12:12,red,0,中日本高速道路,追越車線,完全分離－その他,直線,平坦・該当なし,,2,該当なし,該当なし,該当なし,0
本票,石川,中央,0158,死亡,1,0,99000,対象外,0000,201,昼－昼,晴,市街地－人口集中,舗装－乾燥,一般交通の場所,環状交差点以外 環状交差点以外をいう。,施設なし,00,23,00,23,00,0,その他,規制なし,0,4,人対車両,45～54歳,75歳以上,乗用車－普通車,歩行者,自家用,対象外当事者,乗用車,対象外当事者,指定の速度規制なし等,対象外当事者,30,00,損壊なし,対象外当事者,その他,対象外当事者,その他,対象外当事者,損傷なし,死亡,火,その他,36.557926,136.656132,2019-05-07,12:55,red,,,,,,,,,,,,
本票,石川,江別,0086,死亡,1,1,30000,対象外,0000,203,昼－昼,晴,非市街地,舗装－乾燥,交差点－その他,環状交差点以外 環状交差点以外をいう。,点灯－３灯式,09,22,09,22,15,9,交差点内,規制なし,5,2,車両相互,35～44歳,75歳以上,乗用車－軽自動車,貨物車－軽自動車,自家用,自家用,乗用車,貨物車,50㎞／ｈ以下,指定の速度規制なし等,20,10,中破,中破,その他,装備あり 作動,その他,その他,負傷,死亡,土,その他,36.387232,136.423319,2019-05-18,07:08,red,,,,,,,,,,,,
本票,石川,千歳,0032,死亡,1,1,10040,対象外,0000,211,昼－昼,晴,市街地－その他,舗装－乾燥,交差点付近－その他,環状交差点以外 環状交差点以外をいう。,施設なし,00,23,00,23,03,9,単路（交差点付近を含む）,規制なし,4,3,人対車両,65～74歳,75歳以上,乗用車－軽自動車,歩行者,自家用,対象外当事者,乗用車,対象外当事者,40㎞／ｈ以下,対象外当事者,50,00,中破,対象外当事者,装備あり 作動,対象外当事者,装備あり 作動,対象外当事者,負傷,死亡,木,その他,36.452602,136.544182,2019-05-30,08:48,red,,,,,,,,,,,,
本票,石川,岩見沢,0139,死亡,1,0,00080,上,0000,210,夜－夜,晴,市街地－その他,舗装－乾燥,単路－その他,環状交差点以外 環状交差点以外をいう。,施設なし,00,23,00,23,06,9,単路（交差点付近を含む）,規制なし,1,2,車両相互,55～64歳,75歳以上,貨物車－大型車,軽車両－自転車,事業用,対象外当事者,貨物車,対象外当事者,指定の速度規制なし等,対象外当事者,10,30,小破,大破,その他,対象外当事者,その他,対象外当事者,損傷なし,死亡,木,その他,36.515369,136.574371,2019-05-30,03:25,red,,,,,,,,,,,,
本票,石川,野辺地,0026,死亡,1,15,55010,上,0039,207,昼－昼,晴,市街地－その他,舗装－乾燥,単路－カーブ・屈折,環状交差点以外 環状交差点以外をいう。,施設なし,00,23,00,23,04,6,単路（交差点付近を含む）,規制なし,6,4,車両相互,55～64歳,75歳以上,乗用車－中型車,乗用車－普通車,自家用,自家用,乗用車,乗用車,70㎞／ｈ以下,70㎞／ｈ以下,50,10,中破,中破,その他,装備あり 作動,その他,その他,負傷,死亡,日,前日,36.935996,136.793242,2019-04-28,16:40,red,,,,,,,,,,,,
本票,岐阜,高速道路交通警察隊,0025,死亡,1,1,44010,下,0000,604,昼－昼,晴,非市街地,舗装－乾燥,単路－トンネル,環状交差点以外 環状交差点以外をいう。,施設なし,00,23,00,23,03,6,単路（交差点付近を含む）,規制なし,6,3,車両相互,65～74歳,45～54歳,乗用車－普通車,二輪車－自動二輪－小型二輪－751ｃｃ以上,自家用,自家用,乗用車,対象外当事者,70㎞／ｈ以下,70㎞／ｈ以下,50,10,中破,大破,装備あり 作動,対象外当事者,その他,対象外当事者,負傷,死亡,土,その他,36.323397,136.887613,2019-05-25,14:28,red,1500,中日本高速道路,走行車線－第一通行帯,非分離－トンネル,カーブ－1000m以上,平坦・該当なし,椿原,2,該当なし,該当なし,該当なし,2676
本票,岐阜,白石,0141,死亡,1,0,10010,対象外,0000,201,昼－昼,晴,市街地－人口集中,舗装－乾燥,単路－その他,環状交差点以外 環状交差点以外をいう。,施設なし,00,23,00,23,04,9,単路（交差点付近を含む）,規制なし,3,2,人対車両,0～24歳,75歳以上,乗用車－軽自動車,歩行者,自家用,対象外当事者,乗用車,対象外当事者,50㎞／ｈ以下,対象外当事者,10,00,中破,対象外当事者,その他,対象外当事者,その他,対象外当事者,損傷なし,死亡,金,その他,35.380893,136.730856,2019-05-24,09:05,red,,,,,,,,,,,,
本票,岐阜,東,0111,死亡,1,0,30000,対象外,0000,213,昼－昼,晴,非市街地,舗装－乾燥,交差点－その他,環状交差点以外 環状交差点以外をいう。,施設なし,01,21,00,23,15,9,交差点内,規制なし,4,1,人対車両,45～54歳,75歳以上,乗用車－普通車,歩行者,自家用,対象外当事者,乗用車,対象外当事者,指定の速度規制なし等,対象外当事者,50,00,小破,対象外当事者,その他,対象外当事者,その他,対象外当事者,損傷なし,死亡,水,その他,35.386643,136.897408,2019-05-22,06:50,red,,,,,,,,,,,,
本票,岐阜,岩見沢,0005,死亡,1,0,35000,対象外,0000,341,昼－昼,晴,非市街地,舗装－乾燥,交差点－その他,環状交差点以外 環状交差点以外をいう。,施設なし,09,22,09,22,14,9,交差点内,規制なし,4,3,車両相互,65～74歳,75歳以上,乗用車－普通車,軽車両－自転車,自家用,対象外当事者,乗用車,対象外当事者,指定の速度規制なし等,対象外当事者,50,14,小破,小破,その他,対象外当事者,その他,対象外当事者,損傷なし,死亡,日,その他,35.293851,136.578356,2019-05-12,17:39,red,,,,,,,,,,,,
本票,岐阜,岩見沢,0006,死亡,1,0,10560,対象外,0000,341,夜－夜,晴,非市街地,舗装－乾燥,単路－その他,環状交差点以外 環状交差点以外をいう。,施設なし,00,23,00,23,03,9,単路（交差点付近を含む）,規制なし,2,1,人対車両,55～64歳,35～44歳,貨物車－大型車,歩行者,事業用,対象外当事者,貨物車,対象外当事者,50㎞／ｈ以下,対象外当事者,80,00,小破,対象外当事者,その他,対象外当事者,その他,対象外当事者,損傷なし,死亡,土,その他,35.308463,136.544929,2019-05-18,01:30,red,,,,,,,,,,,,
本票,岐阜,野辺地,0032,死亡,1,0,35000,対象外,0000,404,昼－昼,晴,非市街地,舗装－乾燥,単路－その他,環状交差点以外 環状交差点以外をいう。,施設なし,00,23,00,23,03,9,単路（交差点付近を含む）,規制なし,4,3,車両単独,45～54歳,不明,乗用車－普通車,物件等,自家用,対象外当事者,乗用車,対象外当事者,指定の速度規制なし等,対象外当事者,16,00,大破,対象外当事者,装備あり 作動,対象外当事者,装備あり 作動,対象外当事者,死亡,対象外当事者,日,その他,35.437230,136.562389,2019-05-19,14:53,red,,,,,,,,,,,,
本票,岐阜,美唄,0092,死亡,1,0,30000,対象外,0000,216,昼－昼,晴,非市街地,舗装－乾燥,交差点－その他,環状交差点以外 環状交差点以外をいう。,施設なし,09,22,09,22,15,9,交差点内,規制なし,5,3,車両相互,55～64歳,65～74歳,貨物車－普通車,二輪車－原付自転車,自家用,自家用,貨物車,対象外当事者,指定の速度規制なし等,指定の速度規制なし等,10,40,小破,小破,その他,対象外当事者,その他,対象外当事者,損傷なし,死亡,木,その他,35.408736,136.674971,2019-05-23,14:15,red,,,,,,,,,,,,
本票,岐阜,美唄,0093,死亡,1,0,10400,対象外,0000,218,昼－昼,晴,非市街地,舗装－乾燥,単路－その他,環状交差点以外 環状交差点以外をいう。,施設なし,00,23,00,23,03,9,単路（交差点付近を含む）,規制なし,5,4,車両相互,65～74歳,75歳以上,乗用車－軽自動車,軽車両－駆動補助機付自転車,自家用,対象外当事者,乗用車,対象外当事者,40㎞／ｈ以下,対象外当事者,50,40,中破,大破,その他,対象外当事者,その他,対象外当事者,損傷なし,死亡,水,その他,35.511361,136.653838,2019-05-29,16:53,red,,,,,,,,,,,,
本票,岐阜,門別,0006,死亡,2,1,03600,対象外,0000,217,昼－昼,晴,非市街地,舗装－乾燥,単路－その他,環状交差点以外 環状交差点以外をいう。,施設なし,00,23,00,23,03,9,単路（交差点付近を含む）,規制なし,4,2,車両相互,55～64歳,75歳以上,貨物車－準中型車,乗用車－軽自動車,自家用,自家用,貨物車,乗用車,50㎞／ｈ以下,50㎞／ｈ以下,80,10,中破,大破,その他,装備あり 作動,その他,その他,負傷,死亡,木,その他,36.330406,137.144468,2019-05-23,14:45,red,,,,,,,,,,,,
本票,愛知,小樽,0130,死亡,1,0,15020,対象外,0037,107,昼－昼,晴,市街地－人口集中,舗装－乾燥,交差点－その他,環状交差点以外 環状交差点以外をいう。,点灯－３灯式,09,22,09,22,19,9,交差点内,規制なし,1,2,車両相互,75歳以上,75歳以上,乗用車－普通車,軽車両－駆動補助機付自転車,自家用,対象外当事者,乗用車,対象外当事者,指定の速度規制なし等,対象外当事者,80,20,小破,小破,その他,対象外当事者,その他,対象外当事者,損傷なし,死亡,日,その他,35.140075,136.918559,2019-05-12,11:24,red,,,,,,,,,,,,
本票,愛知,多摩,0586,死亡,1,0,35000,対象外,0000,206,夜－夜,晴,市街地－人口集中,舗装－乾燥,交差点－その他,環状交差点以外 環状交差点以外をいう。,点灯－３灯式,09,22,09,22,15,9,交差点内,規制なし,4,2,車両相互,45～54歳,75歳以上,乗用車－普通車,二輪車－原付自転車,自家用,自家用,乗用車,対象外当事者,指定の速度規制なし等,30㎞／ｈ以下,10,40,中破,中破,その他,対象外当事者,その他,対象外当事者,損傷なし,死亡,木,その他,35.275706,137.040347,2019-05-23,21:15,red,,,,,,,,,,,,
本票,愛知,三崎,0236,死亡,1,0,10530,対象外,0088,217,夜－夜,晴,市街地－人口集中,舗装－乾燥,交差点－その他,環状交差点以外 環状交差点以外をいう。,点灯－３灯式,09,22,00,23,15,9,交差点内,規制なし,5,1,人対車両,55～64歳,65～74歳,乗用車－普通車,歩行者,自家用,対象外当事者,乗用車,対象外当事者,50㎞／ｈ以下,対象外当事者,10,00,中破,対象外当事者,その他,対象外当事者,その他,対象外当事者,損傷なし,死亡,木,当日,35.339673,136.875289,2019-05-02,03:50,red,,,,,,,,,,,,
本票,愛知,三崎,0283,死亡,1,0,35000,対象外,0000,217,昼－昼,晴,非市街地,舗装－乾燥,交差点－その他,環状交差点以外 環状交差点以外をいう。,施設なし,01,22,09,22,11,9,交差点内,規制なし,5,4,車両相互,35～44歳,75歳以上,乗用車－普通車,軽車両－自転車,自家用,対象外当事者,乗用車,対象外当事者,指定の速度規制なし等,対象外当事者,10,40,小破,小破,その他,対象外当事者,その他,対象外当事者,損傷なし,死亡,金,その他,35.312019,136.879418,2019-05-24,06:37,red,,,,,,,,,,,,
本票,愛知,大船,0365,死亡,1,0,35000,対象外,0000,237,昼－昼,晴,市街地－人口集中,舗装－乾燥,交差点－その他,環状交差点以外 環状交差点以外をいう。,施設なし,09,22,09,22,11,9,交差点内,規制なし,5,4,車両相互,45～54歳,65～74歳,貨物車－中型車,軽車両－自転車,自家用,対象外当事者,貨物車,対象外当事者,指定の速度規制なし等,対象外当事者,10,20,小破,小破,その他,対象外当事者,その他,対象外当事者,損傷なし,死亡,土,その他,35.151243,136.799483,2019-05-25,16:00,red,,,,,,,,,,,,
本票,愛知,津久井,0334,死亡,1,0,10730,対象外,0000,445,夜－夜,晴,市街地－その他,舗装－乾燥,交差点－その他,環状交差点以外 環状交差点以外をいう。,点灯－３灯式,09,22,00,23,15,9,交差点内,規制なし,4,4,車両単独,35～44歳,不明,乗用車－軽自動車,物件等,自家用,対象外当事者,乗用車,対象外当事者,40㎞／ｈ以下,対象外当事者,10,00,大破,対象外当事者,装備あり 作動,対象外当事者,その他,対象外当事者,死亡,対象外当事者,月,その他,34.731322,136.934621,2019-05-13,22:42,red,,,,,,,,,,,,
本票,愛知,豊田,0562,死亡,1,0,04190,対象外,0156,211,夜－夜,晴,市街地－その他,舗装－乾燥,交差点付近－その他,環状交差点以外 環状交差点以外をいう。,施設なし,00,23,00,23,01,9,その他,規制なし,4,1,人対車両,55～64歳,65～74歳,貨物車－大型車,歩行者,事業用,対象外当事者,貨物車,対象外当事者,50㎞／ｈ以下,対象外当事者,10,00,小破,対象外当事者,その他,対象外当事者,その他,対象外当事者,損傷なし,死亡,日,その他,35.213329,137.231644,2019-05-12,21:47,red,,,,,,,,,,,,
本票,愛知,豊田,0591,死亡,1,0,03010,対象外,0509,211,夜－夜,晴,非市街地,舗装－乾燥,単路－カーブ・屈折,環状交差点以外 環状交差点以外をいう。,施設なし,00,23,00,23,03,3,単路（交差点付近を含む）,規制なし,5,3,車両単独,0～24歳,不明,乗用車－普通車,物件等,自家用,対象外当事者,乗用車,対象外当事者,40㎞／ｈ以下,対象外当事者,80,00,小破,対象外当事者,その他,対象外当事者,装備あり 作動,対象外当事者,損傷なし,対象外当事者,日,その他,35.054956,137.218685,2019-05-19,23:30,red,,,,,,,,,,,,
本票,三重,高速道路交通警察隊,0064,死亡,1,2,50010,上,0000,216,夜－夜,晴,非市街地,舗装－乾燥,単路－その他,環状交差点以外 環状交差点以外をいう。,施設なし,00,23,00,23,03,9,単路（交差点付近を含む）,規制なし,1,3,車両単独,45～54歳,不明,乗用車－軽自動車,物件等,自家用,対象外当事者,乗用車,対象外当事者,70㎞／ｈ以下,対象外当事者,10,00,大破,対象外当事者,装備あり 作動,対象外当事者,その他,対象外当事者,負傷,対象外当事者,金,当日,34.770370,136.156700,2019-05-03,02:42,red,293,国土交通省,路肩,完全分離－盛土,直線,平坦・該当なし,,1,中央分離帯－その他,該当なし,該当なし,0
本票,三重,高速道路交通警察隊,0079,死亡,1,0,50010,上,0000,210,昼－昼,雨,非市街地,舗装－湿潤,単路－その他,環状交差点以外 環状交差点以外をいう。,施設なし,00,23,00,23,03,9,単路（交差点付近を含む）,規制なし,6,4,車両相互,45～54歳,75歳以上,貨物車－大型車,乗用車－普通車,自家用,自家用,貨物車,乗用車,50㎞／ｈ以下,50㎞／ｈ以下,10,10,小破,中破,その他,装備あり 作動,その他,その他,損傷なし,死亡,月,その他,34.858540,136.423200,2019-05-20,13:58,red,1,国土交通省,ランプウェイ－入路,その他,該当なし,平坦・該当なし,,2,該当なし,該当なし,該当なし,0
本票,三重,野辺地,0098,死亡,1,0,00010,上,0000,205,昼－昼,晴,市街地－人口集中,舗装－乾燥,交差点－その他,環状交差点以外 環状交差点以外をいう。,点灯－３灯式,09,22,00,23,14,9,交差点内,規制なし,1,2,人対車両,75歳以上,55～64歳,乗用車－軽自動車,歩行者,自家用,対象外当事者,乗用車,対象外当事者,50㎞／ｈ以下,対象外当事者,15,00,中破,対象外当事者,その他,対象外当事者,その他,対象外当事者,損傷なし,死亡,土,その他,35.068610,136.687100,2019-05-11,13:10,red,,,,,,,,,,,,
本票,三重,室蘭,0155,死亡,1,2,00232,上,0000,201,昼－昼,晴,非市街地,舗装－乾燥,単路－その他,環状交差点以外 環状交差点以外をいう。,施設なし,00,23,00,23,04,9,単路（交差点付近を含む）,規制なし,4,2,車両相互,65～74歳,65～74歳,乗用車－普通車,乗用車－軽自動車,自家用,自家用,乗用車,乗用車,指定の速度規制なし等,指定の速度規制なし等,10,16,大破,大破,装備あり 作動,装備あり 作動,その他,その他,負傷,負傷,木,当日,34.793180,136.513400,2019-05-02,12:32,red,,,,,,,,,,,,
本票,三重,厚別,0111,死亡,1,0,00230,下,0000,204,夜－夜,晴,市街地－その他,舗装－乾燥,交差点付近－その他,環状交差点以外 環状交差点以外をいう。,点灯－押ボタン式,00,23,00,23,02,9,単路（交差点付近を含む）,規制なし,1,2,人対車両,45～54歳,75歳以上,乗用車－普通車,歩行者,自家用,対象外当事者,乗用車,対象外当事者,50㎞／ｈ以下,対象外当事者,52,00,中破,対象外当事者,その他,対象外当事者,その他,対象外当事者,損傷なし,死亡,木,その他,34.601610,136.528200,2019-05-09,21:14,red,,,,,,,,,,,,
本票,三重,厚別,0113,死亡,1,0,27560,対象外,0000,204,昼－昼,晴,市街地－人口集中,舗装－乾燥,交差点－その他,環状交差点以外 環状交差点以外をいう。,施設なし,09,22,09,22,15,9,交差点内,規制なし,4,2,車両相互,45～54歳,55～64歳,乗用車－大型車,乗用車－軽自動車,事業用,自家用,乗用車,乗用車,40㎞／ｈ以下,40㎞／ｈ以下,50,50,中破,中破,その他,装備あり 作動,その他,その他,損傷なし,死亡,日,その他,34.582370,136.521600,2019-05-12,08:18,red,,,,,,,,,,,,
本票,三重,伊賀,0044,死亡,1,0,01630,対象外,0000,216,昼－昼,晴,非市街地,舗装－乾燥,単路－カーブ・屈折,環状交差点以外 環状交差点以外をいう。,施設なし,00,23,00,23,03,6,単路（交差点付近を含む）,規制なし,4,3,車両単独,25～34歳,不明,二輪車－自動二輪－小型二輪－751ｃｃ以上,物件等,自家用,対象外当事者,対象外当事者,対象外当事者,50㎞／ｈ以下,対象外当事者,11,00,小破,対象外当事者,対象外当事者,対象外当事者,対象外当事者,対象外当事者,死亡,対象外当事者,水,その他,34.746630,136.250900,2019-05-22,12:45,red,,,,,,,,,,,,
本票,滋賀,高速道路交通警察隊,0091,死亡,1,14,42630,上,4652,206,昼－昼,晴,非市街地,舗装－乾燥,単路－その他,環状交差点以外 環状交差点以外をいう。,施設なし,00,23,00,23,06,9,単路（交差点付近を含む）,規制なし,1,3,車両相互,45～54歳,25～34歳,乗用車－大型車,乗用車－普通車,事業用,自家用,乗用車,乗用車,指定の速度規制なし等,指定の速度規制なし等,80,31,中破,大破,その他,その他,その他,その他,損傷なし,負傷,金,その他,34.979167,135.950523,2019-05-24,16:18,red,4652,西日本高速道路,減速車線,完全分離－盛土,直線,平坦・該当なし,,4,該当なし,該当なし,該当なし,0
本票,滋賀,中央,0393,死亡,2,14,27030,対象外,0000,201,昼－昼,晴,市街地－その他,舗装－乾燥,交差点－その他,環状交差点以外 環状交差点以外をいう。,点灯－３灯式,09,22,09,22,15,9,交差点内,規制なし,5,2,車両相互,45～54歳,55～64歳,乗用車－普通車,乗用車－軽自動車,自家用,自家用,乗用車,乗用車,50㎞／ｈ以下,指定の速度規制なし等,50,51,中破,中破,その他,その他,その他,その他,損傷なし,損傷なし,水,その他,34.993882,135.909884,2019-05-08,10:14,red,,,,,,,,,,,,
本票,滋賀,東,0201,死亡,1,0,37990,対象外,0000,209,夜－夜,晴,市街地－その他,舗装－乾燥,単路－その他,環状交差点以外 環状交差点以外をいう。,施設なし,00,23,00,23,03,9,単路（交差点付近を含む）,規制なし,4,2,人対車両,45～54歳,45～54歳,乗用車－軽自動車,歩行者,自家用,対象外当事者,乗用車,対象外当事者,指定の速度規制なし等,対象外当事者,80,00,中破,対象外当事者,その他,対象外当事者,その他,対象外当事者,損傷なし,死亡,月,その他,34.966089,136.137538,2019-05-27,19:49,red,,,,,,,,,,,,
本票,滋賀,東,0202,死亡,1,1,03070,対象外,0000,209,昼－昼,雨,非市街地,舗装－湿潤,単路－カーブ・屈折,環状交差点以外 環状交差点以外をいう。,施設なし,00,23,00,23,03,6,単路（交差点付近を含む）,規制なし,4,2,車両相互,0～24歳,75歳以上,貨物車－大型車,貨物車－軽自動車,事業用,自家用,貨物車,貨物車,50㎞／ｈ以下,50㎞／ｈ以下,50,10,小破,大破,その他,その他,その他,その他,負傷,死亡,火,その他,34.940567,136.148046,2019-05-28,15:50,red,,,,,,,,,,,,
本票,滋賀,岩見沢,0221,死亡,1,0,26740,対象外,0000,213,夜－暮,曇,非市街地,舗装－乾燥,単路－その他,環状交差点以外 環状交差点以外をいう。,施設なし,00,23,00,23,03,9,単路（交差点付近を含む）,規制なし,4,2,人対車両,35～44歳,75歳以上,乗用車－普通車,歩行者,自家用,対象外当事者,乗用車,対象外当事者,指定の速度規制なし等,対象外当事者,10,00,中破,対象外当事者,その他,対象外当事者,その他,対象外当事者,損傷なし,死亡,土,その他,35.177537,136.139550,2019-05-18,19:21,red,,,,,,,,,,,,
本票,滋賀,岩見沢,0228,死亡,1,0,14430,対象外,0000,213,昼－昼,曇,市街地－その他,舗装－湿潤,単路－カーブ・屈折,環状交差点以外 環状交差点以外をいう。,施設なし,00,23,00,23,03,6,単路（交差点付近を含む）,規制なし,5,3,車両相互,55～64歳,65～74歳,乗用車－普通車,軽車両－自転車,自家用,対象外当事者,乗用車,対象外当事者,40㎞／ｈ以下,対象外当事者,40,40,損壊なし,小破,その他,対象外当事者,その他,対象外当事者,損傷なし,死亡,火,その他,35.093546,136.230178,2019-05-21,07:24,red,,,,,,,,,,,,
本票,滋賀,滝川,0056,死亡,1,0,01610,上,0451,212,昼－昼,晴,非市街地,舗装－乾燥,交差点－その他,環状交差点以外 環状交差点以外をいう。,施設なし,09,21,01,21,14,9,交差点内,規制なし,4,3,車両相互,0～24歳,45～54歳,乗用車－普通車,二輪車－自動二輪－小型二輪－751ｃｃ以上,自家用,自家用,乗用車,対象外当事者,指定の速度規制なし等,指定の速度規制なし等,10,40,小破,小破,その他,対象外当事者,その他,対象外当事者,損傷なし,死亡,土,当日,35.312774,136.022812,2019-05-04,06:40,red,,,,,,,,,,,,
本票,滋賀,赤歌,0074,死亡,1,4,01615,下,0582,201,夜－夜,晴,非市街地,舗装－乾燥,単路－その他,環状交差点以外 環状交差点以外をいう。,施設なし,00,23,00,23,04,9,単路（交差点付近を含む）,規制なし,4,3,車両相互,35～44歳,45～54歳,乗用車－普通車,貨物車－普通車,自家用,自家用,乗用車,貨物車,60㎞／ｈ以下,60㎞／ｈ以下,50,24,中破,大破,その他,その他,その他,その他,負傷,負傷,日,当日,35.234704,135.937154,2019-05-05,00:50,red,,,,,,,,,,,,