資料区分,都道府県コード,警察署等コード,本票番号,事故内容,死者数,負傷者数,路線コード,上下線,地点コード,市区町村コード,昼夜,天候,地形,路面状態,道路形状,環状交差点の直径,信号機,一時停止規制　標識（当事者A）,一時停止規制　表示（当事者A）,一時停止規制　標識（当事者B）,一時停止規制　表示（当事者B）,車道幅員,道路線形,衝突地点,ゾーン規制,中央分離帯施設等,歩車道区分,事故類型,年齢（当事者A）,年齢（当事者B）,当事者種別（当事者A）,当事者種別（当事者B）,用途別（当事者A）,用途別（当事者B）,車両形状（当事者A）,車両形状（当事者B）,速度規制（指定のみ）（当事者A）,速度規制（指定のみ）（当事者B）,車両の衝突部位（当事者A）,車両の衝突部位（当事者B）,車両の損壊程度（当事者A）,車両の損壊程度（当事者B）,エアバッグの装備（当事者A）,エアバッグの装備（当事者B）,サイドエアバッグの装備（当事者A）,サイドエアバッグの装備（当事者B）,人身損傷程度（当事者A）,人身損傷程度（当事者B）,曜日(発生年月日),祝日(発生年月日),緯度,経度,発生日,発生時,color,発生地点,道路管理者区分,道路区分,道路構造,曲線半径,縦断勾配,トンネル番号,当事者車両台数,車両単独事故の対象物,臨時速度規制の有無,速度規制（臨時のみ）,トンネル延長距離
本票,京都,北,0184,死亡,1,0,27020,対象外,0000,108,夜－夜,晴,市街地－人口集中,舗装－乾燥,単路－その他,環状交差点以外 環状交差点以外をいう。,施設なし,00,23,00,23,06,8,その他,規制なし,5,2,車両単独,35～44歳,不明,軽車両－自転車,相手なし,対象外当事者,対象外当事者,対象外当事者,対象外当事者,対象外当事者,対象外当事者,40,00,小破,対象外当事者,対象外当事者,対象外当事者,対象外当事者,対象外当事者,死亡,対象外当事者,木,その他,35.008293,135.726949,2019-05-09,00:03,red,,,,,,,,,,,,
本票,京都,北,0211,死亡,1,0,01620,対象外,0000,108,昼－昼,晴,市街地－その他,舗装－乾燥,単路－カーブ・屈折,環状交差点以外 環状交差点以外をいう。,施設なし,00,23,00,23,04,5,単路（交差点付近を含む）,規制なし,4,3,車両相互,35～44歳,65～74歳,貨物車－大型車,二輪車－自動二輪－小型二輪－401～750ｃｃ,自家用,自家用,貨物車,対象外当事者,40㎞／ｈ以下,40㎞／ｈ以下,10,10,小破,大破,その他,対象外当事者,その他,対象外当事者,損傷なし,死亡,水,その他,35.072848,135.685285,2019-05-29,14:04,red,,,,,,,,,,,,
本票,京都,手稲,0165,死亡,1,1,00090,上,0009,111,昼－昼,晴,市街地－人口集中,舗装－乾燥,単路－その他,環状交差点以外 環状交差点以外をいう。,施設なし,00,23,00,23,05,9,単路（交差点付近を含む）,規制なし,4,2,車両相互,35～44歳,55～64歳,乗用車－普通車,二輪車－自動二輪－原付二種－51～125cc,自家用,自家用,乗用車,対象外当事者,50㎞／ｈ以下,50㎞／ｈ以下,60,10,小破,中破,その他,対象外当事者,その他,対象外当事者,損傷なし,死亡,火,その他,34.989452,135.700295,2019-05-07,10:48,red,,,,,,,,,,,,
本票,大阪,高速道路交通警察隊,0269,死亡,1,0,50050,上,0000,381,昼－昼,晴,市街地－人口集中,舗装－乾燥,単路－カーブ・屈折,環状交差点以外 環状交差点以外をいう。,施設なし,00,23,00,23,05,2,単路（交差点付近を含む）,規制なし,1,4,車両単独,45～54歳,不明,二輪車－自動二輪－小型二輪－751ｃｃ以上,相手なし,自家用,対象外当事者,対象外当事者,対象外当事者,50㎞／ｈ以下,対象外当事者,10,00,小破,対象外当事者,対象外当事者,対象外当事者,対象外当事者,対象外当事者,死亡,対象外当事者,木,当日,34.524329,135.656509,2019-05-02,13:30,red,98,西日本高速道路,走行車線－第二通行帯以上,完全分離－その他,カーブ－1000m以上,平坦・該当なし,,1,該当なし,該当なし,該当なし,0
本票,大阪,高速道路交通警察隊,0289,死亡,1,10,51080,上,0000,144,昼－昼,晴,市街地－人口集中,舗装－乾燥,単路－橋,環状交差点以外 環状交差点以外をいう。,施設なし,00,23,00,23,05,9,単路（交差点付近を含む）,規制なし,1,4,車両相互,25～34歳,25～34歳,貨物車－中型車,貨物車－準中型車,事業用,自家用,貨物車,貨物車,80㎞／ｈ以下,80㎞／ｈ以下,10,78,大破,大破,その他,その他,その他,その他,負傷,負傷,水,その他,34.561480,135.450735,2019-05-08,07:17,red,95,阪神高速道路,走行車線－第二通行帯以上,完全分離－その他,直線,平坦・該当なし,,4,該当なし,該当なし,該当なし,0
本票,大阪,小樽,0156,死亡,1,0,95000,対象外,0000,115,夜－夜,晴,市街地－人口集中,舗装－乾燥,交差点－その他,環状交差点以外 環状交差点以外をいう。,施設なし,09,22,09,22,11,9,交差点内,規制なし,5,3,車両相互,0～24歳,75歳以上,貨物車－普通車,軽車両－自転車,自家用,対象外当事者,貨物車,対象外当事者,指定の速度規制なし等,対象外当事者,10,40,小破,小破,その他,対象外当事者,その他,対象外当事者,損傷なし,死亡,日,その他,34.666561,135.554353,2019-05-19,21:20,red,,,,,,,,,,,,
本票,大阪,門別,0304,死亡,1,0,30990,対象外,0000,126,昼－昼,晴,市街地－人口集中,舗装－乾燥,交差点付近－その他,環状交差点以外 環状交差点以外をいう。,点灯－３灯式,00,23,00,23,03,9,単路（交差点付近を含む）,規制なし,4,2,車両単独,35～44歳,不明,乗用車－軽自動車,相手なし,自家用,対象外当事者,乗用車,対象外当事者,指定の速度規制なし等,対象外当事者,00,00,損壊なし,対象外当事者,その他,対象外当事者,その他,対象外当事者,損傷なし,対象外当事者,金,その他,34.600998,135.564296,2019-05-17,10:14,red,,,,,,,,,,,,
本票,大阪,せたな,0417,死亡,1,0,10240,対象外,0058,144,夜－暮,晴,市街地－人口集中,舗装－乾燥,交差点－その他,環状交差点以外 環状交差点以外をいう。,点灯－３灯式,09,22,00,23,15,3,交差点内,規制なし,5,2,人対車両,35～44歳,75歳以上,二輪車－自動二輪－原付二種－51～125cc,歩行者,自家用,対象外当事者,対象外当事者,対象外当事者,60㎞／ｈ以下,対象外当事者,10,00,小破,対象外当事者,対象外当事者,対象外当事者,対象外当事者,対象外当事者,損傷なし,死亡,日,その他,34.548184,135.485377,2019-05-12,19:18,red,,,,,,,,,,,,
本票,大阪,田園調布,0137,死亡,1,1,01700,対象外,2290,227,昼－昼,晴,市街地－人口集中,舗装－乾燥,交差点－その他,環状交差点以外 環状交差点以外をいう。,施設なし,09,22,01,22,14,9,交差点内,規制なし,4,1,車両相互,45～54歳,75歳以上,二輪車－自動二輪－小型二輪－751ｃｃ以上,二輪車－原付自転車,自家用,自家用,対象外当事者,対象外当事者,50㎞／ｈ以下,指定の速度規制なし等,10,40,小破,大破,対象外当事者,対象外当事者,対象外当事者,対象外当事者,負傷,死亡,金,当日,34.653780,135.635285,2019-05-03,09:24,red,,,,,,,,,,,,
本票,大阪,池上,0365,死亡,1,1,30990,対象外,0000,227,夜－夜,晴,市街地－人口集中,舗装－乾燥,交差点付近－その他,環状交差点以外 環状交差点以外をいう。,点灯－３灯式,00,23,00,23,03,9,単路（交差点付近を含む）,規制なし,4,2,車両単独,0～24歳,不明,二輪車－自動二輪－原付二種－51～125cc,物件等,自家用,対象外当事者,対象外当事者,対象外当事者,30㎞／ｈ以下,対象外当事者,10,00,大破,対象外当事者,対象外当事者,対象外当事者,対象外当事者,対象外当事者,死亡,対象外当事者,水,その他,34.657747,135.564319,2019-05-22,22:53,red,,,,,,,,,,,,
本票,大阪,豊中南,0162,死亡,1,0,20430,対象外,0009,203,夜－明,晴,市街地－人口集中,舗装－乾燥,交差点付近－その他,環状交差点以外 環状交差点以外をいう。,施設なし,00,23,00,23,05,9,単路（交差点付近を含む）,規制なし,4,1,車両相互,55～64歳,0～24歳,貨物車－準中型車,乗用車－軽自動車,事業用,自家用,貨物車,乗用車,50㎞／ｈ以下,40㎞／ｈ以下,70,50,中破,大破,その他,装備あり 作動,その他,その他,損傷なし,死亡,月,その他,34.757746,135.471311,2019-05-27,04:18,red,,,,,,,,,,,,
本票,大阪,交野,0235,死亡,1,0,00011,上,0132,210,昼－昼,晴,市街地－人口集中,舗装－乾燥,交差点－その他,環状交差点以外 環状交差点以外をいう。,点灯－３灯式,09,22,09,22,19,9,交差点内,規制なし,5,1,車両相互,0～24歳,45～54歳,貨物車－準中型車,二輪車－原付自転車,自家用,自家用,貨物車,対象外当事者,50㎞／ｈ以下,指定の速度規制なし等,10,40,小破,中破,その他,対象外当事者,その他,対象外当事者,損傷なし,死亡,木,その他,34.815652,135.717384,2019-05-23,07:25,red,,,,,,,,,,,,
本票,兵庫,倶知安,0446,死亡,1,0,39990,対象外,0000,111,昼－昼,晴,市街地－人口集中,舗装－乾燥,交差点－その他,環状交差点以外 環状交差点以外をいう。,点灯－３灯式,09,22,09,22,15,3,交差点内,規制なし,5,2,車両相互,35～44歳,65～74歳,貨物車－普通車,二輪車－原付自転車,自家用,自家用,貨物車,対象外当事者,40㎞／ｈ以下,指定の速度規制なし等,10,40,小破,大破,その他,対象外当事者,その他,対象外当事者,損傷なし,死亡,日,その他,34.662444,134.983339,2019-05-19,06:04,red,,,,,,,,,,,,
本票,兵庫,手稲,0532,死亡,1,0,29990,対象外,0000,204,昼－昼,晴,市街地－その他,舗装－乾燥,単路－カーブ・屈折,環状交差点以外 環状交差点以外をいう。,施設なし,00,23,00,23,03,4,単路（交差点付近を含む）,規制なし,4,3,車両相互,45～54歳,45～54歳,乗用車－普通車,二輪車－自動二輪－原付二種－51～125cc,自家用,自家用,乗用車,対象外当事者,40㎞／ｈ以下,40㎞／ｈ以下,20,20,小破,小破,その他,対象外当事者,その他,対象外当事者,損傷なし,死亡,月,その他,34.814836,135.314488,2019-05-13,17:15,red,,,,,,,,,,,,
本票,兵庫,浦和東,0279,死亡,1,0,14090,対象外,0000,301,昼－昼,晴,非市街地,舗装－乾燥,単路－カーブ・屈折,環状交差点以外 環状交差点以外をいう。,施設なし,00,23,00,23,03,1,単路（交差点付近を含む）,規制なし,4,2,車両単独,35～44歳,不明,軽車両－自転車,相手なし,対象外当事者,対象外当事者,対象外当事者,対象外当事者,対象外当事者,対象外当事者,10,00,小破,対象外当事者,対象外当事者,対象外当事者,対象外当事者,対象外当事者,死亡,対象外当事者,金,その他,34.947286,135.333757,2019-05-10,11:00,red,,,,,,,,,,,,
本票,兵庫,飾磨,0483,死亡,1,0,03120,下,3019,201,夜－夜,晴,市街地－人口集中,舗装－乾燥,単路－カーブ・屈折,環状交差点以外 環状交差点以外をいう。,施設なし,00,23,00,23,04,3,単路（交差点付近を含む）,規制なし,4,2,人対車両,35～44歳,35～44歳,貨物車－中型車,歩行者,事業用,対象外当事者,貨物車,対象外当事者,50㎞／ｈ以下,対象外当事者,80,00,小破,対象外当事者,その他,対象外当事者,その他,対象外当事者,損傷なし,死亡,火,その他,34.805039,134.727666,2019-05-07,23:29,red,,,,,,,,,,,,
本票,兵庫,相生,0074,死亡,1,1,39990,対象外,0000,208,昼－昼,晴,非市街地,舗装－乾燥,単路－その他,環状交差点以外 環状交差点以外をいう。,施設なし,00,23,00,23,02,9,単路（交差点付近を含む）,規制なし,5,4,車両単独,55～64歳,不明,乗用車－軽自動車,物件等,自家用,対象外当事者,乗用車,対象外当事者,40㎞／ｈ以下,対象外当事者,10,00,中破,対象外当事者,装備あり 作動,対象外当事者,その他,対象外当事者,負傷,対象外当事者,水,その他,34.826211,134.444740,2019-05-15,14:28,red,,,,,,,,,,,,
本票,奈良,江別,0070,死亡,1,0,01660,対象外,0000,212,昼－昼,晴,市街地－その他,舗装－乾燥,交差点付近－その他,環状交差点以外 環状交差点以外をいう。,点灯－３灯式,00,23,00,23,03,3,単路（交差点付近を含む）,規制なし,4,2,車両単独,45～54歳,不明,二輪車－自動二輪－小型二輪－751ｃｃ以上,相手なし,自家用,対象外当事者,対象外当事者,対象外当事者,50㎞／ｈ以下,対象外当事者,21,00,中破,対象外当事者,対象外当事者,対象外当事者,対象外当事者,対象外当事者,死亡,対象外当事者,木,当日,34.468878,135.982189,2019-05-02,11:51,red,,,,,,,,,,,,
本票,奈良,野辺地,0111,死亡,1,0,03090,対象外,0000,208,夜－夜,晴,非市街地,舗装－乾燥,単路－カーブ・屈折,環状交差点以外 環状交差点以外をいう。,施設なし,00,23,00,23,03,5,単路（交差点付近を含む）,規制なし,4,3,車両単独,25～34歳,不明,乗用車－普通車,物件等,自家用,対象外当事者,乗用車,対象外当事者,40㎞／ｈ以下,対象外当事者,15,00,大破,対象外当事者,装備あり 作動,対象外当事者,その他,対象外当事者,死亡,対象外当事者,日,当日,34.437017,135.700843,2019-05-05,03:30,red,,,,,,,,,,,,
本票,奈良,三戸,0018,死亡,1,0,01690,対象外,0000,451,昼－昼,晴,非市街地,舗装－乾燥,単路－カーブ・屈折,環状交差点以外 環状交差点以外をいう。,施設なし,00,23,00,23,03,6,単路（交差点付近を含む）,規制なし,4,3,車両相互,55～64歳,65～74歳,乗用車－普通車,二輪車－自動二輪－小型二輪－751ｃｃ以上,自家用,自家用,乗用車,対象外当事者,指定の速度規制なし等,指定の速度規制なし等,10,10,大破,大破,その他,対象外当事者,その他,対象外当事者,損傷なし,死亡,日,当日,34.081049,135.976191,2019-05-05,13:40,red,,,,,,,,,,,,
本票,和歌山,野辺地,0065,死亡,1,0,22060,対象外,0000,206,昼－昼,晴,市街地－人口集中,舗装－乾燥,交差点－その他,環状交差点以外 環状交差点以外をいう。,施設なし,09,22,09,22,17,9,交差点内,規制なし,4,2,車両相互,45～54歳,75歳以上,乗用車－軽自動車,二輪車－原付自転車,自家用,自家用,乗用車,対象外当事者,40㎞／ｈ以下,指定の速度規制なし等,10,42,小破,小破,その他,対象外当事者,その他,対象外当事者,損傷なし,死亡,金,その他,33.720323,135.383717,2019-05-10,13:25,red,,,,,,,,,,,,
本票,和歌山,野辺地,0067,死亡,1,0,80000,対象外,0000,206,昼－昼,晴,非市街地,非舗装,単路－カーブ・屈折,環状交差点以外 環状交差点以外をいう。,施設なし,00,23,00,23,01,6,単路（交差点付近を含む）,規制なし,5,4,車両単独,75歳以上,不明,乗用車－軽自動車,相手なし,自家用,対象外当事者,乗用車,対象外当事者,指定の速度規制なし等,対象外当事者,10,00,大破,対象外当事者,装備あり 作動,対象外当事者,その他,対象外当事者,死亡,対象外当事者,日,その他,34.062851,135.548650,2019-03-31,16:00,red,,,,,,,,,,,,
本票,島根,余市,0018,死亡,1,0,30000,対象外,0000,209,昼－昼,晴,非市街地,舗装－乾燥,単路－その他,環状交差点以外 環状交差点以外をいう。,施設なし,00,23,00,23,01,7,その他,規制なし,5,4,車両単独,65～74歳,不明,特殊車－小型－農耕作業用,相手なし,対象外当事者,対象外当事者,対象外当事者,対象外当事者,指定の速度規制なし等,対象外当事者,20,00,中破,対象外当事者,対象外当事者,対象外当事者,対象外当事者,対象外当事者,死亡,対象外当事者,火,その他,35.325553,132.984845,2019-05-14,10:30,red,,,,,,,,,,,,
本票,岡山,美唄,0101,死亡,1,0,30000,対象外,0000,202,夜－暮,雨,非市街地,舗装－湿潤,単路－その他,環状交差点以外 環状交差点以外をいう。,施設なし,00,23,00,23,04,9,単路（交差点付近を含む）,規制なし,4,2,人対車両,25～34歳,75歳以上,乗用車－普通車,歩行者,自家用,対象外当事者,乗用車,対象外当事者,50㎞／ｈ以下,対象外当事者,10,00,中破,対象外当事者,その他,対象外当事者,その他,対象外当事者,損傷なし,死亡,月,その他,34.525890,133.645604,2019-05-20,20:03,red,,,,,,,,,,,,
本票,岡山,南,0020,死亡,1,0,30000,対象外,0000,214,昼－暮,晴,非市街地,舗装－乾燥,単路－カーブ・屈折,環状交差点以外 環状交差点以外をいう。,施設なし,00,23,00,23,02,5,単路（交差点付近を含む）,規制なし,5,4,車両単独,55～64歳,不明,二輪車－自動二輪－軽二輪－126～250cc,相手なし,自家用,対象外当事者,対象外当事者,対象外当事者,指定の速度規制なし等,対象外当事者,40,00,小破,対象外当事者,対象外当事者,対象外当事者,対象外当事者,対象外当事者,死亡,対象外当事者,土,その他,35.294248,133.728213,2019-05-11,18:50,red,,,,,,,,,,,,
本票,広島,東,0087,死亡,1,0,37040,対象外,0000,202,夜－夜,晴,市街地－人口集中,舗装－乾燥,単路－その他,環状交差点以外 環状交差点以外をいう。,施設なし,00,23,00,23,01,8,単路（交差点付近を含む）,規制なし,5,4,車両単独,65～74歳,不明,二輪車－原付自転車,相手なし,自家用,対象外当事者,対象外当事者,対象外当事者,指定の速度規制なし等,対象外当事者,40,00,小破,対象外当事者,対象外当事者,対象外当事者,対象外当事者,対象外当事者,死亡,対象外当事者,金,その他,34.221944,132.557361,2019-05-24,22:50,red,,,,,,,,,,,,
本票,広島,栗山,0063,死亡,1,0,00020,上,3502,213,夜－夜,晴,市街地－人口集中,舗装－乾燥,交差点付近－その他,環状交差点以外 環状交差点以外をいう。,点灯－３灯式,00,23,00,23,03,9,単路（交差点付近を含む）,規制なし,2,2,人対車両,65～74歳,35～44歳,乗用車－普通車,歩行者,事業用,対象外当事者,乗用車,対象外当事者,40㎞／ｈ以下,対象外当事者,80,00,小破,対象外当事者,その他,対象外当事者,その他,対象外当事者,損傷なし,死亡,火,その他,34.353528,132.336194,2019-05-07,04:10,red,,,,,,,,,,,,
本票,山口,伊達,0024,死亡,1,0,14290,対象外,0000,204,昼－昼,雨,非市街地,舗装－乾燥,単路－その他,環状交差点以外 環状交差点以外をいう。,施設なし,00,23,00,23,03,9,単路（交差点付近を含む）,規制なし,4,2,人対車両,65～74歳,75歳以上,乗用車－軽自動車,歩行者,自家用,対象外当事者,乗用車,対象外当事者,40㎞／ｈ以下,対象外当事者,80,00,小破,対象外当事者,その他,対象外当事者,その他,対象外当事者,損傷なし,死亡,月,当日,34.431557,131.489136,2019-05-06,13:05,red,,,,,,,,,,,,
本票,徳島,中央,0212,死亡,1,0,30000,対象外,0000,201,昼－昼,晴,市街地－人口集中,舗装－乾燥,踏切－第一種,環状交差点以外 環状交差点以外をいう。,施設なし,00,23,00,23,02,9,その他,規制なし,5,4,列車,0～24歳,65～74歳,列車,歩行者,対象外当事者,対象外当事者,対象外当事者,対象外当事者,対象外当事者,対象外当事者,10,00,小破,対象外当事者,対象外当事者,対象外当事者,対象外当事者,対象外当事者,損傷なし,死亡,木,その他,34.060680,134.553597,2019-05-09,16:07,red,,,,,,,,,,,,
本票,徳島,西,0066,死亡,1,0,00280,上,0151,202,夜－夜,晴,市街地－人口集中,舗装－乾燥,単路－その他,環状交差点以外 環状交差点以外をいう。,施設なし,00,23,00,23,03,9,単路（交差点付近を含む）,規制なし,4,2,人対車両,45～54歳,75歳以上,乗用車－軽自動車,歩行者,自家用,対象外当事者,乗用車,対象外当事者,40㎞／ｈ以下,対象外当事者,10,00,小破,対象外当事者,その他,対象外当事者,その他,対象外当事者,損傷なし,死亡,金,当日,34.176007,134.608644,2019-05-03,20:25,red,,,,,,,,,,,,
本票,徳島,栗山,0071,死亡,1,0,10020,対象外,0000,205,昼－昼,晴,非市街地,舗装－乾燥,単路－橋,環状交差点以外 環状交差点以外をいう。,施設なし,00,23,00,23,01,9,単路（交差点付近を含む）,規制なし,5,3,車両相互,25～34歳,75歳以上,乗用車－軽自動車,軽車両－自転車,自家用,対象外当事者,乗用車,対象外当事者,指定の速度規制なし等,対象外当事者,00,00,損壊なし,小破,その他,対象外当事者,その他,対象外当事者,損傷なし,死亡,土,その他,34.068791,134.317827,2019-05-11,10:25,red,,,,,,,,,,,,
本票,徳島,砂川,0028,死亡,1,0,00320,上,0629,208,夜－夜,雨,非市街地,舗装－湿潤,交差点付近－その他,環状交差点以外 環状交差点以外をいう。,施設なし,00,23,00,23,03,4,単路（交差点付近を含む）,規制なし,4,2,車両相互,45～54歳,45～54歳,貨物車－大型車,貨物車－軽自動車,事業用,自家用,貨物車,貨物車,50㎞／ｈ以下,50㎞／ｈ以下,50,50,中破,大破,その他,装備あり 作動,その他,その他,損傷なし,死亡,月,その他,33.983801,133.785119,2019-05-20,20:40,red,,,,,,,,,,,,
本票,愛媛,高速道路交通警察隊,0009,死亡,1,1,54310,上,0589,202,夜－夜,晴,非市街地,舗装－乾燥,単路－その他,環状交差点以外 環状交差点以外をいう。,施設なし,00,23,00,23,03,9,単路（交差点付近を含む）,規制なし,6,4,車両相互,35～44歳,0～24歳,貨物車－中型車,二輪車－自動二輪－軽二輪－126～250cc,事業用,自家用,貨物車,対象外当事者,50㎞／ｈ以下,50㎞／ｈ以下,10,10,小破,大破,その他,対象外当事者,その他,対象外当事者,負傷,死亡,月,その他,34.053894,132.970559,2019-05-27,00:50,red,589,本・四高速道路,走行車線－第一通行帯,非分離－その他,直線,平坦・該当なし,,5,該当なし,該当なし,70㎞/h以下,0
本票,愛媛,江別,0138,死亡,1,1,37000,対象外,0000,202,昼－昼,晴,非市街地,舗装－乾燥,単路－その他,環状交差点以外 環状交差点以外をいう。,施設なし,00,23,00,23,03,9,単路（交差点付近を含む）,規制なし,5,2,車両相互,75歳以上,65～74歳,乗用車－普通車,乗用車－軽自動車,自家用,自家用,乗用車,乗用車,指定の速度規制なし等,指定の速度規制なし等,10,10,大破,大破,装備あり 作動,装備あり 作動,その他,その他,死亡,負傷,木,その他,34.014112,133.037025,2019-05-23,16:03,red,,,,,,,,,,,,
本票,愛媛,岩見沢,0217,死亡,1,1,25000,対象外,0000,201,昼－昼,晴,非市街地,舗装－乾燥,交差点－その他,環状交差点以外 環状交差点以外をいう。,施設なし,09,22,09,22,14,9,交差点内,規制なし,4,2,車両相互,45～54歳,75歳以上,二輪車－自動二輪－小型二輪－751ｃｃ以上,二輪車－原付自転車,自家用,自家用,対象外当事者,対象外当事者,40㎞／ｈ以下,指定の速度規制なし等,10,40,小破,小破,対象外当事者,対象外当事者,対象外当事者,対象外当事者,負傷,死亡,日,当日,33.871282,132.807609,2019-05-05,15:25,red,,,,,,,,,,,,
本票,愛媛,野辺地,0039,死亡,1,0,00560,下,2885,401,昼－昼,晴,非市街地,舗装－乾燥,単路－橋,環状交差点以外 環状交差点以外をいう。,施設なし,00,23,00,23,05,9,単路（交差点付近を含む）,規制なし,1,2,車両相互,65～74歳,75歳以上,貨物車－大型車,軽車両－自転車,事業用,対象外当事者,貨物車,対象外当事者,60㎞／ｈ以下,対象外当事者,80,20,小破,損壊なし,その他,対象外当事者,その他,対象外当事者,損傷なし,死亡,水,その他,33.804694,132.728566,2019-05-08,08:17,red,,,,,,,,,,,,
本票,愛媛,三戸,0017,死亡,1,0,03780,対象外,0000,204,昼－昼,晴,非市街地,舗装－乾燥,単路－カーブ・屈折,環状交差点以外 環状交差点以外をいう。,施設なし,00,23,00,23,03,5,単路（交差点付近を含む）,規制なし,4,3,車両相互,55～64歳,65～74歳,貨物車－中型車,乗用車－軽自動車,事業用,自家用,貨物車,乗用車,指定の速度規制なし等,指定の速度規制なし等,50,50,中破,大破,その他,装備あり 作動,その他,その他,損傷なし,死亡,日,当日,33.548281,132.424331,2019-05-05,07:50,red,,,,,,,,,,,,
本票,高知,滝川,0020,死亡,1,0,14270,対象外,0000,209,昼－昼,晴,非市街地,舗装－乾燥,単路－カーブ・屈折,環状交差点以外 環状交差点以外をいう。,施設なし,00,23,00,23,03,5,単路（交差点付近を含む）,規制なし,4,2,車両単独,0～24歳,不明,二輪車－自動二輪－小型二輪－251～400cc,相手なし,自家用,対象外当事者,対象外当事者,対象外当事者,指定の速度規制なし等,対象外当事者,40,00,中破,対象外当事者,対象外当事者,対象外当事者,対象外当事者,対象外当事者,死亡,対象外当事者,金,当日,32.753865,133.012325,2019-05-03,16:37,red,,,,,,,,,,,,
本票,福岡,中央,0631,死亡,1,0,37070,対象外,0000,133,夜－夜,曇,市街地－人口集中,舗装－乾燥,単路－その他,環状交差点以外 環状交差点以外をいう。,施設なし,00,23,00,23,05,9,単路（交差点付近を含む）,規制なし,1,2,人対車両,25～34歳,25～34歳,乗用車－普通車,歩行者,自家用,対象外当事者,乗用車,対象外当事者,50㎞／ｈ以下,対象外当事者,10,00,中破,対象外当事者,その他,対象外当事者,その他,対象外当事者,損傷なし,死亡,火,その他,33.590431,130.372120,2019-05-21,02:11,red,,,,,,,,,,,,
本票,福岡,西,0633,死亡,1,0,37990,対象外,0000,131,夜－夜,晴,市街地－人口集中,舗装－乾燥,交差点付近－その他,環状交差点以外 環状交差点以外をいう。,施設なし,00,23,00,23,03,9,単路（交差点付近を含む）,規制なし,4,2,人対車両,0～24歳,65～74歳,乗用車－普通車,歩行者,自家用,対象外当事者,乗用車,対象外当事者,40㎞／ｈ以下,対象外当事者,10,00,小破,対象外当事者,その他,対象外当事者,その他,対象外当事者,損傷なし,死亡,火,その他,33.621149,130.428557,2019-05-07,23:14,red,,,,,,,,,,,,
本票,福岡,栗山,0547,死亡,1,0,37990,対象外,0000,135,夜－夜,晴,市街地－その他,舗装－乾燥,交差点－その他,環状交差点以外 環状交差点以外をいう。,施設なし,09,22,09,22,14,9,交差点内,規制なし,4,2,車両相互,25～34歳,0～24歳,乗用車－普通車,二輪車－原付自転車,自家用,自家用,乗用車,対象外当事者,指定の速度規制なし等,指定の速度規制なし等,20,13,中破,大破,その他,対象外当事者,その他,対象外当事者,損傷なし,死亡,木,その他,33.597269,130.235610,2019-05-23,22:14,red,,,,,,,,,,,,
本票,福岡,松前,0205,死亡,1,0,37990,対象外,0000,101,夜－明,晴,市街地－その他,舗装－乾燥,単路－カーブ・屈折,環状交差点以外 環状交差点以外をいう。,施設なし,00,23,00,23,03,3,単路（交差点付近を含む）,規制なし,4,2,車両単独,55～64歳,不明,乗用車－普通車,物件等,自家用,対象外当事者,乗用車,対象外当事者,40㎞／ｈ以下,対象外当事者,11,00,大破,対象外当事者,装備あり 作動,対象外当事者,その他,対象外当事者,死亡,対象外当事者,火,その他,33.854780,130.986659,2019-05-07,04:25,red,,,,,,,,,,,,
本票,福岡,寿都,0457,死亡,1,0,03220,対象外,0000,107,夜－夜,晴,市街地－人口集中,舗装－乾燥,交差点－その他,環状交差点以外 環状交差点以外をいう。,点灯－３灯式,01,21,00,23,17,9,交差点内,規制なし,5,2,人対車両,45～54歳,55～64歳,貨物車－軽自動車,歩行者,自家用,対象外当事者,貨物車,対象外当事者,50㎞／ｈ以下,対象外当事者,10,00,小破,対象外当事者,その他,対象外当事者,その他,対象外当事者,損傷なし,死亡,月,その他,33.848693,130.877733,2019-05-13,01:30,red,,,,,,,,,,,,
本票,福岡,弟子屈,0130,死亡,1,1,37990,対象外,0000,203,昼－昼,雨,非市街地,舗装－湿潤,交差点－その他,環状交差点以外 環状交差点以外をいう。,施設なし,09,22,09,22,14,9,交差点内,規制なし,5,4,車両相互,55～64歳,55～64歳,貨物車－中型車,乗用車－普通車,自家用,自家用,貨物車,乗用車,40㎞／ｈ以下,指定の速度規制なし等,10,40,中破,大破,その他,装備あり 作動,その他,装備あり 作動,損傷なし,負傷,金,その他,33.359103,130.722872,2019-05-31,10:35,red,,,,,,,,,,,,
本票,福岡,根室,0226,死亡,1,1,37990,対象外,0000,210,昼－昼,晴,非市街地,舗装－乾燥,交差点－その他,環状交差点以外 環状交差点以外をいう。,施設なし,09,22,00,23,11,8,交差点内,規制なし,5,4,車両単独,65～74歳,不明,貨物車－軽自動車,相手なし,自家用,対象外当事者,貨物車,対象外当事者,指定の速度規制なし等,対象外当事者,10,00,中破,対象外当事者,その他,対象外当事者,その他,対象外当事者,死亡,対象外当事者,月,その他,33.174097,130.598005,2019-05-13,15:55,red,,,,,,,,,,,,
本票,長崎,高速道路交通警察隊,0012,死亡,1,3,47120,下,0792,321,昼－昼,曇,市街地－その他,舗装－乾燥,単路－カーブ・屈折,環状交差点以外 環状交差点以外をいう。,施設なし,00,23,00,23,04,6,単路（交差点付近を含む）,規制なし,1,4,車両単独,35～44歳,不明,乗用車－普通車,相手なし,自家用,対象外当事者,乗用車,対象外当事者,指定の速度規制なし等,対象外当事者,84,00,大破,対象外当事者,その他,対象外当事者,その他,対象外当事者,負傷,対象外当事者,水,当日,33.031548,129.928614,2019-05-01,11:42,red,792,西日本高速道路,走行車線－第二通行帯以上,完全分離－高架・橋梁,カーブ－1000m以上,平坦－１％未満,,1,該当なし,該当なし,該当なし,0