資料区分,都道府県コード,警察署等コード,本票番号,事故内容,死者数,負傷者数,路線コード,上下線,地点コード,市区町村コード,昼夜,天候,地形,路面状態,道路形状,環状交差点の直径,信号機,一時停止規制　標識（当事者A）,一時停止規制　表示（当事者A）,一時停止規制　標識（当事者B）,一時停止規制　表示（当事者B）,車道幅員,道路線形,衝突地点,ゾーン規制,中央分離帯施設等,歩車道区分,事故類型,年齢（当事者A）,年齢（当事者B）,当事者種別（当事者A）,当事者種別（当事者B）,用途別（当事者A）,用途別（当事者B）,車両形状（当事者A）,車両形状（当事者B）,速度規制（指定のみ）（当事者A）,速度規制（指定のみ）（当事者B）,車両の衝突部位（当事者A）,車両の衝突部位（当事者B）,車両の損壊程度（当事者A）,車両の損壊程度（当事者B）,エアバッグの装備（当事者A）,エアバッグの装備（当事者B）,サイドエアバッグの装備（当事者A）,サイドエアバッグの装備（当事者B）,人身損傷程度（当事者A）,人身損傷程度（当事者B）,曜日(発生年月日),祝日(発生年月日),緯度,経度,発生日,発生時,color,発生地点,道路管理者区分,道路区分,道路構造,曲線半径,縦断勾配,トンネル番号,当事者車両台数,車両単独事故の対象物,臨時速度規制の有無,速度規制（臨時のみ）,トンネル延長距離
本票,秋田,室蘭,0015,死亡,1,0,37000,対象外,0000,215,昼－昼,晴,非市街地,舗装－乾燥,踏切－第四種,環状交差点以外 環状交差点以外をいう。,施設なし,00,23,00,23,01,9,その他,規制なし,5,4,列車,75歳以上,55～64歳,特殊車－小型－農耕作業用,列車,対象外当事者,対象外当事者,対象外当事者,対象外当事者,指定の速度規制なし等,対象外当事者,20,80,大破,小破,対象外当事者,対象外当事者,対象外当事者,対象外当事者,死亡,損傷なし,土,その他,39.696351,140.554777,2019-06-01,06:02,red,,,,,,,,,,,,
本票,福島,中央,0209,死亡,1,0,03490,上,0000,308,昼－昼,曇,非市街地,舗装－乾燥,単路－カーブ・屈折,環状交差点以外 環状交差点以外をいう。,施設なし,00,23,00,23,03,5,単路（交差点付近を含む）,規制なし,4,3,車両相互,45～54歳,75歳以上,貨物車－中型車,乗用車－普通車,事業用,自家用,貨物車,乗用車,40㎞／ｈ以下,40㎞／ｈ以下,50,50,小破,大破,その他,装備あり 作動,その他,その他,損傷なし,死亡,水,その他,37.645266,140.600489,2019-06-05,13:22,red,,,,,,,,,,,,
本票,福島,厚別,0167,死亡,1,0,00040,下,2344,203,夜－夜,曇,市街地－その他,舗装－乾燥,単路－その他,環状交差点以外 環状交差点以外をいう。,施設なし,00,23,00,23,05,9,単路（交差点付近を含む）,規制なし,1,2,人対車両,55～64歳,55～64歳,貨物車－大型車,歩行者,事業用,対象外当事者,貨物車,対象外当事者,指定の速度規制なし等,対象外当事者,80,00,小破,対象外当事者,その他,対象外当事者,その他,対象外当事者,損傷なし,死亡,月,その他,37.467484,140.377016,2019-06-03,02:07,red,,,,,,,,,,,,
本票,東京,高速道路交通警察隊,0300,死亡,1,0,50040,下,0000,101,夜－夜,晴,市街地－人口集中,舗装－乾燥,単路－トンネル,環状交差点以外 環状交差点以外をいう。,施設なし,00,23,00,23,05,1,単路（交差点付近を含む）,規制なし,1,4,車両単独,35～44歳,不明,二輪車－自動二輪－軽二輪－126～250cc,物件等,自家用,対象外当事者,対象外当事者,対象外当事者,50㎞／ｈ以下,対象外当事者,40,00,小破,対象外当事者,対象外当事者,対象外当事者,対象外当事者,対象外当事者,死亡,対象外当事者,月,その他,35.689034,139.745806,2019-06-03,22:33,red,0,首都高速道路,走行車線－第一通行帯,完全分離－トンネル,該当なし,上り・下り－３％以上,白老,1,防護柵－トンネル壁,該当なし,該当なし,1150
本票,東京,玉川,0238,死亡,1,0,10200,対象外,0000,112,昼－昼,晴,市街地－人口集中,舗装－乾燥,単路－その他,環状交差点以外 環状交差点以外をいう。,施設なし,00,23,00,23,05,7,単路（交差点付近を含む）,規制なし,1,1,人対車両,0～24歳,45～54歳,貨物車－普通車,歩行者,自家用,対象外当事者,貨物車,対象外当事者,指定の速度規制なし等,対象外当事者,84,00,中破,対象外当事者,その他,対象外当事者,その他,対象外当事者,損傷なし,死亡,木,その他,35.601618,139.660604,2019-06-06,10:22,red,,,,,,,,,,,,
本票,東京,成城,0258,死亡,1,0,30000,対象外,0000,112,昼－昼,雨,市街地－人口集中,舗装－湿潤,交差点－その他,環状交差点以外 環状交差点以外をいう。,施設なし,09,22,00,23,14,9,交差点内,規制なし,4,1,人対車両,45～54歳,75歳以上,貨物車－準中型車,歩行者,事業用,対象外当事者,貨物車,対象外当事者,40㎞／ｈ以下,対象外当事者,50,00,小破,対象外当事者,その他,対象外当事者,その他,対象外当事者,損傷なし,死亡,土,その他,35.645037,139.616719,2019-06-15,13:05,red,,,,,,,,,,,,
本票,東京,尾久,0048,死亡,1,0,21060,対象外,0000,118,夜－夜,晴,市街地－人口集中,舗装－乾燥,単路－その他,環状交差点以外 環状交差点以外をいう。,施設なし,00,23,00,23,05,9,その他,規制なし,1,2,人対車両,45～54歳,35～44歳,路面電車,歩行者,対象外当事者,対象外当事者,対象外当事者,対象外当事者,対象外当事者,対象外当事者,10,00,小破,対象外当事者,対象外当事者,対象外当事者,対象外当事者,対象外当事者,損傷なし,死亡,土,その他,35.749626,139.767010,2019-02-16,20:39,red,,,,,,,,,,,,
本票,東京,竹の塚,0187,死亡,1,0,20610,対象外,0000,121,昼－昼,雨,市街地－人口集中,舗装－湿潤,交差点－その他,環状交差点以外 環状交差点以外をいう。,点灯－３灯式,09,22,09,22,18,9,交差点内,規制なし,5,1,車両相互,75歳以上,25～34歳,乗用車－普通車,二輪車－自動二輪－小型二輪－401～750ｃｃ,自家用,自家用,乗用車,対象外当事者,60㎞／ｈ以下,60㎞／ｈ以下,40,10,中破,中破,その他,対象外当事者,その他,対象外当事者,損傷なし,死亡,土,その他,35.799177,139.761158,2019-06-29,07:12,red,,,,,,,,,,,,
本票,東京,葛飾,0159,死亡,1,0,10130,対象外,0000,122,夜－夜,雨,市街地－人口集中,舗装－湿潤,交差点－その他,環状交差点以外 環状交差点以外をいう。,点灯－３灯式,09,22,09,22,18,9,交差点内,規制なし,5,1,車両相互,35～44歳,55～64歳,貨物車－大型車,軽車両－自転車,事業用,対象外当事者,貨物車,対象外当事者,50㎞／ｈ以下,対象外当事者,47,20,小破,大破,その他,対象外当事者,その他,対象外当事者,損傷なし,死亡,金,その他,35.738637,139.863685,2019-06-14,22:39,red,,,,,,,,,,,,
本票,東京,葛西,0227,死亡,1,0,10060,対象外,0000,123,昼－昼,雨,市街地－人口集中,舗装－湿潤,交差点－その他,環状交差点以外 環状交差点以外をいう。,点灯－３灯式,09,22,09,22,17,9,交差点内,規制なし,5,2,車両相互,25～34歳,65～74歳,貨物車－中型車,軽車両－自転車,自家用,対象外当事者,貨物車,対象外当事者,50㎞／ｈ以下,対象外当事者,10,20,小破,小破,その他,対象外当事者,その他,対象外当事者,損傷なし,死亡,土,その他,35.684368,139.871056,2019-06-15,09:53,red,,,,,,,,,,,,
本票,東京,町田,0332,死亡,1,1,30000,対象外,0000,209,昼－明,晴,市街地－人口集中,舗装－乾燥,単路－その他,環状交差点以外 環状交差点以外をいう。,施設なし,00,23,00,23,04,9,単路（交差点付近を含む）,規制なし,4,1,人対車両,35～44歳,65～74歳,乗用車－普通車,歩行者,自家用,対象外当事者,乗用車,対象外当事者,40㎞／ｈ以下,対象外当事者,10,00,大破,対象外当事者,装備あり 作動,対象外当事者,装備あり 作動,対象外当事者,損傷なし,死亡,日,その他,35.561409,139.461718,2019-06-02,04:58,red,,,,,,,,,,,,
本票,茨城,中央,0487,死亡,1,0,10020,対象外,0000,309,昼－昼,雨,市街地－その他,舗装－湿潤,単路－その他,環状交差点以外 環状交差点以外をいう。,施設なし,00,23,00,23,03,9,単路（交差点付近を含む）,規制なし,4,2,車両単独,65～74歳,不明,乗用車－軽自動車,物件等,自家用,対象外当事者,乗用車,対象外当事者,40㎞／ｈ以下,対象外当事者,10,00,大破,対象外当事者,その他,対象外当事者,その他,対象外当事者,死亡,対象外当事者,月,その他,36.319996,140.564453,2019-06-10,10:46,red,,,,,,,,,,,,
本票,茨城,中央,0505,死亡,1,0,00060,上,1100,201,昼－昼,晴,市街地－その他,舗装－乾燥,交差点－その他,環状交差点以外 環状交差点以外をいう。,点灯－３灯式,09,22,09,22,18,9,交差点内,規制なし,1,2,車両相互,45～54歳,45～54歳,乗用車－普通車,乗用車－軽自動車,自家用,自家用,乗用車,乗用車,指定の速度規制なし等,指定の速度規制なし等,51,24,小破,大破,その他,装備あり 作動,その他,その他,損傷なし,死亡,日,その他,36.330242,140.466000,2019-06-16,07:36,red,,,,,,,,,,,,
本票,茨城,栗山,0011,死亡,1,0,01180,上,0000,364,夜－夜,晴,非市街地,舗装－乾燥,単路－その他,環状交差点以外 環状交差点以外をいう。,施設なし,00,23,00,23,04,9,単路（交差点付近を含む）,規制なし,4,2,人対車両,45～54歳,75歳以上,乗用車－普通車,歩行者,自家用,対象外当事者,乗用車,対象外当事者,50㎞／ｈ以下,対象外当事者,11,00,小破,対象外当事者,その他,対象外当事者,その他,対象外当事者,損傷なし,死亡,水,その他,36.769618,140.358167,2019-06-05,21:22,red,,,,,,,,,,,,
本票,茨城,つがる,0213,死亡,1,0,00060,下,1412,202,夜－夜,晴,市街地－人口集中,舗装－乾燥,交差点－その他,環状交差点以外 環状交差点以外をいう。,施設なし,09,22,00,23,15,9,交差点内,規制なし,4,2,人対車両,55～64歳,65～74歳,乗用車－普通車,歩行者,自家用,対象外当事者,乗用車,対象外当事者,50㎞／ｈ以下,対象外当事者,10,00,中破,対象外当事者,その他,対象外当事者,その他,対象外当事者,損傷なし,死亡,金,その他,36.599250,140.652261,2019-05-31,23:05,red,,,,,,,,,,,,
本票,茨城,つがる,0226,死亡,1,0,00060,上,1399,202,夜－夜,晴,市街地－人口集中,舗装－乾燥,交差点付近－その他,環状交差点以外 環状交差点以外をいう。,点灯－３灯式,00,23,00,23,04,8,単路（交差点付近を含む）,規制なし,4,2,車両相互,35～44歳,65～74歳,乗用車－普通車,二輪車－自動二輪－原付二種－51～125cc,自家用,自家用,乗用車,対象外当事者,50㎞／ｈ以下,50㎞／ｈ以下,30,10,小破,中破,その他,対象外当事者,その他,対象外当事者,損傷なし,死亡,土,その他,36.588327,140.645454,2019-06-08,20:30,red,,,,,,,,,,,,
本票,茨城,三戸,0083,死亡,1,6,10500,対象外,0000,233,夜－暮,曇,非市街地,舗装－乾燥,交差点－その他,環状交差点以外 環状交差点以外をいう。,施設なし,09,22,01,21,15,9,交差点内,規制なし,4,2,車両相互,45～54歳,0～24歳,貨物車－中型車,乗用車－普通車,事業用,自家用,貨物車,乗用車,50㎞／ｈ以下,指定の速度規制なし等,84,51,大破,大破,その他,装備あり 作動,その他,その他,負傷,負傷,金,その他,36.048526,140.473884,2019-06-14,19:00,red,,,,,,,,,,,,
本票,茨城,小樽,0147,死亡,1,0,21450,対象外,0000,236,夜－夜,晴,非市街地,舗装－乾燥,単路－その他,環状交差点以外 環状交差点以外をいう。,施設なし,00,23,00,23,03,9,単路（交差点付近を含む）,規制なし,4,2,車両相互,0～24歳,75歳以上,乗用車－軽自動車,軽車両－自転車,自家用,対象外当事者,乗用車,対象外当事者,指定の速度規制なし等,対象外当事者,11,00,中破,大破,その他,対象外当事者,その他,対象外当事者,損傷なし,死亡,水,その他,36.235077,140.393434,2019-06-19,21:05,red,,,,,,,,,,,,
本票,茨城,小樽,0150,死亡,1,2,10070,対象外,0000,205,昼－昼,曇,非市街地,舗装－乾燥,単路－カーブ・屈折,環状交差点以外 環状交差点以外をいう。,施設なし,00,23,00,23,04,6,単路（交差点付近を含む）,規制なし,4,2,車両相互,25～34歳,55～64歳,乗用車－軽自動車,乗用車－軽自動車,自家用,自家用,乗用車,乗用車,50㎞／ｈ以下,50㎞／ｈ以下,15,15,中破,中破,装備あり 作動,装備あり 作動,その他,その他,負傷,負傷,日,その他,36.226740,140.236571,2019-06-23,13:55,red,,,,,,,,,,,,
本票,茨城,余市,0252,死亡,1,0,30000,対象外,0000,220,夜－夜,曇,市街地－その他,舗装－湿潤,交差点－その他,環状交差点以外 環状交差点以外をいう。,施設なし,09,22,00,23,15,9,交差点内,規制なし,5,2,人対車両,0～24歳,25～34歳,乗用車－普通車,歩行者,自家用,対象外当事者,乗用車,対象外当事者,指定の速度規制なし等,対象外当事者,80,00,小破,対象外当事者,その他,対象外当事者,その他,対象外当事者,損傷なし,死亡,金,その他,36.036798,140.051514,2019-06-07,22:30,red,,,,,,,,,,,,
本票,茨城,静内,0132,死亡,1,2,00041,下,0004,204,昼－昼,雨,非市街地,舗装－湿潤,単路－その他,環状交差点以外 環状交差点以外をいう。,施設なし,00,23,00,23,05,9,単路（交差点付近を含む）,規制なし,1,4,車両単独,45～54歳,不明,貨物車－中型車,物件等,事業用,対象外当事者,貨物車,対象外当事者,指定の速度規制なし等,対象外当事者,15,00,大破,対象外当事者,装備あり 作動,対象外当事者,装備あり 作動,対象外当事者,死亡,対象外当事者,月,その他,36.184307,139.783269,2019-06-10,13:45,red,,,,,,,,,,,,
本票,栃木,高速道路交通警察隊,0023,死亡,1,3,41010,上,0697,203,昼－昼,雨,非市街地,舗装－湿潤,単路－その他,環状交差点以外 環状交差点以外をいう。,施設なし,00,23,00,23,06,7,単路（交差点付近を含む）,規制なし,1,4,車両相互,35～44歳,45～54歳,乗用車－普通車,乗用車－普通車,自家用,自家用,乗用車,乗用車,指定の速度規制なし等,指定の速度規制なし等,00,80,損壊なし,中破,その他,その他,装備あり 作動,その他,損傷なし,負傷,日,その他,36.389513,139.681632,2019-06-09,09:15,red,697,東日本高速道路,走行車線－第一通行帯,完全分離－その他,直線,平坦・該当なし,,3,該当なし,該当なし,該当なし,0
本票,栃木,白石,0194,死亡,1,0,10020,対象外,0000,203,夜－夜,曇,非市街地,舗装－乾燥,交差点－その他,環状交差点以外 環状交差点以外をいう。,点灯－３灯式,09,22,09,22,15,9,交差点内,規制なし,1,2,車両相互,0～24歳,55～64歳,乗用車－普通車,二輪車－原付自転車,自家用,自家用,乗用車,対象外当事者,指定の速度規制なし等,指定の速度規制なし等,10,14,大破,大破,装備あり 作動,対象外当事者,その他,対象外当事者,損傷なし,死亡,金,その他,36.403671,139.790046,2019-06-21,22:47,red,,,,,,,,,,,,
本票,栃木,江別,0077,死亡,1,1,10040,対象外,0000,205,昼－昼,曇,非市街地,舗装－乾燥,単路－その他,環状交差点以外 環状交差点以外をいう。,施設なし,00,23,00,23,03,7,単路（交差点付近を含む）,規制なし,4,2,車両相互,55～64歳,25～34歳,乗用車－軽自動車,乗用車－軽自動車,自家用,自家用,乗用車,乗用車,50㎞／ｈ以下,50㎞／ｈ以下,10,10,大破,大破,装備あり 作動,装備あり 作動,その他,その他,死亡,負傷,金,その他,36.564346,139.796004,2019-06-28,11:17,red,,,,,,,,,,,,
本票,栃木,岩見沢,0191,死亡,1,0,30000,対象外,0000,364,昼－昼,晴,非市街地,舗装－乾燥,交差点－その他,環状交差点以外 環状交差点以外をいう。,施設なし,09,22,01,21,14,9,交差点内,規制なし,4,2,車両相互,35～44歳,65～74歳,貨物車－中型車,軽車両－自転車,自家用,対象外当事者,貨物車,対象外当事者,50㎞／ｈ以下,対象外当事者,10,40,小破,小破,その他,対象外当事者,その他,対象外当事者,損傷なし,死亡,火,その他,36.231318,139.740488,2019-06-04,08:57,red,,,,,,,,,,,,
本票,栃木,野辺地,0088,死亡,2,0,30000,対象外,0000,206,昼－昼,晴,非市街地,舗装－乾燥,単路－カーブ・屈折,環状交差点以外 環状交差点以外をいう。,施設なし,00,23,00,23,03,2,単路（交差点付近を含む）,規制なし,5,2,車両単独,75歳以上,不明,乗用車－軽自動車,相手なし,自家用,対象外当事者,乗用車,対象外当事者,指定の速度規制なし等,対象外当事者,00,00,小破,対象外当事者,その他,対象外当事者,その他,対象外当事者,死亡,対象外当事者,水,その他,36.777476,139.710702,2019-06-05,13:57,red,,,,,,,,,,,,
本票,栃木,砂川,0097,死亡,1,0,30000,対象外,0000,216,昼－昼,晴,市街地－その他,舗装－乾燥,単路－その他,環状交差点以外 環状交差点以外をいう。,施設なし,00,23,00,23,02,9,単路（交差点付近を含む）,規制なし,1,2,車両単独,75歳以上,不明,貨物車－軽自動車,物件等,自家用,対象外当事者,貨物車,対象外当事者,指定の速度規制なし等,対象外当事者,10,00,大破,対象外当事者,その他,対象外当事者,その他,対象外当事者,死亡,対象外当事者,木,その他,36.394465,139.804753,2019-06-06,08:26,red,,,,,,,,,,,,
本票,栃木,室蘭,0254,死亡,1,0,21250,対象外,0000,201,夜－夜,晴,市街地－人口集中,舗装－湿潤,単路－その他,環状交差点以外 環状交差点以外をいう。,施設なし,00,23,00,23,04,9,単路（交差点付近を含む）,規制なし,4,2,車両単独,0～24歳,不明,乗用車－普通車,物件等,自家用,対象外当事者,乗用車,対象外当事者,50㎞／ｈ以下,対象外当事者,20,00,大破,対象外当事者,その他,対象外当事者,その他,対象外当事者,死亡,対象外当事者,土,その他,36.573580,139.904303,2019-06-01,00:13,red,,,,,,,,,,,,
本票,群馬,中央,0613,死亡,1,0,10110,対象外,0000,201,昼－昼,晴,市街地－人口集中,舗装－乾燥,交差点付近－その他,環状交差点以外 環状交差点以外をいう。,施設なし,00,23,00,23,04,9,単路（交差点付近を含む）,規制なし,4,2,車両相互,35～44歳,65～74歳,乗用車－軽自動車,二輪車－自動二輪－原付二種－51～125cc,自家用,自家用,乗用車,対象外当事者,40㎞／ｈ以下,40㎞／ｈ以下,40,20,小破,小破,その他,対象外当事者,その他,対象外当事者,損傷なし,死亡,火,その他,36.397202,139.072276,2019-06-04,13:52,red,,,,,,,,,,,,
本票,群馬,西,1536,死亡,1,0,00170,上,1107,202,夜－夜,曇,市街地－人口集中,舗装－乾燥,交差点付近－その他,環状交差点以外 環状交差点以外をいう。,施設なし,00,23,00,23,05,9,単路（交差点付近を含む）,規制なし,1,2,人対車両,0～24歳,55～64歳,乗用車－普通車,歩行者,自家用,対象外当事者,乗用車,対象外当事者,指定の速度規制なし等,対象外当事者,80,00,中破,対象外当事者,その他,対象外当事者,その他,対象外当事者,損傷なし,死亡,火,その他,36.350147,139.004668,2019-06-04,00:57,red,,,,,,,,,,,,
本票,群馬,西,1571,死亡,1,0,00170,上,1033,202,昼－昼,曇,市街地－その他,舗装－乾燥,交差点付近－その他,環状交差点以外 環状交差点以外をいう。,施設なし,00,23,00,23,05,9,その他,規制なし,1,2,車両単独,65～74歳,不明,貨物車－軽自動車,物件等,自家用,対象外当事者,貨物車,対象外当事者,指定の速度規制なし等,対象外当事者,51,00,中破,対象外当事者,装備あり 作動,対象外当事者,その他,対象外当事者,死亡,対象外当事者,金,その他,36.310901,139.032116,2019-06-07,05:50,red,,,,,,,,,,,,
本票,群馬,つがる,0890,死亡,2,1,21140,対象外,0000,204,昼－昼,雨,市街地－その他,舗装－湿潤,交差点－その他,環状交差点以外 環状交差点以外をいう。,施設なし,01,21,09,22,14,9,交差点内,規制なし,4,2,車両相互,55～64歳,75歳以上,乗用車－普通車,乗用車－普通車,自家用,自家用,乗用車,乗用車,40㎞／ｈ以下,40㎞／ｈ以下,10,20,中破,中破,その他,その他,その他,その他,負傷,死亡,土,その他,36.366324,139.254964,2019-06-15,15:43,red,,,,,,,,,,,,
本票,埼玉,中央,0250,死亡,1,0,10010,対象外,0000,108,夜－暮,曇,市街地－人口集中,舗装－乾燥,交差点－その他,環状交差点以外 環状交差点以外をいう。,点灯－３灯式,09,22,09,22,18,9,交差点内,規制なし,5,2,車両相互,45～54歳,45～54歳,乗用車－普通車,二輪車－自動二輪－軽二輪－126～250cc,自家用,自家用,乗用車,対象外当事者,指定の速度規制なし等,指定の速度規制なし等,81,10,中破,中破,その他,対象外当事者,その他,対象外当事者,損傷なし,死亡,水,その他,35.855354,139.693391,2019-06-05,19:05,red,,,,,,,,,,,,
本票,埼玉,江別,0440,死亡,1,0,39990,対象外,0000,234,昼－昼,晴,市街地－人口集中,舗装－乾燥,単路－その他,環状交差点以外 環状交差点以外をいう。,施設なし,00,23,00,23,02,9,単路（交差点付近を含む）,規制なし,4,3,車両相互,0～24歳,75歳以上,乗用車－普通車,軽車両－自転車,自家用,対象外当事者,乗用車,対象外当事者,40㎞／ｈ以下,対象外当事者,10,30,中破,中破,その他,対象外当事者,その他,対象外当事者,損傷なし,死亡,金,その他,35.816267,139.861823,2019-06-14,11:05,red,,,,,,,,,,,,
本票,埼玉,赤歌,0111,死亡,1,0,01400,対象外,0000,207,夜－暮,晴,非市街地,舗装－乾燥,交差点付近－その他,環状交差点以外 環状交差点以外をいう。,施設なし,00,23,00,23,03,3,単路（交差点付近を含む）,規制なし,4,2,人対車両,45～54歳,75歳以上,乗用車－普通車,歩行者,自家用,対象外当事者,乗用車,対象外当事者,40㎞／ｈ以下,対象外当事者,80,00,中破,対象外当事者,その他,対象外当事者,その他,対象外当事者,損傷なし,死亡,木,その他,35.955595,139.029131,2019-06-06,19:45,red,,,,,,,,,,,,
本票,埼玉,倶知安,0334,死亡,1,0,39990,対象外,0000,202,夜－夜,雨,市街地－人口集中,舗装－湿潤,交差点－その他,環状交差点以外 環状交差点以外をいう。,施設なし,09,22,00,23,14,9,交差点内,規制なし,4,2,人対車両,35～44歳,45～54歳,乗用車－普通車,歩行者,自家用,対象外当事者,乗用車,対象外当事者,40㎞／ｈ以下,対象外当事者,50,00,小破,対象外当事者,その他,対象外当事者,その他,対象外当事者,損傷なし,死亡,日,その他,36.133831,139.393873,2019-06-09,02:10,red,,,,,,,,,,,,
本票,埼玉,岩内,0183,死亡,1,0,10140,対象外,0000,218,夜－暮,晴,非市街地,舗装－乾燥,交差点－その他,環状交差点以外 環状交差点以外をいう。,施設なし,09,22,00,23,15,9,交差点内,規制なし,4,3,人対車両,45～54歳,75歳以上,貨物車－軽自動車,歩行者,自家用,対象外当事者,貨物車,対象外当事者,40㎞／ｈ以下,対象外当事者,51,00,小破,対象外当事者,その他,対象外当事者,その他,対象外当事者,損傷なし,死亡,火,その他,36.239194,139.269145,2019-06-04,19:39,red,,,,,,,,,,,,
本票,埼玉,伊達,0072,死亡,1,2,39990,対象外,0000,408,昼－昼,晴,市街地－その他,舗装－乾燥,単路－カーブ・屈折,環状交差点以外 環状交差点以外をいう。,施設なし,00,23,00,23,03,6,単路（交差点付近を含む）,規制なし,4,2,車両相互,35～44歳,75歳以上,乗用車－普通車,貨物車－軽自動車,自家用,自家用,乗用車,貨物車,40㎞／ｈ以下,40㎞／ｈ以下,10,10,大破,大破,装備あり 作動,その他,その他,その他,負傷,死亡,土,その他,36.103269,139.245170,2019-06-08,10:38,red,,,,,,,,,,,,
本票,埼玉,豊平,0144,死亡,1,0,00040,対象外,0000,240,夜－夜,晴,市街地－その他,舗装－乾燥,交差点－その他,環状交差点以外 環状交差点以外をいう。,点灯－３灯式,09,22,00,23,15,9,交差点内,規制なし,5,1,人対車両,55～64歳,25～34歳,貨物車－大型車,歩行者,事業用,対象外当事者,貨物車,対象外当事者,50㎞／ｈ以下,対象外当事者,50,00,小破,対象外当事者,その他,対象外当事者,その他,対象外当事者,損傷なし,死亡,水,その他,36.079396,139.724201,2019-06-26,02:05,red,,,,,,,,,,,,
本票,埼玉,武南,0338,死亡,1,0,01220,対象外,0000,203,昼－昼,曇,非市街地,舗装－乾燥,交差点－その他,環状交差点以外 環状交差点以外をいう。,施設なし,09,22,00,23,18,9,交差点内,規制なし,5,2,車両単独,45～54歳,不明,乗用車－普通車,物件等,自家用,対象外当事者,乗用車,対象外当事者,指定の速度規制なし等,対象外当事者,10,00,大破,対象外当事者,装備あり 作動,対象外当事者,その他,対象外当事者,死亡,対象外当事者,日,その他,35.870111,139.735130,2019-06-23,11:55,red,,,,,,,,,,,,
本票,千葉,高速道路交通警察隊,0111,死亡,1,0,42320,下,0000,212,夜－夜,曇,非市街地,舗装－乾燥,単路－その他,環状交差点以外 環状交差点以外をいう。,施設なし,00,23,00,23,05,9,単路（交差点付近を含む）,規制なし,1,4,車両単独,25～34歳,不明,乗用車－普通車,物件等,自家用,対象外当事者,乗用車,対象外当事者,100㎞/h以下,対象外当事者,80,00,大破,対象外当事者,装備あり 作動,対象外当事者,その他,対象外当事者,死亡,対象外当事者,土,その他,35.699826,140.262990,2019-06-01,23:05,red,329,東日本高速道路,走行車線－第二通行帯以上,完全分離－その他,該当なし,平坦・該当なし,,1,防護柵－ガードレール,該当なし,該当なし,0
本票,千葉,東,0403,死亡,1,0,30000,対象外,0000,204,昼－昼,晴,市街地－人口集中,舗装－乾燥,交差点付近－その他,環状交差点以外 環状交差点以外をいう。,施設なし,00,23,00,23,03,9,単路（交差点付近を含む）,規制なし,4,2,人対車両,0～24歳,65～74歳,貨物車－普通車,歩行者,自家用,対象外当事者,貨物車,対象外当事者,指定の速度規制なし等,対象外当事者,10,00,小破,対象外当事者,その他,対象外当事者,その他,対象外当事者,損傷なし,死亡,水,その他,35.689146,139.989470,2019-06-26,15:11,red,,,,,,,,,,,,
本票,千葉,岩見沢,0197,死亡,1,0,30000,対象外,0000,207,夜－夜,晴,市街地－人口集中,舗装－乾燥,踏切－第一種,環状交差点以外 環状交差点以外をいう。,施設なし,00,23,00,23,01,9,その他,規制なし,5,4,列車,45～54歳,45～54歳,列車,歩行者,対象外当事者,対象外当事者,対象外当事者,対象外当事者,対象外当事者,対象外当事者,10,00,損壊なし,対象外当事者,対象外当事者,対象外当事者,対象外当事者,対象外当事者,損傷なし,死亡,金,その他,35.817575,139.918239,2019-03-22,00:19,red,,,,,,,,,,,,
本票,千葉,野辺地,0314,死亡,1,0,30000,対象外,0000,322,昼－昼,曇,市街地－その他,舗装－乾燥,交差点－その他,環状交差点以外 環状交差点以外をいう。,施設なし,04,21,00,23,15,9,交差点内,規制なし,5,2,人対車両,55～64歳,75歳以上,貨物車－普通車,歩行者,自家用,対象外当事者,貨物車,対象外当事者,指定の速度規制なし等,対象外当事者,10,00,小破,対象外当事者,その他,対象外当事者,その他,対象外当事者,損傷なし,死亡,金,その他,35.732104,140.274724,2019-06-14,11:52,red,,,,,,,,,,,,
本票,千葉,美唄,0419,死亡,1,1,02960,上,0000,233,夜－夜,晴,市街地－人口集中,舗装－乾燥,交差点付近－その他,環状交差点以外 環状交差点以外をいう。,点灯－３灯式,00,23,00,23,03,9,単路（交差点付近を含む）,規制なし,4,2,車両相互,45～54歳,45～54歳,乗用車－軽自動車,二輪車－自動二輪－小型二輪－251～400cc,自家用,自家用,乗用車,対象外当事者,40㎞／ｈ以下,40㎞／ｈ以下,10,10,大破,大破,装備あり 作動,対象外当事者,その他,対象外当事者,負傷,死亡,水,その他,35.727565,140.353024,2019-06-26,23:06,red,,,,,,,,,,,,
本票,千葉,東入間,0046,死亡,1,3,21810,対象外,0000,223,昼－昼,晴,市街地－人口集中,舗装－乾燥,交差点－その他,環状交差点以外 環状交差点以外をいう。,施設なし,09,22,01,21,14,9,交差点内,規制なし,5,4,車両相互,45～54歳,75歳以上,貨物車－準中型車,貨物車－軽自動車,自家用,自家用,貨物車,貨物車,40㎞／ｈ以下,指定の速度規制なし等,54,41,中破,大破,その他,その他,その他,その他,負傷,死亡,金,その他,35.123313,140.092353,2019-06-14,10:40,red,,,,,,,,,,,,
本票,千葉,四街道,0120,死亡,1,0,30000,対象外,0000,228,昼－昼,晴,市街地－その他,舗装－乾燥,交差点－その他,環状交差点以外 環状交差点以外をいう。,施設なし,09,22,09,22,14,9,交差点内,規制なし,5,4,車両相互,45～54歳,75歳以上,貨物車－準中型車,軽車両－駆動補助機付自転車,自家用,対象外当事者,貨物車,対象外当事者,40㎞／ｈ以下,対象外当事者,80,20,小破,小破,その他,対象外当事者,その他,対象外当事者,損傷なし,死亡,月,その他,35.684207,140.171589,2019-06-17,15:03,red,,,,,,,,,,,,