資料区分,都道府県コード,警察署等コード,本票番号,事故内容,死者数,負傷者数,路線コード,上下線,地点コード,市区町村コード,昼夜,天候,地形,路面状態,道路形状,環状交差点の直径,信号機,一時停止規制　標識（当事者A）,一時停止規制　表示（当事者A）,一時停止規制　標識（当事者B）,一時停止規制　表示（当事者B）,車道幅員,道路線形,衝突地点,ゾーン規制,中央分離帯施設等,歩車道区分,事故類型,年齢（当事者A）,年齢（当事者B）,当事者種別（当事者A）,当事者種別（当事者B）,用途別（当事者A）,用途別（当事者B）,車両形状（当事者A）,車両形状（当事者B）,速度規制（指定のみ）（当事者A）,速度規制（指定のみ）（当事者B）,車両の衝突部位（当事者A）,車両の衝突部位（当事者B）,車両の損壊程度（当事者A）,車両の損壊程度（当事者B）,エアバッグの装備（当事者A）,エアバッグの装備（当事者B）,サイドエアバッグの装備（当事者A）,サイドエアバッグの装備（当事者B）,人身損傷程度（当事者A）,人身損傷程度（当事者B）,曜日(発生年月日),祝日(発生年月日),緯度,経度,発生日,発生時,color,発生地点,道路管理者区分,道路区分,道路構造,曲線半径,縦断勾配,トンネル番号,当事者車両台数,車両単独事故の対象物,臨時速度規制の有無,速度規制（臨時のみ）,トンネル延長距離
本票,神奈川,高速道路交通警察隊,0286,死亡,1,0,00010,対象外,0000,110,夜－暮,晴,市街地－その他,舗装－乾燥,単路－その他,環状交差点以外 環状交差点以外をいう。,施設なし,00,23,00,23,05,8,単路（交差点付近を含む）,規制なし,1,4,車両相互,45～54歳,35～44歳,貨物車－大型車,二輪車－自動二輪－軽二輪－126～250cc,事業用,自家用,貨物車,対象外当事者,70㎞／ｈ以下,70㎞／ｈ以下,80,10,損壊なし,中破,その他,対象外当事者,その他,対象外当事者,損傷なし,死亡,火,その他,35.425586,139.541529,2019-06-25,19:55,red,,,,,,,,,,,,
本票,神奈川,浦和西,0193,死亡,1,0,10210,対象外,0000,105,夜－夜,雨,市街地－人口集中,舗装－湿潤,交差点付近－その他,環状交差点以外 環状交差点以外をいう。,点灯－３灯式,00,23,00,23,05,9,単路（交差点付近を含む）,規制なし,3,2,人対車両,25～34歳,55～64歳,乗用車－軽自動車,歩行者,自家用,対象外当事者,乗用車,対象外当事者,50㎞／ｈ以下,対象外当事者,10,00,中破,対象外当事者,その他,対象外当事者,その他,対象外当事者,損傷なし,死亡,日,その他,35.431117,139.611640,2019-06-09,02:46,red,,,,,,,,,,,,
本票,神奈川,行徳,0288,死亡,1,0,00010,上,0453,110,夜－夜,曇,市街地－人口集中,舗装－乾燥,交差点－その他,環状交差点以外 環状交差点以外をいう。,施設なし,09,22,00,23,18,9,交差点内,規制なし,1,1,人対車両,55～64歳,0～24歳,貨物車－大型車,歩行者,事業用,対象外当事者,貨物車,対象外当事者,50㎞／ｈ以下,対象外当事者,10,00,小破,対象外当事者,その他,対象外当事者,その他,対象外当事者,損傷なし,死亡,木,その他,35.388498,139.519705,2019-06-27,02:54,red,,,,,,,,,,,,
本票,神奈川,泉,0136,死亡,1,0,30000,対象外,0000,116,夜－夜,晴,非市街地,舗装－乾燥,単路－カーブ・屈折,環状交差点以外 環状交差点以外をいう。,施設なし,00,23,00,23,03,2,単路（交差点付近を含む）,規制なし,4,1,車両単独,0～24歳,不明,二輪車－自動二輪－軽二輪－126～250cc,物件等,自家用,対象外当事者,対象外当事者,対象外当事者,40㎞／ｈ以下,対象外当事者,40,00,中破,対象外当事者,対象外当事者,対象外当事者,対象外当事者,対象外当事者,死亡,対象外当事者,月,その他,35.407643,139.479052,2019-06-17,22:12,red,,,,,,,,,,,,
本票,神奈川,川崎,0235,死亡,1,0,00150,上,0200,131,昼－昼,晴,市街地－その他,舗装－乾燥,単路－橋,環状交差点以外 環状交差点以外をいう。,施設なし,00,23,00,23,06,8,単路（交差点付近を含む）,規制なし,1,1,車両相互,35～44歳,75歳以上,貨物車－軽自動車,軽車両－駆動補助機付自転車,自家用,対象外当事者,貨物車,対象外当事者,指定の速度規制なし等,対象外当事者,10,10,小破,小破,その他,対象外当事者,その他,対象外当事者,損傷なし,死亡,月,その他,35.535983,139.708130,2019-06-17,12:30,red,,,,,,,,,,,,
本票,神奈川,多摩,0180,死亡,1,0,30000,対象外,0000,135,夜－夜,晴,市街地－その他,舗装－乾燥,踏切－第一種,環状交差点以外 環状交差点以外をいう。,施設なし,00,23,00,23,03,9,その他,規制なし,5,3,列車,35～44歳,75歳以上,列車,歩行者,対象外当事者,対象外当事者,対象外当事者,対象外当事者,対象外当事者,対象外当事者,00,00,小破,対象外当事者,対象外当事者,対象外当事者,対象外当事者,対象外当事者,損傷なし,死亡,水,その他,35.614521,139.532777,2019-05-08,23:15,red,,,,,,,,,,,,
本票,神奈川,平塚,0205,死亡,1,0,30000,対象外,0000,203,昼－昼,晴,市街地－人口集中,舗装－乾燥,踏切－第一種,環状交差点以外 環状交差点以外をいう。,施設なし,00,23,00,23,03,9,その他,規制なし,5,3,列車,25～34歳,25～34歳,乗用車－普通車,列車,自家用,対象外当事者,乗用車,対象外当事者,指定の速度規制なし等,対象外当事者,20,00,大破,中破,装備あり 作動,対象外当事者,その他,対象外当事者,死亡,損傷なし,日,その他,35.329107,139.356654,2019-04-21,07:52,red,,,,,,,,,,,,
本票,神奈川,相模原南,0402,死亡,1,1,10510,対象外,0000,153,夜－夜,雨,市街地－その他,舗装－乾燥,交差点－その他,環状交差点以外 環状交差点以外をいう。,施設なし,09,22,09,22,15,6,交差点内,規制なし,4,1,車両相互,55～64歳,45～54歳,乗用車－普通車,乗用車－普通車,自家用,事業用,乗用車,乗用車,40㎞／ｈ以下,40㎞／ｈ以下,50,10,中破,中破,装備あり 作動,装備あり 作動,その他,その他,死亡,負傷,木,その他,35.536767,139.441999,2019-06-27,20:08,red,,,,,,,,,,,,
本票,神奈川,海老名,0175,死亡,1,0,10460,対象外,0000,215,昼－昼,晴,非市街地,舗装－乾燥,交差点－その他,環状交差点以外 環状交差点以外をいう。,点灯－３灯式,09,22,09,22,19,9,交差点内,規制なし,5,2,車両相互,0～24歳,65～74歳,乗用車－軽自動車,乗用車－軽自動車,自家用,自家用,乗用車,乗用車,指定の速度規制なし等,指定の速度規制なし等,10,80,大破,小破,その他,装備あり 作動,その他,その他,死亡,損傷なし,水,その他,35.444792,139.384197,2019-06-26,08:19,red,,,,,,,,,,,,
本票,新潟,高速道路交通警察隊,0022,死亡,1,1,43020,下,3913,205,夜－夜,雨,非市街地,舗装－湿潤,単路－その他,環状交差点以外 環状交差点以外をいう。,施設なし,00,23,00,23,03,9,単路（交差点付近を含む）,規制なし,1,4,車両単独,35～44歳,不明,貨物車－大型車,物件等,事業用,対象外当事者,貨物車,対象外当事者,80㎞／ｈ以下,対象外当事者,10,00,大破,対象外当事者,装備あり 作動,対象外当事者,その他,対象外当事者,死亡,対象外当事者,日,その他,37.338039,138.536625,2019-06-16,01:30,red,3913,東日本高速道路,追越車線,完全分離－トンネル出入り口部－その他トンネル出入り口,直線,平坦－１％未満,,1,中央分離帯－ガードレール,該当なし,該当なし,0
本票,新潟,西,0110,死亡,1,0,37700,対象外,0000,107,昼－昼,曇,市街地－人口集中,舗装－乾燥,単路－その他,環状交差点以外 環状交差点以外をいう。,施設なし,00,23,00,23,02,9,単路（交差点付近を含む）,規制なし,5,4,車両単独,75歳以上,不明,乗用車－普通車,物件等,自家用,対象外当事者,乗用車,対象外当事者,指定の速度規制なし等,対象外当事者,10,00,中破,対象外当事者,装備あり 作動,対象外当事者,その他,対象外当事者,死亡,対象外当事者,土,その他,37.893067,139.008286,2019-06-15,13:32,red,,,,,,,,,,,,
本票,新潟,千歳,0107,死亡,1,0,37750,対象外,0000,206,昼－昼,晴,市街地－人口集中,舗装－乾燥,交差点－その他,環状交差点以外 環状交差点以外をいう。,施設なし,09,22,01,21,11,9,交差点内,規制なし,5,4,車両相互,35～44歳,65～74歳,乗用車－軽自動車,軽車両－自転車,自家用,対象外当事者,乗用車,対象外当事者,指定の速度規制なし等,対象外当事者,10,40,小破,中破,その他,対象外当事者,その他,対象外当事者,損傷なし,死亡,火,その他,37.950972,139.347189,2019-06-25,12:07,red,,,,,,,,,,,,
本票,新潟,栗山,0024,死亡,1,0,14270,対象外,0000,223,昼－昼,曇,非市街地,舗装－乾燥,交差点付近－その他,環状交差点以外 環状交差点以外をいう。,施設なし,00,23,00,23,03,3,単路（交差点付近を含む）,規制なし,5,2,車両単独,25～34歳,不明,二輪車－自動二輪－小型二輪－251～400cc,相手なし,自家用,対象外当事者,対象外当事者,対象外当事者,指定の速度規制なし等,対象外当事者,20,00,中破,対象外当事者,対象外当事者,対象外当事者,対象外当事者,対象外当事者,死亡,対象外当事者,土,その他,37.783458,139.203633,2019-06-22,13:28,red,,,,,,,,,,,,
本票,新潟,滝川,0063,死亡,1,0,37700,対象外,0000,108,昼－昼,晴,非市街地,舗装－乾燥,交差点付近－その他,環状交差点以外 環状交差点以外をいう。,施設なし,00,23,00,23,01,9,単路（交差点付近を含む）,規制なし,5,4,車両単独,75歳以上,不明,貨物車－中型車,物件等,自家用,対象外当事者,貨物車,対象外当事者,指定の速度規制なし等,対象外当事者,51,00,小破,対象外当事者,その他,対象外当事者,その他,対象外当事者,死亡,対象外当事者,木,その他,37.729767,138.888989,2019-06-20,11:32,red,,,,,,,,,,,,
本票,新潟,倶知安,0114,死亡,1,0,99000,対象外,0000,202,昼－昼,曇,非市街地,舗装－乾燥,一般交通の場所,環状交差点以外 環状交差点以外をいう。,施設なし,00,23,00,23,00,0,その他,規制なし,0,4,人対車両,25～34歳,0～24歳,乗用車－普通車,歩行者,自家用,対象外当事者,乗用車,対象外当事者,指定の速度規制なし等,対象外当事者,50,00,損壊なし,対象外当事者,その他,対象外当事者,その他,対象外当事者,損傷なし,死亡,日,その他,37.418381,138.888267,2019-06-09,14:00,red,,,,,,,,,,,,
本票,新潟,上尾,0011,死亡,1,1,80000,対象外,0000,216,昼－昼,晴,非市街地,非舗装,単路－カーブ・屈折,環状交差点以外 環状交差点以外をいう。,施設なし,00,23,00,23,03,2,その他,規制なし,5,4,車両単独,75歳以上,不明,乗用車－軽自動車,相手なし,自家用,対象外当事者,乗用車,対象外当事者,指定の速度規制なし等,対象外当事者,10,00,中破,対象外当事者,その他,対象外当事者,その他,対象外当事者,負傷,対象外当事者,木,その他,36.997942,137.895061,2019-06-06,15:00,red,,,,,,,,,,,,
本票,新潟,浦和西,0102,死亡,1,0,90000,対象外,0000,222,夜－夜,晴,市街地－その他,舗装－乾燥,単路－カーブ・屈折,環状交差点以外 環状交差点以外をいう。,施設なし,00,23,00,23,02,6,単路（交差点付近を含む）,規制なし,5,4,人対車両,25～34歳,65～74歳,乗用車－普通車,歩行者,自家用,対象外当事者,乗用車,対象外当事者,指定の速度規制なし等,対象外当事者,80,00,小破,対象外当事者,その他,対象外当事者,その他,対象外当事者,損傷なし,死亡,水,その他,37.208264,138.298989,2019-06-26,23:21,red,,,,,,,,,,,,
本票,山梨,中央,0230,死亡,1,0,14050,対象外,0000,201,昼－昼,雨,市街地－その他,舗装－湿潤,単路－その他,環状交差点以外 環状交差点以外をいう。,施設なし,00,23,00,23,04,9,単路（交差点付近を含む）,規制なし,4,2,車両相互,45～54歳,65～74歳,貨物車－普通車,軽車両－自転車,自家用,対象外当事者,貨物車,対象外当事者,40㎞／ｈ以下,対象外当事者,10,30,小破,中破,その他,対象外当事者,その他,対象外当事者,損傷なし,死亡,土,その他,35.681391,138.541948,2019-06-15,17:10,red,,,,,,,,,,,,
本票,山梨,江別,0039,死亡,1,0,30000,対象外,0000,209,昼－昼,晴,非市街地,舗装－乾燥,交差点－その他,環状交差点以外 環状交差点以外をいう。,施設なし,01,22,09,22,11,7,交差点内,規制なし,5,3,車両相互,75歳以上,55～64歳,乗用車－普通車,二輪車－自動二輪－小型二輪－401～750ｃｃ,自家用,自家用,乗用車,対象外当事者,指定の速度規制なし等,40㎞／ｈ以下,50,10,中破,大破,その他,対象外当事者,その他,対象外当事者,損傷なし,死亡,月,その他,35.869181,138.368337,2019-06-03,15:00,red,,,,,,,,,,,,
本票,長野,東,0073,死亡,1,0,95000,対象外,0000,541,夜－夜,曇,非市街地,舗装－乾燥,交差点付近－その他,環状交差点以外 環状交差点以外をいう。,施設なし,00,23,00,23,02,9,単路（交差点付近を含む）,規制なし,5,4,車両単独,0～24歳,不明,二輪車－自動二輪－小型二輪－251～400cc,物件等,自家用,対象外当事者,対象外当事者,対象外当事者,指定の速度規制なし等,対象外当事者,00,00,小破,対象外当事者,対象外当事者,対象外当事者,対象外当事者,対象外当事者,死亡,対象外当事者,金,その他,36.702975,138.287675,2019-06-14,20:30,red,,,,,,,,,,,,
本票,長野,苫小牧,0106,死亡,1,1,01520,対象外,0000,209,夜－暮,曇,非市街地,舗装－乾燥,単路－カーブ・屈折,環状交差点以外 環状交差点以外をいう。,施設なし,00,23,00,23,03,5,単路（交差点付近を含む）,規制なし,4,2,車両相互,55～64歳,0～24歳,乗用車－普通車,乗用車－軽自動車,自家用,自家用,乗用車,乗用車,50㎞／ｈ以下,50㎞／ｈ以下,50,50,大破,大破,装備あり 作動,装備あり 作動,その他,その他,損傷なし,死亡,土,その他,35.849727,138.075818,2019-06-22,19:45,red,,,,,,,,,,,,
本票,静岡,野辺地,0875,死亡,1,0,23960,対象外,0000,210,夜－夜,晴,市街地－人口集中,舗装－乾燥,交差点－その他,環状交差点以外 環状交差点以外をいう。,点灯－押ボタン式,09,22,00,23,15,9,交差点内,規制なし,5,2,人対車両,65～74歳,25～34歳,貨物車－軽自動車,歩行者,自家用,対象外当事者,貨物車,対象外当事者,50㎞／ｈ以下,対象外当事者,10,00,小破,対象外当事者,その他,対象外当事者,その他,対象外当事者,損傷なし,死亡,月,その他,35.157984,138.645771,2019-06-17,02:33,red,,,,,,,,,,,,
本票,静岡,三戸,0741,死亡,1,0,37000,対象外,0000,103,昼－昼,雨,非市街地,舗装－湿潤,単路－その他,環状交差点以外 環状交差点以外をいう。,施設なし,00,23,00,23,02,7,単路（交差点付近を含む）,規制なし,5,4,車両相互,65～74歳,75歳以上,二輪車－原付自転車,二輪車－原付自転車,自家用,自家用,対象外当事者,対象外当事者,指定の速度規制なし等,指定の速度規制なし等,10,40,小破,小破,対象外当事者,対象外当事者,対象外当事者,対象外当事者,損傷なし,死亡,木,その他,35.139423,138.430379,2019-06-27,16:53,red,,,,,,,,,,,,
本票,静岡,赤歌,0746,死亡,1,0,37000,対象外,0000,102,昼－昼,晴,市街地－人口集中,舗装－乾燥,交差点－その他,環状交差点以外 環状交差点以外をいう。,施設なし,09,22,09,22,14,9,交差点内,規制なし,5,3,車両相互,0～24歳,75歳以上,乗用車－軽自動車,軽車両－自転車,自家用,対象外当事者,乗用車,対象外当事者,30㎞／ｈ以下,対象外当事者,10,20,小破,小破,その他,対象外当事者,その他,対象外当事者,損傷なし,死亡,金,その他,34.938487,138.366194,2019-06-21,11:23,red,,,,,,,,,,,,
本票,静岡,余市,0279,死亡,1,0,10340,対象外,0000,209,昼－昼,晴,市街地－人口集中,舗装－乾燥,交差点付近－その他,環状交差点以外 環状交差点以外をいう。,施設なし,00,23,00,23,03,9,単路（交差点付近を含む）,規制なし,4,2,人対車両,45～54歳,75歳以上,乗用車－普通車,歩行者,自家用,対象外当事者,乗用車,対象外当事者,40㎞／ｈ以下,対象外当事者,80,00,小破,対象外当事者,その他,対象外当事者,その他,対象外当事者,損傷なし,死亡,水,その他,34.831198,138.189519,2019-06-19,09:42,red,,,,,,,,,,,,
本票,静岡,余市,0283,死亡,1,0,37000,対象外,0000,209,昼－昼,晴,市街地－人口集中,舗装－乾燥,踏切－第一種,環状交差点以外 環状交差点以外をいう。,施設なし,00,23,00,23,01,9,その他,規制なし,5,4,列車,25～34歳,0～24歳,列車,歩行者,対象外当事者,対象外当事者,対象外当事者,対象外当事者,対象外当事者,対象外当事者,80,00,小破,対象外当事者,対象外当事者,対象外当事者,対象外当事者,対象外当事者,損傷なし,死亡,土,その他,34.831031,138.183974,2019-06-22,09:33,red,,,,,,,,,,,,
本票,静岡,倶知安,0182,死亡,1,0,99000,対象外,0000,424,昼－昼,雨,非市街地,舗装－湿潤,一般交通の場所,環状交差点以外 環状交差点以外をいう。,施設なし,00,23,00,23,00,0,その他,規制なし,0,4,車両単独,75歳以上,不明,貨物車－軽自動車,相手なし,自家用,対象外当事者,貨物車,対象外当事者,指定の速度規制なし等,対象外当事者,10,00,小破,対象外当事者,その他,対象外当事者,その他,対象外当事者,死亡,対象外当事者,火,その他,34.756390,138.270299,2019-05-28,15:00,red,,,,,,,,,,,,
本票,静岡,室蘭,0300,死亡,1,2,00010,上,2233,213,昼－昼,曇,非市街地,舗装－乾燥,単路－カーブ・屈折,環状交差点以外 環状交差点以外をいう。,施設なし,00,23,00,23,03,6,単路（交差点付近を含む）,規制なし,4,4,車両相互,25～34歳,45～54歳,貨物車－準中型車,乗用車－軽自動車,自家用,自家用,貨物車,乗用車,指定の速度規制なし等,指定の速度規制なし等,10,10,中破,大破,その他,装備あり 作動,その他,その他,負傷,死亡,水,その他,34.789302,138.069230,2019-06-12,07:12,red,,,,,,,,,,,,
本票,静岡,北,1192,死亡,1,0,37050,対象外,0000,134,夜－夜,曇,市街地－人口集中,舗装－乾燥,交差点－その他,環状交差点以外 環状交差点以外をいう。,点灯－３灯式,09,22,00,23,18,9,交差点内,規制なし,5,2,人対車両,25～34歳,75歳以上,乗用車－普通車,歩行者,自家用,対象外当事者,乗用車,対象外当事者,50㎞／ｈ以下,対象外当事者,10,00,小破,対象外当事者,その他,対象外当事者,その他,対象外当事者,損傷なし,死亡,月,その他,34.688514,137.738278,2019-06-24,21:01,red,,,,,,,,,,,,
本票,静岡,東入間,0231,死亡,1,0,37000,対象外,0000,133,昼－明,雨,市街地－人口集中,舗装－湿潤,単路－その他,環状交差点以外 環状交差点以外をいう。,施設なし,00,23,00,23,03,9,単路（交差点付近を含む）,規制なし,4,2,車両相互,25～34歳,55～64歳,貨物車－軽自動車,二輪車－原付自転車,自家用,自家用,貨物車,対象外当事者,40㎞／ｈ以下,指定の速度規制なし等,10,10,小破,小破,その他,対象外当事者,その他,対象外当事者,損傷なし,死亡,日,その他,34.687886,137.673943,2019-06-30,04:46,red,,,,,,,,,,,,
本票,富山,白石,0028,死亡,1,1,37000,対象外,0000,207,昼－昼,晴,市街地－その他,舗装－乾燥,交差点付近－その他,環状交差点以外 環状交差点以外をいう。,施設なし,00,23,00,23,02,9,単路（交差点付近を含む）,規制なし,5,4,車両単独,75歳以上,不明,乗用車－普通車,物件等,自家用,対象外当事者,乗用車,対象外当事者,指定の速度規制なし等,対象外当事者,10,00,大破,対象外当事者,その他,対象外当事者,その他,対象外当事者,負傷,対象外当事者,水,その他,36.870189,137.554313,2019-06-26,13:45,red,,,,,,,,,,,,
本票,富山,東,0040,死亡,1,0,95000,対象外,0000,206,昼－昼,雨,非市街地,舗装－湿潤,単路－その他,環状交差点以外 環状交差点以外をいう。,施設なし,00,23,00,23,02,8,その他,規制なし,5,4,車両単独,75歳以上,不明,貨物車－軽自動車,相手なし,自家用,対象外当事者,貨物車,対象外当事者,指定の速度規制なし等,対象外当事者,00,00,中破,対象外当事者,その他,対象外当事者,その他,対象外当事者,死亡,対象外当事者,日,その他,36.765066,137.335002,2019-06-16,17:00,red,,,,,,,,,,,,
本票,福井,美唄,0033,死亡,1,0,00080,上,0447,404,昼－昼,曇,非市街地,舗装－乾燥,単路－カーブ・屈折,環状交差点以外 環状交差点以外をいう。,施設なし,00,23,00,23,04,5,単路（交差点付近を含む）,規制なし,4,3,車両相互,65～74歳,45～54歳,乗用車－軽自動車,二輪車－自動二輪－小型二輪－251～400cc,自家用,自家用,乗用車,対象外当事者,50㎞／ｈ以下,50㎞／ｈ以下,80,10,中破,中破,その他,対象外当事者,その他,対象外当事者,損傷なし,死亡,日,その他,35.781255,136.101418,2019-06-09,13:36,red,,,,,,,,,,,,
本票,福井,砂川,0055,死亡,1,1,00080,下,4562,202,昼－昼,晴,非市街地,舗装－乾燥,単路－カーブ・屈折,環状交差点以外 環状交差点以外をいう。,施設なし,00,23,00,23,03,4,単路（交差点付近を含む）,規制なし,4,3,車両相互,55～64歳,75歳以上,貨物車－大型車,乗用車－軽自動車,事業用,自家用,貨物車,乗用車,50㎞／ｈ以下,50㎞／ｈ以下,60,52,小破,大破,その他,装備あり 作動,その他,その他,損傷なし,死亡,火,その他,35.710912,136.092761,2019-06-25,17:35,red,,,,,,,,,,,,
本票,岐阜,江別,0162,死亡,1,0,10010,対象外,0000,209,夜－夜,曇,市街地－人口集中,舗装－乾燥,交差点－その他,環状交差点以外 環状交差点以外をいう。,施設なし,09,22,09,22,17,9,交差点内,規制なし,5,2,車両相互,0～24歳,75歳以上,乗用車－軽自動車,軽車両－自転車,自家用,対象外当事者,乗用車,対象外当事者,50㎞／ｈ以下,対象外当事者,50,40,中破,大破,その他,対象外当事者,その他,対象外当事者,損傷なし,死亡,金,その他,35.316346,136.713556,2019-06-14,22:45,red,,,,,,,,,,,,
本票,岐阜,小樽,0090,死亡,1,0,30000,対象外,0000,214,昼－昼,晴,非市街地,舗装－乾燥,交差点－その他,環状交差点以外 環状交差点以外をいう。,施設なし,09,22,09,22,14,9,交差点内,規制なし,4,2,車両相互,45～54歳,75歳以上,乗用車－軽自動車,軽車両－駆動補助機付自転車,自家用,対象外当事者,乗用車,対象外当事者,50㎞／ｈ以下,対象外当事者,80,42,小破,中破,その他,対象外当事者,その他,対象外当事者,損傷なし,死亡,日,その他,35.428398,137.089621,2019-06-23,10:50,red,,,,,,,,,,,,
本票,岐阜,岩内,0026,死亡,1,3,00190,下,0643,210,夜－暮,曇,非市街地,舗装－乾燥,単路－カーブ・屈折,環状交差点以外 環状交差点以外をいう。,施設なし,00,23,00,23,03,3,単路（交差点付近を含む）,規制なし,2,3,車両相互,35～44歳,65～74歳,貨物車－大型車,乗用車－普通車,事業用,自家用,貨物車,乗用車,50㎞／ｈ以下,50㎞／ｈ以下,55,50,中破,大破,その他,装備あり 作動,その他,その他,負傷,死亡,水,その他,35.436599,137.351557,2019-06-05,19:25,red,,,,,,,,,,,,
本票,愛知,高速道路交通警察隊,0323,死亡,1,0,51110,上,0000,107,昼－明,晴,市街地－その他,舗装－乾燥,単路－カーブ・屈折,環状交差点以外 環状交差点以外をいう。,施設なし,00,23,00,23,04,6,単路（交差点付近を含む）,規制なし,1,4,車両単独,45～54歳,不明,貨物車－大型車,物件等,事業用,対象外当事者,貨物車,対象外当事者,50㎞／ｈ以下,対象外当事者,20,00,大破,対象外当事者,その他,対象外当事者,その他,対象外当事者,死亡,対象外当事者,水,その他,35.150033,136.916867,2019-06-19,05:05,red,1,名古屋高速,追越車線,完全分離－高架・橋梁,カーブ－100m以上,平坦・該当なし,,1,防護柵－コンクリート,該当なし,該当なし,0
本票,愛知,高速道路交通警察隊,0337,死亡,1,0,50040,下,0000,445,昼－昼,曇,非市街地,舗装－乾燥,単路－その他,環状交差点以外 環状交差点以外をいう。,施設なし,00,23,00,23,04,8,その他,規制なし,1,4,車両相互,75歳以上,45～54歳,乗用車－普通車,二輪車－自動二輪－小型二輪－751ｃｃ以上,自家用,自家用,乗用車,対象外当事者,60㎞／ｈ以下,60㎞／ｈ以下,30,10,中破,中破,その他,対象外当事者,その他,対象外当事者,損傷なし,死亡,土,その他,34.733003,136.930624,2019-06-29,10:00,red,388,その他,走行車線－第一通行帯,完全分離－その他,直線,上り・下り－４％以上,,2,該当なし,該当なし,該当なし,0
本票,愛知,東,0322,死亡,1,1,20060,対象外,0114,104,昼－昼,晴,市街地－その他,舗装－乾燥,単路－その他,環状交差点以外 環状交差点以外をいう。,施設なし,00,23,00,23,03,9,単路（交差点付近を含む）,規制なし,4,4,車両相互,25～34歳,不明,乗用車－普通車,対象外当事者,自家用,対象外当事者,乗用車,対象外当事者,40㎞／ｈ以下,対象外当事者,21,00,大破,対象外当事者,装備あり 作動,対象外当事者,装備あり 作動,対象外当事者,死亡,対象外当事者,土,その他,35.198106,136.873467,2019-06-01,05:54,red,,,,,,,,,,,,
本票,愛知,苫小牧,0232,死亡,1,0,30000,対象外,0000,111,夜－夜,晴,市街地－人口集中,舗装－乾燥,単路－その他,環状交差点以外 環状交差点以外をいう。,施設なし,00,23,00,23,04,9,単路（交差点付近を含む）,規制なし,5,2,車両相互,35～44歳,65～74歳,貨物車－大型車,貨物車－軽自動車,事業用,自家用,貨物車,貨物車,50㎞／ｈ以下,50㎞／ｈ以下,50,50,中破,大破,その他,その他,その他,その他,損傷なし,死亡,水,その他,35.116583,136.875957,2019-06-05,20:10,red,,,,,,,,,,,,
本票,愛知,鎌ケ谷,0394,死亡,1,2,00230,下,3521,114,夜－夜,晴,市街地－人口集中,舗装－乾燥,単路－その他,環状交差点以外 環状交差点以外をいう。,施設なし,00,23,00,23,06,8,単路（交差点付近を含む）,規制なし,1,4,車両単独,25～34歳,不明,貨物車－軽自動車,物件等,自家用,対象外当事者,貨物車,対象外当事者,60㎞／ｈ以下,対象外当事者,10,00,中破,対象外当事者,装備あり 作動,対象外当事者,その他,対象外当事者,死亡,対象外当事者,月,その他,35.059263,136.932039,2019-06-03,22:05,red,,,,,,,,,,,,
本票,愛知,行徳,0223,死亡,1,0,30000,対象外,0000,116,夜－夜,晴,市街地－その他,舗装－乾燥,交差点－その他,環状交差点以外 環状交差点以外をいう。,点灯－３灯式,09,22,00,23,18,9,交差点内,規制なし,4,1,車両単独,35～44歳,不明,乗用車－軽自動車,物件等,自家用,対象外当事者,乗用車,対象外当事者,40㎞／ｈ以下,対象外当事者,10,00,中破,対象外当事者,装備あり 作動,対象外当事者,その他,対象外当事者,死亡,対象外当事者,日,その他,35.111122,136.959797,2019-06-02,03:10,red,,,,,,,,,,,,
本票,愛知,宮前,0291,死亡,1,0,24180,対象外,0000,219,昼－昼,晴,市街地－人口集中,舗装－乾燥,交差点－その他,環状交差点以外 環状交差点以外をいう。,施設なし,09,21,00,23,14,9,交差点内,規制なし,4,1,人対車両,45～54歳,75歳以上,乗用車－普通車,歩行者,自家用,対象外当事者,乗用車,対象外当事者,40㎞／ｈ以下,対象外当事者,50,00,小破,対象外当事者,その他,対象外当事者,その他,対象外当事者,損傷なし,死亡,月,その他,35.270148,136.919868,2019-06-03,14:05,red,,,,,,,,,,,,
本票,愛知,安城,0421,死亡,1,0,00230,下,3402,225,昼－昼,晴,非市街地,舗装－乾燥,交差点－その他,環状交差点以外 環状交差点以外をいう。,点灯－３灯式,09,22,09,22,18,9,交差点内,規制なし,1,2,車両相互,45～54歳,0～24歳,貨物車－大型車,軽車両－自転車,事業用,対象外当事者,貨物車,対象外当事者,50㎞／ｈ以下,対象外当事者,40,10,小破,大破,その他,対象外当事者,その他,対象外当事者,損傷なし,死亡,火,その他,35.004604,137.027412,2019-06-04,13:36,red,,,,,,,,,,,,
本票,愛知,豊田,0709,死亡,1,0,01530,下,0226,211,夜－夜,雨,市街地－その他,舗装－湿潤,交差点－その他,環状交差点以外 環状交差点以外をいう。,点滅－３灯式,09,22,09,22,18,9,交差点内,規制なし,5,4,車両相互,35～44歳,55～64歳,乗用車－軽自動車,軽車両－自転車,自家用,対象外当事者,乗用車,対象外当事者,60㎞／ｈ以下,対象外当事者,50,40,中破,中破,その他,対象外当事者,その他,対象外当事者,損傷なし,死亡,土,その他,35.083843,137.161091,2019-06-15,23:32,red,,,,,,,,,,,,