資料区分,都道府県コード,警察署等コード,本票番号,事故内容,死者数,負傷者数,路線コード,上下線,地点コード,市区町村コード,昼夜,天候,地形,路面状態,道路形状,環状交差点の直径,信号機,一時停止規制　標識（当事者A）,一時停止規制　表示（当事者A）,一時停止規制　標識（当事者B）,一時停止規制　表示（当事者B）,車道幅員,道路線形,衝突地点,ゾーン規制,中央分離帯施設等,歩車道区分,事故類型,年齢（当事者A）,年齢（当事者B）,当事者種別（当事者A）,当事者種別（当事者B）,用途別（当事者A）,用途別（当事者B）,車両形状（当事者A）,車両形状（当事者B）,速度規制（指定のみ）（当事者A）,速度規制（指定のみ）（当事者B）,車両の衝突部位（当事者A）,車両の衝突部位（当事者B）,車両の損壊程度（当事者A）,車両の損壊程度（当事者B）,エアバッグの装備（当事者A）,エアバッグの装備（当事者B）,サイドエアバッグの装備（当事者A）,サイドエアバッグの装備（当事者B）,人身損傷程度（当事者A）,人身損傷程度（当事者B）,曜日(発生年月日),祝日(発生年月日),緯度,経度,発生日,発生時,color,発生地点,道路管理者区分,道路区分,道路構造,曲線半径,縦断勾配,トンネル番号,当事者車両台数,車両単独事故の対象物,臨時速度規制の有無,速度規制（臨時のみ）,トンネル延長距離
本票,香川,美唄,0354,死亡,2,0,95000,対象外,0000,202,昼－昼,曇,非市街地,舗装－乾燥,単路－カーブ・屈折,環状交差点以外 環状交差点以外をいう。,施設なし,00,23,00,23,02,5,その他,規制なし,5,4,車両単独,75歳以上,不明,乗用車－軽自動車,相手なし,自家用,対象外当事者,乗用車,対象外当事者,指定の速度規制なし等,対象外当事者,10,00,大破,対象外当事者,その他,対象外当事者,その他,対象外当事者,死亡,対象外当事者,土,その他,34.213764,133.885821,2019-06-29,06:05,red,,,,,,,,,,,,
本票,香川,倶知安,0020,死亡,1,0,37000,対象外,0000,324,昼－昼,晴,非市街地,舗装－乾燥,単路－カーブ・屈折,環状交差点以外 環状交差点以外をいう。,施設なし,00,23,00,23,02,5,単路（交差点付近を含む）,規制なし,5,4,車両単独,55～64歳,不明,軽車両－自転車,物件等,対象外当事者,対象外当事者,対象外当事者,対象外当事者,対象外当事者,対象外当事者,10,00,大破,対象外当事者,対象外当事者,対象外当事者,対象外当事者,対象外当事者,死亡,対象外当事者,火,その他,34.422493,134.247423,2019-06-18,08:30,red,,,,,,,,,,,,
本票,香川,岩内,0090,死亡,1,0,37000,対象外,0000,387,夜－夜,曇,非市街地,舗装－乾燥,単路－その他,環状交差点以外 環状交差点以外をいう。,施設なし,00,23,00,23,03,9,単路（交差点付近を含む）,規制なし,4,2,人対車両,65～74歳,75歳以上,乗用車－軽自動車,歩行者,自家用,対象外当事者,乗用車,対象外当事者,指定の速度規制なし等,対象外当事者,85,00,中破,対象外当事者,その他,対象外当事者,その他,対象外当事者,損傷なし,死亡,月,その他,34.254120,133.929736,2019-06-10,20:55,red,,,,,,,,,,,,
本票,愛媛,高速道路交通警察隊,0014,死亡,1,0,54320,下,0320,202,昼－昼,曇,非市街地,舗装－乾燥,単路－その他,環状交差点以外 環状交差点以外をいう。,施設なし,00,23,00,23,02,9,単路（交差点付近を含む）,規制なし,6,4,人対車両,0～24歳,75歳以上,乗用車－軽自動車,歩行者,自家用,対象外当事者,乗用車,対象外当事者,70㎞／ｈ以下,対象外当事者,80,00,大破,対象外当事者,その他,対象外当事者,その他,対象外当事者,損傷なし,死亡,日,その他,34.228937,133.046942,2019-06-23,11:46,red,320,本・四高速道路,走行車線－第一通行帯,非分離－その他,直線,平坦・該当なし,,1,該当なし,該当なし,70㎞/h以下,0
本票,愛媛,岩見沢,0307,死亡,1,3,03170,下,0000,201,昼－昼,晴,非市街地,舗装－乾燥,単路－カーブ・屈折,環状交差点以外 環状交差点以外をいう。,施設なし,00,23,00,23,03,6,単路（交差点付近を含む）,規制なし,4,3,車両相互,45～54歳,0～24歳,乗用車－大型車,乗用車－普通車,事業用,自家用,乗用車,乗用車,50㎞／ｈ以下,50㎞／ｈ以下,10,10,小破,大破,その他,装備あり 作動,その他,その他,負傷,負傷,月,その他,33.930509,132.897892,2019-06-17,06:36,red,,,,,,,,,,,,
本票,愛媛,野辺地,0048,死亡,1,0,00560,上,0000,210,昼－昼,雨,非市街地,舗装－湿潤,単路－その他,環状交差点以外 環状交差点以外をいう。,施設なし,00,23,00,23,03,9,単路（交差点付近を含む）,規制なし,4,3,人対車両,45～54歳,65～74歳,貨物車－軽自動車,歩行者,自家用,対象外当事者,貨物車,対象外当事者,50㎞／ｈ以下,対象外当事者,10,00,小破,対象外当事者,その他,対象外当事者,その他,対象外当事者,損傷なし,死亡,土,その他,33.679774,132.693017,2019-06-15,11:39,red,,,,,,,,,,,,
本票,高知,中央,0206,死亡,1,0,00321,上,1409,201,昼－昼,晴,市街地－人口集中,舗装－乾燥,交差点－その他,環状交差点以外 環状交差点以外をいう。,点灯－３灯式,09,22,00,23,19,9,交差点内,規制なし,5,2,人対車両,45～54歳,65～74歳,貨物車－軽自動車,歩行者,自家用,対象外当事者,貨物車,対象外当事者,50㎞／ｈ以下,対象外当事者,10,00,中破,対象外当事者,その他,対象外当事者,その他,対象外当事者,損傷なし,死亡,木,その他,33.558227,133.532486,2019-06-20,06:50,red,,,,,,,,,,,,
本票,高知,三戸,0007,死亡,1,0,30000,対象外,0000,412,昼－昼,雨,非市街地,舗装－湿潤,交差点－その他,環状交差点以外 環状交差点以外をいう。,施設なし,09,22,00,23,11,3,交差点内,規制なし,5,4,人対車両,65～74歳,75歳以上,貨物車－大型車,歩行者,事業用,対象外当事者,貨物車,対象外当事者,指定の速度規制なし等,対象外当事者,30,00,小破,対象外当事者,その他,対象外当事者,その他,対象外当事者,損傷なし,死亡,木,その他,33.228477,133.250673,2019-06-27,13:46,red,,,,,,,,,,,,
本票,福岡,高速道路交通警察隊,0614,死亡,1,0,47010,上,0842,217,夜－夜,雨,市街地－その他,舗装－湿潤,単路－その他,環状交差点以外 環状交差点以外をいう。,施設なし,00,23,00,23,06,9,単路（交差点付近を含む）,規制なし,1,4,車両単独,35～44歳,不明,貨物車－大型車,物件等,事業用,対象外当事者,貨物車,対象外当事者,80㎞／ｈ以下,対象外当事者,10,00,大破,対象外当事者,その他,対象外当事者,その他,対象外当事者,死亡,対象外当事者,金,その他,33.496670,130.508303,2019-06-07,00:50,red,842,西日本高速道路,走行車線－第二通行帯以上,完全分離－盛土,直線,平坦・該当なし,,2,該当なし,あり－異常気象,80㎞/h以下,0
本票,福岡,西,0795,死亡,1,0,37990,対象外,0000,131,昼－暮,晴,市街地－人口集中,舗装－乾燥,交差点－その他,環状交差点以外 環状交差点以外をいう。,施設なし,09,22,00,23,11,9,交差点内,規制なし,5,4,車両単独,55～64歳,不明,乗用車－普通車,物件等,自家用,対象外当事者,乗用車,対象外当事者,30㎞／ｈ以下,対象外当事者,15,00,大破,対象外当事者,装備あり 作動,対象外当事者,装備あり 作動,対象外当事者,死亡,対象外当事者,金,その他,33.695177,130.426386,2019-05-31,18:33,red,,,,,,,,,,,,
本票,福岡,東,0765,死亡,2,6,25390,対象外,0000,137,昼－暮,曇,市街地－人口集中,舗装－乾燥,交差点付近－その他,環状交差点以外 環状交差点以外をいう。,点灯－３灯式,00,23,00,23,05,9,単路（交差点付近を含む）,規制なし,4,2,車両相互,75歳以上,65～74歳,乗用車－普通車,乗用車－普通車,自家用,事業用,乗用車,乗用車,指定の速度規制なし等,50㎞／ｈ以下,10,60,大破,小破,装備あり 作動,装備あり 作動,その他,その他,死亡,負傷,火,その他,33.580797,130.346164,2019-06-04,19:04,red,,,,,,,,,,,,
本票,福岡,砂川,0277,死亡,1,1,03860,対象外,0000,228,昼－昼,曇,市街地－その他,舗装－乾燥,単路－その他,環状交差点以外 環状交差点以外をいう。,施設なし,00,23,00,23,03,9,単路（交差点付近を含む）,規制なし,4,2,車両相互,55～64歳,55～64歳,乗用車－大型車,乗用車－軽自動車,事業用,自家用,乗用車,乗用車,40㎞／ｈ以下,40㎞／ｈ以下,50,10,小破,大破,その他,その他,その他,その他,負傷,死亡,木,その他,33.412686,130.679693,2019-06-27,15:12,red,,,,,,,,,,,,
本票,福岡,赤歌,0940,死亡,1,0,14680,対象外,0000,343,夜－夜,晴,市街地－人口集中,舗装－乾燥,交差点－その他,環状交差点以外 環状交差点以外をいう。,点灯－３灯式,09,22,00,23,14,9,交差点内,規制なし,4,2,人対車両,0～24歳,45～54歳,乗用車－軽自動車,歩行者,自家用,対象外当事者,乗用車,対象外当事者,40㎞／ｈ以下,対象外当事者,58,00,小破,対象外当事者,その他,対象外当事者,その他,対象外当事者,損傷なし,死亡,日,その他,33.577591,130.496186,2019-06-02,00:49,red,,,,,,,,,,,,
本票,福岡,森,0649,死亡,1,0,37990,対象外,0000,382,昼－暮,曇,市街地－人口集中,舗装－乾燥,交差点－その他,環状交差点以外 環状交差点以外をいう。,施設なし,09,22,00,23,15,9,交差点内,規制なし,4,2,人対車両,0～24歳,75歳以上,乗用車－軽自動車,歩行者,自家用,対象外当事者,乗用車,対象外当事者,40㎞／ｈ以下,対象外当事者,10,00,小破,対象外当事者,その他,対象外当事者,その他,対象外当事者,損傷なし,死亡,木,その他,33.855094,130.693372,2019-06-20,19:13,red,,,,,,,,,,,,
本票,福岡,新得,0292,死亡,1,0,37990,対象外,0000,229,昼－昼,曇,市街地－その他,舗装－乾燥,単路－その他,環状交差点以外 環状交差点以外をいう。,施設なし,00,23,00,23,02,9,その他,規制なし,5,4,車両単独,75歳以上,不明,軽車両－自転車,相手なし,対象外当事者,対象外当事者,対象外当事者,対象外当事者,対象外当事者,対象外当事者,20,00,小破,対象外当事者,対象外当事者,対象外当事者,対象外当事者,対象外当事者,死亡,対象外当事者,水,その他,33.131129,130.454529,2019-06-19,14:10,red,,,,,,,,,,,,
本票,佐賀,江別,0187,死亡,1,0,02030,上,0314,208,昼－昼,晴,市街地－その他,舗装－乾燥,交差点－その他,環状交差点以外 環状交差点以外をいう。,施設なし,09,22,09,22,14,9,交差点内,規制なし,4,2,車両相互,75歳以上,55～64歳,乗用車－軽自動車,軽車両－自転車,自家用,対象外当事者,乗用車,対象外当事者,50㎞／ｈ以下,対象外当事者,10,20,中破,大破,その他,対象外当事者,その他,対象外当事者,損傷なし,死亡,火,その他,33.281549,130.211640,2019-06-11,16:23,red,,,,,,,,,,,,
本票,佐賀,栗山,0280,死亡,1,0,30000,対象外,1406,202,昼－昼,晴,市街地－人口集中,舗装－乾燥,交差点付近－その他,環状交差点以外 環状交差点以外をいう。,施設なし,00,23,00,23,03,9,単路（交差点付近を含む）,規制なし,4,3,人対車両,35～44歳,75歳以上,貨物車－大型車,歩行者,事業用,対象外当事者,貨物車,対象外当事者,40㎞／ｈ以下,対象外当事者,00,00,損壊なし,対象外当事者,その他,対象外当事者,その他,対象外当事者,損傷なし,死亡,月,その他,33.468788,129.957432,2019-06-03,13:55,red,,,,,,,,,,,,
本票,長崎,つがる,0273,死亡,1,0,70010,対象外,0000,204,昼－昼,晴,非市街地,舗装－乾燥,単路－カーブ・屈折,環状交差点以外 環状交差点以外をいう。,施設なし,00,23,00,23,03,5,単路（交差点付近を含む）,規制なし,4,3,車両単独,55～64歳,不明,二輪車－自動二輪－原付二種－51～125cc,相手なし,自家用,対象外当事者,対象外当事者,対象外当事者,50㎞／ｈ以下,対象外当事者,10,00,中破,対象外当事者,対象外当事者,対象外当事者,対象外当事者,対象外当事者,死亡,対象外当事者,金,その他,32.909991,130.115382,2019-06-21,17:02,red,,,,,,,,,,,,
本票,熊本,白石,0241,死亡,1,0,05010,対象外,0000,104,昼－昼,晴,市街地－その他,舗装－乾燥,単路－その他,環状交差点以外 環状交差点以外をいう。,施設なし,00,23,00,23,03,9,単路（交差点付近を含む）,規制なし,5,2,車両単独,75歳以上,不明,乗用車－軽自動車,物件等,自家用,対象外当事者,乗用車,対象外当事者,40㎞／ｈ以下,対象外当事者,11,00,中破,対象外当事者,装備あり 作動,対象外当事者,その他,対象外当事者,死亡,対象外当事者,月,その他,32.756319,130.640686,2019-06-17,12:50,red,,,,,,,,,,,,
本票,熊本,北,0362,死亡,1,1,00570,対象外,0000,102,夜－暮,晴,市街地－人口集中,舗装－乾燥,交差点－その他,環状交差点以外 環状交差点以外をいう。,点灯－押ボタン式,09,22,00,23,17,9,交差点内,規制なし,1,2,人対車両,0～24歳,75歳以上,軽車両－自転車,歩行者,対象外当事者,対象外当事者,対象外当事者,対象外当事者,対象外当事者,対象外当事者,10,00,小破,対象外当事者,対象外当事者,対象外当事者,対象外当事者,対象外当事者,負傷,死亡,日,その他,32.778676,130.742217,2019-06-16,19:50,red,,,,,,,,,,,,
本票,大分,白石,0188,死亡,1,0,20140,対象外,0050,201,昼－昼,晴,市街地－その他,舗装－乾燥,単路－カーブ・屈折,環状交差点以外 環状交差点以外をいう。,施設なし,00,23,00,23,04,5,その他,規制なし,4,3,車両単独,75歳以上,不明,乗用車－普通車,物件等,自家用,対象外当事者,乗用車,対象外当事者,30㎞／ｈ以下,対象外当事者,10,00,大破,対象外当事者,装備あり 作動,対象外当事者,その他,対象外当事者,死亡,対象外当事者,火,その他,33.287850,131.468458,2019-06-11,09:15,red,,,,,,,,,,,,
本票,大分,岩見沢,0055,死亡,1,0,95000,対象外,0000,211,昼－昼,曇,非市街地,舗装－乾燥,単路－その他,環状交差点以外 環状交差点以外をいう。,施設なし,00,23,00,23,01,9,その他,規制なし,5,4,車両単独,75歳以上,不明,特殊車－小型－農耕作業用,相手なし,対象外当事者,対象外当事者,対象外当事者,対象外当事者,指定の速度規制なし等,対象外当事者,20,00,中破,対象外当事者,対象外当事者,対象外当事者,対象外当事者,対象外当事者,死亡,対象外当事者,日,その他,33.401476,131.353703,2019-06-09,14:05,red,,,,,,,,,,,,
本票,大分,岩見沢,0064,死亡,1,0,30000,対象外,0000,211,夜－夜,曇,非市街地,舗装－乾燥,単路－その他,環状交差点以外 環状交差点以外をいう。,施設なし,00,23,00,23,04,9,単路（交差点付近を含む）,規制なし,4,2,人対車両,0～24歳,75歳以上,乗用車－軽自動車,歩行者,自家用,対象外当事者,乗用車,対象外当事者,指定の速度規制なし等,対象外当事者,10,00,小破,対象外当事者,その他,対象外当事者,その他,対象外当事者,損傷なし,死亡,金,その他,33.558536,131.316468,2019-06-28,02:19,red,,,,,,,,,,,,
本票,大分,余市,0190,死亡,1,0,30000,対象外,0000,201,昼－昼,曇,非市街地,舗装－乾燥,単路－その他,環状交差点以外 環状交差点以外をいう。,施設なし,00,23,00,23,03,9,その他,規制なし,5,4,車両単独,75歳以上,不明,軽車両－駆動補助機付自転車,相手なし,対象外当事者,対象外当事者,対象外当事者,対象外当事者,対象外当事者,対象外当事者,20,00,小破,対象外当事者,対象外当事者,対象外当事者,対象外当事者,対象外当事者,死亡,対象外当事者,日,その他,33.201272,131.675709,2019-03-24,13:59,red,,,,,,,,,,,,
本票,宮崎,東,0473,死亡,1,0,24200,対象外,0000,202,昼－昼,雨,非市街地,舗装－湿潤,交差点－その他,環状交差点以外 環状交差点以外をいう。,施設なし,09,22,00,23,14,9,交差点内,規制なし,4,2,人対車両,45～54歳,75歳以上,乗用車－普通車,歩行者,自家用,対象外当事者,乗用車,対象外当事者,50㎞／ｈ以下,対象外当事者,20,00,小破,対象外当事者,その他,対象外当事者,その他,対象外当事者,損傷なし,死亡,日,その他,31.793609,131.054069,2019-06-02,16:45,red,,,,,,,,,,,,
本票,宮崎,栗山,0072,死亡,1,0,30000,対象外,0000,208,昼－昼,雨,非市街地,舗装－湿潤,単路－その他,環状交差点以外 環状交差点以外をいう。,施設なし,00,23,00,23,02,9,その他,規制なし,5,4,車両単独,75歳以上,不明,乗用車－軽自動車,相手なし,自家用,対象外当事者,乗用車,対象外当事者,指定の速度規制なし等,対象外当事者,10,00,大破,対象外当事者,装備あり 作動,対象外当事者,その他,対象外当事者,死亡,対象外当事者,土,その他,32.108885,131.415486,2019-06-29,17:19,red,,,,,,,,,,,,
本票,鹿児島,中央,0340,死亡,1,0,02250,対象外,0537,201,昼－昼,雨,市街地－人口集中,舗装－湿潤,交差点－その他,環状交差点以外 環状交差点以外をいう。,点灯－３灯式,09,22,00,23,18,9,交差点内,規制なし,4,2,人対車両,55～64歳,35～44歳,乗用車－大型車,歩行者,事業用,対象外当事者,乗用車,対象外当事者,40㎞／ｈ以下,対象外当事者,84,00,小破,対象外当事者,その他,対象外当事者,その他,対象外当事者,損傷なし,死亡,金,その他,31.591373,130.556371,2019-06-14,17:23,red,,,,,,,,,,,,
本票,鹿児島,中央,0356,死亡,1,0,10160,対象外,0000,201,昼－昼,晴,市街地－その他,舗装－乾燥,単路－カーブ・屈折,環状交差点以外 環状交差点以外をいう。,施設なし,00,23,00,23,04,2,単路（交差点付近を含む）,規制なし,4,2,車両相互,25～34歳,65～74歳,乗用車－普通車,二輪車－原付自転車,自家用,自家用,乗用車,対象外当事者,50㎞／ｈ以下,指定の速度規制なし等,88,11,小破,大破,その他,対象外当事者,その他,対象外当事者,損傷なし,死亡,月,その他,31.620899,130.573222,2019-06-24,09:57,red,,,,,,,,,,,,
本票,鹿児島,中央,0360,死亡,1,0,10200,対象外,0000,201,夜－夜,晴,市街地－人口集中,舗装－乾燥,単路－その他,環状交差点以外 環状交差点以外をいう。,施設なし,00,23,00,23,05,9,単路（交差点付近を含む）,規制なし,1,1,車両単独,55～64歳,不明,乗用車－軽自動車,物件等,自家用,対象外当事者,乗用車,対象外当事者,50㎞／ｈ以下,対象外当事者,10,00,中破,対象外当事者,その他,対象外当事者,その他,対象外当事者,死亡,対象外当事者,土,その他,31.586104,130.552862,2019-06-22,03:03,red,,,,,,,,,,,,
本票,鹿児島,白石,0402,死亡,1,0,22170,対象外,0000,201,夜－夜,晴,市街地－人口集中,舗装－乾燥,交差点－その他,環状交差点以外 環状交差点以外をいう。,点灯－３灯式,09,22,00,23,19,9,交差点内,規制なし,4,2,人対車両,25～34歳,0～24歳,乗用車－軽自動車,歩行者,自家用,対象外当事者,乗用車,対象外当事者,50㎞／ｈ以下,対象外当事者,88,00,小破,対象外当事者,その他,対象外当事者,その他,対象外当事者,損傷なし,死亡,金,その他,31.548405,130.545967,2019-06-28,23:24,red,,,,,,,,,,,,
本票,鹿児島,東,0235,死亡,1,0,39000,対象外,0000,201,昼－昼,雨,市街地－人口集中,舗装－湿潤,交差点－その他,環状交差点以外 環状交差点以外をいう。,点灯－３灯式,09,21,00,23,14,9,交差点内,規制なし,4,2,人対車両,45～54歳,75歳以上,貨物車－準中型車,歩行者,事業用,対象外当事者,貨物車,対象外当事者,40㎞／ｈ以下,対象外当事者,15,00,小破,対象外当事者,その他,対象外当事者,その他,対象外当事者,損傷なし,死亡,金,その他,31.586773,130.541833,2019-06-14,11:20,red,,,,,,,,,,,,
本票,鹿児島,余市,0132,死亡,1,5,10550,対象外,0000,225,昼－昼,晴,市街地－人口集中,舗装－乾燥,交差点付近－その他,環状交差点以外 環状交差点以外をいう。,点灯－３灯式,00,23,00,23,03,9,単路（交差点付近を含む）,規制なし,4,2,車両相互,25～34歳,45～54歳,貨物車－普通車,乗用車－軽自動車,自家用,自家用,貨物車,乗用車,40㎞／ｈ以下,40㎞／ｈ以下,73,15,大破,大破,その他,装備あり 作動,その他,その他,負傷,負傷,水,その他,31.741166,130.668019,2019-06-05,14:13,red,,,,,,,,,,,,
本票,鹿児島,余市,0152,死亡,1,0,00100,対象外,4454,225,昼－昼,雨,市街地－その他,舗装－湿潤,交差点付近－その他,環状交差点以外 環状交差点以外をいう。,点灯－３灯式,00,23,00,23,05,9,単路（交差点付近を含む）,規制なし,1,2,車両相互,55～64歳,35～44歳,貨物車－軽自動車,特殊車－大型－その他,事業用,対象外当事者,貨物車,対象外当事者,50㎞／ｈ以下,50㎞／ｈ以下,10,30,中破,小破,装備あり 作動,対象外当事者,その他,対象外当事者,死亡,損傷なし,土,その他,31.714492,130.617964,2019-06-29,06:49,red,,,,,,,,,,,,
本票,沖縄,岩見沢,0073,死亡,1,1,10750,対象外,0000,213,夜－夜,曇,市街地－その他,舗装－乾燥,単路－その他,環状交差点以外 環状交差点以外をいう。,施設なし,00,23,00,23,04,8,単路（交差点付近を含む）,規制なし,4,2,人対車両,0～24歳,75歳以上,二輪車－自動二輪－原付二種－51～125cc,歩行者,自家用,対象外当事者,対象外当事者,対象外当事者,40㎞／ｈ以下,対象外当事者,10,00,中破,対象外当事者,対象外当事者,対象外当事者,対象外当事者,対象外当事者,負傷,死亡,日,その他,26.360250,127.843872,2019-06-23,00:00,red,,,,,,,,,,,,
本票,沖縄,美唄,0039,死亡,1,0,27300,対象外,0000,214,昼－昼,曇,非市街地,舗装－乾燥,単路－その他,環状交差点以外 環状交差点以外をいう。,施設なし,00,23,00,23,03,9,単路（交差点付近を含む）,規制なし,4,2,車両相互,45～54歳,65～74歳,乗用車－軽自動車,貨物車－軽自動車,自家用,自家用,乗用車,貨物車,30㎞／ｈ以下,30㎞／ｈ以下,40,41,中破,大破,その他,装備あり 作動,その他,その他,損傷なし,死亡,月,その他,24.889545,125.279513,2019-06-10,11:01,red,,,,,,,,,,,,
本票,北海道（札幌方面）,東,0347,死亡,1,1,39990,対象外,0000,103,昼－昼,曇,市街地－その他,舗装－乾燥,交差点－その他,環状交差点以外 環状交差点以外をいう。,点灯－３灯式,09,22,09,22,15,9,交差点内,規制なし,5,2,車両相互,55～64歳,75歳以上,乗用車－普通車,乗用車－普通車,自家用,自家用,乗用車,乗用車,40㎞／ｈ以下,指定の速度規制なし等,10,14,中破,中破,装備あり 作動,その他,その他,その他,損傷なし,負傷,木,その他,43.103441,141.438521,2019-07-04,10:03,red,,,,,,,,,,,,
本票,北海道（札幌方面）,岩見沢,0078,死亡,1,0,00120,対象外,0423,210,夜－夜,曇,市街地－その他,舗装－乾燥,単路－その他,環状交差点以外 環状交差点以外をいう。,施設なし,00,23,00,23,05,9,単路（交差点付近を含む）,規制なし,4,2,車両単独,25～34歳,不明,乗用車－軽自動車,物件等,自家用,対象外当事者,乗用車,対象外当事者,50㎞／ｈ以下,対象外当事者,10,00,大破,対象外当事者,その他,対象外当事者,その他,対象外当事者,死亡,対象外当事者,金,その他,43.188962,141.753704,2019-07-12,00:21,red,,,,,,,,,,,,
本票,北海道（札幌方面）,余市,0019,死亡,1,0,38880,対象外,0000,407,昼－昼,晴,非市街地,舗装－乾燥,単路－その他,環状交差点以外 環状交差点以外をいう。,施設なし,00,23,00,23,02,9,単路（交差点付近を含む）,規制なし,5,4,車両単独,75歳以上,不明,特殊車－小型－農耕作業用,相手なし,対象外当事者,対象外当事者,対象外当事者,対象外当事者,指定の速度規制なし等,対象外当事者,50,00,小破,対象外当事者,対象外当事者,対象外当事者,対象外当事者,対象外当事者,死亡,対象外当事者,日,その他,43.131451,140.757610,2019-07-21,10:45,red,,,,,,,,,,,,
本票,北海道（札幌方面）,岩内,0039,死亡,2,4,02290,対象外,0915,401,昼－昼,曇,非市街地,舗装－乾燥,単路－その他,環状交差点以外 環状交差点以外をいう。,施設なし,00,23,00,23,04,9,単路（交差点付近を含む）,規制なし,4,2,車両相互,45～54歳,35～44歳,貨物車－大型車,乗用車－普通車,事業用,自家用,貨物車,乗用車,指定の速度規制なし等,指定の速度規制なし等,10,10,中破,大破,その他,装備あり 作動,その他,その他,負傷,負傷,水,その他,43.028771,140.542860,2019-07-31,14:15,red,,,,,,,,,,,,
本票,北海道（札幌方面）,苫小牧,0217,死亡,1,0,10110,対象外,0000,585,昼－昼,雨,市街地－その他,舗装－湿潤,交差点付近－その他,環状交差点以外 環状交差点以外をいう。,点灯－３灯式,00,23,00,23,04,9,単路（交差点付近を含む）,規制なし,4,2,車両相互,55～64歳,25～34歳,乗用車－普通車,乗用車－軽自動車,自家用,自家用,乗用車,乗用車,50㎞／ｈ以下,40㎞／ｈ以下,31,10,中破,中破,その他,装備あり 作動,その他,その他,損傷なし,死亡,水,その他,42.764181,141.815792,2019-07-17,17:40,red,,,,,,,,,,,,
本票,北海道（札幌方面）,静内,0015,死亡,1,0,38880,対象外,0000,610,昼－昼,晴,市街地－その他,舗装－乾燥,交差点－その他,環状交差点以外 環状交差点以外をいう。,施設なし,09,22,09,22,15,9,交差点内,規制なし,5,2,車両相互,25～34歳,0～24歳,貨物車－普通車,軽車両－自転車,自家用,対象外当事者,貨物車,対象外当事者,40㎞／ｈ以下,対象外当事者,18,20,小破,小破,その他,対象外当事者,その他,対象外当事者,損傷なし,死亡,土,その他,42.344936,142.375158,2019-07-20,11:59,red,,,,,,,,,,,,
本票,北海道（札幌方面）,北,0423,死亡,1,0,99000,対象外,0000,102,昼－昼,雨,市街地－人口集中,舗装－乾燥,一般交通の場所,環状交差点以外 環状交差点以外をいう。,施設なし,00,23,00,23,00,0,その他,規制なし,0,4,人対車両,55～64歳,75歳以上,乗用車－普通車,歩行者,自家用,対象外当事者,乗用車,対象外当事者,指定の速度規制なし等,対象外当事者,30,00,小破,対象外当事者,その他,対象外当事者,その他,対象外当事者,損傷なし,死亡,火,その他,43.105597,141.302920,2019-07-02,08:04,red,,,,,,,,,,,,
本票,北海道（札幌方面）,北,0424,死亡,1,1,38880,対象外,0000,303,昼－昼,曇,非市街地,舗装－乾燥,交差点－その他,環状交差点以外 環状交差点以外をいう。,施設なし,09,22,04,21,15,9,交差点内,規制なし,4,3,車両相互,45～54歳,65～74歳,乗用車－普通車,貨物車－軽自動車,自家用,自家用,乗用車,貨物車,50㎞／ｈ以下,指定の速度規制なし等,50,80,中破,中破,装備あり 作動,その他,その他,その他,負傷,死亡,火,その他,43.174055,141.464097,2019-07-02,07:48,red,,,,,,,,,,,,
本票,北海道（札幌方面）,北,0455,死亡,1,3,22780,対象外,0000,235,昼－昼,曇,非市街地,舗装－乾燥,単路－その他,環状交差点以外 環状交差点以外をいう。,施設なし,00,23,00,23,03,9,単路（交差点付近を含む）,規制なし,4,2,車両相互,45～54歳,65～74歳,乗用車－普通車,貨物車－普通車,自家用,自家用,乗用車,貨物車,指定の速度規制なし等,指定の速度規制なし等,10,10,大破,大破,装備あり 作動,その他,その他,その他,負傷,負傷,月,当日,43.208158,141.381054,2019-07-15,16:10,red,,,,,,,,,,,,
本票,北海道（札幌方面）,北,0481,死亡,1,0,11120,対象外,0000,102,夜－夜,雨,非市街地,舗装－湿潤,交差点－その他,環状交差点以外 環状交差点以外をいう。,点灯－３灯式,09,22,00,23,19,9,交差点内,規制なし,1,2,車両単独,65～74歳,不明,乗用車－普通車,物件等,事業用,対象外当事者,乗用車,対象外当事者,指定の速度規制なし等,対象外当事者,15,00,大破,対象外当事者,装備あり 作動,対象外当事者,その他,対象外当事者,死亡,対象外当事者,金,その他,43.156694,141.413765,2019-07-26,23:13,red,,,,,,,,,,,,
本票,北海道（札幌方面）,豊平,0327,死亡,1,0,39990,対象外,0000,105,夜－暮,曇,市街地－人口集中,舗装－乾燥,交差点－その他,環状交差点以外 環状交差点以外をいう。,施設なし,09,22,09,22,15,9,交差点内,規制なし,4,2,車両相互,25～34歳,25～34歳,乗用車－普通車,二輪車－自動二輪－小型二輪－251～400cc,自家用,自家用,乗用車,対象外当事者,40㎞／ｈ以下,40㎞／ｈ以下,70,40,小破,小破,その他,対象外当事者,その他,対象外当事者,損傷なし,死亡,土,その他,43.006383,141.383811,2019-07-06,19:31,red,,,,,,,,,,,,