資料区分,都道府県コード,警察署等コード,本票番号,事故内容,死者数,負傷者数,路線コード,上下線,地点コード,市区町村コード,昼夜,天候,地形,路面状態,道路形状,環状交差点の直径,信号機,一時停止規制　標識（当事者A）,一時停止規制　表示（当事者A）,一時停止規制　標識（当事者B）,一時停止規制　表示（当事者B）,車道幅員,道路線形,衝突地点,ゾーン規制,中央分離帯施設等,歩車道区分,事故類型,年齢（当事者A）,年齢（当事者B）,当事者種別（当事者A）,当事者種別（当事者B）,用途別（当事者A）,用途別（当事者B）,車両形状（当事者A）,車両形状（当事者B）,速度規制（指定のみ）（当事者A）,速度規制（指定のみ）（当事者B）,車両の衝突部位（当事者A）,車両の衝突部位（当事者B）,車両の損壊程度（当事者A）,車両の損壊程度（当事者B）,エアバッグの装備（当事者A）,エアバッグの装備（当事者B）,サイドエアバッグの装備（当事者A）,サイドエアバッグの装備（当事者B）,人身損傷程度（当事者A）,人身損傷程度（当事者B）,曜日(発生年月日),祝日(発生年月日),緯度,経度,発生日,発生時,color,発生地点,道路管理者区分,道路区分,道路構造,曲線半径,縦断勾配,トンネル番号,当事者車両台数,車両単独事故の対象物,臨時速度規制の有無,速度規制（臨時のみ）,トンネル延長距離
本票,北海道（函館方面）,八雲,0005,死亡,1,3,00050,対象外,0130,347,昼－昼,雨,非市街地,舗装－湿潤,単路－その他,環状交差点以外 環状交差点以外をいう。,施設なし,00,23,00,23,03,9,単路（交差点付近を含む）,規制なし,4,2,車両相互,75歳以上,75歳以上,乗用車－普通車,貨物車－軽自動車,自家用,自家用,乗用車,貨物車,50㎞／ｈ以下,50㎞／ｈ以下,50,50,中破,中破,装備あり 作動,その他,その他,その他,負傷,負傷,月,その他,42.575308,140.320137,2019-07-01,14:32,red,,,,,,,,,,,,
本票,北海道（旭川方面）,美深,0002,死亡,1,1,00400,対象外,1216,470,昼－昼,晴,非市街地,舗装－乾燥,交差点－その他,環状交差点以外 環状交差点以外をいう。,施設なし,09,22,09,22,14,8,交差点内,規制なし,4,2,車両相互,55～64歳,65～74歳,乗用車－普通車,貨物車－普通車,自家用,自家用,乗用車,貨物車,指定の速度規制なし等,指定の速度規制なし等,20,80,中破,小破,その他,その他,その他,その他,死亡,損傷なし,日,前日,44.673990,142.269088,2019-07-14,18:06,red,,,,,,,,,,,,
本票,北海道（旭川方面）,深川,0015,死亡,1,0,02330,対象外,0385,434,昼－昼,晴,非市街地,舗装－乾燥,単路－カーブ・屈折,環状交差点以外 環状交差点以外をいう。,施設なし,00,23,00,23,03,3,単路（交差点付近を含む）,規制なし,4,2,車両単独,65～74歳,不明,貨物車－軽自動車,物件等,自家用,対象外当事者,貨物車,対象外当事者,指定の速度規制なし等,対象外当事者,10,00,大破,対象外当事者,その他,対象外当事者,その他,対象外当事者,死亡,対象外当事者,月,その他,43.753586,141.993959,2019-07-22,11:02,red,,,,,,,,,,,,
本票,北海道（旭川方面）,天塩,0005,死亡,1,0,29990,対象外,0000,487,昼－昼,曇,非市街地,舗装－乾燥,単路－その他,環状交差点以外 環状交差点以外をいう。,施設なし,00,23,00,23,03,9,単路（交差点付近を含む）,規制なし,4,3,車両単独,75歳以上,不明,乗用車－軽自動車,物件等,自家用,対象外当事者,乗用車,対象外当事者,指定の速度規制なし等,対象外当事者,10,00,中破,対象外当事者,装備あり 作動,対象外当事者,その他,対象外当事者,死亡,対象外当事者,金,その他,44.882219,141.811185,2019-07-19,11:03,red,,,,,,,,,,,,
本票,青森,栗山,0114,死亡,1,0,30000,対象外,0000,206,夜－夜,晴,市街地－人口集中,舗装－乾燥,単路－その他,環状交差点以外 環状交差点以外をいう。,施設なし,00,23,00,23,03,9,単路（交差点付近を含む）,規制なし,4,3,車両相互,45～54歳,75歳以上,乗用車－軽自動車,軽車両－自転車,自家用,対象外当事者,乗用車,対象外当事者,40㎞／ｈ以下,対象外当事者,10,30,小破,中破,その他,対象外当事者,その他,対象外当事者,損傷なし,死亡,木,その他,40.610183,141.218651,2019-07-25,21:00,red,,,,,,,,,,,,
本票,青森,滝川,0031,死亡,1,0,00040,上,6743,402,昼－昼,曇,非市街地,舗装－乾燥,単路－その他,環状交差点以外 環状交差点以外をいう。,施設なし,00,23,00,23,03,9,単路（交差点付近を含む）,規制なし,4,2,車両単独,0～24歳,不明,乗用車－軽自動車,物件等,自家用,対象外当事者,乗用車,対象外当事者,指定の速度規制なし等,対象外当事者,81,00,大破,対象外当事者,その他,対象外当事者,その他,対象外当事者,死亡,対象外当事者,金,その他,40.686422,141.169869,2019-07-19,17:46,red,,,,,,,,,,,,
本票,岩手,中央,0199,死亡,1,0,30000,対象外,0000,201,夜－夜,曇,市街地－人口集中,舗装－乾燥,交差点付近－その他,環状交差点以外 環状交差点以外をいう。,施設なし,00,23,00,23,02,9,単路（交差点付近を含む）,規制なし,5,4,人対車両,65～74歳,65～74歳,乗用車－普通車,歩行者,事業用,対象外当事者,乗用車,対象外当事者,指定の速度規制なし等,対象外当事者,10,00,小破,対象外当事者,その他,対象外当事者,その他,対象外当事者,損傷なし,死亡,月,その他,39.697745,141.157206,2019-07-08,21:41,red,,,,,,,,,,,,
本票,岩手,白石,0025,死亡,1,0,00040,対象外,0000,303,昼－昼,晴,非市街地,舗装－乾燥,交差点－その他,環状交差点以外 環状交差点以外をいう。,点灯－押ボタン式,09,22,09,22,18,9,交差点内,規制なし,4,2,車両相互,65～74歳,75歳以上,貨物車－大型車,軽車両－自転車,事業用,対象外当事者,貨物車,対象外当事者,指定の速度規制なし等,対象外当事者,80,20,小破,大破,その他,対象外当事者,その他,対象外当事者,損傷なし,死亡,土,その他,39.910511,141.201272,2019-07-13,11:11,red,,,,,,,,,,,,
本票,岩手,栗山,0066,死亡,1,0,10140,対象外,0000,402,昼－昼,曇,非市街地,舗装－乾燥,交差点－その他,環状交差点以外 環状交差点以外をいう。,施設なし,09,22,00,23,14,1,交差点内,規制なし,4,2,人対車両,35～44歳,65～74歳,乗用車－普通車,歩行者,自家用,対象外当事者,乗用車,対象外当事者,40㎞／ｈ以下,対象外当事者,10,00,小破,対象外当事者,その他,対象外当事者,その他,対象外当事者,損傷なし,死亡,水,その他,38.993317,141.143851,2019-07-17,08:45,red,,,,,,,,,,,,
本票,岩手,つがる,0026,死亡,1,0,04560,対象外,0000,209,昼－昼,曇,非市街地,舗装－乾燥,単路－その他,環状交差点以外 環状交差点以外をいう。,施設なし,00,23,00,23,03,9,単路（交差点付近を含む）,規制なし,4,3,人対車両,55～64歳,75歳以上,乗用車－軽自動車,歩行者,自家用,対象外当事者,乗用車,対象外当事者,指定の速度規制なし等,対象外当事者,50,00,中破,対象外当事者,その他,対象外当事者,その他,対象外当事者,損傷なし,死亡,月,その他,38.836940,141.342035,2019-07-22,11:22,red,,,,,,,,,,,,
本票,岩手,砂川,0026,死亡,1,0,00450,下,2090,211,昼－昼,曇,市街地－その他,舗装－乾燥,交差点－その他,環状交差点以外 環状交差点以外をいう。,施設なし,09,22,09,22,17,9,交差点内,規制なし,6,2,車両相互,35～44歳,75歳以上,貨物車－軽自動車,軽車両－自転車,自家用,対象外当事者,貨物車,対象外当事者,50㎞／ｈ以下,対象外当事者,10,40,小破,小破,その他,対象外当事者,その他,対象外当事者,損傷なし,死亡,木,その他,39.266525,141.884645,2019-07-11,10:45,red,,,,,,,,,,,,
本票,岩手,赤歌,0021,死亡,1,0,00450,上,3435,503,昼－昼,晴,非市街地,舗装－乾燥,交差点－その他,環状交差点以外 環状交差点以外をいう。,施設なし,01,21,09,22,18,9,交差点内,規制なし,5,1,車両相互,75歳以上,35～44歳,貨物車－軽自動車,二輪車－自動二輪－小型二輪－751ｃｃ以上,自家用,自家用,貨物車,対象外当事者,指定の速度規制なし等,50㎞／ｈ以下,30,10,小破,中破,その他,対象外当事者,その他,対象外当事者,損傷なし,死亡,日,その他,40.107731,141.824692,2019-07-28,13:50,red,,,,,,,,,,,,
本票,宮城,高速道路交通警察隊,0043,死亡,1,0,41020,下,0000,213,昼－昼,曇,非市街地,舗装－乾燥,単路－カーブ・屈折,環状交差点以外 環状交差点以外をいう。,施設なし,00,23,00,23,05,6,単路（交差点付近を含む）,規制なし,1,3,車両単独,25～34歳,不明,二輪車－自動二輪－小型二輪－751ｃｃ以上,相手なし,自家用,対象外当事者,対象外当事者,対象外当事者,指定の速度規制なし等,対象外当事者,00,00,中破,対象外当事者,対象外当事者,対象外当事者,対象外当事者,対象外当事者,死亡,対象外当事者,火,その他,38.712136,141.015408,2019-07-16,07:20,red,3914,東日本高速道路,追越車線,完全分離－盛土,カーブ－1000m以上,平坦・該当なし,,1,該当なし,該当なし,該当なし,0
本票,宮城,中央,0298,死亡,1,0,30080,対象外,0000,101,夜－夜,曇,市街地－その他,舗装－乾燥,交差点－その他,環状交差点以外 環状交差点以外をいう。,点灯－３灯式,09,22,00,23,15,9,交差点内,規制なし,4,2,人対車両,65～74歳,75歳以上,乗用車－普通車,歩行者,事業用,対象外当事者,乗用車,対象外当事者,40㎞／ｈ以下,対象外当事者,10,00,小破,対象外当事者,その他,対象外当事者,その他,対象外当事者,損傷なし,死亡,日,その他,38.270660,140.883895,2019-07-21,21:01,red,,,,,,,,,,,,
本票,宮城,西,0352,死亡,1,0,00450,下,0046,102,夜－夜,雨,市街地－人口集中,舗装－湿潤,単路－その他,環状交差点以外 環状交差点以外をいう。,施設なし,00,23,00,23,05,9,単路（交差点付近を含む）,規制なし,4,2,人対車両,25～34歳,45～54歳,乗用車－軽自動車,歩行者,自家用,対象外当事者,乗用車,対象外当事者,50㎞／ｈ以下,対象外当事者,18,00,中破,対象外当事者,その他,対象外当事者,その他,対象外当事者,損傷なし,死亡,土,その他,38.269212,140.920749,2019-07-20,22:00,red,,,,,,,,,,,,
本票,宮城,美唄,0230,死亡,1,0,00450,下,0382,214,夜－夜,曇,市街地－その他,舗装－湿潤,単路－その他,環状交差点以外 環状交差点以外をいう。,施設なし,00,23,00,23,03,9,単路（交差点付近を含む）,規制なし,4,2,車両相互,65～74歳,25～34歳,貨物車－中型車,乗用車－軽自動車,事業用,自家用,貨物車,乗用車,50㎞／ｈ以下,50㎞／ｈ以下,50,50,中破,大破,その他,装備あり 作動,その他,その他,損傷なし,死亡,金,その他,38.406056,141.146884,2019-07-26,01:37,red,,,,,,,,,,,,
本票,宮城,美唄,0231,死亡,1,0,00450,上,0465,214,夜－夜,曇,市街地－その他,舗装－乾燥,単路－その他,環状交差点以外 環状交差点以外をいう。,施設なし,00,23,00,23,03,9,単路（交差点付近を含む）,規制なし,4,2,車両単独,35～44歳,不明,貨物車－大型車,物件等,事業用,対象外当事者,貨物車,対象外当事者,40㎞／ｈ以下,対象外当事者,51,00,大破,対象外当事者,その他,対象外当事者,その他,対象外当事者,死亡,対象外当事者,土,その他,38.425199,141.227047,2019-07-27,03:30,red,,,,,,,,,,,,
本票,宮城,門別,0227,死亡,2,0,10350,対象外,0000,105,夜－夜,晴,非市街地,舗装－乾燥,単路－その他,環状交差点以外 環状交差点以外をいう。,施設なし,00,23,00,23,05,9,単路（交差点付近を含む）,規制なし,1,2,車両単独,0～24歳,不明,乗用車－普通車,物件等,自家用,対象外当事者,乗用車,対象外当事者,50㎞／ｈ以下,対象外当事者,40,00,大破,対象外当事者,装備あり 作動,対象外当事者,その他,対象外当事者,損傷なし,対象外当事者,金,その他,38.310334,140.927253,2019-07-19,21:40,red,,,,,,,,,,,,
本票,宮城,門別,0228,死亡,1,0,30000,対象外,0000,105,昼－明,雨,市街地－その他,舗装－湿潤,単路－その他,環状交差点以外 環状交差点以外をいう。,施設なし,00,23,00,23,05,9,単路（交差点付近を含む）,規制なし,1,2,人対車両,25～34歳,35～44歳,乗用車－普通車,歩行者,自家用,対象外当事者,乗用車,対象外当事者,50㎞／ｈ以下,対象外当事者,18,00,小破,対象外当事者,その他,対象外当事者,その他,対象外当事者,損傷なし,死亡,日,その他,38.323369,140.912458,2019-07-21,04:30,red,,,,,,,,,,,,
本票,宮城,浦河,0088,死亡,1,0,30000,対象外,0000,103,夜－夜,曇,市街地－人口集中,舗装－乾燥,単路－その他,環状交差点以外 環状交差点以外をいう。,施設なし,00,23,00,23,03,9,単路（交差点付近を含む）,規制なし,4,4,人対車両,55～64歳,25～34歳,乗用車－普通車,歩行者,事業用,対象外当事者,乗用車,対象外当事者,30㎞／ｈ以下,対象外当事者,10,00,小破,対象外当事者,その他,対象外当事者,その他,対象外当事者,損傷なし,死亡,火,その他,38.256704,140.893292,2019-07-02,00:51,red,,,,,,,,,,,,
本票,秋田,高速道路交通警察隊,0012,死亡,2,1,41260,下,0379,210,昼－昼,曇,非市街地,舗装－乾燥,単路－その他,環状交差点以外 環状交差点以外をいう。,施設なし,00,23,00,23,04,9,単路（交差点付近を含む）,規制なし,6,4,車両相互,75歳以上,35～44歳,乗用車－軽自動車,乗用車－軽自動車,自家用,自家用,乗用車,乗用車,70㎞／ｈ以下,70㎞／ｈ以下,18,10,大破,大破,装備あり 作動,装備あり 作動,その他,その他,死亡,負傷,月,その他,39.368726,140.077719,2019-07-29,08:45,red,379,国土交通省,走行車線－第一通行帯,非分離－その他,直線,平坦・該当なし,,2,該当なし,該当なし,70㎞/h以下,0
本票,秋田,江別,0057,死亡,1,0,80000,対象外,0000,346,昼－昼,晴,非市街地,非舗装,単路－その他,環状交差点以外 環状交差点以外をいう。,施設なし,00,23,00,23,02,8,その他,規制なし,5,4,車両単独,75歳以上,不明,貨物車－軽自動車,相手なし,自家用,対象外当事者,貨物車,対象外当事者,指定の速度規制なし等,対象外当事者,12,00,中破,対象外当事者,その他,対象外当事者,その他,対象外当事者,死亡,対象外当事者,月,当日,40.361422,140.327738,2019-07-15,12:00,red,,,,,,,,,,,,
本票,秋田,三戸,0203,死亡,1,0,14050,対象外,0000,201,夜－夜,曇,非市街地,舗装－乾燥,単路－その他,環状交差点以外 環状交差点以外をいう。,施設なし,00,23,00,23,03,9,単路（交差点付近を含む）,規制なし,4,2,人対車両,55～64歳,75歳以上,乗用車－軽自動車,歩行者,自家用,対象外当事者,乗用車,対象外当事者,指定の速度規制なし等,対象外当事者,80,00,小破,対象外当事者,その他,対象外当事者,その他,対象外当事者,損傷なし,死亡,土,その他,39.659943,140.072486,2019-07-27,01:52,red,,,,,,,,,,,,
本票,山形,中央,0705,死亡,1,0,10180,対象外,0000,201,昼－昼,曇,非市街地,舗装－乾燥,単路－その他,環状交差点以外 環状交差点以外をいう。,施設なし,00,23,00,23,03,9,その他,規制なし,4,2,車両単独,75歳以上,不明,乗用車－軽自動車,物件等,自家用,対象外当事者,乗用車,対象外当事者,50㎞／ｈ以下,対象外当事者,10,00,中破,対象外当事者,装備あり 作動,対象外当事者,その他,対象外当事者,死亡,対象外当事者,月,その他,38.275306,140.281778,2019-07-01,16:12,red,,,,,,,,,,,,
本票,山形,美唄,0061,死亡,1,1,00130,上,0730,207,夜－夜,曇,非市街地,舗装－乾燥,単路－カーブ・屈折,環状交差点以外 環状交差点以外をいう。,施設なし,00,23,00,23,04,4,単路（交差点付近を含む）,規制なし,4,2,車両相互,0～24歳,0～24歳,貨物車－中型車,乗用車－軽自動車,事業用,自家用,貨物車,乗用車,指定の速度規制なし等,指定の速度規制なし等,50,50,中破,大破,その他,装備あり 作動,その他,その他,負傷,死亡,月,その他,38.202222,140.419722,2019-07-01,22:43,red,,,,,,,,,,,,
本票,福島,高速道路交通警察隊,0034,死亡,1,0,41020,下,2078,203,夜－暮,曇,非市街地,舗装－乾燥,単路－カーブ・屈折,環状交差点以外 環状交差点以外をいう。,施設なし,00,23,00,23,06,3,単路（交差点付近を含む）,規制なし,1,4,車両単独,35～44歳,不明,二輪車－自動二輪－小型二輪－251～400cc,物件等,自家用,対象外当事者,対象外当事者,対象外当事者,指定の速度規制なし等,対象外当事者,14,00,中破,対象外当事者,対象外当事者,対象外当事者,対象外当事者,対象外当事者,死亡,対象外当事者,火,その他,37.367901,140.310911,2019-07-30,19:05,red,2078,東日本高速道路,追越車線,完全分離－その他,カーブ－400m以上,平坦・該当なし,,1,防護柵－ガードケーブル,該当なし,該当なし,0
本票,福島,栗山,0351,死亡,1,0,30000,対象外,0000,203,夜－夜,晴,市街地－人口集中,舗装－乾燥,交差点－その他,環状交差点以外 環状交差点以外をいう。,施設なし,09,22,00,23,17,9,交差点内,規制なし,4,2,人対車両,35～44歳,55～64歳,乗用車－普通車,歩行者,自家用,対象外当事者,乗用車,対象外当事者,50㎞／ｈ以下,対象外当事者,10,00,中破,対象外当事者,その他,対象外当事者,その他,対象外当事者,損傷なし,死亡,水,その他,37.393201,140.380114,2019-07-24,23:20,red,,,,,,,,,,,,
本票,福島,栗山,0355,死亡,1,0,30000,対象外,0000,203,夜－夜,曇,市街地－人口集中,舗装－乾燥,交差点付近－その他,環状交差点以外 環状交差点以外をいう。,施設なし,00,23,00,23,01,9,単路（交差点付近を含む）,規制なし,5,4,人対車両,45～54歳,35～44歳,乗用車－普通車,歩行者,事業用,対象外当事者,乗用車,対象外当事者,40㎞／ｈ以下,対象外当事者,50,00,小破,対象外当事者,その他,対象外当事者,その他,対象外当事者,損傷なし,死亡,土,その他,37.400437,140.376135,2019-07-27,00:37,red,,,,,,,,,,,,
本票,東京,高速道路交通警察隊,0358,死亡,1,0,50280,下,0000,108,夜－夜,雨,市街地－人口集中,舗装－湿潤,単路－橋,環状交差点以外 環状交差点以外をいう。,施設なし,00,23,00,23,06,8,単路（交差点付近を含む）,規制なし,1,4,車両相互,35～44歳,45～54歳,貨物車－大型車,貨物車－普通車,事業用,自家用,貨物車,貨物車,80㎞／ｈ以下,80㎞／ｈ以下,30,10,中破,大破,その他,装備あり 作動,その他,その他,損傷なし,死亡,火,その他,35.647313,139.841248,2019-07-23,00:18,red,0,首都高速道路,走行車線－第二通行帯以上,完全分離－高架・橋梁,直線,上り・下り－３％以上,,2,該当なし,該当なし,該当なし,0
本票,東京,仙台中央,0067,死亡,1,0,10050,対象外,0000,101,夜－夜,雨,市街地－人口集中,舗装－湿潤,交差点－その他,環状交差点以外 環状交差点以外をいう。,点灯－３灯式,09,22,09,22,19,9,交差点内,規制なし,5,1,車両相互,45～54歳,35～44歳,乗用車－普通車,二輪車－自動二輪－小型二輪－751ｃｃ以上,事業用,自家用,乗用車,対象外当事者,50㎞／ｈ以下,60㎞／ｈ以下,10,10,小破,小破,その他,対象外当事者,その他,対象外当事者,損傷なし,死亡,月,その他,35.694336,139.746478,2019-07-01,21:10,red,,,,,,,,,,,,
本票,東京,中央,0101,死亡,1,0,20030,対象外,0000,101,夜－夜,曇,市街地－人口集中,舗装－湿潤,交差点－その他,環状交差点以外 環状交差点以外をいう。,点灯－３灯式,09,22,00,23,19,9,交差点内,規制なし,1,2,人対車両,45～54歳,45～54歳,乗用車－普通車,歩行者,事業用,対象外当事者,乗用車,対象外当事者,60㎞／ｈ以下,対象外当事者,10,00,中破,対象外当事者,その他,対象外当事者,その他,対象外当事者,損傷なし,死亡,木,その他,35.673276,139.757657,2019-07-04,22:27,red,,,,,,,,,,,,
本票,東京,池上,0132,死亡,1,0,30000,対象外,0000,111,夜－暮,曇,市街地－人口集中,舗装－乾燥,交差点－その他,環状交差点以外 環状交差点以外をいう。,施設なし,09,22,00,23,14,9,交差点内,規制なし,5,2,人対車両,35～44歳,65～74歳,貨物車－普通車,歩行者,自家用,対象外当事者,貨物車,対象外当事者,30㎞／ｈ以下,対象外当事者,50,00,小破,対象外当事者,その他,対象外当事者,その他,対象外当事者,損傷なし,死亡,金,その他,35.577573,139.715290,2019-07-12,19:46,red,,,,,,,,,,,,
本票,東京,葛西,0278,死亡,1,0,10060,対象外,0000,123,昼－昼,曇,市街地－人口集中,舗装－乾燥,交差点－その他,環状交差点以外 環状交差点以外をいう。,点灯－３灯式,09,22,00,23,17,9,交差点内,規制なし,5,2,人対車両,55～64歳,55～64歳,乗用車－軽自動車,歩行者,自家用,対象外当事者,乗用車,対象外当事者,50㎞／ｈ以下,対象外当事者,10,00,小破,対象外当事者,その他,対象外当事者,その他,対象外当事者,損傷なし,死亡,火,その他,35.685835,139.866489,2019-07-09,14:45,red,,,,,,,,,,,,
本票,東京,多摩中央,0244,死亡,1,0,30000,対象外,0000,224,昼－昼,曇,非市街地,舗装－乾燥,交差点－その他,環状交差点以外 環状交差点以外をいう。,施設なし,09,22,00,23,17,9,交差点内,規制なし,5,1,人対車両,65～74歳,75歳以上,貨物車－軽自動車,歩行者,事業用,対象外当事者,貨物車,対象外当事者,60㎞／ｈ以下,対象外当事者,10,00,小破,対象外当事者,その他,対象外当事者,その他,対象外当事者,損傷なし,死亡,水,その他,35.624649,139.420364,2019-07-10,09:29,red,,,,,,,,,,,,
本票,東京,日野,0214,死亡,1,0,30000,対象外,0000,212,夜－夜,曇,市街地－その他,舗装－乾燥,単路－カーブ・屈折,環状交差点以外 環状交差点以外をいう。,施設なし,00,23,00,23,03,6,単路（交差点付近を含む）,規制なし,4,3,人対車両,0～24歳,45～54歳,乗用車－普通車,歩行者,自家用,対象外当事者,乗用車,対象外当事者,30㎞／ｈ以下,対象外当事者,81,00,大破,対象外当事者,その他,対象外当事者,その他,対象外当事者,損傷なし,死亡,土,その他,35.664441,139.396582,2019-07-27,23:37,red,,,,,,,,,,,,
本票,茨城,白石,0145,死亡,1,0,01230,対象外,0000,310,昼－昼,晴,非市街地,舗装－乾燥,単路－その他,環状交差点以外 環状交差点以外をいう。,施設なし,00,23,00,23,03,9,単路（交差点付近を含む）,規制なし,4,2,人対車両,25～34歳,65～74歳,乗用車－普通車,歩行者,自家用,対象外当事者,乗用車,対象外当事者,50㎞／ｈ以下,対象外当事者,80,00,小破,対象外当事者,その他,対象外当事者,その他,対象外当事者,損傷なし,死亡,月,その他,36.538575,140.341900,2019-07-29,08:05,red,,,,,,,,,,,,
本票,茨城,三戸,0103,死亡,1,2,21010,対象外,0000,223,夜－夜,晴,非市街地,舗装－乾燥,交差点－その他,環状交差点以外 環状交差点以外をいう。,施設なし,01,21,09,22,17,9,交差点内,規制なし,3,2,車両相互,35～44歳,0～24歳,乗用車－普通車,二輪車－自動二輪－小型二輪－251～400cc,自家用,自家用,乗用車,対象外当事者,指定の速度規制なし等,指定の速度規制なし等,52,14,中破,大破,その他,対象外当事者,その他,対象外当事者,負傷,死亡,月,その他,35.939617,140.566301,2019-07-29,19:55,red,,,,,,,,,,,,
本票,栃木,中央,0258,死亡,1,1,10030,対象外,0000,201,昼－昼,曇,市街地－その他,舗装－乾燥,交差点－その他,環状交差点以外 環状交差点以外をいう。,点灯－３灯式,09,22,09,22,18,9,交差点内,規制なし,1,2,車両相互,0～24歳,55～64歳,乗用車－普通車,乗用車－軽自動車,自家用,自家用,乗用車,乗用車,指定の速度規制なし等,指定の速度規制なし等,10,20,中破,大破,装備あり 作動,その他,その他,その他,負傷,死亡,水,その他,36.545051,139.849926,2019-07-03,09:07,red,,,,,,,,,,,,
本票,栃木,千歳,0087,死亡,1,0,30000,対象外,0000,209,昼－昼,晴,非市街地,舗装－乾燥,単路－その他,環状交差点以外 環状交差点以外をいう。,施設なし,00,23,00,23,03,9,単路（交差点付近を含む）,規制なし,5,4,車両単独,75歳以上,不明,乗用車－軽自動車,物件等,自家用,対象外当事者,乗用車,対象外当事者,指定の速度規制なし等,対象外当事者,10,00,小破,対象外当事者,装備あり 作動,対象外当事者,その他,対象外当事者,死亡,対象外当事者,水,その他,36.442286,139.964220,2019-07-24,16:20,red,,,,,,,,,,,,
本票,群馬,高速道路交通警察隊,0050,死亡,2,3,42010,上,0955,202,昼－明,曇,市街地－その他,舗装－乾燥,単路－その他,環状交差点以外 環状交差点以外をいう。,施設なし,00,23,00,23,06,9,単路（交差点付近を含む）,規制なし,1,4,車両相互,55～64歳,0～24歳,貨物車－中型車,乗用車－普通車,事業用,自家用,貨物車,乗用車,指定の速度規制なし等,指定の速度規制なし等,60,10,大破,大破,その他,装備あり 作動,その他,その他,負傷,負傷,水,その他,36.404392,139.024266,2019-07-03,05:01,red,955,東日本高速道路,走行車線－第二通行帯以上,完全分離－盛土,直線,平坦・該当なし,,2,該当なし,あり－工事等,80㎞/h以下,0
本票,群馬,西,2091,死亡,1,0,00170,下,1116,202,夜－夜,晴,市街地－人口集中,舗装－乾燥,交差点－その他,環状交差点以外 環状交差点以外をいう。,施設なし,09,22,00,23,17,9,交差点内,規制なし,5,2,人対車両,35～44歳,75歳以上,乗用車－普通車,歩行者,自家用,対象外当事者,乗用車,対象外当事者,指定の速度規制なし等,対象外当事者,10,00,中破,対象外当事者,その他,対象外当事者,その他,対象外当事者,損傷なし,死亡,日,その他,36.355814,139.013018,2019-07-28,20:06,red,,,,,,,,,,,,
本票,群馬,三戸,0223,死亡,1,1,37000,対象外,0000,207,昼－昼,曇,市街地－その他,舗装－乾燥,交差点－その他,環状交差点以外 環状交差点以外をいう。,施設なし,09,22,09,22,14,9,交差点内,規制なし,4,2,車両相互,25～34歳,75歳以上,貨物車－準中型車,貨物車－軽自動車,自家用,自家用,貨物車,貨物車,30㎞／ｈ以下,指定の速度規制なし等,50,50,中破,中破,その他,その他,その他,その他,負傷,死亡,水,その他,36.266067,139.517309,2019-07-17,12:29,red,,,,,,,,,,,,
本票,埼玉,門別,0167,死亡,1,0,39990,対象外,0000,210,昼－昼,曇,市街地－人口集中,舗装－乾燥,単路－その他,環状交差点以外 環状交差点以外をいう。,施設なし,00,23,00,23,03,9,単路（交差点付近を含む）,規制なし,5,4,人対車両,25～34歳,0～24歳,乗用車－普通車,歩行者,自家用,対象外当事者,乗用車,対象外当事者,指定の速度規制なし等,対象外当事者,10,00,損壊なし,対象外当事者,その他,対象外当事者,その他,対象外当事者,損傷なし,死亡,金,その他,36.179359,139.682884,2019-07-19,12:30,red,,,,,,,,,,,,
本票,埼玉,門別,0173,死亡,1,0,03540,対象外,0000,210,夜－夜,晴,非市街地,舗装－乾燥,交差点－その他,環状交差点以外 環状交差点以外をいう。,点灯－３灯式,09,22,09,22,15,9,交差点内,規制なし,5,2,車両相互,25～34歳,35～44歳,乗用車－軽自動車,軽車両－自転車,自家用,対象外当事者,乗用車,対象外当事者,40㎞／ｈ以下,対象外当事者,15,40,中破,中破,その他,対象外当事者,その他,対象外当事者,損傷なし,死亡,月,その他,36.186707,139.682432,2019-07-29,00:51,red,,,,,,,,,,,,
本票,埼玉,南,0462,死亡,1,0,39990,対象外,0000,222,昼－昼,曇,非市街地,舗装－乾燥,交差点付近－その他,環状交差点以外 環状交差点以外をいう。,施設なし,00,23,00,23,03,9,単路（交差点付近を含む）,規制なし,5,2,車両単独,25～34歳,不明,乗用車－軽自動車,物件等,自家用,対象外当事者,乗用車,対象外当事者,40㎞／ｈ以下,対象外当事者,84,00,大破,対象外当事者,その他,対象外当事者,その他,対象外当事者,死亡,対象外当事者,水,その他,35.889532,139.760439,2019-07-03,18:01,red,,,,,,,,,,,,
本票,埼玉,手稲,0373,死亡,1,0,39990,対象外,0000,237,昼－昼,雨,市街地－人口集中,舗装－湿潤,交差点－その他,環状交差点以外 環状交差点以外をいう。,施設なし,01,21,09,22,11,9,交差点内,規制なし,4,4,車両相互,45～54歳,25～34歳,貨物車－中型車,二輪車－原付自転車,事業用,自家用,貨物車,対象外当事者,指定の速度規制なし等,指定の速度規制なし等,10,20,小破,小破,その他,対象外当事者,その他,対象外当事者,損傷なし,死亡,金,その他,35.822912,139.871197,2019-07-12,11:53,red,,,,,,,,,,,,
本票,埼玉,手稲,0389,死亡,1,0,10210,対象外,0175,243,夜－夜,曇,非市街地,舗装－乾燥,単路－カーブ・屈折,環状交差点以外 環状交差点以外をいう。,施設なし,00,23,00,23,03,6,単路（交差点付近を含む）,規制なし,4,4,車両相互,45～54歳,45～54歳,貨物車－大型車,貨物車－軽自動車,事業用,自家用,貨物車,貨物車,50㎞／ｈ以下,50㎞／ｈ以下,00,10,損壊なし,大破,その他,装備あり 作動,その他,その他,損傷なし,死亡,火,その他,35.929056,139.858543,2019-07-23,22:09,red,,,,,,,,,,,,