資料区分,都道府県コード,警察署等コード,本票番号,事故内容,死者数,負傷者数,路線コード,上下線,地点コード,市区町村コード,昼夜,天候,地形,路面状態,道路形状,環状交差点の直径,信号機,一時停止規制　標識（当事者A）,一時停止規制　表示（当事者A）,一時停止規制　標識（当事者B）,一時停止規制　表示（当事者B）,車道幅員,道路線形,衝突地点,ゾーン規制,中央分離帯施設等,歩車道区分,事故類型,年齢（当事者A）,年齢（当事者B）,当事者種別（当事者A）,当事者種別（当事者B）,用途別（当事者A）,用途別（当事者B）,車両形状（当事者A）,車両形状（当事者B）,速度規制（指定のみ）（当事者A）,速度規制（指定のみ）（当事者B）,車両の衝突部位（当事者A）,車両の衝突部位（当事者B）,車両の損壊程度（当事者A）,車両の損壊程度（当事者B）,エアバッグの装備（当事者A）,エアバッグの装備（当事者B）,サイドエアバッグの装備（当事者A）,サイドエアバッグの装備（当事者B）,人身損傷程度（当事者A）,人身損傷程度（当事者B）,曜日(発生年月日),祝日(発生年月日),緯度,経度,発生日,発生時,color,発生地点,道路管理者区分,道路区分,道路構造,曲線半径,縦断勾配,トンネル番号,当事者車両台数,車両単独事故の対象物,臨時速度規制の有無,速度規制（臨時のみ）,トンネル延長距離
本票,埼玉,浦和西,0277,死亡,1,0,99000,対象外,0000,106,昼－昼,曇,非市街地,舗装－乾燥,一般交通の場所,環状交差点以外 環状交差点以外をいう。,施設なし,00,23,00,23,00,0,その他,規制なし,0,4,人対車両,55～64歳,45～54歳,貨物車－中型車,歩行者,事業用,対象外当事者,貨物車,対象外当事者,40㎞／ｈ以下,対象外当事者,50,00,小破,対象外当事者,その他,対象外当事者,その他,対象外当事者,損傷なし,死亡,火,その他,35.843543,139.635122,2019-07-09,10:09,red,,,,,,,,,,,,
本票,埼玉,大宮西,0211,死亡,1,1,10560,対象外,0000,101,夜－夜,曇,非市街地,舗装－乾燥,単路－橋,環状交差点以外 環状交差点以外をいう。,施設なし,00,23,00,23,03,8,単路（交差点付近を含む）,規制なし,4,1,人対車両,45～54歳,75歳以上,軽車両－自転車,歩行者,対象外当事者,対象外当事者,対象外当事者,対象外当事者,対象外当事者,対象外当事者,10,00,小破,対象外当事者,対象外当事者,対象外当事者,対象外当事者,対象外当事者,負傷,死亡,水,その他,35.892428,139.563303,2019-07-24,21:40,red,,,,,,,,,,,,
本票,千葉,栗山,0218,死亡,1,0,30000,対象外,0000,208,夜－夜,雨,市街地－人口集中,舗装－湿潤,交差点付近－その他,環状交差点以外 環状交差点以外をいう。,点灯－押ボタン式,00,23,00,23,03,9,単路（交差点付近を含む）,規制なし,4,3,人対車両,45～54歳,65～74歳,乗用車－軽自動車,歩行者,自家用,対象外当事者,乗用車,対象外当事者,40㎞／ｈ以下,対象外当事者,80,00,小破,対象外当事者,その他,対象外当事者,その他,対象外当事者,損傷なし,死亡,木,その他,35.934138,139.873734,2019-07-18,22:55,red,,,,,,,,,,,,
本票,千葉,つがる,0653,死亡,1,0,00160,上,0000,217,夜－夜,曇,市街地－その他,舗装－湿潤,交差点－その他,環状交差点以外 環状交差点以外をいう。,点灯－３灯式,09,22,09,22,18,9,交差点内,規制なし,5,2,車両相互,35～44歳,55～64歳,乗用車－軽自動車,軽車両－駆動補助機付自転車,自家用,対象外当事者,乗用車,対象外当事者,指定の速度規制なし等,対象外当事者,10,20,中破,大破,その他,対象外当事者,その他,対象外当事者,損傷なし,死亡,金,その他,35.873747,139.971090,2019-07-05,00:02,red,,,,,,,,,,,,
本票,千葉,つがる,0705,死亡,1,0,30000,対象外,0000,217,夜－夜,曇,市街地－人口集中,舗装－乾燥,単路－カーブ・屈折,環状交差点以外 環状交差点以外をいう。,施設なし,00,23,00,23,03,2,単路（交差点付近を含む）,規制なし,4,2,車両単独,35～44歳,不明,二輪車－原付自転車,物件等,自家用,対象外当事者,対象外当事者,対象外当事者,指定の速度規制なし等,対象外当事者,10,00,小破,対象外当事者,対象外当事者,対象外当事者,対象外当事者,対象外当事者,死亡,対象外当事者,土,その他,35.871121,139.977907,2019-07-27,02:45,red,,,,,,,,,,,,
本票,千葉,美唄,0484,死亡,1,0,10430,対象外,0000,233,昼－昼,晴,非市街地,舗装－乾燥,交差点－その他,環状交差点以外 環状交差点以外をいう。,施設なし,09,22,09,22,15,6,交差点内,規制なし,4,3,車両相互,55～64歳,25～34歳,貨物車－大型車,乗用車－軽自動車,自家用,自家用,貨物車,乗用車,40㎞／ｈ以下,40㎞／ｈ以下,50,50,小破,大破,その他,装備あり 作動,その他,装備あり 作動,損傷なし,死亡,火,その他,35.705920,140.350504,2019-07-30,16:50,red,,,,,,,,,,,,
本票,千葉,砂川,0186,死亡,1,0,04640,下,0000,231,夜－夜,雨,非市街地,舗装－湿潤,単路－橋,環状交差点以外 環状交差点以外をいう。,施設なし,00,23,00,23,03,5,単路（交差点付近を含む）,規制なし,4,2,車両相互,25～34歳,0～24歳,貨物車－大型車,貨物車－軽自動車,事業用,自家用,貨物車,貨物車,指定の速度規制なし等,指定の速度規制なし等,50,10,中破,大破,その他,装備あり 作動,その他,装備あり 作動,損傷なし,死亡,金,その他,35.782591,140.229770,2019-07-12,00:15,red,,,,,,,,,,,,
本票,千葉,砂川,0199,死亡,1,1,10040,対象外,0000,231,昼－昼,晴,市街地－その他,舗装－乾燥,単路－その他,環状交差点以外 環状交差点以外をいう。,施設なし,00,23,00,23,03,9,単路（交差点付近を含む）,規制なし,4,2,車両相互,55～64歳,75歳以上,乗用車－普通車,乗用車－普通車,自家用,自家用,乗用車,乗用車,40㎞／ｈ以下,指定の速度規制なし等,81,80,大破,小破,装備あり 作動,その他,その他,その他,死亡,損傷なし,水,その他,35.819943,140.136542,2019-07-24,11:44,red,,,,,,,,,,,,
本票,千葉,倶知安,0114,死亡,1,0,30000,対象外,0000,237,夜－夜,晴,非市街地,舗装－乾燥,踏切－第一種,環状交差点以外 環状交差点以外をいう。,施設なし,00,23,00,23,01,9,その他,規制なし,5,4,列車,35～44歳,0～24歳,乗用車－軽自動車,列車,自家用,対象外当事者,乗用車,対象外当事者,指定の速度規制なし等,対象外当事者,40,10,大破,中破,装備あり 作動,対象外当事者,その他,対象外当事者,死亡,損傷なし,水,その他,35.621356,140.443539,2019-06-19,22:27,red,,,,,,,,,,,,
本票,千葉,岩内,0200,死亡,1,0,30000,対象外,0000,239,昼－昼,曇,市街地－その他,舗装－乾燥,単路－その他,環状交差点以外 環状交差点以外をいう。,施設なし,00,23,00,23,03,9,その他,規制なし,4,3,車両単独,65～74歳,不明,貨物車－準中型車,相手なし,自家用,対象外当事者,貨物車,対象外当事者,40㎞／ｈ以下,対象外当事者,50,00,大破,対象外当事者,装備あり 作動,対象外当事者,その他,対象外当事者,死亡,対象外当事者,日,その他,35.491575,140.343274,2019-07-28,11:10,red,,,,,,,,,,,,
本票,千葉,伊達,0218,死亡,1,2,21470,対象外,0000,426,昼－昼,雨,市街地－その他,舗装－湿潤,単路－カーブ・屈折,環状交差点以外 環状交差点以外をいう。,施設なし,00,23,00,23,03,5,単路（交差点付近を含む）,規制なし,4,2,車両相互,25～34歳,75歳以上,貨物車－準中型車,乗用車－軽自動車,自家用,自家用,貨物車,乗用車,40㎞／ｈ以下,40㎞／ｈ以下,10,10,中破,大破,その他,装備あり 作動,その他,装備あり 作動,負傷,死亡,月,その他,35.459786,140.194945,2019-07-01,11:50,red,,,,,,,,,,,,
本票,千葉,苫小牧,0059,死亡,1,0,01280,上,0000,238,夜－夜,雨,非市街地,舗装－湿潤,単路－その他,環状交差点以外 環状交差点以外をいう。,施設なし,00,23,00,23,03,9,単路（交差点付近を含む）,規制なし,4,2,人対車両,0～24歳,35～44歳,乗用車－軽自動車,歩行者,自家用,対象外当事者,乗用車,対象外当事者,50㎞／ｈ以下,対象外当事者,10,00,大破,対象外当事者,その他,対象外当事者,その他,対象外当事者,損傷なし,死亡,日,その他,35.208600,140.375030,2019-07-07,01:05,red,,,,,,,,,,,,
本票,千葉,浦河,0467,死亡,1,0,30000,対象外,0000,219,夜－暮,晴,市街地－その他,舗装－乾燥,交差点－その他,環状交差点以外 環状交差点以外をいう。,点灯－３灯式,09,22,09,22,15,9,交差点内,規制なし,5,2,車両相互,0～24歳,45～54歳,乗用車－普通車,二輪車－原付自転車,自家用,自家用,乗用車,対象外当事者,40㎞／ｈ以下,指定の速度規制なし等,50,20,小破,中破,その他,対象外当事者,その他,対象外当事者,損傷なし,死亡,火,その他,35.515328,140.142020,2019-07-09,19:34,red,,,,,,,,,,,,
本票,千葉,北,0407,死亡,1,0,30000,対象外,0000,229,昼－昼,曇,非市街地,舗装－乾燥,交差点－その他,環状交差点以外 環状交差点以外をいう。,施設なし,09,22,01,21,14,9,交差点内,規制なし,4,3,車両相互,55～64歳,75歳以上,貨物車－大型車,二輪車－原付自転車,事業用,自家用,貨物車,対象外当事者,指定の速度規制なし等,指定の速度規制なし等,10,40,小破,中破,その他,対象外当事者,その他,対象外当事者,損傷なし,死亡,水,その他,35.404715,140.027764,2019-07-03,10:21,red,,,,,,,,,,,,
本票,千葉,北,0468,死亡,1,5,30000,対象外,0000,206,夜－夜,曇,市街地－その他,舗装－乾燥,交差点－その他,環状交差点以外 環状交差点以外をいう。,点灯－３灯式,09,22,09,22,19,9,交差点内,規制なし,5,2,車両相互,0～24歳,0～24歳,乗用車－普通車,乗用車－普通車,自家用,自家用,乗用車,乗用車,指定の速度規制なし等,指定の速度規制なし等,10,40,大破,大破,装備あり 作動,装備あり 作動,その他,その他,負傷,負傷,土,その他,35.358073,139.941671,2019-07-27,00:00,red,,,,,,,,,,,,
本票,千葉,手稲,0126,死亡,1,0,10890,対象外,0000,234,昼－昼,曇,非市街地,舗装－乾燥,単路－カーブ・屈折,環状交差点以外 環状交差点以外をいう。,施設なし,00,23,00,23,03,3,単路（交差点付近を含む）,規制なし,4,2,車両単独,75歳以上,不明,乗用車－軽自動車,物件等,自家用,対象外当事者,乗用車,対象外当事者,40㎞／ｈ以下,対象外当事者,41,00,大破,対象外当事者,装備あり 作動,対象外当事者,その他,対象外当事者,死亡,対象外当事者,日,前日,35.102292,139.858807,2019-07-14,14:09,red,,,,,,,,,,,,
本票,千葉,手稲,0133,死亡,1,4,21840,対象外,0000,234,昼－昼,曇,非市街地,舗装－乾燥,単路－トンネル,環状交差点以外 環状交差点以外をいう。,施設なし,00,23,00,23,03,1,単路（交差点付近を含む）,規制なし,4,1,車両相互,25～34歳,35～44歳,乗用車－普通車,乗用車－軽自動車,自家用,自家用,乗用車,乗用車,指定の速度規制なし等,指定の速度規制なし等,80,50,大破,大破,装備あり 作動,装備あり 作動,その他,その他,負傷,負傷,日,その他,35.108124,139.850604,2019-07-21,16:36,red,,,,,,,,,,,,
本票,千葉,鎌ケ谷,0105,死亡,1,0,04640,上,0000,224,昼－暮,曇,市街地－その他,舗装－湿潤,踏切－第一種,環状交差点以外 環状交差点以外をいう。,施設なし,00,23,00,23,03,9,その他,規制なし,5,3,列車,25～34歳,35～44歳,列車,歩行者,対象外当事者,対象外当事者,対象外当事者,対象外当事者,対象外当事者,対象外当事者,80,00,小破,対象外当事者,対象外当事者,対象外当事者,対象外当事者,対象外当事者,損傷なし,死亡,月,その他,35.780822,139.975454,2019-07-01,18:46,red,,,,,,,,,,,,
本票,神奈川,東入間,0191,死亡,1,0,03570,上,0081,107,昼－昼,晴,市街地－その他,舗装－湿潤,交差点－その他,環状交差点以外 環状交差点以外をいう。,点灯－歩車分式,09,22,09,22,19,9,交差点内,規制なし,5,1,車両相互,45～54歳,45～54歳,貨物車－大型車,二輪車－自動二輪－小型二輪－401～750ｃｃ,事業用,自家用,貨物車,対象外当事者,指定の速度規制なし等,40㎞／ｈ以下,40,10,小破,中破,その他,対象外当事者,その他,対象外当事者,損傷なし,死亡,土,その他,35.384214,139.622969,2019-07-27,08:03,red,,,,,,,,,,,,
本票,神奈川,大宮東,0355,死亡,1,0,00010,下,0210,101,夜－暮,晴,市街地－人口集中,舗装－乾燥,交差点－その他,環状交差点以外 環状交差点以外をいう。,点灯－３灯式,09,22,09,22,19,9,交差点内,規制なし,4,1,車両相互,75歳以上,35～44歳,乗用車－軽自動車,二輪車－自動二輪－原付二種－51～125cc,自家用,自家用,乗用車,対象外当事者,指定の速度規制なし等,指定の速度規制なし等,80,10,中破,中破,その他,対象外当事者,その他,対象外当事者,損傷なし,死亡,日,その他,35.519434,139.670056,2019-07-28,19:46,red,,,,,,,,,,,,
本票,神奈川,千葉北,0195,死亡,1,0,02460,下,0301,113,夜－明,雨,市街地－人口集中,舗装－湿潤,交差点付近－その他,環状交差点以外 環状交差点以外をいう。,施設なし,00,23,00,23,05,9,単路（交差点付近を含む）,規制なし,4,1,人対車両,55～64歳,55～64歳,乗用車－軽自動車,歩行者,自家用,対象外当事者,乗用車,対象外当事者,50㎞／ｈ以下,対象外当事者,50,00,小破,対象外当事者,その他,対象外当事者,その他,対象外当事者,損傷なし,死亡,火,その他,35.527508,139.497478,2019-07-16,04:01,red,,,,,,,,,,,,
本票,神奈川,川崎,0255,死亡,1,0,10090,対象外,0000,131,昼－昼,雨,市街地－人口集中,舗装－湿潤,交差点－その他,環状交差点以外 環状交差点以外をいう。,施設なし,01,21,00,23,15,9,交差点内,規制なし,5,1,人対車両,45～54歳,65～74歳,貨物車－準中型車,歩行者,自家用,対象外当事者,貨物車,対象外当事者,指定の速度規制なし等,対象外当事者,10,00,小破,対象外当事者,その他,対象外当事者,その他,対象外当事者,損傷なし,死亡,月,その他,35.532811,139.700192,2019-07-01,11:00,red,,,,,,,,,,,,
本票,神奈川,川崎,0275,死亡,1,0,21010,対象外,0000,131,夜－夜,曇,市街地－人口集中,舗装－乾燥,単路－その他,環状交差点以外 環状交差点以外をいう。,施設なし,00,23,00,23,05,9,単路（交差点付近を含む）,規制なし,1,2,人対車両,75歳以上,55～64歳,乗用車－普通車,歩行者,事業用,対象外当事者,乗用車,対象外当事者,50㎞／ｈ以下,対象外当事者,10,00,中破,対象外当事者,その他,対象外当事者,その他,対象外当事者,損傷なし,死亡,日,その他,35.527373,139.701506,2019-07-21,02:43,red,,,,,,,,,,,,
本票,神奈川,横須賀,0313,死亡,1,0,01340,対象外,0000,201,昼－昼,雨,非市街地,舗装－湿潤,単路－その他,環状交差点以外 環状交差点以外をいう。,施設なし,00,23,00,23,03,9,単路（交差点付近を含む）,規制なし,4,1,車両相互,0～24歳,65～74歳,乗用車－軽自動車,軽車両－自転車,自家用,対象外当事者,乗用車,対象外当事者,40㎞／ｈ以下,対象外当事者,10,30,小破,小破,その他,対象外当事者,その他,対象外当事者,損傷なし,死亡,月,その他,35.241013,139.597886,2019-07-01,06:27,red,,,,,,,,,,,,
本票,神奈川,藤沢北,0292,死亡,1,0,24030,対象外,0000,205,昼－昼,曇,非市街地,舗装－乾燥,単路－カーブ・屈折,環状交差点以外 環状交差点以外をいう。,施設なし,00,23,00,23,03,3,単路（交差点付近を含む）,規制なし,4,2,車両相互,25～34歳,45～54歳,貨物車－大型車,二輪車－原付自転車,事業用,自家用,貨物車,対象外当事者,40㎞／ｈ以下,指定の速度規制なし等,00,20,損壊なし,小破,その他,対象外当事者,その他,対象外当事者,損傷なし,死亡,月,その他,35.379254,139.478045,2019-07-08,11:37,red,,,,,,,,,,,,
本票,神奈川,鎌倉,0176,死亡,1,0,01340,対象外,0000,204,夜－夜,晴,市街地－その他,舗装－乾燥,単路－その他,環状交差点以外 環状交差点以外をいう。,施設なし,00,23,00,23,04,9,単路（交差点付近を含む）,規制なし,4,2,人対車両,75歳以上,0～24歳,貨物車－普通車,歩行者,自家用,対象外当事者,貨物車,対象外当事者,50㎞／ｈ以下,対象外当事者,80,00,小破,対象外当事者,その他,対象外当事者,その他,対象外当事者,損傷なし,死亡,日,その他,35.308312,139.489444,2019-07-21,23:35,red,,,,,,,,,,,,
本票,神奈川,大船,0089,死亡,1,1,99000,対象外,0000,204,昼－昼,晴,市街地－人口集中,舗装－乾燥,一般交通の場所,環状交差点以外 環状交差点以外をいう。,施設なし,00,23,00,23,00,0,その他,規制なし,0,4,車両単独,75歳以上,不明,乗用車－普通車,物件等,自家用,対象外当事者,乗用車,対象外当事者,30㎞／ｈ以下,対象外当事者,10,00,中破,対象外当事者,装備あり 作動,対象外当事者,その他,対象外当事者,負傷,対象外当事者,水,その他,35.351152,139.532772,2019-07-03,10:15,red,,,,,,,,,,,,
本票,神奈川,伊勢原,0099,死亡,1,1,10220,対象外,0000,214,昼－昼,曇,市街地－その他,舗装－湿潤,単路－その他,環状交差点以外 環状交差点以外をいう。,施設なし,00,23,00,23,05,9,単路（交差点付近を含む）,規制なし,1,1,車両単独,75歳以上,不明,乗用車－軽自動車,物件等,自家用,対象外当事者,乗用車,対象外当事者,50㎞／ｈ以下,対象外当事者,10,00,中破,対象外当事者,装備あり 作動,対象外当事者,装備あり 作動,対象外当事者,負傷,対象外当事者,木,その他,35.407551,139.326040,2019-07-04,14:20,red,,,,,,,,,,,,
本票,神奈川,伊勢原,0103,死亡,1,0,30000,対象外,0000,214,夜－明,雨,市街地－その他,舗装－湿潤,単路－その他,環状交差点以外 環状交差点以外をいう。,施設なし,00,23,00,23,03,9,単路（交差点付近を含む）,規制なし,4,1,車両相互,45～54歳,35～44歳,貨物車－準中型車,軽車両－自転車,事業用,対象外当事者,貨物車,対象外当事者,40㎞／ｈ以下,対象外当事者,10,00,小破,大破,その他,対象外当事者,その他,対象外当事者,損傷なし,死亡,火,その他,35.397911,139.350532,2019-07-16,04:10,red,,,,,,,,,,,,
本票,新潟,高速道路交通警察隊,0025,死亡,1,0,43020,下,4560,108,夜－夜,曇,非市街地,舗装－乾燥,単路－その他,環状交差点以外 環状交差点以外をいう。,施設なし,00,23,00,23,05,9,単路（交差点付近を含む）,規制なし,1,4,人対車両,55～64歳,25～34歳,貨物車－大型車,歩行者,事業用,対象外当事者,貨物車,対象外当事者,指定の速度規制なし等,対象外当事者,80,00,小破,対象外当事者,その他,対象外当事者,その他,対象外当事者,損傷なし,死亡,月,その他,37.736947,138.937656,2019-07-08,21:01,red,4560,東日本高速道路,走行車線－第一通行帯,完全分離－盛土,直線,平坦・該当なし,,1,該当なし,該当なし,該当なし,0
本票,新潟,滝川,0072,死亡,1,0,04600,対象外,0000,108,昼－暮,晴,非市街地,舗装－乾燥,単路－その他,環状交差点以外 環状交差点以外をいう。,施設なし,00,23,00,23,03,9,単路（交差点付近を含む）,規制なし,4,2,車両単独,65～74歳,不明,乗用車－軽自動車,物件等,自家用,対象外当事者,乗用車,対象外当事者,40㎞／ｈ以下,対象外当事者,10,00,大破,対象外当事者,装備あり 作動,対象外当事者,その他,対象外当事者,死亡,対象外当事者,日,その他,37.751256,138.850983,2019-07-07,18:30,red,,,,,,,,,,,,
本票,新潟,赤歌,0074,死亡,1,0,14180,対象外,0000,213,夜－夜,雨,市街地－その他,舗装－湿潤,単路－その他,環状交差点以外 環状交差点以外をいう。,施設なし,00,23,00,23,03,9,単路（交差点付近を含む）,規制なし,4,3,車両相互,45～54歳,45～54歳,乗用車－普通車,軽車両－自転車,自家用,対象外当事者,乗用車,対象外当事者,40㎞／ｈ以下,対象外当事者,50,20,小破,大破,その他,対象外当事者,その他,対象外当事者,損傷なし,死亡,木,その他,37.636403,138.905000,2019-07-18,20:12,red,,,,,,,,,,,,
本票,新潟,倶知安,0128,死亡,1,0,14480,対象外,0000,202,昼－昼,曇,非市街地,舗装－乾燥,単路－その他,環状交差点以外 環状交差点以外をいう。,施設なし,00,23,00,23,04,9,単路（交差点付近を含む）,規制なし,1,2,車両相互,25～34歳,75歳以上,乗用車－普通車,貨物車－軽自動車,自家用,自家用,乗用車,貨物車,指定の速度規制なし等,指定の速度規制なし等,50,10,中破,大破,その他,その他,その他,その他,損傷なし,死亡,水,その他,37.451764,138.758581,2019-07-03,07:40,red,,,,,,,,,,,,
本票,新潟,室蘭,0036,死亡,1,0,70000,対象外,0000,208,昼－昼,曇,非市街地,非舗装,交差点付近－その他,環状交差点以外 環状交差点以外をいう。,施設なし,00,23,00,23,01,8,単路（交差点付近を含む）,規制なし,5,4,車両単独,75歳以上,不明,特殊車－小型－農耕作業用,相手なし,対象外当事者,対象外当事者,対象外当事者,対象外当事者,指定の速度規制なし等,対象外当事者,00,00,損壊なし,対象外当事者,対象外当事者,対象外当事者,対象外当事者,対象外当事者,死亡,対象外当事者,日,その他,37.270903,138.809531,2019-07-21,16:00,red,,,,,,,,,,,,
本票,新潟,静内,0029,死亡,1,0,37790,対象外,0000,210,夜－夜,曇,非市街地,非舗装,単路－カーブ・屈折,環状交差点以外 環状交差点以外をいう。,施設なし,00,23,00,23,02,2,その他,規制なし,5,4,車両単独,55～64歳,不明,乗用車－軽自動車,物件等,自家用,対象外当事者,乗用車,対象外当事者,指定の速度規制なし等,対象外当事者,10,00,大破,対象外当事者,装備あり 作動,対象外当事者,その他,対象外当事者,死亡,対象外当事者,水,その他,37.173033,138.770358,2019-07-03,02:00,red,,,,,,,,,,,,
本票,新潟,浦和西,0123,死亡,1,0,90000,対象外,0000,222,昼－昼,晴,非市街地,非舗装,単路－その他,環状交差点以外 環状交差点以外をいう。,施設なし,00,23,00,23,01,7,その他,規制なし,5,4,車両単独,65～74歳,不明,貨物車－軽自動車,相手なし,自家用,対象外当事者,貨物車,対象外当事者,指定の速度規制なし等,対象外当事者,60,00,大破,対象外当事者,その他,対象外当事者,その他,対象外当事者,死亡,対象外当事者,水,その他,37.129386,138.208044,2019-07-24,10:00,red,,,,,,,,,,,,
本票,新潟,浦和西,0126,死亡,1,1,37720,対象外,0000,222,昼－昼,晴,市街地－その他,舗装－乾燥,単路－カーブ・屈折,環状交差点以外 環状交差点以外をいう。,施設なし,00,23,00,23,03,3,単路（交差点付近を含む）,規制なし,4,3,車両単独,65～74歳,不明,乗用車－軽自動車,物件等,自家用,対象外当事者,乗用車,対象外当事者,40㎞／ｈ以下,対象外当事者,10,00,大破,対象外当事者,装備あり 作動,対象外当事者,その他,対象外当事者,死亡,対象外当事者,金,その他,37.155194,138.264672,2019-07-26,11:40,red,,,,,,,,,,,,
本票,新潟,浦和西,0127,死亡,2,0,37720,対象外,0000,222,昼－昼,晴,非市街地,舗装－乾燥,単路－カーブ・屈折,環状交差点以外 環状交差点以外をいう。,施設なし,00,23,00,23,02,5,単路（交差点付近を含む）,規制なし,5,4,車両単独,75歳以上,不明,貨物車－軽自動車,相手なし,自家用,対象外当事者,貨物車,対象外当事者,指定の速度規制なし等,対象外当事者,10,00,大破,対象外当事者,その他,対象外当事者,その他,対象外当事者,死亡,対象外当事者,木,その他,37.100561,138.390214,2019-07-25,10:15,red,,,,,,,,,,,,
本票,山梨,高速道路交通警察隊,0020,死亡,2,0,42610,上,0624,206,夜－夜,雨,非市街地,舗装－湿潤,単路－その他,環状交差点以外 環状交差点以外をいう。,施設なし,00,23,00,23,05,9,単路（交差点付近を含む）,規制なし,1,3,車両単独,75歳以上,不明,乗用車－軽自動車,物件等,自家用,対象外当事者,乗用車,対象外当事者,50㎞／ｈ以下,対象外当事者,10,00,大破,対象外当事者,装備あり 作動,対象外当事者,その他,対象外当事者,死亡,対象外当事者,土,その他,35.613613,139.001405,2019-07-06,01:00,red,624,中日本高速道路,走行車線－第二通行帯以上,完全分離－切土,直線,平坦・該当なし,,2,該当なし,あり－工事等,50㎞/h以下,0
本票,山梨,野辺地,0066,死亡,1,1,00200,上,1146,213,昼－昼,曇,非市街地,舗装－湿潤,単路－カーブ・屈折,環状交差点以外 環状交差点以外をいう。,施設なし,00,23,00,23,03,5,単路（交差点付近を含む）,規制なし,4,2,車両相互,65～74歳,25～34歳,貨物車－大型車,乗用車－軽自動車,事業用,自家用,貨物車,乗用車,50㎞／ｈ以下,50㎞／ｈ以下,10,10,大破,大破,その他,装備あり 作動,その他,装備あり 作動,損傷なし,負傷,月,その他,35.642229,138.772513,2019-07-01,09:45,red,,,,,,,,,,,,
本票,長野,高速道路交通警察隊,0029,死亡,1,0,42680,下,0714,201,夜－明,曇,非市街地,舗装－乾燥,単路－トンネル,環状交差点以外 環状交差点以外をいう。,施設なし,00,23,00,23,03,3,単路（交差点付近を含む）,規制なし,1,4,車両単独,35～44歳,不明,乗用車－軽自動車,物件等,自家用,対象外当事者,乗用車,対象外当事者,80㎞／ｈ以下,対象外当事者,10,00,大破,対象外当事者,装備あり 作動,対象外当事者,その他,対象外当事者,死亡,対象外当事者,金,その他,36.549186,138.098260,2019-07-19,04:10,red,714,東日本高速道路,路肩,完全分離－トンネル,カーブ－500m以上,平坦－２％以上,三栗屋,1,防護柵－トンネル壁,該当なし,該当なし,856
本票,長野,伊達,0060,死亡,1,0,95000,対象外,0000,204,昼－昼,晴,非市街地,非舗装,単路－その他,環状交差点以外 環状交差点以外をいう。,施設なし,00,23,00,23,01,7,単路（交差点付近を含む）,規制なし,5,4,車両単独,65～74歳,不明,貨物車－軽自動車,相手なし,自家用,対象外当事者,貨物車,対象外当事者,指定の速度規制なし等,対象外当事者,00,00,小破,対象外当事者,その他,対象外当事者,その他,対象外当事者,死亡,対象外当事者,月,その他,36.050298,138.047638,2019-06-17,16:00,red,,,,,,,,,,,,
本票,長野,上尾,0552,死亡,1,17,01580,上,0000,202,昼－昼,曇,非市街地,舗装－乾燥,単路－カーブ・屈折,環状交差点以外 環状交差点以外をいう。,施設なし,00,23,00,23,03,5,単路（交差点付近を含む）,規制なし,4,2,車両相互,35～44歳,55～64歳,乗用車－大型車,乗用車－普通車,事業用,自家用,乗用車,乗用車,40㎞／ｈ以下,40㎞／ｈ以下,50,10,中破,大破,その他,装備あり 作動,その他,その他,負傷,死亡,土,その他,36.183833,137.791009,2019-07-13,12:28,red,,,,,,,,,,,,
本票,静岡,江別,0201,死亡,1,0,01350,対象外,0000,208,夜－夜,雨,非市街地,舗装－湿潤,単路－その他,環状交差点以外 環状交差点以外をいう。,施設なし,00,23,00,23,03,9,単路（交差点付近を含む）,規制なし,4,2,車両単独,35～44歳,不明,乗用車－軽自動車,物件等,自家用,対象外当事者,乗用車,対象外当事者,50㎞／ｈ以下,対象外当事者,20,00,大破,対象外当事者,装備あり 作動,対象外当事者,その他,対象外当事者,死亡,対象外当事者,土,その他,34.860085,139.094932,2019-07-06,01:30,red,,,,,,,,,,,,
本票,静岡,野辺地,1100,死亡,1,0,01390,対象外,0000,210,昼－昼,晴,市街地－その他,舗装－乾燥,交差点－その他,環状交差点以外 環状交差点以外をいう。,点灯－３灯式,09,22,09,22,18,9,交差点内,規制なし,5,2,車両相互,35～44歳,0～24歳,貨物車－大型車,軽車両－自転車,事業用,対象外当事者,貨物車,対象外当事者,50㎞／ｈ以下,対象外当事者,40,10,小破,大破,その他,対象外当事者,その他,対象外当事者,損傷なし,死亡,水,その他,35.147187,138.713358,2019-07-31,13:58,red,,,,,,,,,,,,
本票,静岡,美唄,0491,死亡,1,0,24140,対象外,0000,207,昼－昼,雨,市街地－人口集中,舗装－湿潤,交差点－その他,環状交差点以外 環状交差点以外をいう。,点灯－３灯式,09,22,00,23,15,9,交差点内,規制なし,5,2,人対車両,0～24歳,75歳以上,乗用車－普通車,歩行者,自家用,対象外当事者,乗用車,対象外当事者,30㎞／ｈ以下,対象外当事者,52,00,小破,対象外当事者,その他,対象外当事者,その他,対象外当事者,損傷なし,死亡,日,前日,35.250078,138.610403,2019-07-14,10:00,red,,,,,,,,,,,,