資料区分,都道府県コード,警察署等コード,本票番号,事故内容,死者数,負傷者数,路線コード,上下線,地点コード,市区町村コード,昼夜,天候,地形,路面状態,道路形状,環状交差点の直径,信号機,一時停止規制　標識（当事者A）,一時停止規制　表示（当事者A）,一時停止規制　標識（当事者B）,一時停止規制　表示（当事者B）,車道幅員,道路線形,衝突地点,ゾーン規制,中央分離帯施設等,歩車道区分,事故類型,年齢（当事者A）,年齢（当事者B）,当事者種別（当事者A）,当事者種別（当事者B）,用途別（当事者A）,用途別（当事者B）,車両形状（当事者A）,車両形状（当事者B）,速度規制（指定のみ）（当事者A）,速度規制（指定のみ）（当事者B）,車両の衝突部位（当事者A）,車両の衝突部位（当事者B）,車両の損壊程度（当事者A）,車両の損壊程度（当事者B）,エアバッグの装備（当事者A）,エアバッグの装備（当事者B）,サイドエアバッグの装備（当事者A）,サイドエアバッグの装備（当事者B）,人身損傷程度（当事者A）,人身損傷程度（当事者B）,曜日(発生年月日),祝日(発生年月日),緯度,経度,発生日,発生時,color,発生地点,道路管理者区分,道路区分,道路構造,曲線半径,縦断勾配,トンネル番号,当事者車両台数,車両単独事故の対象物,臨時速度規制の有無,速度規制（臨時のみ）,トンネル延長距離
本票,大阪,交野,0321,死亡,1,0,30990,対象外,0000,230,夜－夜,晴,市街地－人口集中,舗装－乾燥,交差点付近－その他,環状交差点以外 環状交差点以外をいう。,施設なし,00,23,00,23,03,2,単路（交差点付近を含む）,規制なし,4,1,車両単独,0～24歳,不明,二輪車－自動二輪－小型二輪－751ｃｃ以上,物件等,自家用,対象外当事者,対象外当事者,対象外当事者,40㎞／ｈ以下,対象外当事者,10,00,小破,対象外当事者,対象外当事者,対象外当事者,対象外当事者,対象外当事者,死亡,対象外当事者,木,その他,34.756626,135.661971,2019-07-18,01:21,red,,,,,,,,,,,,
本票,兵庫,高速道路交通警察隊,0373,死亡,1,2,45010,上,0246,204,夜－夜,雨,非市街地,舗装－湿潤,単路－カーブ・屈折,環状交差点以外 環状交差点以外をいう。,施設なし,00,23,00,23,06,2,単路（交差点付近を含む）,規制なし,1,3,車両相互,45～54歳,0～24歳,貨物車－中型車,乗用車－普通車,事業用,自家用,貨物車,乗用車,80㎞／ｈ以下,80㎞／ｈ以下,10,40,大破,大破,その他,装備あり 作動,その他,装備あり 作動,負傷,損傷なし,火,その他,34.827690,135.300335,2019-07-09,02:59,red,236,西日本高速道路,走行車線－第二通行帯以上,完全分離－切土,カーブ－500m以上,上り・下り－４％以上,,2,該当なし,該当なし,該当なし,0
本票,兵庫,赤歌,0263,死亡,1,0,14150,対象外,0024,106,夜－夜,曇,市街地－人口集中,舗装－乾燥,交差点－その他,環状交差点以外 環状交差点以外をいう。,点灯－３灯式,09,22,00,23,17,9,交差点内,規制なし,5,1,人対車両,0～24歳,45～54歳,乗用車－普通車,歩行者,自家用,対象外当事者,乗用車,対象外当事者,50㎞／ｈ以下,対象外当事者,50,00,中破,対象外当事者,その他,対象外当事者,その他,対象外当事者,損傷なし,死亡,日,その他,34.659264,135.139628,2019-07-07,00:00,red,,,,,,,,,,,,
本票,兵庫,芦別,0244,死亡,2,1,37210,対象外,0065,107,昼－昼,曇,市街地－人口集中,舗装－乾燥,単路－その他,環状交差点以外 環状交差点以外をいう。,施設なし,00,23,00,23,03,8,単路（交差点付近を含む）,規制なし,4,3,車両単独,65～74歳,不明,貨物車－大型車,物件等,事業用,対象外当事者,貨物車,対象外当事者,50㎞／ｈ以下,対象外当事者,85,00,大破,対象外当事者,その他,対象外当事者,その他,対象外当事者,死亡,対象外当事者,水,その他,34.690305,135.110751,2019-07-03,06:38,red,,,,,,,,,,,,
本票,兵庫,倶知安,0643,死亡,1,0,25860,対象外,0000,111,夜－暮,曇,市街地－その他,舗装－乾燥,交差点－その他,環状交差点以外 環状交差点以外をいう。,施設なし,09,22,00,23,14,9,交差点内,規制なし,4,2,人対車両,35～44歳,75歳以上,乗用車－普通車,歩行者,自家用,対象外当事者,乗用車,対象外当事者,50㎞／ｈ以下,対象外当事者,10,00,小破,対象外当事者,その他,対象外当事者,その他,対象外当事者,損傷なし,死亡,水,その他,34.736773,134.969729,2019-07-10,19:35,red,,,,,,,,,,,,
本票,兵庫,伊達,0185,死亡,1,0,37870,対象外,0000,109,昼－昼,雨,市街地－人口集中,舗装－湿潤,単路－カーブ・屈折,環状交差点以外 環状交差点以外をいう。,施設なし,00,23,00,23,05,5,その他,規制なし,1,1,車両単独,45～54歳,不明,乗用車－普通車,物件等,自家用,対象外当事者,乗用車,対象外当事者,50㎞／ｈ以下,対象外当事者,50,00,大破,対象外当事者,装備あり 作動,対象外当事者,その他,対象外当事者,死亡,対象外当事者,月,その他,34.745920,135.145403,2019-07-01,07:55,red,,,,,,,,,,,,
本票,兵庫,伊賀,0790,死亡,1,0,39990,対象外,0000,203,昼－昼,晴,市街地－人口集中,舗装－乾燥,交差点－その他,環状交差点以外 環状交差点以外をいう。,点灯－３灯式,09,22,00,23,15,4,交差点内,規制なし,4,2,人対車両,25～34歳,75歳以上,乗用車－普通車,歩行者,自家用,対象外当事者,乗用車,対象外当事者,40㎞／ｈ以下,対象外当事者,80,00,中破,対象外当事者,その他,対象外当事者,その他,対象外当事者,損傷なし,死亡,金,その他,34.648606,135.015902,2019-07-26,10:51,red,,,,,,,,,,,,
本票,兵庫,福崎,0086,死亡,1,0,03120,下,0230,442,昼－昼,晴,非市街地,舗装－乾燥,単路－カーブ・屈折,環状交差点以外 環状交差点以外をいう。,施設なし,00,23,00,23,03,3,単路（交差点付近を含む）,規制なし,4,3,車両相互,55～64歳,65～74歳,貨物車－大型車,乗用車－軽自動車,自家用,自家用,貨物車,乗用車,40㎞／ｈ以下,40㎞／ｈ以下,10,80,中破,大破,その他,装備あり 作動,その他,その他,損傷なし,死亡,月,その他,35.009729,134.762058,2019-07-08,07:55,red,,,,,,,,,,,,
本票,兵庫,養父,0042,死亡,1,0,39990,対象外,0000,222,昼－昼,雨,非市街地,舗装－湿潤,単路－その他,環状交差点以外 環状交差点以外をいう。,施設なし,00,23,00,23,01,9,その他,規制なし,5,4,車両単独,45～54歳,不明,二輪車－原付自転車,相手なし,自家用,対象外当事者,対象外当事者,対象外当事者,指定の速度規制なし等,対象外当事者,10,00,小破,対象外当事者,対象外当事者,対象外当事者,対象外当事者,対象外当事者,死亡,対象外当事者,水,その他,35.371836,134.766580,2019-07-10,09:15,red,,,,,,,,,,,,
本票,奈良,野辺地,0175,死亡,1,4,00240,上,0700,208,夜－夜,曇,市街地－人口集中,舗装－乾燥,単路－その他,環状交差点以外 環状交差点以外をいう。,施設なし,00,23,00,23,03,9,単路（交差点付近を含む）,規制なし,4,2,車両単独,35～44歳,不明,乗用車－普通車,物件等,自家用,対象外当事者,乗用車,対象外当事者,50㎞／ｈ以下,対象外当事者,10,00,大破,対象外当事者,装備あり 作動,対象外当事者,その他,対象外当事者,死亡,対象外当事者,土,その他,34.465399,135.732912,2019-07-13,01:23,red,,,,,,,,,,,,
本票,和歌山,高速道路交通警察隊,0027,死亡,1,0,44220,下,1092,366,夜－夜,曇,非市街地,舗装－湿潤,単路－橋,環状交差点以外 環状交差点以外をいう。,施設なし,00,23,00,23,03,9,単路（交差点付近を含む）,規制なし,1,4,人対車両,35～44歳,35～44歳,乗用車－普通車,歩行者,自家用,対象外当事者,乗用車,対象外当事者,80㎞／ｈ以下,対象外当事者,10,00,中破,対象外当事者,装備あり 作動,対象外当事者,その他,対象外当事者,損傷なし,死亡,月,その他,34.071914,135.200693,2019-07-01,20:47,red,1092,西日本高速道路,走行車線－第二通行帯以上,完全分離－高架・橋梁,直線,平坦－１％未満,,1,該当なし,該当なし,該当なし,0
本票,和歌山,東,0219,死亡,1,0,30000,対象外,0000,201,夜－夜,晴,市街地－人口集中,舗装－湿潤,交差点－その他,環状交差点以外 環状交差点以外をいう。,施設なし,01,21,01,22,14,9,交差点内,規制なし,5,2,車両相互,0～24歳,35～44歳,乗用車－軽自動車,乗用車－軽自動車,自家用,自家用,乗用車,乗用車,指定の速度規制なし等,指定の速度規制なし等,43,10,中破,小破,その他,その他,その他,装備あり 作動,損傷なし,損傷なし,木,その他,34.213173,135.195930,2019-07-11,20:48,red,,,,,,,,,,,,
本票,和歌山,野辺地,0105,死亡,1,0,04240,対象外,0000,206,昼－昼,曇,非市街地,舗装－乾燥,単路－カーブ・屈折,環状交差点以外 環状交差点以外をいう。,施設なし,00,23,00,23,03,5,単路（交差点付近を含む）,規制なし,4,2,車両単独,65～74歳,不明,軽車両－自転車,相手なし,対象外当事者,対象外当事者,対象外当事者,対象外当事者,対象外当事者,対象外当事者,20,00,小破,対象外当事者,対象外当事者,対象外当事者,対象外当事者,対象外当事者,死亡,対象外当事者,水,その他,33.923198,135.431992,2019-07-10,11:50,red,,,,,,,,,,,,
本票,鳥取,東,0007,死亡,1,0,03730,対象外,0234,328,昼－昼,晴,非市街地,舗装－乾燥,単路－その他,環状交差点以外 環状交差点以外をいう。,施設なし,00,23,00,23,03,9,単路（交差点付近を含む）,規制なし,4,1,車両相互,35～44歳,75歳以上,乗用車－普通車,乗用車－軽自動車,自家用,自家用,乗用車,乗用車,50㎞／ｈ以下,50㎞／ｈ以下,50,50,中破,中破,装備あり 作動,装備あり 作動,その他,その他,損傷なし,死亡,木,その他,35.218699,134.324933,2019-07-04,16:05,red,,,,,,,,,,,,
本票,鳥取,岩見沢,0014,死亡,1,0,30000,対象外,0000,386,昼－暮,曇,非市街地,舗装－乾燥,単路－その他,環状交差点以外 環状交差点以外をいう。,施設なし,00,23,00,23,03,8,単路（交差点付近を含む）,規制なし,4,3,車両相互,65～74歳,75歳以上,貨物車－軽自動車,特殊車－小型－その他,自家用,対象外当事者,貨物車,対象外当事者,指定の速度規制なし等,指定の速度規制なし等,80,30,小破,小破,その他,対象外当事者,その他,対象外当事者,損傷なし,死亡,水,その他,35.491504,133.586058,2019-07-24,18:20,red,,,,,,,,,,,,
本票,岡山,白石,0359,死亡,1,1,22180,対象外,0000,101,昼－昼,晴,非市街地,舗装－乾燥,単路－その他,環状交差点以外 環状交差点以外をいう。,施設なし,00,23,00,23,03,9,単路（交差点付近を含む）,規制なし,5,3,人対車両,35～44歳,25～34歳,貨物車－普通車,歩行者,自家用,対象外当事者,貨物車,対象外当事者,40㎞／ｈ以下,対象外当事者,80,00,小破,対象外当事者,その他,対象外当事者,その他,対象外当事者,損傷なし,死亡,土,その他,34.728250,133.956442,2019-07-27,14:51,red,,,,,,,,,,,,
本票,岡山,江別,0020,死亡,1,0,00020,対象外,0000,212,昼－昼,晴,非市街地,舗装－乾燥,交差点－その他,環状交差点以外 環状交差点以外をいう。,点灯－３灯式,09,22,09,22,15,9,交差点内,規制なし,5,2,車両相互,45～54歳,75歳以上,貨物車－中型車,貨物車－軽自動車,自家用,自家用,貨物車,貨物車,50㎞／ｈ以下,50㎞／ｈ以下,50,50,小破,中破,その他,その他,その他,その他,損傷なし,死亡,土,その他,34.723817,134.103486,2019-07-27,11:31,red,,,,,,,,,,,,
本票,岡山,美唄,0141,死亡,1,0,30000,対象外,0000,202,昼－昼,曇,市街地－人口集中,舗装－乾燥,交差点－その他,環状交差点以外 環状交差点以外をいう。,点灯－３灯式,09,22,09,22,14,9,交差点内,規制なし,1,2,車両相互,55～64歳,65～74歳,貨物車－大型車,軽車両－駆動補助機付自転車,事業用,対象外当事者,貨物車,対象外当事者,50㎞／ｈ以下,対象外当事者,10,20,小破,大破,その他,対象外当事者,その他,対象外当事者,損傷なし,死亡,土,その他,34.531898,133.682822,2019-07-20,13:51,red,,,,,,,,,,,,
本票,岡山,三戸,0358,死亡,1,0,10400,対象外,0000,104,夜－夜,曇,市街地－その他,舗装－乾燥,交差点付近－その他,環状交差点以外 環状交差点以外をいう。,施設なし,00,23,00,23,05,9,単路（交差点付近を含む）,規制なし,4,2,人対車両,25～34歳,65～74歳,貨物車－中型車,歩行者,自家用,対象外当事者,貨物車,対象外当事者,50㎞／ｈ以下,対象外当事者,10,00,小破,対象外当事者,その他,対象外当事者,その他,対象外当事者,損傷なし,死亡,木,その他,34.613222,133.948991,2019-07-25,02:45,red,,,,,,,,,,,,
本票,広島,高速道路交通警察隊,0045,死亡,2,0,45110,上,2351,204,夜－夜,曇,非市街地,舗装－乾燥,単路－その他,環状交差点以外 環状交差点以外をいう。,施設なし,00,23,00,23,06,7,単路（交差点付近を含む）,規制なし,1,4,車両単独,55～64歳,不明,貨物車－大型車,物件等,事業用,対象外当事者,貨物車,対象外当事者,指定の速度規制なし等,対象外当事者,55,00,小破,対象外当事者,その他,対象外当事者,その他,対象外当事者,損傷なし,対象外当事者,月,その他,34.453381,132.977806,2019-07-01,03:09,red,2351,西日本高速道路,追越車線,完全分離－盛土,直線,上り・下り－４％以上,,1,該当なし,該当なし,該当なし,0
本票,広島,砂川,0281,死亡,1,1,00020,上,2983,212,夜－夜,雨,非市街地,舗装－湿潤,単路－カーブ・屈折,環状交差点以外 環状交差点以外をいう。,施設なし,00,23,00,23,03,3,単路（交差点付近を含む）,規制なし,4,2,車両単独,0～24歳,不明,乗用車－普通車,物件等,自家用,対象外当事者,乗用車,対象外当事者,指定の速度規制なし等,対象外当事者,80,00,大破,対象外当事者,装備あり 作動,対象外当事者,装備あり 作動,対象外当事者,死亡,対象外当事者,月,その他,34.398989,132.759139,2019-07-08,23:55,red,,,,,,,,,,,,
本票,広島,豊平,0145,死亡,1,0,37290,対象外,0000,108,夜－夜,曇,市街地－人口集中,舗装－乾燥,交差点－その他,環状交差点以外 環状交差点以外をいう。,施設なし,09,22,00,23,14,8,交差点内,規制なし,4,2,人対車両,45～54歳,75歳以上,貨物車－普通車,歩行者,自家用,対象外当事者,貨物車,対象外当事者,40㎞／ｈ以下,対象外当事者,80,00,小破,対象外当事者,その他,対象外当事者,その他,対象外当事者,損傷なし,死亡,火,その他,34.384972,132.353694,2019-07-16,20:24,red,,,,,,,,,,,,
本票,山口,栗山,0076,死亡,1,0,37000,対象外,0000,207,夜－夜,晴,市街地－人口集中,舗装－乾燥,交差点－その他,環状交差点以外 環状交差点以外をいう。,点滅－３灯式,09,22,00,23,15,9,交差点内,規制なし,5,2,人対車両,25～34歳,75歳以上,乗用車－普通車,歩行者,自家用,対象外当事者,乗用車,対象外当事者,50㎞／ｈ以下,対象外当事者,10,00,中破,対象外当事者,その他,対象外当事者,その他,対象外当事者,損傷なし,死亡,金,その他,34.006979,131.873170,2019-07-26,23:11,red,,,,,,,,,,,,
本票,山口,赤歌,0070,死亡,1,0,25880,対象外,0000,216,昼－昼,曇,市街地－その他,舗装－湿潤,交差点－その他,環状交差点以外 環状交差点以外をいう。,点灯－３灯式,09,22,00,23,15,9,交差点内,規制なし,5,2,人対車両,75歳以上,75歳以上,乗用車－軽自動車,歩行者,自家用,対象外当事者,乗用車,対象外当事者,50㎞／ｈ以下,対象外当事者,10,00,小破,対象外当事者,その他,対象外当事者,その他,対象外当事者,損傷なし,死亡,金,その他,33.973897,131.177017,2019-07-19,12:01,red,,,,,,,,,,,,
本票,徳島,白石,0286,死亡,1,0,10300,対象外,0000,341,夜－夜,曇,非市街地,舗装－乾燥,単路－その他,環状交差点以外 環状交差点以外をいう。,施設なし,00,23,00,23,03,9,単路（交差点付近を含む）,規制なし,4,2,車両相互,45～54歳,35～44歳,乗用車－軽自動車,軽車両－自転車,自家用,対象外当事者,乗用車,対象外当事者,50㎞／ｈ以下,対象外当事者,10,30,中破,大破,その他,対象外当事者,その他,対象外当事者,損傷なし,死亡,日,その他,34.082938,134.416946,2019-07-28,00:25,red,,,,,,,,,,,,
本票,徳島,砂川,0041,死亡,1,0,10060,対象外,0000,208,昼－昼,曇,非市街地,舗装－湿潤,単路－橋,環状交差点以外 環状交差点以外をいう。,施設なし,00,23,00,23,02,9,その他,規制なし,5,4,車両単独,35～44歳,不明,二輪車－自動二輪－小型二輪－751ｃｃ以上,相手なし,自家用,対象外当事者,対象外当事者,対象外当事者,指定の速度規制なし等,対象外当事者,00,00,中破,対象外当事者,対象外当事者,対象外当事者,対象外当事者,対象外当事者,死亡,対象外当事者,土,その他,34.064996,133.766426,2019-07-06,08:40,red,,,,,,,,,,,,
本票,徳島,砂川,0044,死亡,1,1,31000,対象外,0000,489,夜－暮,雨,非市街地,舗装－湿潤,交差点－その他,環状交差点以外 環状交差点以外をいう。,施設なし,09,22,00,23,11,2,その他,規制なし,5,4,車両単独,75歳以上,不明,貨物車－軽自動車,相手なし,自家用,対象外当事者,貨物車,対象外当事者,指定の速度規制なし等,対象外当事者,18,00,中破,対象外当事者,その他,対象外当事者,その他,対象外当事者,死亡,対象外当事者,水,その他,34.014448,133.949635,2019-07-17,19:35,red,,,,,,,,,,,,
本票,徳島,三戸,0104,死亡,1,0,10230,対象外,0000,204,昼－昼,晴,市街地－その他,舗装－乾燥,交差点－その他,環状交差点以外 環状交差点以外をいう。,点灯－３灯式,09,22,00,23,15,9,交差点内,規制なし,5,2,人対車両,35～44歳,75歳以上,乗用車－普通車,歩行者,自家用,対象外当事者,乗用車,対象外当事者,50㎞／ｈ以下,対象外当事者,10,00,小破,対象外当事者,その他,対象外当事者,その他,対象外当事者,損傷なし,死亡,水,その他,33.922939,134.663074,2019-07-24,07:35,red,,,,,,,,,,,,
本票,香川,栗山,0580,死亡,1,0,21700,対象外,0000,201,夜－明,晴,非市街地,舗装－乾燥,単路－その他,環状交差点以外 環状交差点以外をいう。,施設なし,00,23,00,23,03,9,単路（交差点付近を含む）,規制なし,4,3,車両相互,25～34歳,75歳以上,貨物車－中型車,軽車両－自転車,事業用,対象外当事者,貨物車,対象外当事者,50㎞／ｈ以下,対象外当事者,10,30,小破,大破,その他,対象外当事者,その他,対象外当事者,損傷なし,死亡,土,その他,34.270172,134.002148,2019-07-06,04:42,red,,,,,,,,,,,,
本票,香川,伊達,0118,死亡,1,0,22320,対象外,0000,208,昼－昼,晴,非市街地,舗装－乾燥,単路－カーブ・屈折,環状交差点以外 環状交差点以外をいう。,施設なし,00,23,00,23,03,3,単路（交差点付近を含む）,規制なし,4,2,車両単独,45～54歳,不明,二輪車－自動二輪－小型二輪－401～750ｃｃ,物件等,自家用,対象外当事者,対象外当事者,対象外当事者,40㎞／ｈ以下,対象外当事者,10,00,中破,対象外当事者,対象外当事者,対象外当事者,対象外当事者,対象外当事者,死亡,対象外当事者,月,当日,34.235422,133.622891,2019-07-15,10:57,red,,,,,,,,,,,,
本票,愛媛,高速道路交通警察隊,0016,死亡,1,2,46040,下,1368,215,夜－夜,雨,非市街地,舗装－湿潤,単路－その他,環状交差点以外 環状交差点以外をいう。,施設なし,00,23,00,23,03,9,単路（交差点付近を含む）,規制なし,1,4,車両相互,25～34歳,25～34歳,乗用車－軽自動車,貨物車－軽自動車,自家用,事業用,乗用車,貨物車,100㎞/h以下,100㎞/h以下,10,00,大破,大破,装備あり 作動,装備あり 作動,その他,その他,負傷,死亡,月,その他,33.787015,132.835301,2019-07-01,21:10,red,1368,西日本高速道路,走行車線－第二通行帯以上,完全分離－盛土,直線,平坦・該当なし,,2,該当なし,該当なし,該当なし,0
本票,愛媛,高速道路交通警察隊,0020,死亡,1,0,46030,上,0737,213,昼－昼,晴,非市街地,舗装－乾燥,単路－その他,環状交差点以外 環状交差点以外をいう。,施設なし,00,23,00,23,04,9,単路（交差点付近を含む）,規制なし,1,4,車両単独,45～54歳,不明,貨物車－普通車,物件等,自家用,対象外当事者,貨物車,対象外当事者,100㎞/h以下,対象外当事者,10,00,大破,対象外当事者,装備あり 作動,対象外当事者,その他,対象外当事者,死亡,対象外当事者,火,その他,33.950653,133.435288,2019-07-30,08:18,red,737,西日本高速道路,路肩,完全分離－高架・橋梁,該当なし,平坦・該当なし,,1,防護柵－ガードレール,該当なし,該当なし,0
本票,愛媛,中央,0071,死亡,1,0,01920,上,0443,213,昼－明,曇,非市街地,舗装－湿潤,単路－その他,環状交差点以外 環状交差点以外をいう。,施設なし,00,23,00,23,03,9,単路（交差点付近を含む）,規制なし,5,2,人対車両,25～34歳,75歳以上,貨物車－軽自動車,歩行者,自家用,対象外当事者,貨物車,対象外当事者,40㎞／ｈ以下,対象外当事者,50,00,小破,対象外当事者,その他,対象外当事者,その他,対象外当事者,損傷なし,死亡,木,その他,33.990581,133.629226,2019-07-04,05:55,red,,,,,,,,,,,,
本票,愛媛,江別,0182,死亡,1,0,37000,対象外,0000,202,夜－夜,曇,非市街地,舗装－乾燥,単路－その他,環状交差点以外 環状交差点以外をいう。,施設なし,00,23,00,23,02,9,単路（交差点付近を含む）,規制なし,5,4,車両単独,45～54歳,不明,軽車両－自転車,相手なし,対象外当事者,対象外当事者,対象外当事者,対象外当事者,対象外当事者,対象外当事者,00,00,小破,対象外当事者,対象外当事者,対象外当事者,対象外当事者,対象外当事者,死亡,対象外当事者,土,その他,34.021331,133.031384,2019-07-13,02:00,red,,,,,,,,,,,,
本票,愛媛,芦別,0071,死亡,1,3,00560,上,2060,203,夜－夜,晴,非市街地,舗装－乾燥,単路－カーブ・屈折,環状交差点以外 環状交差点以外をいう。,施設なし,00,23,00,23,03,6,単路（交差点付近を含む）,規制なし,4,2,車両相互,55～64歳,75歳以上,乗用車－普通車,乗用車－軽自動車,自家用,自家用,乗用車,乗用車,50㎞／ｈ以下,50㎞／ｈ以下,50,50,大破,大破,装備あり 作動,装備あり 作動,その他,その他,負傷,死亡,日,その他,33.260909,132.568676,2019-07-28,20:20,red,,,,,,,,,,,,
本票,愛媛,倶知安,0275,死亡,1,0,00330,上,0000,201,昼－昼,晴,非市街地,舗装－乾燥,単路－カーブ・屈折,環状交差点以外 環状交差点以外をいう。,施設なし,00,23,00,23,05,1,その他,規制なし,5,1,車両単独,55～64歳,不明,二輪車－自動二輪－小型二輪－751ｃｃ以上,物件等,自家用,対象外当事者,対象外当事者,対象外当事者,50㎞／ｈ以下,対象外当事者,30,00,大破,対象外当事者,対象外当事者,対象外当事者,対象外当事者,対象外当事者,死亡,対象外当事者,日,その他,33.703615,132.850473,2019-07-28,07:31,red,,,,,,,,,,,,
本票,高知,中央,0271,死亡,1,0,30000,対象外,0013,201,夜－夜,晴,市街地－人口集中,舗装－乾燥,交差点－その他,環状交差点以外 環状交差点以外をいう。,点灯－３灯式,09,22,00,23,18,9,交差点内,規制なし,5,2,人対車両,25～34歳,75歳以上,貨物車－軽自動車,歩行者,自家用,対象外当事者,貨物車,対象外当事者,50㎞／ｈ以下,対象外当事者,10,00,中破,対象外当事者,その他,対象外当事者,その他,対象外当事者,損傷なし,死亡,水,その他,33.570924,133.537299,2019-07-31,22:44,red,,,,,,,,,,,,
本票,高知,西,0004,死亡,1,0,00550,下,1441,202,夜－暮,晴,市街地－その他,舗装－乾燥,交差点付近－その他,環状交差点以外 環状交差点以外をいう。,施設なし,00,23,00,23,03,9,単路（交差点付近を含む）,規制なし,4,4,人対車両,0～24歳,65～74歳,乗用車－軽自動車,歩行者,自家用,対象外当事者,乗用車,対象外当事者,40㎞／ｈ以下,対象外当事者,10,00,中破,対象外当事者,その他,対象外当事者,その他,対象外当事者,損傷なし,死亡,木,その他,33.330913,134.098466,2019-07-04,20:13,red,,,,,,,,,,,,
本票,高知,野辺地,0068,死亡,1,0,04390,対象外,0000,386,昼－昼,雨,非市街地,舗装－湿潤,単路－トンネル,環状交差点以外 環状交差点以外をいう。,施設なし,00,23,00,23,03,8,単路（交差点付近を含む）,規制なし,4,2,車両単独,35～44歳,不明,貨物車－準中型車,物件等,自家用,対象外当事者,貨物車,対象外当事者,指定の速度規制なし等,対象外当事者,51,00,大破,対象外当事者,装備あり 作動,対象外当事者,その他,対象外当事者,死亡,対象外当事者,火,その他,33.618381,133.228359,2019-07-16,13:55,red,,,,,,,,,,,,
本票,高知,砂川,0026,死亡,1,0,00560,上,0478,401,昼－明,雨,非市街地,舗装－湿潤,単路－カーブ・屈折,環状交差点以外 環状交差点以外をいう。,施設なし,00,23,00,23,03,2,単路（交差点付近を含む）,規制なし,4,3,車両単独,65～74歳,不明,乗用車－軽自動車,物件等,自家用,対象外当事者,乗用車,対象外当事者,50㎞／ｈ以下,対象外当事者,10,00,中破,対象外当事者,装備あり 作動,対象外当事者,その他,対象外当事者,死亡,対象外当事者,火,その他,33.322009,133.219756,2019-07-09,05:40,red,,,,,,,,,,,,
本票,福岡,西,1009,死亡,1,0,37990,対象外,0000,131,昼－暮,曇,市街地－人口集中,舗装－乾燥,踏切－第一種,環状交差点以外 環状交差点以外をいう。,施設なし,00,23,00,23,01,9,その他,規制なし,5,2,列車,35～44歳,75歳以上,列車,歩行者,対象外当事者,対象外当事者,対象外当事者,対象外当事者,対象外当事者,対象外当事者,15,00,小破,対象外当事者,対象外当事者,対象外当事者,対象外当事者,対象外当事者,損傷なし,死亡,月,その他,33.636969,130.426682,2019-07-08,19:30,red,,,,,,,,,,,,
本票,福岡,滝川,0295,死亡,1,0,02020,下,0315,230,夜－明,雨,市街地－その他,舗装－湿潤,交差点－その他,環状交差点以外 環状交差点以外をいう。,点灯－押ボタン式,09,22,00,23,15,9,交差点内,規制なし,4,2,人対車両,35～44歳,65～74歳,乗用車－軽自動車,歩行者,自家用,対象外当事者,乗用車,対象外当事者,50㎞／ｈ以下,対象外当事者,50,00,中破,対象外当事者,その他,対象外当事者,その他,対象外当事者,損傷なし,死亡,火,その他,33.515535,130.138887,2019-07-02,04:33,red,,,,,,,,,,,,
本票,福岡,滝川,0351,死亡,1,0,99000,対象外,0000,230,夜－夜,曇,市街地－その他,舗装－乾燥,一般交通の場所,環状交差点以外 環状交差点以外をいう。,施設なし,00,23,00,23,00,0,その他,規制なし,0,4,車両単独,65～74歳,不明,乗用車－軽自動車,相手なし,自家用,対象外当事者,乗用車,対象外当事者,指定の速度規制なし等,対象外当事者,00,00,小破,対象外当事者,その他,対象外当事者,その他,対象外当事者,死亡,対象外当事者,日,その他,33.555042,130.126056,2019-06-30,21:40,red,,,,,,,,,,,,
本票,福岡,赤歌,1352,死亡,1,0,00030,上,0630,345,夜－夜,晴,市街地－その他,舗装－乾燥,単路－その他,環状交差点以外 環状交差点以外をいう。,施設なし,00,23,00,23,05,9,単路（交差点付近を含む）,規制なし,1,2,車両単独,25～34歳,不明,二輪車－自動二輪－小型二輪－251～400cc,物件等,自家用,対象外当事者,対象外当事者,対象外当事者,指定の速度規制なし等,対象外当事者,24,00,中破,対象外当事者,対象外当事者,対象外当事者,対象外当事者,対象外当事者,死亡,対象外当事者,火,その他,33.714838,130.459329,2019-07-30,23:05,red,,,,,,,,,,,,
本票,福岡,芦別,0822,死亡,1,0,37990,対象外,0000,219,昼－昼,曇,市街地－人口集中,舗装－乾燥,交差点－その他,環状交差点以外 環状交差点以外をいう。,点灯－３灯式,09,22,00,23,15,9,交差点内,規制なし,5,2,人対車両,35～44歳,75歳以上,貨物車－普通車,歩行者,自家用,対象外当事者,貨物車,対象外当事者,40㎞／ｈ以下,対象外当事者,50,00,小破,対象外当事者,その他,対象外当事者,その他,対象外当事者,損傷なし,死亡,月,その他,33.521391,130.489623,2019-07-01,11:42,red,,,,,,,,,,,,
本票,佐賀,東,0349,死亡,1,1,00340,下,0016,203,昼－昼,晴,市街地－人口集中,舗装－乾燥,交差点－その他,環状交差点以外 環状交差点以外をいう。,施設なし,01,21,01,21,15,9,交差点内,規制なし,4,2,車両相互,75歳以上,35～44歳,乗用車－普通車,乗用車－軽自動車,自家用,自家用,乗用車,乗用車,30㎞／ｈ以下,30㎞／ｈ以下,10,68,小破,小破,その他,その他,その他,その他,損傷なし,負傷,日,その他,33.390099,130.515774,2019-07-07,10:02,red,,,,,,,,,,,,
本票,佐賀,栗山,0361,死亡,1,1,20000,対象外,1417,202,夜－夜,雨,非市街地,舗装－湿潤,単路－その他,環状交差点以外 環状交差点以外をいう。,施設なし,00,23,00,23,03,9,単路（交差点付近を含む）,規制なし,4,3,車両単独,35～44歳,不明,乗用車－軽自動車,物件等,自家用,対象外当事者,乗用車,対象外当事者,50㎞／ｈ以下,対象外当事者,10,00,大破,対象外当事者,装備あり 作動,対象外当事者,その他,対象外当事者,損傷なし,対象外当事者,土,その他,33.444185,130.019708,2019-07-20,23:25,red,,,,,,,,,,,,