資料区分,都道府県コード,警察署等コード,本票番号,事故内容,死者数,負傷者数,路線コード,上下線,地点コード,市区町村コード,昼夜,天候,地形,路面状態,道路形状,環状交差点の直径,信号機,一時停止規制　標識（当事者A）,一時停止規制　表示（当事者A）,一時停止規制　標識（当事者B）,一時停止規制　表示（当事者B）,車道幅員,道路線形,衝突地点,ゾーン規制,中央分離帯施設等,歩車道区分,事故類型,年齢（当事者A）,年齢（当事者B）,当事者種別（当事者A）,当事者種別（当事者B）,用途別（当事者A）,用途別（当事者B）,車両形状（当事者A）,車両形状（当事者B）,速度規制（指定のみ）（当事者A）,速度規制（指定のみ）（当事者B）,車両の衝突部位（当事者A）,車両の衝突部位（当事者B）,車両の損壊程度（当事者A）,車両の損壊程度（当事者B）,エアバッグの装備（当事者A）,エアバッグの装備（当事者B）,サイドエアバッグの装備（当事者A）,サイドエアバッグの装備（当事者B）,人身損傷程度（当事者A）,人身損傷程度（当事者B）,曜日(発生年月日),祝日(発生年月日),緯度,経度,発生日,発生時,color,発生地点,道路管理者区分,道路区分,道路構造,曲線半径,縦断勾配,トンネル番号,当事者車両台数,車両単独事故の対象物,臨時速度規制の有無,速度規制（臨時のみ）,トンネル延長距離
本票,長崎,高速道路交通警察隊,0020,死亡,1,6,50010,下,0203,202,夜－夜,雨,市街地－その他,舗装－湿潤,単路－カーブ・屈折,環状交差点以外 環状交差点以外をいう。,施設なし,00,23,00,23,04,2,単路（交差点付近を含む）,規制なし,6,4,車両単独,45～54歳,不明,貨物車－大型車,物件等,事業用,対象外当事者,貨物車,対象外当事者,70㎞／ｈ以下,対象外当事者,85,00,中破,対象外当事者,装備あり 作動,対象外当事者,その他,対象外当事者,負傷,対象外当事者,日,前日,33.150533,129.792345,2019-07-14,02:34,red,203,西日本高速道路,走行車線－第一通行帯,非分離－その他,カーブ－700m以上,上り・下り－４％以上,,2,その他,該当なし,該当なし,0
本票,熊本,高速道路交通警察隊,0017,死亡,1,3,47020,下,0000,512,昼－昼,雨,非市街地,舗装－湿潤,単路－カーブ・屈折,環状交差点以外 環状交差点以外をいう。,施設なし,00,23,00,23,04,3,単路（交差点付近を含む）,規制なし,1,3,車両単独,25～34歳,不明,貨物車－普通車,物件等,自家用,対象外当事者,貨物車,対象外当事者,80㎞／ｈ以下,対象外当事者,58,00,大破,対象外当事者,装備あり 作動,対象外当事者,その他,対象外当事者,負傷,対象外当事者,土,その他,32.307493,130.746880,2019-07-20,18:15,red,2423,西日本高速道路,走行車線－第二通行帯以上,完全分離－高架・橋梁,カーブ－1000m以上,平坦・該当なし,,1,防護柵－コンクリート,該当なし,該当なし,0
本票,熊本,江別,0128,死亡,1,3,10160,対象外,0000,369,昼－昼,晴,非市街地,舗装－乾燥,単路－カーブ・屈折,環状交差点以外 環状交差点以外をいう。,施設なし,00,23,00,23,03,2,単路（交差点付近を含む）,規制なし,4,3,車両相互,45～54歳,75歳以上,乗用車－軽自動車,貨物車－軽自動車,自家用,自家用,乗用車,貨物車,50㎞／ｈ以下,50㎞／ｈ以下,31,14,大破,大破,装備あり 作動,装備あり 作動,その他,その他,死亡,負傷,火,その他,32.998242,130.625169,2019-07-30,17:20,red,,,,,,,,,,,,
本票,熊本,砂川,0044,死亡,1,0,10230,対象外,0000,214,昼－昼,晴,非市街地,舗装－乾燥,単路－カーブ・屈折,環状交差点以外 環状交差点以外をいう。,施設なし,00,23,00,23,03,5,単路（交差点付近を含む）,規制なし,4,3,車両相互,55～64歳,45～54歳,貨物車－大型車,二輪車－自動二輪－軽二輪－126～250cc,事業用,自家用,貨物車,対象外当事者,40㎞／ｈ以下,40㎞／ｈ以下,80,10,小破,大破,その他,対象外当事者,その他,対象外当事者,損傷なし,死亡,水,その他,32.912876,130.965608,2019-07-31,17:00,red,,,,,,,,,,,,
本票,熊本,小樽,0125,死亡,1,1,00570,対象外,0000,213,夜－夜,雨,市街地－人口集中,舗装－湿潤,交差点－その他,環状交差点以外 環状交差点以外をいう。,点灯－押ボタン式,09,22,09,22,15,9,交差点内,規制なし,4,2,車両相互,35～44歳,45～54歳,貨物車－大型車,乗用車－普通車,自家用,自家用,貨物車,乗用車,40㎞／ｈ以下,30㎞／ｈ以下,50,87,中破,中破,その他,装備あり 作動,その他,その他,損傷なし,負傷,木,その他,32.623531,130.452923,2019-07-18,22:55,red,,,,,,,,,,,,
本票,熊本,小樽,0126,死亡,1,0,30000,対象外,0000,213,昼－昼,晴,非市街地,舗装－乾燥,単路－その他,環状交差点以外 環状交差点以外をいう。,施設なし,00,23,00,23,02,9,その他,規制なし,5,3,車両単独,0～24歳,不明,軽車両－自転車,相手なし,対象外当事者,対象外当事者,対象外当事者,対象外当事者,対象外当事者,対象外当事者,10,00,小破,対象外当事者,対象外当事者,対象外当事者,対象外当事者,対象外当事者,死亡,対象外当事者,水,その他,32.614887,130.694577,2019-07-17,08:00,red,,,,,,,,,,,,
本票,大分,中央,0391,死亡,1,0,99000,対象外,0000,201,昼－昼,晴,市街地－その他,舗装－乾燥,一般交通の場所,環状交差点以外 環状交差点以外をいう。,施設なし,00,23,00,23,00,0,その他,規制なし,0,4,人対車両,45～54歳,65～74歳,貨物車－大型車,歩行者,事業用,対象外当事者,貨物車,対象外当事者,指定の速度規制なし等,対象外当事者,30,00,損壊なし,対象外当事者,その他,対象外当事者,その他,対象外当事者,損傷なし,死亡,金,その他,33.247112,131.587972,2019-07-05,15:35,red,,,,,,,,,,,,
本票,大分,西,0050,死亡,1,0,00100,上,1053,210,夜－夜,晴,非市街地,舗装－乾燥,単路－その他,環状交差点以外 環状交差点以外をいう。,施設なし,00,23,00,23,03,9,単路（交差点付近を含む）,規制なし,4,3,車両相互,55～64歳,45～54歳,貨物車－中型車,乗用車－軽自動車,事業用,自家用,貨物車,乗用車,50㎞／ｈ以下,50㎞／ｈ以下,10,10,中破,大破,その他,装備あり 作動,その他,その他,損傷なし,死亡,水,その他,33.427687,131.539059,2019-07-31,01:30,red,,,,,,,,,,,,
本票,大分,つがる,0103,死亡,1,0,21030,対象外,0000,203,昼－昼,曇,非市街地,舗装－乾燥,単路－その他,環状交差点以外 環状交差点以外をいう。,施設なし,00,23,00,23,04,8,単路（交差点付近を含む）,規制なし,4,3,車両単独,65～74歳,不明,軽車両－自転車,相手なし,対象外当事者,対象外当事者,対象外当事者,対象外当事者,対象外当事者,対象外当事者,00,00,中破,対象外当事者,対象外当事者,対象外当事者,対象外当事者,対象外当事者,死亡,対象外当事者,日,その他,33.388717,131.142459,2019-07-07,14:00,red,,,,,,,,,,,,
本票,大分,美唄,0061,死亡,1,0,95000,対象外,0000,204,昼－昼,晴,非市街地,舗装－乾燥,単路－その他,環状交差点以外 環状交差点以外をいう。,施設なし,00,23,00,23,02,7,単路（交差点付近を含む）,規制なし,5,4,車両単独,75歳以上,不明,特殊車－小型－農耕作業用,相手なし,対象外当事者,対象外当事者,対象外当事者,対象外当事者,指定の速度規制なし等,対象外当事者,40,00,小破,対象外当事者,対象外当事者,対象外当事者,対象外当事者,対象外当事者,死亡,対象外当事者,金,その他,33.328796,131.035675,2019-07-12,14:00,red,,,,,,,,,,,,
本票,宮崎,栗山,0093,死亡,1,1,02190,対象外,0000,208,昼－昼,晴,市街地－その他,舗装－乾燥,交差点－その他,環状交差点以外 環状交差点以外をいう。,点灯－３灯式,09,22,09,22,15,9,交差点内,規制なし,4,2,車両相互,25～34歳,75歳以上,乗用車－普通車,乗用車－軽自動車,自家用,自家用,乗用車,乗用車,指定の速度規制なし等,指定の速度規制なし等,50,80,中破,中破,装備あり 作動,装備あり 作動,その他,その他,負傷,損傷なし,月,その他,32.091919,131.406469,2019-07-29,13:05,red,,,,,,,,,,,,
本票,宮崎,美唄,0304,死亡,1,0,30000,対象外,0000,203,昼－暮,雨,非市街地,舗装－湿潤,交差点－その他,環状交差点以外 環状交差点以外をいう。,施設なし,09,22,01,21,14,9,交差点内,規制なし,4,3,車両相互,55～64歳,65～74歳,貨物車－軽自動車,二輪車－原付自転車,自家用,自家用,貨物車,対象外当事者,指定の速度規制なし等,指定の速度規制なし等,10,40,小破,中破,その他,対象外当事者,その他,対象外当事者,損傷なし,死亡,月,その他,32.606294,131.673349,2019-07-29,18:20,red,,,,,,,,,,,,
本票,鹿児島,美唄,0137,死亡,1,0,00030,上,0003,215,夜－夜,曇,非市街地,舗装－乾燥,単路－その他,環状交差点以外 環状交差点以外をいう。,施設なし,00,23,00,23,03,9,単路（交差点付近を含む）,規制なし,4,2,人対車両,45～54歳,75歳以上,貨物車－大型車,歩行者,事業用,対象外当事者,貨物車,対象外当事者,60㎞／ｈ以下,対象外当事者,88,00,小破,対象外当事者,その他,対象外当事者,その他,対象外当事者,損傷なし,死亡,月,その他,31.915637,130.223472,2019-07-22,22:50,red,,,,,,,,,,,,
本票,鹿児島,美唄,0140,死亡,1,1,10420,対象外,0000,215,昼－昼,晴,非市街地,舗装－乾燥,単路－カーブ・屈折,環状交差点以外 環状交差点以外をいう。,施設なし,00,23,00,23,03,4,単路（交差点付近を含む）,規制なし,4,2,車両相互,45～54歳,25～34歳,貨物車－大型車,乗用車－普通車,事業用,自家用,貨物車,乗用車,50㎞／ｈ以下,50㎞／ｈ以下,15,15,小破,中破,その他,その他,その他,その他,損傷なし,損傷なし,木,その他,31.810156,130.369713,2019-07-25,07:20,red,,,,,,,,,,,,
本票,鹿児島,余市,0163,死亡,1,0,00100,下,0444,225,夜－暮,曇,市街地－その他,舗装－乾燥,交差点－その他,環状交差点以外 環状交差点以外をいう。,施設なし,09,22,00,23,18,9,交差点内,規制なし,5,2,人対車両,25～34歳,45～54歳,乗用車－普通車,歩行者,自家用,対象外当事者,乗用車,対象外当事者,50㎞／ｈ以下,対象外当事者,88,00,中破,対象外当事者,その他,対象外当事者,その他,対象外当事者,損傷なし,死亡,火,その他,31.724392,130.623255,2019-07-09,20:13,red,,,,,,,,,,,,
本票,鹿児島,余市,0176,死亡,1,0,39000,対象外,0000,225,昼－昼,晴,市街地－その他,舗装－乾燥,交差点－その他,環状交差点以外 環状交差点以外をいう。,施設なし,09,22,09,22,14,9,交差点内,規制なし,4,3,車両相互,45～54歳,75歳以上,乗用車－軽自動車,軽車両－自転車,自家用,対象外当事者,乗用車,対象外当事者,40㎞／ｈ以下,対象外当事者,26,10,小破,中破,その他,対象外当事者,その他,対象外当事者,損傷なし,死亡,土,その他,31.746938,130.600545,2019-07-27,11:10,red,,,,,,,,,,,,
本票,鹿児島,伊達,0052,死亡,1,1,00100,下,3799,217,昼－明,晴,非市街地,舗装－乾燥,単路－その他,環状交差点以外 環状交差点以外をいう。,施設なし,00,23,00,23,04,7,単路（交差点付近を含む）,規制なし,4,2,車両相互,55～64歳,25～34歳,貨物車－大型車,乗用車－普通車,自家用,自家用,貨物車,乗用車,50㎞／ｈ以下,50㎞／ｈ以下,51,15,中破,大破,装備あり 作動,装備あり 作動,その他,その他,負傷,死亡,水,その他,31.700412,131.013413,2019-07-31,05:55,red,,,,,,,,,,,,
本票,沖縄,中央,0515,死亡,1,0,32010,対象外,0000,201,夜－明,晴,市街地－人口集中,舗装－乾燥,単路－その他,環状交差点以外 環状交差点以外をいう。,施設なし,00,23,00,23,04,9,単路（交差点付近を含む）,規制なし,4,2,車両単独,65～74歳,不明,二輪車－原付自転車,物件等,自家用,対象外当事者,対象外当事者,対象外当事者,30㎞／ｈ以下,対象外当事者,10,00,小破,対象外当事者,対象外当事者,対象外当事者,対象外当事者,対象外当事者,死亡,対象外当事者,水,その他,26.226166,127.710537,2019-07-31,05:13,red,,,,,,,,,,,,
本票,沖縄,千歳,0056,死亡,1,0,10740,対象外,0000,325,昼－昼,晴,市街地－その他,舗装－乾燥,交差点付近－その他,環状交差点以外 環状交差点以外をいう。,点灯－３灯式,00,23,00,23,05,3,単路（交差点付近を含む）,規制なし,1,2,車両相互,45～54歳,75歳以上,乗用車－普通車,乗用車－軽自動車,自家用,自家用,乗用車,乗用車,40㎞／ｈ以下,40㎞／ｈ以下,30,10,中破,中破,その他,装備あり 作動,その他,その他,損傷なし,死亡,水,その他,26.363043,127.763471,2019-07-24,13:50,red,,,,,,,,,,,,
本票,沖縄,野辺地,0018,死亡,1,0,33060,対象外,0000,306,夜－夜,晴,非市街地,舗装－乾燥,単路－その他,環状交差点以外 環状交差点以外をいう。,施設なし,00,23,00,23,03,7,単路（交差点付近を含む）,規制なし,5,2,人対車両,25～34歳,25～34歳,乗用車－普通車,歩行者,自家用,対象外当事者,乗用車,対象外当事者,指定の速度規制なし等,対象外当事者,00,00,損壊なし,対象外当事者,その他,対象外当事者,その他,対象外当事者,損傷なし,死亡,土,その他,26.696218,128.019931,2019-07-06,21:26,red,,,,,,,,,,,,
本票,北海道（札幌方面）,西,0344,死亡,1,0,00050,対象外,2750,107,昼－昼,晴,市街地－人口集中,舗装－乾燥,交差点－その他,環状交差点以外 環状交差点以外をいう。,点灯－３灯式,09,22,09,22,19,9,交差点内,規制なし,4,2,車両相互,45～54歳,45～54歳,貨物車－大型車,軽車両－自転車,事業用,対象外当事者,貨物車,対象外当事者,指定の速度規制なし等,対象外当事者,40,10,小破,中破,その他,対象外当事者,その他,対象外当事者,損傷なし,死亡,金,その他,43.097154,141.297954,2019-08-30,10:09,red,,,,,,,,,,,,
本票,北海道（札幌方面）,東,0401,死亡,1,0,10900,対象外,0000,103,夜－夜,曇,市街地－人口集中,舗装－乾燥,交差点－その他,環状交差点以外 環状交差点以外をいう。,点灯－３灯式,09,22,09,22,17,9,交差点内,規制なし,5,2,車両相互,35～44歳,55～64歳,二輪車－自動二輪－小型二輪－751ｃｃ以上,軽車両－自転車,自家用,対象外当事者,対象外当事者,対象外当事者,50㎞／ｈ以下,対象外当事者,10,40,小破,大破,対象外当事者,対象外当事者,対象外当事者,対象外当事者,損傷なし,死亡,水,その他,43.081049,141.368268,2019-08-07,22:04,red,,,,,,,,,,,,
本票,北海道（札幌方面）,栗山,0032,死亡,1,0,02340,対象外,0201,429,昼－昼,曇,市街地－その他,舗装－乾燥,交差点付近－その他,環状交差点以外 環状交差点以外をいう。,施設なし,00,23,00,23,04,9,単路（交差点付近を含む）,規制なし,4,2,車両相互,55～64歳,25～34歳,貨物車－大型車,乗用車－普通車,事業用,自家用,貨物車,乗用車,50㎞／ｈ以下,50㎞／ｈ以下,50,50,中破,大破,その他,装備あり 作動,その他,その他,損傷なし,死亡,水,その他,43.037209,141.805862,2019-08-21,05:47,red,,,,,,,,,,,,
本票,北海道（札幌方面）,余市,0021,死亡,1,3,00050,対象外,0100,408,昼－昼,雨,非市街地,舗装－湿潤,単路－カーブ・屈折,環状交差点以外 環状交差点以外をいう。,施設なし,00,23,00,23,04,3,単路（交差点付近を含む）,規制なし,4,2,車両相互,55～64歳,45～54歳,乗用車－普通車,乗用車－普通車,自家用,自家用,乗用車,乗用車,50㎞／ｈ以下,50㎞／ｈ以下,10,80,大破,小破,装備あり 作動,装備あり 作動,その他,その他,負傷,負傷,木,その他,43.197957,140.844578,2019-08-08,17:35,red,,,,,,,,,,,,
本票,北海道（札幌方面）,余市,0024,死亡,1,0,99000,対象外,0000,408,夜－夜,晴,市街地－その他,非舗装,一般交通の場所,環状交差点以外 環状交差点以外をいう。,施設なし,00,23,00,23,00,0,その他,規制なし,0,4,車両単独,35～44歳,不明,乗用車－普通車,相手なし,自家用,対象外当事者,乗用車,対象外当事者,指定の速度規制なし等,対象外当事者,20,00,小破,対象外当事者,その他,対象外当事者,その他,対象外当事者,死亡,対象外当事者,日,前日,43.183561,140.788935,2019-07-14,22:44,red,,,,,,,,,,,,
本票,北海道（札幌方面）,倶知安,0041,死亡,1,2,00050,対象外,1830,400,昼－明,曇,市街地－その他,舗装－乾燥,交差点－その他,環状交差点以外 環状交差点以外をいう。,点灯－３灯式,09,22,00,23,18,9,交差点内,規制なし,5,2,車両単独,0～24歳,不明,乗用車－軽自動車,物件等,自家用,対象外当事者,乗用車,対象外当事者,50㎞／ｈ以下,対象外当事者,10,00,大破,対象外当事者,装備あり 作動,対象外当事者,その他,対象外当事者,死亡,対象外当事者,月,その他,42.891551,140.751596,2019-08-05,04:36,red,,,,,,,,,,,,
本票,北海道（札幌方面）,苫小牧,0239,死亡,1,0,10870,対象外,0000,578,昼－昼,曇,市街地－その他,舗装－乾燥,交差点付近－その他,環状交差点以外 環状交差点以外をいう。,施設なし,00,23,00,23,04,9,単路（交差点付近を含む）,規制なし,4,2,車両相互,35～44歳,75歳以上,乗用車－普通車,軽車両－自転車,自家用,対象外当事者,乗用車,対象外当事者,40㎞／ｈ以下,対象外当事者,10,20,小破,小破,その他,対象外当事者,その他,対象外当事者,損傷なし,死亡,金,その他,42.550921,141.348305,2019-08-09,14:09,red,,,,,,,,,,,,
本票,北海道（札幌方面）,苫小牧,0247,死亡,1,0,39990,対象外,0000,213,昼－昼,曇,市街地－その他,舗装－乾燥,単路－その他,環状交差点以外 環状交差点以外をいう。,施設なし,00,23,00,23,03,9,単路（交差点付近を含む）,規制なし,4,2,人対車両,35～44歳,75歳以上,乗用車－普通車,歩行者,自家用,対象外当事者,乗用車,対象外当事者,30㎞／ｈ以下,対象外当事者,10,00,中破,対象外当事者,その他,対象外当事者,その他,対象外当事者,損傷なし,死亡,月,その他,42.648490,141.624294,2019-08-19,06:55,red,,,,,,,,,,,,
本票,北海道（札幌方面）,手稲,0151,死亡,1,2,11610,対象外,0000,109,夜－夜,雨,市街地－人口集中,舗装－湿潤,単路－その他,環状交差点以外 環状交差点以外をいう。,施設なし,00,23,00,23,05,9,単路（交差点付近を含む）,規制なし,1,2,人対車両,0～24歳,35～44歳,乗用車－普通車,歩行者,自家用,対象外当事者,乗用車,対象外当事者,指定の速度規制なし等,対象外当事者,50,00,大破,対象外当事者,装備あり 作動,対象外当事者,その他,対象外当事者,負傷,死亡,土,その他,43.142985,141.251025,2019-08-24,19:55,red,,,,,,,,,,,,
本票,北海道（旭川方面）,枝幸,0004,死亡,1,0,29990,対象外,0000,512,昼－昼,霧,非市街地,舗装－湿潤,単路－その他,環状交差点以外 環状交差点以外をいう。,施設なし,00,23,00,23,03,8,単路（交差点付近を含む）,規制なし,4,3,車両単独,65～74歳,不明,貨物車－中型車,物件等,自家用,対象外当事者,貨物車,対象外当事者,指定の速度規制なし等,対象外当事者,10,00,中破,対象外当事者,装備あり 作動,対象外当事者,その他,対象外当事者,死亡,対象外当事者,水,その他,45.140880,142.259134,2019-08-07,16:14,red,,,,,,,,,,,,
本票,北海道（旭川方面）,留萌,0014,死亡,1,0,11390,対象外,0000,482,昼－昼,曇,非市街地,舗装－乾燥,単路－カーブ・屈折,環状交差点以外 環状交差点以外をいう。,施設なし,00,23,00,23,03,3,単路（交差点付近を含む）,規制なし,4,2,車両相互,45～54歳,65～74歳,貨物車－大型車,貨物車－軽自動車,事業用,自家用,貨物車,貨物車,50㎞／ｈ以下,50㎞／ｈ以下,50,15,小破,大破,その他,装備あり 作動,その他,その他,損傷なし,死亡,月,その他,44.010114,141.741212,2019-08-19,09:00,red,,,,,,,,,,,,
本票,北海道（釧路方面）,釧路,0139,死亡,1,1,00380,対象外,2800,668,夜－夜,雨,非市街地,舗装－湿潤,単路－カーブ・屈折,環状交差点以外 環状交差点以外をいう。,施設なし,00,23,00,23,04,6,単路（交差点付近を含む）,規制なし,4,2,車両相互,35～44歳,0～24歳,貨物車－大型車,乗用車－普通車,事業用,自家用,貨物車,乗用車,50㎞／ｈ以下,50㎞／ｈ以下,80,81,中破,大破,その他,装備あり 作動,その他,その他,損傷なし,負傷,木,その他,42.955769,144.093866,2019-08-08,20:32,red,,,,,,,,,,,,
本票,北海道（釧路方面）,弟子屈,0008,死亡,1,2,38880,対象外,0000,664,昼－昼,晴,非市街地,舗装－乾燥,交差点－その他,環状交差点以外 環状交差点以外をいう。,施設なし,09,22,01,21,15,9,交差点内,規制なし,4,4,車両相互,45～54歳,75歳以上,貨物車－普通車,乗用車－軽自動車,自家用,自家用,貨物車,乗用車,指定の速度規制なし等,指定の速度規制なし等,10,40,小破,大破,その他,その他,その他,その他,負傷,負傷,土,その他,43.473261,144.695815,2019-08-03,16:05,red,,,,,,,,,,,,
本票,北海道（釧路方面）,中標津,0016,死亡,1,0,29990,対象外,0000,691,昼－昼,曇,非市街地,舗装－乾燥,単路－その他,環状交差点以外 環状交差点以外をいう。,施設なし,00,23,00,23,03,9,単路（交差点付近を含む）,規制なし,4,3,車両相互,65～74歳,25～34歳,乗用車－普通車,軽車両－自転車,自家用,対象外当事者,乗用車,対象外当事者,指定の速度規制なし等,対象外当事者,15,10,中破,大破,その他,対象外当事者,その他,対象外当事者,損傷なし,死亡,水,その他,43.476000,145.044668,2019-08-21,13:50,red,,,,,,,,,,,,
本票,北海道（釧路方面）,本別,0005,死亡,1,0,11350,対象外,0000,646,昼－昼,晴,非市街地,舗装－乾燥,単路－その他,環状交差点以外 環状交差点以外をいう。,施設なし,00,23,00,23,04,9,単路（交差点付近を含む）,規制なし,4,3,車両相互,45～54歳,75歳以上,貨物車－大型車,特殊車－小型－農耕作業用,事業用,対象外当事者,貨物車,対象外当事者,指定の速度規制なし等,指定の速度規制なし等,80,36,小破,中破,その他,対象外当事者,その他,対象外当事者,損傷なし,死亡,火,その他,43.157396,143.563229,2019-08-06,10:55,red,,,,,,,,,,,,
本票,北海道（釧路方面）,帯広,0243,死亡,1,2,21520,対象外,0000,631,昼－昼,晴,市街地－その他,舗装－乾燥,交差点－その他,環状交差点以外 環状交差点以外をいう。,点灯－３灯式,09,22,09,22,15,9,交差点内,規制なし,5,2,車両相互,45～54歳,75歳以上,乗用車－普通車,貨物車－軽自動車,自家用,自家用,乗用車,貨物車,指定の速度規制なし等,50㎞／ｈ以下,20,10,中破,中破,装備あり 作動,その他,装備あり 作動,装備あり 作動,負傷,死亡,土,その他,42.991262,143.189201,2019-08-24,12:38,red,,,,,,,,,,,,
本票,青森,中央,0402,死亡,1,0,00073,上,4726,201,夜－夜,曇,非市街地,舗装－湿潤,単路－その他,環状交差点以外 環状交差点以外をいう。,施設なし,00,23,00,23,05,9,単路（交差点付近を含む）,規制なし,1,2,人対車両,0～24歳,75歳以上,乗用車－軽自動車,歩行者,自家用,対象外当事者,乗用車,対象外当事者,指定の速度規制なし等,対象外当事者,80,00,中破,対象外当事者,その他,対象外当事者,その他,対象外当事者,損傷なし,死亡,木,その他,40.796547,140.735760,2019-08-29,02:58,red,,,,,,,,,,,,
本票,青森,西,0348,死亡,1,0,30000,対象外,0000,203,夜－暮,曇,市街地－その他,舗装－乾燥,単路－その他,環状交差点以外 環状交差点以外をいう。,施設なし,00,23,00,23,03,9,単路（交差点付近を含む）,規制なし,4,2,車両相互,55～64歳,65～74歳,貨物車－軽自動車,軽車両－駆動補助機付自転車,自家用,対象外当事者,貨物車,対象外当事者,40㎞／ｈ以下,対象外当事者,10,30,中破,大破,その他,対象外当事者,その他,対象外当事者,損傷なし,死亡,金,その他,40.473886,141.464463,2019-08-02,19:25,red,,,,,,,,,,,,
本票,青森,江別,0068,死亡,1,0,03390,対象外,0237,205,昼－昼,晴,市街地－その他,舗装－乾燥,交差点付近－その他,環状交差点以外 環状交差点以外をいう。,施設なし,00,23,00,23,03,9,単路（交差点付近を含む）,規制なし,4,2,車両相互,75歳以上,75歳以上,貨物車－軽自動車,軽車両－自転車,自家用,対象外当事者,貨物車,対象外当事者,50㎞／ｈ以下,対象外当事者,80,40,中破,小破,その他,対象外当事者,その他,対象外当事者,損傷なし,死亡,金,その他,40.824920,140.456456,2019-08-09,08:53,red,,,,,,,,,,,,
本票,岩手,中央,0245,死亡,1,0,10160,対象外,0000,201,夜－夜,曇,市街地－その他,舗装－乾燥,交差点－その他,環状交差点以外 環状交差点以外をいう。,点滅－１灯式,09,22,09,22,14,9,交差点内,規制なし,4,2,車両相互,65～74歳,0～24歳,乗用車－普通車,軽車両－自転車,事業用,対象外当事者,乗用車,対象外当事者,40㎞／ｈ以下,対象外当事者,10,20,小破,中破,その他,対象外当事者,その他,対象外当事者,損傷なし,死亡,火,その他,39.679081,141.152452,2019-08-13,23:30,red,,,,,,,,,,,,
本票,岩手,江別,0149,死亡,1,0,00040,下,4839,206,昼－昼,晴,非市街地,舗装－乾燥,単路－その他,環状交差点以外 環状交差点以外をいう。,施設なし,00,23,00,23,05,9,単路（交差点付近を含む）,規制なし,1,2,車両単独,55～64歳,不明,乗用車－普通車,物件等,自家用,対象外当事者,乗用車,対象外当事者,指定の速度規制なし等,対象外当事者,10,00,大破,対象外当事者,装備あり 作動,対象外当事者,その他,対象外当事者,死亡,対象外当事者,土,その他,39.275007,141.101144,2019-08-31,09:00,red,,,,,,,,,,,,
本票,岩手,江別,0150,死亡,1,1,01070,対象外,0000,206,昼－昼,曇,非市街地,舗装－乾燥,単路－その他,環状交差点以外 環状交差点以外をいう。,施設なし,00,23,00,23,03,9,単路（交差点付近を含む）,規制なし,4,2,車両相互,65～74歳,25～34歳,貨物車－大型車,貨物車－普通車,事業用,自家用,貨物車,貨物車,50㎞／ｈ以下,50㎞／ｈ以下,50,50,中破,大破,装備あり 作動,装備あり 作動,その他,その他,負傷,死亡,土,その他,39.295909,141.181730,2019-08-31,10:40,red,,,,,,,,,,,,
本票,岩手,滝川,0006,死亡,1,0,04550,対象外,0071,483,昼－昼,晴,非市街地,舗装－乾燥,単路－その他,環状交差点以外 環状交差点以外をいう。,施設なし,00,23,00,23,03,9,単路（交差点付近を含む）,規制なし,4,2,人対車両,75歳以上,75歳以上,乗用車－普通車,歩行者,自家用,対象外当事者,乗用車,対象外当事者,50㎞／ｈ以下,対象外当事者,50,00,小破,対象外当事者,その他,対象外当事者,その他,対象外当事者,損傷なし,死亡,土,その他,39.836445,141.759032,2019-08-03,08:50,red,,,,,,,,,,,,
本票,宮城,中央,0328,死亡,1,0,21320,対象外,0000,101,夜－夜,曇,非市街地,舗装－乾燥,単路－カーブ・屈折,環状交差点以外 環状交差点以外をいう。,施設なし,00,23,00,23,03,2,単路（交差点付近を含む）,規制なし,4,2,人対車両,45～54歳,25～34歳,乗用車－普通車,歩行者,事業用,対象外当事者,乗用車,対象外当事者,50㎞／ｈ以下,対象外当事者,81,00,中破,対象外当事者,その他,対象外当事者,その他,対象外当事者,損傷なし,死亡,土,前日,38.250010,140.742771,2019-08-10,00:55,red,,,,,,,,,,,,
本票,宮城,倶知安,0189,死亡,1,0,03460,対象外,0000,215,昼－昼,晴,非市街地,舗装－乾燥,単路－その他,環状交差点以外 環状交差点以外をいう。,施設なし,00,23,00,23,03,9,単路（交差点付近を含む）,規制なし,4,2,車両相互,25～34歳,65～74歳,貨物車－大型車,乗用車－軽自動車,事業用,自家用,貨物車,乗用車,50㎞／ｈ以下,50㎞／ｈ以下,10,10,小破,大破,その他,装備あり 作動,その他,その他,損傷なし,死亡,金,その他,38.495019,141.114692,2019-08-02,12:01,red,,,,,,,,,,,,
本票,秋田,白石,0057,死亡,1,0,00077,上,3748,204,夜－夜,曇,非市街地,舗装－乾燥,単路－その他,環状交差点以外 環状交差点以外をいう。,施設なし,00,23,00,23,05,9,単路（交差点付近を含む）,規制なし,4,2,人対車両,25～34歳,75歳以上,乗用車－普通車,歩行者,自家用,対象外当事者,乗用車,対象外当事者,指定の速度規制なし等,対象外当事者,10,00,中破,対象外当事者,その他,対象外当事者,その他,対象外当事者,損傷なし,死亡,火,その他,40.279685,140.458682,2019-08-20,19:38,red,,,,,,,,,,,,