資料区分,都道府県コード,警察署等コード,本票番号,事故内容,死者数,負傷者数,路線コード,上下線,地点コード,市区町村コード,昼夜,天候,地形,路面状態,道路形状,環状交差点の直径,信号機,一時停止規制　標識（当事者A）,一時停止規制　表示（当事者A）,一時停止規制　標識（当事者B）,一時停止規制　表示（当事者B）,車道幅員,道路線形,衝突地点,ゾーン規制,中央分離帯施設等,歩車道区分,事故類型,年齢（当事者A）,年齢（当事者B）,当事者種別（当事者A）,当事者種別（当事者B）,用途別（当事者A）,用途別（当事者B）,車両形状（当事者A）,車両形状（当事者B）,速度規制（指定のみ）（当事者A）,速度規制（指定のみ）（当事者B）,車両の衝突部位（当事者A）,車両の衝突部位（当事者B）,車両の損壊程度（当事者A）,車両の損壊程度（当事者B）,エアバッグの装備（当事者A）,エアバッグの装備（当事者B）,サイドエアバッグの装備（当事者A）,サイドエアバッグの装備（当事者B）,人身損傷程度（当事者A）,人身損傷程度（当事者B）,曜日(発生年月日),祝日(発生年月日),緯度,経度,発生日,発生時,color,発生地点,道路管理者区分,道路区分,道路構造,曲線半径,縦断勾配,トンネル番号,当事者車両台数,車両単独事故の対象物,臨時速度規制の有無,速度規制（臨時のみ）,トンネル延長距離
本票,秋田,滝川,0079,死亡,1,0,00070,下,2265,210,昼－昼,晴,非市街地,舗装－乾燥,交差点－その他,環状交差点以外 環状交差点以外をいう。,施設なし,09,22,01,21,15,9,交差点内,規制なし,4,2,車両相互,55～64歳,75歳以上,貨物車－普通車,軽車両－駆動補助機付自転車,自家用,対象外当事者,貨物車,対象外当事者,50㎞／ｈ以下,対象外当事者,15,14,中破,中破,その他,対象外当事者,その他,対象外当事者,損傷なし,死亡,月,その他,39.352649,140.014524,2019-08-26,07:25,red,,,,,,,,,,,,
本票,秋田,余市,0106,死亡,1,0,00130,上,2956,201,昼－昼,晴,非市街地,舗装－乾燥,単路－その他,環状交差点以外 環状交差点以外をいう。,施設なし,00,23,00,23,06,7,単路（交差点付近を含む）,規制なし,1,2,車両相互,45～54歳,25～34歳,乗用車－普通車,二輪車－自動二輪－小型二輪－751ｃｃ以上,自家用,自家用,乗用車,対象外当事者,指定の速度規制なし等,指定の速度規制なし等,40,10,中破,大破,その他,対象外当事者,装備あり 作動,対象外当事者,損傷なし,死亡,日,当日,39.669764,140.162578,2019-08-11,11:37,red,,,,,,,,,,,,
本票,秋田,伊達,0071,死亡,1,3,00130,上,2687,212,昼－昼,晴,非市街地,舗装－乾燥,単路－カーブ・屈折,環状交差点以外 環状交差点以外をいう。,施設なし,00,23,00,23,03,6,単路（交差点付近を含む）,規制なし,4,2,車両相互,55～64歳,0～24歳,乗用車－普通車,乗用車－普通車,自家用,自家用,乗用車,乗用車,指定の速度規制なし等,指定の速度規制なし等,10,10,中破,中破,装備あり 作動,装備あり 作動,装備あり 作動,その他,負傷,負傷,日,その他,39.550132,140.383276,2019-08-04,16:15,red,,,,,,,,,,,,
本票,山形,中央,0843,死亡,1,0,30000,対象外,0000,301,夜－夜,晴,非市街地,舗装－乾燥,単路－カーブ・屈折,環状交差点以外 環状交差点以外をいう。,施設なし,00,23,00,23,03,6,単路（交差点付近を含む）,規制なし,4,3,車両単独,55～64歳,不明,乗用車－普通車,物件等,自家用,対象外当事者,乗用車,対象外当事者,指定の速度規制なし等,対象外当事者,10,00,大破,対象外当事者,装備あり 作動,対象外当事者,その他,対象外当事者,死亡,対象外当事者,土,前日,38.272778,140.206833,2019-08-10,00:00,red,,,,,,,,,,,,
本票,山形,中央,0884,死亡,1,2,10200,対象外,0000,201,昼－昼,曇,市街地－人口集中,舗装－乾燥,交差点－その他,環状交差点以外 環状交差点以外をいう。,点灯－３灯式,09,21,09,21,18,9,交差点内,規制なし,1,2,車両相互,75歳以上,0～24歳,乗用車－軽自動車,乗用車－軽自動車,自家用,自家用,乗用車,乗用車,指定の速度規制なし等,指定の速度規制なし等,10,80,中破,中破,装備あり 作動,装備あり 作動,その他,その他,負傷,負傷,木,その他,38.278944,140.314944,2019-08-22,06:49,red,,,,,,,,,,,,
本票,福島,千歳,0052,死亡,1,0,10000,対象外,0000,210,夜－夜,晴,非市街地,舗装－乾燥,単路－その他,環状交差点以外 環状交差点以外をいう。,施設なし,00,23,00,23,03,8,単路（交差点付近を含む）,規制なし,4,3,人対車両,55～64歳,75歳以上,乗用車－軽自動車,歩行者,自家用,対象外当事者,乗用車,対象外当事者,50㎞／ｈ以下,対象外当事者,10,00,中破,対象外当事者,その他,対象外当事者,その他,対象外当事者,損傷なし,死亡,火,その他,37.582514,140.504876,2019-08-06,21:45,red,,,,,,,,,,,,
本票,福島,野辺地,0109,死亡,1,0,30000,対象外,0000,461,昼－明,曇,非市街地,舗装－湿潤,単路－その他,環状交差点以外 環状交差点以外をいう。,施設なし,00,23,00,23,03,9,単路（交差点付近を含む）,規制なし,4,2,人対車両,0～24歳,55～64歳,乗用車－軽自動車,歩行者,自家用,対象外当事者,乗用車,対象外当事者,50㎞／ｈ以下,対象外当事者,10,00,小破,対象外当事者,その他,対象外当事者,その他,対象外当事者,損傷なし,死亡,火,その他,37.138758,140.112983,2019-08-27,05:20,red,,,,,,,,,,,,
本票,福島,苫小牧,0141,死亡,1,3,30000,対象外,0000,204,昼－昼,曇,市街地－人口集中,舗装－乾燥,単路－その他,環状交差点以外 環状交差点以外をいう。,施設なし,00,23,00,23,03,9,単路（交差点付近を含む）,規制なし,4,2,車両相互,35～44歳,55～64歳,乗用車－普通車,乗用車－軽自動車,自家用,自家用,乗用車,乗用車,40㎞／ｈ以下,40㎞／ｈ以下,30,10,小破,中破,その他,装備あり 作動,その他,その他,負傷,死亡,金,その他,36.961314,140.896596,2019-08-30,15:46,red,,,,,,,,,,,,
本票,福島,北,0053,死亡,1,0,30000,対象外,0000,212,夜－夜,曇,市街地－人口集中,舗装－乾燥,交差点付近－その他,環状交差点以外 環状交差点以外をいう。,施設なし,00,23,00,23,03,9,単路（交差点付近を含む）,規制なし,4,2,人対車両,65～74歳,55～64歳,乗用車－軽自動車,歩行者,自家用,対象外当事者,乗用車,対象外当事者,40㎞／ｈ以下,対象外当事者,13,00,小破,対象外当事者,その他,対象外当事者,その他,対象外当事者,損傷なし,死亡,土,前日,37.632813,140.949544,2019-08-10,21:57,red,,,,,,,,,,,,
本票,福島,厚別,0249,死亡,1,0,30000,対象外,0000,203,夜－暮,晴,市街地－人口集中,舗装－乾燥,踏切－第一種,環状交差点以外 環状交差点以外をいう。,施設なし,00,23,00,23,02,9,その他,規制なし,5,4,列車,25～34歳,0～24歳,列車,歩行者,対象外当事者,対象外当事者,対象外当事者,対象外当事者,対象外当事者,対象外当事者,80,00,損壊なし,対象外当事者,対象外当事者,対象外当事者,対象外当事者,対象外当事者,損傷なし,死亡,火,その他,37.424779,140.363442,2019-06-25,19:53,red,,,,,,,,,,,,
本票,東京,高速道路交通警察隊,0411,死亡,1,0,50040,下,0000,103,夜－夜,晴,市街地－人口集中,舗装－乾燥,単路－トンネル,環状交差点以外 環状交差点以外をいう。,施設なし,00,23,00,23,03,3,単路（交差点付近を含む）,規制なし,1,4,車両単独,25～34歳,不明,二輪車－自動二輪－小型二輪－401～750ｃｃ,物件等,自家用,対象外当事者,対象外当事者,対象外当事者,50㎞／ｈ以下,対象外当事者,20,00,中破,対象外当事者,対象外当事者,対象外当事者,対象外当事者,対象外当事者,死亡,対象外当事者,日,当日,35.659637,139.736804,2019-08-11,02:38,red,0,首都高速道路,走行車線－第二通行帯以上,完全分離－トンネル,カーブ－100m以上,平坦・該当なし,朝里,1,防護柵－トンネル壁,該当なし,50㎞/h以下,106
本票,東京,蒲田,0172,死亡,1,1,10200,対象外,0000,111,昼－昼,曇,市街地－人口集中,舗装－乾燥,単路－その他,環状交差点以外 環状交差点以外をいう。,点灯－３灯式,00,23,00,23,05,9,単路（交差点付近を含む）,規制なし,1,1,車両相互,55～64歳,45～54歳,貨物車－中型車,貨物車－中型車,事業用,事業用,貨物車,貨物車,指定の速度規制なし等,指定の速度規制なし等,10,78,大破,小破,装備あり 作動,その他,その他,その他,死亡,負傷,火,その他,35.558338,139.720340,2019-08-20,06:54,red,,,,,,,,,,,,
本票,東京,世田谷,0289,死亡,1,0,10130,対象外,0000,112,昼－昼,晴,市街地－人口集中,舗装－乾燥,単路－その他,環状交差点以外 環状交差点以外をいう。,施設なし,00,23,00,23,04,9,単路（交差点付近を含む）,規制なし,1,1,人対車両,0～24歳,55～64歳,貨物車－準中型車,歩行者,自家用,対象外当事者,貨物車,対象外当事者,50㎞／ｈ以下,対象外当事者,88,00,小破,対象外当事者,その他,対象外当事者,その他,対象外当事者,損傷なし,死亡,金,その他,35.629092,139.673750,2019-08-02,15:20,red,,,,,,,,,,,,
本票,東京,新宿,0168,死亡,1,0,20000,対象外,0000,104,夜－夜,晴,市街地－人口集中,舗装－乾燥,単路－その他,環状交差点以外 環状交差点以外をいう。,施設なし,00,23,00,23,05,8,単路（交差点付近を含む）,規制なし,1,2,人対車両,55～64歳,35～44歳,貨物車－大型車,歩行者,自家用,対象外当事者,貨物車,対象外当事者,指定の速度規制なし等,対象外当事者,10,00,損壊なし,対象外当事者,その他,対象外当事者,その他,対象外当事者,損傷なし,死亡,水,その他,35.686806,139.691515,2019-06-26,01:52,red,,,,,,,,,,,,
本票,東京,滝野川,0105,死亡,1,0,10090,対象外,0000,117,夜－夜,曇,市街地－人口集中,舗装－湿潤,交差点－その他,環状交差点以外 環状交差点以外をいう。,点灯－３灯式,09,22,00,23,17,9,その他,規制なし,4,2,人対車両,65～74歳,75歳以上,乗用車－普通車,歩行者,事業用,対象外当事者,乗用車,対象外当事者,50㎞／ｈ以下,対象外当事者,10,00,小破,対象外当事者,その他,対象外当事者,その他,対象外当事者,損傷なし,死亡,水,その他,35.747131,139.754604,2019-08-28,02:04,red,,,,,,,,,,,,
本票,東京,本所,0139,死亡,1,1,00060,上,0055,107,夜－夜,曇,市街地－人口集中,舗装－乾燥,交差点－その他,環状交差点以外 環状交差点以外をいう。,点灯－３灯式,09,22,09,22,15,9,交差点内,規制なし,5,2,車両相互,65～74歳,65～74歳,貨物車－普通車,軽車両－自転車,自家用,対象外当事者,貨物車,対象外当事者,60㎞／ｈ以下,対象外当事者,10,30,大破,大破,その他,対象外当事者,その他,対象外当事者,損傷なし,死亡,月,当日,35.715799,139.810140,2019-08-12,02:32,red,,,,,,,,,,,,
本票,東京,亀有,0290,死亡,1,0,30000,対象外,0000,122,昼－暮,晴,市街地－人口集中,舗装－乾燥,単路－その他,環状交差点以外 環状交差点以外をいう。,施設なし,00,23,00,23,04,9,単路（交差点付近を含む）,規制なし,4,2,人対車両,55～64歳,75歳以上,乗用車－普通車,歩行者,自家用,対象外当事者,乗用車,対象外当事者,60㎞／ｈ以下,対象外当事者,10,00,小破,対象外当事者,その他,対象外当事者,その他,対象外当事者,損傷なし,死亡,金,その他,35.774672,139.862396,2019-08-23,17:45,red,,,,,,,,,,,,
本票,東京,葛西,0338,死亡,1,0,30000,対象外,0000,123,昼－昼,晴,市街地－人口集中,舗装－乾燥,交差点－その他,環状交差点以外 環状交差点以外をいう。,施設なし,09,22,08,21,14,9,交差点内,規制なし,5,2,車両相互,35～44歳,75歳以上,乗用車－普通車,軽車両－自転車,自家用,対象外当事者,乗用車,対象外当事者,30㎞／ｈ以下,対象外当事者,80,20,小破,小破,その他,対象外当事者,その他,対象外当事者,損傷なし,死亡,土,その他,35.672782,139.882238,2019-08-17,07:35,red,,,,,,,,,,,,
本票,東京,東大和,0274,死亡,1,0,30000,対象外,0000,220,昼－昼,曇,市街地－その他,舗装－湿潤,交差点－その他,環状交差点以外 環状交差点以外をいう。,点灯－３灯式,09,22,09,22,15,9,交差点内,規制なし,5,2,車両相互,55～64歳,75歳以上,貨物車－普通車,軽車両－自転車,自家用,対象外当事者,貨物車,対象外当事者,40㎞／ｈ以下,対象外当事者,10,20,小破,小破,その他,対象外当事者,その他,対象外当事者,損傷なし,死亡,火,その他,35.745919,139.444459,2019-08-20,15:50,red,,,,,,,,,,,,
本票,東京,福生,0349,死亡,1,0,30000,対象外,0000,218,昼－昼,晴,市街地－人口集中,舗装－乾燥,交差点－その他,環状交差点以外 環状交差点以外をいう。,施設なし,09,22,00,23,14,9,交差点内,規制なし,5,3,人対車両,25～34歳,45～54歳,貨物車－準中型車,歩行者,事業用,対象外当事者,貨物車,対象外当事者,指定の速度規制なし等,対象外当事者,30,00,損壊なし,対象外当事者,その他,対象外当事者,その他,対象外当事者,損傷なし,死亡,木,その他,35.746830,139.323904,2019-08-29,08:30,red,,,,,,,,,,,,
本票,東京,町田,0446,死亡,1,4,30000,対象外,0000,209,夜－夜,晴,市街地－人口集中,舗装－乾燥,単路－カーブ・屈折,環状交差点以外 環状交差点以外をいう。,施設なし,00,23,00,23,03,3,単路（交差点付近を含む）,規制なし,4,2,車両単独,0～24歳,不明,乗用車－軽自動車,物件等,自家用,対象外当事者,乗用車,対象外当事者,30㎞／ｈ以下,対象外当事者,40,00,中破,対象外当事者,その他,対象外当事者,その他,対象外当事者,負傷,対象外当事者,火,その他,35.589376,139.401122,2019-08-06,01:22,red,,,,,,,,,,,,
本票,東京,小金井,0191,死亡,1,0,20820,対象外,0000,214,夜－夜,晴,市街地－人口集中,舗装－乾燥,単路－その他,環状交差点以外 環状交差点以外をいう。,施設なし,00,23,00,23,03,9,単路（交差点付近を含む）,規制なし,4,3,人対車両,45～54歳,65～74歳,貨物車－軽自動車,歩行者,事業用,対象外当事者,貨物車,対象外当事者,30㎞／ｈ以下,対象外当事者,10,00,小破,対象外当事者,その他,対象外当事者,その他,対象外当事者,損傷なし,死亡,木,その他,35.692989,139.480919,2019-08-29,23:58,red,,,,,,,,,,,,
本票,茨城,高速道路交通警察隊,0040,死亡,1,0,42120,下,0000,201,昼－明,晴,非市街地,舗装－乾燥,単路－その他,環状交差点以外 環状交差点以外をいう。,施設なし,00,23,00,23,04,9,単路（交差点付近を含む）,規制なし,1,3,車両単独,0～24歳,不明,二輪車－自動二輪－軽二輪－126～250cc,物件等,自家用,対象外当事者,対象外当事者,対象外当事者,指定の速度規制なし等,対象外当事者,14,00,中破,対象外当事者,対象外当事者,対象外当事者,対象外当事者,対象外当事者,死亡,対象外当事者,土,その他,36.329911,140.355117,2019-08-17,05:00,red,754,東日本高速道路,走行車線－第二通行帯以上,完全分離－切土,直線,平坦・該当なし,,1,防護柵－ガードケーブル,該当なし,該当なし,0
本票,茨城,中央,0691,死亡,1,0,30000,対象外,0000,201,昼－昼,晴,非市街地,舗装－乾燥,交差点－その他,環状交差点以外 環状交差点以外をいう。,施設なし,09,22,09,22,11,9,交差点内,規制なし,5,4,車両相互,25～34歳,0～24歳,貨物車－普通車,軽車両－自転車,事業用,対象外当事者,貨物車,対象外当事者,指定の速度規制なし等,対象外当事者,80,14,小破,小破,その他,対象外当事者,その他,対象外当事者,損傷なし,死亡,月,その他,36.326325,140.485562,2019-08-19,14:35,red,,,,,,,,,,,,
本票,茨城,中央,0692,死亡,1,0,10500,対象外,0000,201,夜－夜,曇,市街地－人口集中,舗装－乾燥,交差点－その他,環状交差点以外 環状交差点以外をいう。,施設なし,01,21,09,22,15,9,交差点内,規制なし,4,2,車両相互,0～24歳,0～24歳,乗用車－軽自動車,二輪車－自動二輪－軽二輪－126～250cc,自家用,自家用,乗用車,対象外当事者,指定の速度規制なし等,50㎞／ｈ以下,20,14,小破,小破,その他,対象外当事者,その他,対象外当事者,損傷なし,死亡,月,その他,36.330792,140.440313,2019-08-19,22:26,red,,,,,,,,,,,,
本票,茨城,江別,0100,死亡,1,0,10620,対象外,0000,226,昼－昼,曇,非市街地,舗装－乾燥,単路－カーブ・屈折,環状交差点以外 環状交差点以外をいう。,施設なし,00,23,00,23,03,3,単路（交差点付近を含む）,規制なし,4,2,車両相互,65～74歳,75歳以上,貨物車－大型車,乗用車－普通車,事業用,自家用,貨物車,乗用車,40㎞／ｈ以下,40㎞／ｈ以下,50,10,大破,大破,その他,装備あり 作動,その他,その他,損傷なし,死亡,木,その他,36.487794,140.507498,2019-08-22,16:17,red,,,,,,,,,,,,
本票,茨城,岩見沢,0036,死亡,1,0,02930,対象外,0000,212,夜－夜,曇,非市街地,舗装－乾燥,単路－カーブ・屈折,環状交差点以外 環状交差点以外をいう。,施設なし,00,23,00,23,03,2,その他,規制なし,4,2,車両単独,55～64歳,不明,乗用車－軽自動車,相手なし,自家用,対象外当事者,乗用車,対象外当事者,50㎞／ｈ以下,対象外当事者,10,00,大破,対象外当事者,装備あり 作動,対象外当事者,その他,対象外当事者,死亡,対象外当事者,木,その他,36.545097,140.499137,2018-03-22,21:40,red,,,,,,,,,,,,
本票,茨城,美唄,0076,死亡,1,1,10180,対象外,0000,234,昼－昼,晴,非市街地,舗装－乾燥,単路－その他,環状交差点以外 環状交差点以外をいう。,施設なし,00,23,00,23,03,9,単路（交差点付近を含む）,規制なし,4,2,車両相互,0～24歳,0～24歳,二輪車－原付自転車,二輪車－原付自転車,自家用,自家用,対象外当事者,対象外当事者,指定の速度規制なし等,指定の速度規制なし等,14,00,中破,損壊なし,対象外当事者,対象外当事者,対象外当事者,対象外当事者,死亡,損傷なし,木,その他,36.192512,140.463104,2019-08-15,12:25,red,,,,,,,,,,,,
本票,茨城,芦別,0397,死亡,2,4,03540,対象外,0000,230,夜－明,曇,非市街地,舗装－湿潤,単路－カーブ・屈折,環状交差点以外 環状交差点以外をいう。,施設なし,00,23,00,23,03,6,単路（交差点付近を含む）,規制なし,4,2,車両相互,0～24歳,65～74歳,乗用車－普通車,乗用車－軽自動車,自家用,自家用,乗用車,乗用車,50㎞／ｈ以下,50㎞／ｈ以下,81,81,大破,大破,装備あり 作動,装備あり 作動,その他,その他,負傷,死亡,日,その他,36.095459,140.265603,2019-08-25,04:15,red,,,,,,,,,,,,
本票,茨城,倶知安,0055,死亡,1,0,04080,対象外,0000,220,夜－暮,晴,非市街地,舗装－乾燥,交差点－その他,環状交差点以外 環状交差点以外をいう。,施設なし,09,22,00,23,17,9,交差点内,規制なし,1,2,人対車両,25～34歳,75歳以上,貨物車－普通車,歩行者,自家用,対象外当事者,貨物車,対象外当事者,指定の速度規制なし等,対象外当事者,50,00,小破,対象外当事者,その他,対象外当事者,その他,対象外当事者,損傷なし,死亡,金,その他,36.177765,140.071507,2019-08-30,18:35,red,,,,,,,,,,,,
本票,茨城,南,0203,死亡,1,1,30000,対象外,0000,217,夜－暮,晴,市街地－人口集中,舗装－乾燥,単路－その他,環状交差点以外 環状交差点以外をいう。,施設なし,00,23,00,23,03,9,単路（交差点付近を含む）,規制なし,4,2,人対車両,25～34歳,75歳以上,二輪車－自動二輪－小型二輪－751ｃｃ以上,歩行者,自家用,対象外当事者,対象外当事者,対象外当事者,40㎞／ｈ以下,対象外当事者,12,00,小破,対象外当事者,対象外当事者,対象外当事者,対象外当事者,対象外当事者,負傷,死亡,土,前日,35.893255,140.077304,2019-08-10,19:25,red,,,,,,,,,,,,
本票,茨城,北,0278,死亡,1,0,30000,対象外,0000,219,夜－夜,曇,市街地－人口集中,舗装－乾燥,単路－その他,環状交差点以外 環状交差点以外をいう。,施設なし,00,23,00,23,03,9,単路（交差点付近を含む）,規制なし,4,2,人対車両,25～34歳,75歳以上,乗用車－普通車,歩行者,自家用,対象外当事者,乗用車,対象外当事者,30㎞／ｈ以下,対象外当事者,10,00,小破,対象外当事者,その他,対象外当事者,その他,対象外当事者,損傷なし,死亡,月,その他,35.962986,140.150491,2019-08-19,20:26,red,,,,,,,,,,,,
本票,茨城,豊平,0333,死亡,1,0,30000,対象外,0000,221,夜－夜,曇,非市街地,舗装－乾燥,単路－カーブ・屈折,環状交差点以外 環状交差点以外をいう。,施設なし,00,23,00,23,03,3,単路（交差点付近を含む）,規制なし,4,4,車両単独,35～44歳,不明,乗用車－軽自動車,物件等,自家用,対象外当事者,乗用車,対象外当事者,50㎞／ｈ以下,対象外当事者,51,00,中破,対象外当事者,装備あり 作動,対象外当事者,その他,対象外当事者,死亡,対象外当事者,水,その他,36.422333,140.511432,2019-08-14,00:35,red,,,,,,,,,,,,
本票,栃木,江別,0105,死亡,2,0,10060,対象外,0000,205,夜－夜,雨,市街地－その他,舗装－湿潤,単路－その他,環状交差点以外 環状交差点以外をいう。,施設なし,00,23,00,23,04,9,単路（交差点付近を含む）,規制なし,1,2,車両相互,45～54歳,0～24歳,乗用車－普通車,乗用車－普通車,自家用,自家用,乗用車,乗用車,50㎞／ｈ以下,50㎞／ｈ以下,50,50,小破,大破,その他,その他,その他,その他,損傷なし,死亡,金,その他,36.541495,139.815611,2019-08-23,23:26,red,,,,,,,,,,,,
本票,栃木,千歳,0089,死亡,1,0,02940,対象外,0000,209,夜－暮,晴,非市街地,舗装－乾燥,交差点－その他,環状交差点以外 環状交差点以外をいう。,点灯－３灯式,09,22,00,23,18,9,交差点内,規制なし,5,2,車両単独,45～54歳,不明,二輪車－自動二輪－小型二輪－251～400cc,物件等,自家用,対象外当事者,対象外当事者,対象外当事者,50㎞／ｈ以下,対象外当事者,12,00,中破,対象外当事者,対象外当事者,対象外当事者,対象外当事者,対象外当事者,死亡,対象外当事者,日,その他,36.407187,139.974990,2019-08-04,19:30,red,,,,,,,,,,,,
本票,栃木,千歳,0094,死亡,1,0,22570,対象外,0000,342,昼－明,晴,非市街地,舗装－乾燥,単路－カーブ・屈折,環状交差点以外 環状交差点以外をいう。,施設なし,00,23,00,23,03,3,単路（交差点付近を含む）,規制なし,4,2,車両単独,45～54歳,不明,二輪車－自動二輪－小型二輪－751ｃｃ以上,物件等,自家用,対象外当事者,対象外当事者,対象外当事者,50㎞／ｈ以下,対象外当事者,40,00,中破,対象外当事者,対象外当事者,対象外当事者,対象外当事者,対象外当事者,死亡,対象外当事者,土,前日,36.431968,140.097613,2019-08-10,05:50,red,,,,,,,,,,,,
本票,栃木,岩見沢,0266,死亡,2,1,00041,下,0793,208,昼－暮,晴,非市街地,舗装－乾燥,交差点－その他,環状交差点以外 環状交差点以外をいう。,点灯－３灯式,09,22,09,22,18,9,交差点内,規制なし,1,2,車両相互,25～34歳,45～54歳,乗用車－軽自動車,二輪車－自動二輪－小型二輪－751ｃｃ以上,自家用,自家用,乗用車,対象外当事者,指定の速度規制なし等,指定の速度規制なし等,47,10,大破,大破,その他,対象外当事者,その他,対象外当事者,負傷,死亡,日,その他,36.345666,139.852621,2019-08-18,18:27,red,,,,,,,,,,,,
本票,栃木,美唄,0173,死亡,1,1,02940,対象外,0000,407,昼－昼,晴,非市街地,舗装－乾燥,単路－カーブ・屈折,環状交差点以外 環状交差点以外をいう。,施設なし,00,23,00,23,03,6,単路（交差点付近を含む）,規制なし,5,4,車両相互,65～74歳,75歳以上,貨物車－大型車,貨物車－普通車,事業用,自家用,貨物車,貨物車,指定の速度規制なし等,指定の速度規制なし等,50,10,中破,大破,その他,その他,その他,その他,負傷,死亡,土,前日,37.066974,140.183190,2019-08-10,06:16,red,,,,,,,,,,,,
本票,栃木,美唄,0180,死亡,1,4,10170,対象外,0000,407,昼－昼,晴,非市街地,舗装－乾燥,単路－カーブ・屈折,環状交差点以外 環状交差点以外をいう。,施設なし,00,23,00,23,03,1,単路（交差点付近を含む）,規制なし,4,4,車両相互,35～44歳,55～64歳,乗用車－普通車,貨物車－軽自動車,自家用,自家用,乗用車,貨物車,50㎞／ｈ以下,50㎞／ｈ以下,10,10,大破,大破,装備あり 作動,その他,その他,その他,負傷,死亡,水,その他,37.073751,140.012931,2019-08-14,11:51,red,,,,,,,,,,,,
本票,群馬,江別,0143,死亡,1,0,37000,対象外,0000,384,昼－昼,晴,市街地－人口集中,舗装－乾燥,交差点付近－その他,環状交差点以外 環状交差点以外をいう。,施設なし,00,23,00,23,02,3,単路（交差点付近を含む）,規制なし,5,3,車両単独,65～74歳,不明,二輪車－原付自転車,物件等,自家用,対象外当事者,対象外当事者,対象外当事者,指定の速度規制なし等,対象外当事者,10,00,中破,対象外当事者,対象外当事者,対象外当事者,対象外当事者,対象外当事者,死亡,対象外当事者,日,当日,36.249069,138.943012,2019-08-11,13:32,red,,,,,,,,,,,,
本票,群馬,つがる,1188,死亡,1,4,10700,対象外,0000,204,夜－夜,雨,市街地－人口集中,舗装－湿潤,交差点－その他,環状交差点以外 環状交差点以外をいう。,施設なし,09,22,01,21,14,9,交差点内,規制なし,1,2,車両相互,0～24歳,45～54歳,乗用車－普通車,乗用車－普通車,自家用,自家用,乗用車,乗用車,指定の速度規制なし等,指定の速度規制なし等,10,60,中破,大破,装備あり 作動,その他,その他,その他,負傷,死亡,水,その他,36.325618,139.169090,2019-08-21,22:21,red,,,,,,,,,,,,
本票,群馬,美唄,0925,死亡,1,0,37000,対象外,0000,205,夜－夜,晴,市街地－その他,舗装－乾燥,単路－その他,環状交差点以外 環状交差点以外をいう。,施設なし,00,23,00,23,03,9,単路（交差点付近を含む）,規制なし,4,3,車両単独,55～64歳,不明,貨物車－軽自動車,物件等,自家用,対象外当事者,貨物車,対象外当事者,40㎞／ｈ以下,対象外当事者,11,00,中破,対象外当事者,その他,対象外当事者,その他,対象外当事者,死亡,対象外当事者,火,その他,36.354657,139.285493,2019-08-06,02:57,red,,,,,,,,,,,,
本票,群馬,美唄,0947,死亡,1,0,37000,対象外,0000,205,夜－夜,晴,市街地－その他,舗装－乾燥,単路－その他,環状交差点以外 環状交差点以外をいう。,施設なし,00,23,00,23,01,9,単路（交差点付近を含む）,規制なし,5,4,人対車両,55～64歳,55～64歳,乗用車－普通車,歩行者,自家用,対象外当事者,乗用車,対象外当事者,指定の速度規制なし等,対象外当事者,10,00,損壊なし,対象外当事者,その他,対象外当事者,その他,対象外当事者,損傷なし,死亡,金,その他,36.269305,139.350913,2019-08-09,23:35,red,,,,,,,,,,,,
本票,群馬,小樽,0149,死亡,1,3,21010,対象外,0000,206,昼－昼,晴,非市街地,舗装－乾燥,単路－その他,環状交差点以外 環状交差点以外をいう。,施設なし,00,23,00,23,03,8,単路（交差点付近を含む）,規制なし,4,3,車両相互,0～24歳,55～64歳,乗用車－普通車,二輪車－自動二輪－小型二輪－751ｃｃ以上,自家用,自家用,乗用車,対象外当事者,指定の速度規制なし等,40㎞／ｈ以下,20,10,中破,大破,その他,対象外当事者,その他,対象外当事者,損傷なし,死亡,日,その他,36.580162,139.176110,2019-08-04,09:10,red,,,,,,,,,,,,
本票,群馬,余市,0093,死亡,1,0,10560,対象外,0000,429,夜－暮,晴,非市街地,舗装－乾燥,交差点付近－その他,環状交差点以外 環状交差点以外をいう。,施設なし,00,23,00,23,03,9,単路（交差点付近を含む）,規制なし,4,2,人対車両,45～54歳,25～34歳,乗用車－軽自動車,歩行者,自家用,対象外当事者,乗用車,対象外当事者,40㎞／ｈ以下,対象外当事者,00,00,小破,対象外当事者,その他,対象外当事者,その他,対象外当事者,損傷なし,死亡,火,その他,36.573522,138.857556,2019-08-20,18:50,red,,,,,,,,,,,,
本票,埼玉,西,0642,死亡,1,0,10010,対象外,0000,203,昼－昼,曇,非市街地,舗装－乾燥,交差点－その他,環状交差点以外 環状交差点以外をいう。,点灯－３灯式,09,22,09,22,18,9,交差点内,規制なし,1,1,車両相互,25～34歳,0～24歳,貨物車－大型車,軽車両－自転車,事業用,対象外当事者,貨物車,対象外当事者,30㎞／ｈ以下,対象外当事者,80,13,小破,大破,その他,対象外当事者,その他,対象外当事者,損傷なし,死亡,金,その他,35.850934,139.707232,2019-08-30,16:22,red,,,,,,,,,,,,
本票,埼玉,つがる,0638,死亡,1,1,39990,対象外,0000,208,昼－昼,晴,非市街地,舗装－乾燥,単路－その他,環状交差点以外 環状交差点以外をいう。,施設なし,00,23,00,23,03,9,単路（交差点付近を含む）,規制なし,4,3,車両相互,35～44歳,35～44歳,乗用車－普通車,乗用車－普通車,自家用,自家用,乗用車,乗用車,40㎞／ｈ以下,40㎞／ｈ以下,18,31,大破,大破,装備あり 作動,装備あり 作動,その他,その他,損傷なし,死亡,月,その他,35.836513,139.457084,2019-08-26,08:44,red,,,,,,,,,,,,