資料区分,都道府県コード,警察署等コード,本票番号,事故内容,死者数,負傷者数,路線コード,上下線,地点コード,市区町村コード,昼夜,天候,地形,路面状態,道路形状,環状交差点の直径,信号機,一時停止規制　標識（当事者A）,一時停止規制　表示（当事者A）,一時停止規制　標識（当事者B）,一時停止規制　表示（当事者B）,車道幅員,道路線形,衝突地点,ゾーン規制,中央分離帯施設等,歩車道区分,事故類型,年齢（当事者A）,年齢（当事者B）,当事者種別（当事者A）,当事者種別（当事者B）,用途別（当事者A）,用途別（当事者B）,車両形状（当事者A）,車両形状（当事者B）,速度規制（指定のみ）（当事者A）,速度規制（指定のみ）（当事者B）,車両の衝突部位（当事者A）,車両の衝突部位（当事者B）,車両の損壊程度（当事者A）,車両の損壊程度（当事者B）,エアバッグの装備（当事者A）,エアバッグの装備（当事者B）,サイドエアバッグの装備（当事者A）,サイドエアバッグの装備（当事者B）,人身損傷程度（当事者A）,人身損傷程度（当事者B）,曜日(発生年月日),祝日(発生年月日),緯度,経度,発生日,発生時,color,発生地点,道路管理者区分,道路区分,道路構造,曲線半径,縦断勾配,トンネル番号,当事者車両台数,車両単独事故の対象物,臨時速度規制の有無,速度規制（臨時のみ）,トンネル延長距離
本票,埼玉,砂川,0218,死亡,3,1,10700,対象外,0000,209,昼－昼,晴,市街地－その他,舗装－乾燥,単路－その他,環状交差点以外 環状交差点以外をいう。,施設なし,00,23,00,23,03,9,単路（交差点付近を含む）,規制なし,4,2,車両相互,35～44歳,35～44歳,貨物車－中型車,乗用車－軽自動車,自家用,自家用,貨物車,乗用車,40㎞／ｈ以下,40㎞／ｈ以下,10,10,大破,大破,その他,装備あり 作動,その他,その他,負傷,死亡,土,その他,35.859304,139.299196,2019-08-17,16:49,red,,,,,,,,,,,,
本票,埼玉,室蘭,0176,死亡,1,0,21280,対象外,0000,206,夜－夜,晴,市街地－その他,舗装－乾燥,単路－カーブ・屈折,環状交差点以外 環状交差点以外をいう。,施設なし,00,23,00,23,03,3,単路（交差点付近を含む）,規制なし,4,3,人対車両,65～74歳,75歳以上,乗用車－普通車,歩行者,自家用,対象外当事者,乗用車,対象外当事者,40㎞／ｈ以下,対象外当事者,80,00,小破,対象外当事者,その他,対象外当事者,その他,対象外当事者,損傷なし,死亡,月,その他,36.160704,139.439099,2019-08-26,20:14,red,,,,,,,,,,,,
本票,埼玉,南,0523,死亡,1,0,04630,対象外,0000,222,昼－昼,晴,市街地－その他,舗装－乾燥,交差点付近－その他,環状交差点以外 環状交差点以外をいう。,施設なし,00,23,00,23,04,9,単路（交差点付近を含む）,規制なし,1,2,車両単独,65～74歳,不明,乗用車－普通車,物件等,自家用,対象外当事者,乗用車,対象外当事者,指定の速度規制なし等,対象外当事者,81,00,大破,対象外当事者,装備あり 作動,対象外当事者,その他,対象外当事者,損傷なし,対象外当事者,金,その他,35.899664,139.765465,2019-08-02,11:40,red,,,,,,,,,,,,
本票,埼玉,上尾,0622,死亡,1,0,39990,対象外,0000,219,昼－暮,曇,市街地－人口集中,舗装－乾燥,単路－カーブ・屈折,環状交差点以外 環状交差点以外をいう。,施設なし,00,23,00,23,03,6,単路（交差点付近を含む）,規制なし,5,4,車両相互,35～44歳,55～64歳,乗用車－普通車,二輪車－原付自転車,自家用,自家用,乗用車,対象外当事者,30㎞／ｈ以下,30㎞／ｈ以下,80,10,小破,中破,その他,対象外当事者,その他,対象外当事者,損傷なし,死亡,木,その他,35.958510,139.635906,2019-08-15,17:58,red,,,,,,,,,,,,
本票,埼玉,東入間,0349,死亡,1,0,99000,対象外,0000,245,昼－明,晴,市街地－人口集中,舗装－乾燥,一般交通の場所,環状交差点以外 環状交差点以外をいう。,施設なし,00,23,00,23,00,0,その他,規制なし,0,4,車両単独,75歳以上,不明,乗用車－普通車,物件等,自家用,対象外当事者,乗用車,対象外当事者,指定の速度規制なし等,対象外当事者,10,00,中破,対象外当事者,装備あり 作動,対象外当事者,その他,対象外当事者,死亡,対象外当事者,火,その他,35.877304,139.515468,2019-08-06,05:38,red,,,,,,,,,,,,
本票,埼玉,大宮西,0221,死亡,1,1,10560,対象外,0000,101,昼－昼,晴,市街地－その他,舗装－乾燥,交差点付近－その他,環状交差点以外 環状交差点以外をいう。,点灯－押ボタン式,00,23,00,23,03,6,単路（交差点付近を含む）,規制なし,4,1,車両相互,55～64歳,65～74歳,貨物車－大型車,貨物車－普通車,事業用,自家用,貨物車,貨物車,40㎞／ｈ以下,40㎞／ｈ以下,10,10,中破,大破,その他,装備あり 作動,その他,その他,負傷,死亡,土,その他,35.896932,139.581596,2019-08-03,16:32,red,,,,,,,,,,,,
本票,埼玉,大宮西,0223,死亡,1,0,10020,対象外,0000,101,夜－夜,曇,市街地－人口集中,舗装－乾燥,交差点付近－その他,環状交差点以外 環状交差点以外をいう。,施設なし,00,23,00,23,03,9,単路（交差点付近を含む）,規制なし,4,3,人対車両,25～34歳,75歳以上,乗用車－普通車,歩行者,自家用,対象外当事者,乗用車,対象外当事者,40㎞／ｈ以下,対象外当事者,10,00,小破,対象外当事者,その他,対象外当事者,その他,対象外当事者,損傷なし,死亡,月,その他,35.911286,139.587904,2019-08-05,00:17,red,,,,,,,,,,,,
本票,千葉,中央,0535,死亡,1,0,00140,下,0000,101,夜－夜,晴,市街地－人口集中,舗装－乾燥,交差点付近－その他,環状交差点以外 環状交差点以外をいう。,施設なし,00,23,00,23,04,9,単路（交差点付近を含む）,規制なし,4,2,人対車両,65～74歳,75歳以上,乗用車－普通車,歩行者,事業用,対象外当事者,乗用車,対象外当事者,40㎞／ｈ以下,対象外当事者,10,00,中破,対象外当事者,その他,対象外当事者,その他,対象外当事者,損傷なし,死亡,金,その他,35.610283,140.123068,2019-08-30,23:56,red,,,,,,,,,,,,
本票,千葉,白石,0165,死亡,1,0,30000,対象外,0000,105,昼－昼,晴,市街地－人口集中,舗装－乾燥,交差点－その他,環状交差点以外 環状交差点以外をいう。,施設なし,09,22,01,21,14,9,交差点内,規制なし,4,4,車両相互,25～34歳,55～64歳,乗用車－軽自動車,軽車両－自転車,自家用,対象外当事者,乗用車,対象外当事者,指定の速度規制なし等,対象外当事者,10,20,中破,大破,その他,対象外当事者,その他,対象外当事者,損傷なし,死亡,水,その他,35.550520,140.184608,2019-08-21,13:08,red,,,,,,,,,,,,
本票,千葉,栗山,0253,死亡,1,0,10170,対象外,0000,208,夜－夜,曇,非市街地,舗装－乾燥,単路－カーブ・屈折,環状交差点以外 環状交差点以外をいう。,施設なし,00,23,00,23,03,3,その他,規制なし,4,3,車両単独,0～24歳,不明,二輪車－自動二輪－小型二輪－251～400cc,相手なし,自家用,対象外当事者,対象外当事者,対象外当事者,40㎞／ｈ以下,対象外当事者,21,00,中破,対象外当事者,対象外当事者,対象外当事者,対象外当事者,対象外当事者,死亡,対象外当事者,月,その他,36.079601,139.793034,2019-08-26,23:30,red,,,,,,,,,,,,
本票,千葉,つがる,0784,死亡,1,0,00060,上,0000,217,夜－夜,曇,市街地－その他,舗装－乾燥,交差点－その他,環状交差点以外 環状交差点以外をいう。,点灯－３灯式,09,22,00,23,18,9,交差点内,規制なし,5,2,人対車両,45～54歳,45～54歳,貨物車－大型車,歩行者,事業用,対象外当事者,貨物車,対象外当事者,50㎞／ｈ以下,対象外当事者,80,00,小破,対象外当事者,その他,対象外当事者,その他,対象外当事者,損傷なし,死亡,木,その他,35.846716,139.952581,2019-08-22,04:02,red,,,,,,,,,,,,
本票,千葉,野辺地,0394,死亡,1,0,30000,対象外,0000,230,夜－暮,晴,非市街地,舗装－乾燥,交差点－その他,環状交差点以外 環状交差点以外をいう。,点灯－３灯式,09,22,09,22,15,9,交差点内,規制なし,5,3,車両相互,55～64歳,55～64歳,乗用車－普通車,二輪車－自動二輪－原付二種－51～125cc,自家用,自家用,乗用車,対象外当事者,40㎞／ｈ以下,40㎞／ｈ以下,10,10,中破,大破,その他,対象外当事者,その他,対象外当事者,損傷なし,死亡,木,その他,35.675662,140.332156,2019-08-08,19:32,red,,,,,,,,,,,,
本票,千葉,野辺地,0421,死亡,1,0,30000,対象外,0000,212,昼－昼,曇,市街地－その他,舗装－湿潤,単路－その他,環状交差点以外 環状交差点以外をいう。,施設なし,00,23,00,23,03,8,単路（交差点付近を含む）,規制なし,5,2,人対車両,75歳以上,75歳以上,乗用車－軽自動車,歩行者,自家用,対象外当事者,乗用車,対象外当事者,30㎞／ｈ以下,対象外当事者,10,00,中破,対象外当事者,その他,対象外当事者,その他,対象外当事者,損傷なし,死亡,金,その他,35.722429,140.229322,2019-08-23,07:01,red,,,,,,,,,,,,
本票,千葉,美唄,0516,死亡,1,0,10180,対象外,0000,329,夜－夜,晴,市街地－人口集中,舗装－乾燥,交差点－その他,環状交差点以外 環状交差点以外をいう。,施設なし,09,22,00,23,15,9,交差点内,規制なし,5,2,人対車両,45～54歳,25～34歳,乗用車－普通車,歩行者,自家用,対象外当事者,乗用車,対象外当事者,40㎞／ｈ以下,対象外当事者,50,00,小破,対象外当事者,その他,対象外当事者,その他,対象外当事者,損傷なし,死亡,木,その他,35.825274,140.259316,2019-08-15,03:20,red,,,,,,,,,,,,
本票,千葉,砂川,0211,死亡,1,1,21920,対象外,0000,232,夜－夜,晴,市街地－人口集中,舗装－乾燥,交差点－その他,環状交差点以外 環状交差点以外をいう。,点灯－３灯式,09,22,09,22,19,9,交差点内,規制なし,5,1,車両相互,55～64歳,0～24歳,貨物車－中型車,二輪車－自動二輪－原付二種－51～125cc,事業用,自家用,貨物車,対象外当事者,指定の速度規制なし等,指定の速度規制なし等,50,10,小破,大破,その他,対象外当事者,その他,対象外当事者,損傷なし,負傷,木,その他,35.782389,140.055642,2019-08-08,19:43,red,,,,,,,,,,,,
本票,千葉,三戸,0137,死亡,1,0,22660,対象外,0000,349,昼－昼,晴,市街地－その他,舗装－乾燥,単路－カーブ・屈折,環状交差点以外 環状交差点以外をいう。,施設なし,00,23,00,23,03,3,単路（交差点付近を含む）,規制なし,4,2,車両単独,35～44歳,不明,二輪車－自動二輪－軽二輪－126～250cc,物件等,自家用,対象外当事者,対象外当事者,対象外当事者,40㎞／ｈ以下,対象外当事者,10,00,大破,対象外当事者,対象外当事者,対象外当事者,対象外当事者,対象外当事者,死亡,対象外当事者,土,その他,35.818213,140.646005,2019-08-17,14:00,red,,,,,,,,,,,,
本票,千葉,三戸,0143,死亡,1,1,10440,対象外,0000,236,夜－夜,晴,非市街地,舗装－乾燥,単路－その他,環状交差点以外 環状交差点以外をいう。,施設なし,00,23,00,23,03,9,単路（交差点付近を含む）,規制なし,4,1,車両相互,35～44歳,45～54歳,乗用車－普通車,乗用車－軽自動車,自家用,自家用,乗用車,乗用車,50㎞／ｈ以下,50㎞／ｈ以下,20,21,小破,大破,その他,装備あり 作動,その他,その他,損傷なし,死亡,水,その他,35.871112,140.619850,2019-08-28,20:24,red,,,,,,,,,,,,
本票,千葉,伊達,0276,死亡,1,0,22280,対象外,0000,421,昼－昼,晴,市街地－その他,舗装－乾燥,交差点－その他,環状交差点以外 環状交差点以外をいう。,施設なし,09,22,01,21,15,9,交差点内,規制なし,5,2,車両相互,45～54歳,45～54歳,乗用車－普通車,二輪車－自動二輪－原付二種－51～125cc,自家用,自家用,乗用車,対象外当事者,40㎞／ｈ以下,指定の速度規制なし等,50,10,中破,中破,その他,対象外当事者,その他,対象外当事者,損傷なし,死亡,土,その他,35.373069,140.366424,2019-08-17,14:49,red,,,,,,,,,,,,
本票,千葉,浦河,0589,死亡,1,0,10210,対象外,0000,219,昼－昼,晴,市街地－その他,舗装－乾燥,交差点－その他,環状交差点以外 環状交差点以外をいう。,点灯－３灯式,09,22,09,22,15,9,交差点内,規制なし,5,2,車両相互,65～74歳,55～64歳,乗用車－軽自動車,二輪車－原付自転車,自家用,自家用,乗用車,対象外当事者,指定の速度規制なし等,指定の速度規制なし等,50,10,中破,小破,装備あり 作動,対象外当事者,その他,対象外当事者,損傷なし,死亡,木,その他,35.511661,140.165600,2019-08-22,09:41,red,,,,,,,,,,,,
本票,千葉,厚別,0072,死亡,1,0,01270,下,0000,226,夜－夜,曇,非市街地,舗装－乾燥,単路－その他,環状交差点以外 環状交差点以外をいう。,施設なし,00,23,00,23,03,9,単路（交差点付近を含む）,規制なし,4,4,車両単独,45～54歳,不明,乗用車－普通車,物件等,自家用,対象外当事者,乗用車,対象外当事者,40㎞／ｈ以下,対象外当事者,52,00,大破,対象外当事者,その他,対象外当事者,その他,対象外当事者,死亡,対象外当事者,火,その他,35.192069,139.821889,2019-08-06,03:05,red,,,,,,,,,,,,
本票,千葉,大宮東,0298,死亡,1,1,30000,対象外,0000,220,夜－夜,晴,市街地－人口集中,舗装－乾燥,交差点付近－その他,環状交差点以外 環状交差点以外をいう。,施設なし,00,23,00,23,03,1,単路（交差点付近を含む）,規制なし,4,2,車両単独,35～44歳,不明,二輪車－自動二輪－軽二輪－126～250cc,物件等,自家用,対象外当事者,対象外当事者,対象外当事者,40㎞／ｈ以下,対象外当事者,40,00,大破,対象外当事者,対象外当事者,対象外当事者,対象外当事者,対象外当事者,死亡,対象外当事者,土,その他,35.894002,139.900395,2019-08-03,20:00,red,,,,,,,,,,,,
本票,千葉,四街道,0151,死亡,1,0,30000,対象外,0000,228,夜－夜,晴,非市街地,舗装－乾燥,単路－カーブ・屈折,環状交差点以外 環状交差点以外をいう。,施設なし,00,23,00,23,03,3,単路（交差点付近を含む）,規制なし,4,4,車両単独,65～74歳,不明,二輪車－自動二輪－軽二輪－126～250cc,物件等,自家用,対象外当事者,対象外当事者,対象外当事者,指定の速度規制なし等,対象外当事者,10,00,大破,対象外当事者,対象外当事者,対象外当事者,対象外当事者,対象外当事者,死亡,対象外当事者,日,その他,35.656474,140.195745,2019-08-25,21:09,red,,,,,,,,,,,,
本票,神奈川,高速道路交通警察隊,0411,死亡,1,0,50030,上,0000,102,昼－明,曇,非市街地,舗装－乾燥,単路－カーブ・屈折,環状交差点以外 環状交差点以外をいう。,施設なし,00,23,00,23,04,6,単路（交差点付近を含む）,規制なし,1,4,車両単独,45～54歳,不明,二輪車－自動二輪－小型二輪－751ｃｃ以上,物件等,自家用,対象外当事者,対象外当事者,対象外当事者,60㎞／ｈ以下,対象外当事者,20,00,小破,対象外当事者,対象外当事者,対象外当事者,対象外当事者,対象外当事者,死亡,対象外当事者,火,その他,35.469566,139.629473,2019-08-27,05:48,red,140,首都高速道路,追越車線,完全分離－高架・橋梁,カーブ－200m以上,平坦・該当なし,,1,防護柵－コンクリート,該当なし,該当なし,0
本票,神奈川,上尾,0092,死亡,1,0,30300,対象外,0000,104,昼－昼,晴,市街地－その他,舗装－乾燥,交差点－その他,環状交差点以外 環状交差点以外をいう。,点灯－３灯式,09,22,09,22,19,9,交差点内,規制なし,1,1,車両相互,65～74歳,25～34歳,貨物車－中型車,二輪車－原付自転車,事業用,自家用,貨物車,対象外当事者,40㎞／ｈ以下,指定の速度規制なし等,80,10,小破,中破,その他,対象外当事者,その他,対象外当事者,損傷なし,死亡,火,その他,35.430982,139.671135,2019-08-06,11:50,red,,,,,,,,,,,,
本票,神奈川,浦和西,0295,死亡,1,0,22180,対象外,0000,105,夜－夜,雨,市街地－人口集中,舗装－湿潤,交差点－その他,環状交差点以外 環状交差点以外をいう。,点灯－歩車分式,09,22,09,22,19,9,交差点内,規制なし,5,1,車両相互,35～44歳,45～54歳,乗用車－普通車,二輪車－自動二輪－原付二種－51～125cc,自家用,自家用,乗用車,対象外当事者,50㎞／ｈ以下,50㎞／ｈ以下,50,20,小破,小破,その他,対象外当事者,その他,対象外当事者,損傷なし,死亡,火,その他,35.438369,139.617095,2019-08-27,21:25,red,,,,,,,,,,,,
本票,神奈川,行徳,0361,死亡,1,0,24030,対象外,0000,110,昼－昼,晴,市街地－人口集中,舗装－乾燥,単路－その他,環状交差点以外 環状交差点以外をいう。,施設なし,00,23,00,23,04,9,単路（交差点付近を含む）,規制なし,1,1,車両単独,0～24歳,不明,二輪車－原付自転車,物件等,自家用,対象外当事者,対象外当事者,対象外当事者,指定の速度規制なし等,対象外当事者,12,00,小破,対象外当事者,対象外当事者,対象外当事者,対象外当事者,対象外当事者,死亡,対象外当事者,金,その他,35.382382,139.498612,2019-08-02,09:21,red,,,,,,,,,,,,
本票,神奈川,栄,0143,死亡,1,0,10230,対象外,0000,115,昼－昼,晴,市街地－人口集中,舗装－乾燥,交差点－その他,環状交差点以外 環状交差点以外をいう。,点灯－歩車分式,09,22,09,22,15,3,交差点内,規制なし,5,1,車両相互,65～74歳,25～34歳,乗用車－普通車,二輪車－自動二輪－小型二輪－751ｃｃ以上,自家用,自家用,乗用車,対象外当事者,40㎞／ｈ以下,40㎞／ｈ以下,40,10,中破,中破,その他,対象外当事者,その他,対象外当事者,損傷なし,死亡,土,その他,35.362499,139.575232,2019-08-03,17:35,red,,,,,,,,,,,,
本票,神奈川,川崎臨港,0159,死亡,1,0,04090,下,0030,131,昼－昼,晴,市街地－その他,舗装－乾燥,交差点－その他,環状交差点以外 環状交差点以外をいう。,点灯－３灯式,09,22,09,22,19,9,交差点内,規制なし,1,1,車両相互,25～34歳,55～64歳,貨物車－中型車,二輪車－自動二輪－原付二種－51～125cc,自家用,自家用,貨物車,対象外当事者,指定の速度規制なし等,指定の速度規制なし等,80,10,小破,中破,その他,対象外当事者,その他,対象外当事者,損傷なし,死亡,火,その他,35.535492,139.762364,2019-08-20,16:32,red,,,,,,,,,,,,
本票,神奈川,高津,0187,死亡,1,0,30000,対象外,0000,134,昼－昼,晴,市街地－人口集中,舗装－乾燥,単路－その他,環状交差点以外 環状交差点以外をいう。,施設なし,00,23,00,23,03,8,単路（交差点付近を含む）,規制なし,5,4,車両単独,65～74歳,不明,軽車両－自転車,物件等,対象外当事者,対象外当事者,対象外当事者,対象外当事者,対象外当事者,対象外当事者,10,00,小破,対象外当事者,対象外当事者,対象外当事者,対象外当事者,対象外当事者,死亡,対象外当事者,金,その他,35.586279,139.618327,2019-08-02,11:35,red,,,,,,,,,,,,
本票,神奈川,浦賀,0256,死亡,1,0,22090,対象外,0000,201,夜－夜,晴,市街地－その他,舗装－乾燥,単路－カーブ・屈折,環状交差点以外 環状交差点以外をいう。,施設なし,00,23,00,23,03,3,単路（交差点付近を含む）,規制なし,4,2,車両単独,0～24歳,不明,二輪車－自動二輪－小型二輪－251～400cc,相手なし,自家用,対象外当事者,対象外当事者,対象外当事者,40㎞／ｈ以下,対象外当事者,10,00,中破,対象外当事者,対象外当事者,対象外当事者,対象外当事者,対象外当事者,死亡,対象外当事者,火,その他,35.260635,139.738473,2019-08-06,02:35,red,,,,,,,,,,,,
本票,神奈川,鎌倉,0211,死亡,1,0,01340,対象外,0000,204,夜－夜,曇,市街地－その他,舗装－湿潤,単路－カーブ・屈折,環状交差点以外 環状交差点以外をいう。,施設なし,00,23,00,23,03,3,単路（交差点付近を含む）,規制なし,3,1,車両単独,0～24歳,不明,二輪車－自動二輪－軽二輪－126～250cc,物件等,自家用,対象外当事者,対象外当事者,対象外当事者,50㎞／ｈ以下,対象外当事者,10,00,大破,対象外当事者,対象外当事者,対象外当事者,対象外当事者,対象外当事者,死亡,対象外当事者,水,その他,35.304096,139.531608,2019-08-14,01:20,red,,,,,,,,,,,,
本票,神奈川,秦野,0192,死亡,1,0,10700,対象外,0000,211,夜－明,晴,非市街地,舗装－乾燥,単路－カーブ・屈折,環状交差点以外 環状交差点以外をいう。,施設なし,00,23,00,23,03,2,単路（交差点付近を含む）,規制なし,1,3,車両単独,0～24歳,不明,二輪車－自動二輪－軽二輪－126～250cc,物件等,自家用,対象外当事者,対象外当事者,対象外当事者,40㎞／ｈ以下,対象外当事者,10,00,小破,対象外当事者,対象外当事者,対象外当事者,対象外当事者,対象外当事者,死亡,対象外当事者,水,その他,35.407124,139.231003,2019-08-07,03:55,red,,,,,,,,,,,,
本票,神奈川,厚木,0567,死亡,1,0,01290,対象外,0000,212,夜－夜,晴,市街地－その他,舗装－乾燥,単路－その他,環状交差点以外 環状交差点以外をいう。,施設なし,00,23,00,23,04,9,単路（交差点付近を含む）,規制なし,1,2,車両単独,45～54歳,不明,二輪車－自動二輪－軽二輪－126～250cc,物件等,自家用,対象外当事者,対象外当事者,対象外当事者,指定の速度規制なし等,対象外当事者,40,00,小破,対象外当事者,対象外当事者,対象外当事者,対象外当事者,対象外当事者,死亡,対象外当事者,日,その他,35.471189,139.367786,2019-08-04,21:40,red,,,,,,,,,,,,
本票,神奈川,厚木,0601,死亡,1,0,30000,対象外,0000,212,夜－夜,晴,市街地－その他,舗装－乾燥,単路－その他,環状交差点以外 環状交差点以外をいう。,施設なし,00,23,00,23,05,9,単路（交差点付近を含む）,規制なし,4,2,車両単独,65～74歳,不明,貨物車－軽自動車,物件等,自家用,対象外当事者,貨物車,対象外当事者,40㎞／ｈ以下,対象外当事者,10,00,大破,対象外当事者,その他,対象外当事者,その他,対象外当事者,死亡,対象外当事者,日,その他,35.512218,139.349641,2019-08-18,20:42,red,,,,,,,,,,,,
本票,神奈川,座間,0279,死亡,1,0,02460,上,0392,216,夜－夜,晴,市街地－人口集中,舗装－乾燥,交差点－その他,環状交差点以外 環状交差点以外をいう。,点灯－歩車分式,09,22,00,23,17,9,交差点内,規制なし,5,1,人対車両,35～44歳,35～44歳,貨物車－大型車,歩行者,事業用,対象外当事者,貨物車,対象外当事者,指定の速度規制なし等,対象外当事者,10,00,中破,対象外当事者,その他,対象外当事者,その他,対象外当事者,損傷なし,死亡,月,その他,35.478751,139.427861,2019-08-26,00:16,red,,,,,,,,,,,,
本票,新潟,千歳,0132,死亡,1,0,70000,対象外,0000,307,昼－暮,曇,非市街地,非舗装,単路－その他,環状交差点以外 環状交差点以外をいう。,施設なし,00,23,00,23,01,9,その他,規制なし,5,4,車両単独,65～74歳,不明,特殊車－小型－農耕作業用,相手なし,対象外当事者,対象外当事者,対象外当事者,対象外当事者,指定の速度規制なし等,対象外当事者,80,00,小破,対象外当事者,対象外当事者,対象外当事者,対象外当事者,対象外当事者,死亡,対象外当事者,水,その他,37.973422,139.260319,2019-08-21,17:30,red,,,,,,,,,,,,
本票,新潟,岩見沢,0101,死亡,1,0,37700,対象外,0000,101,昼－明,晴,非市街地,舗装－乾燥,交差点－その他,環状交差点以外 環状交差点以外をいう。,施設なし,09,22,01,21,14,9,交差点内,規制なし,4,2,車両相互,45～54歳,75歳以上,乗用車－普通車,軽車両－自転車,自家用,対象外当事者,乗用車,対象外当事者,指定の速度規制なし等,対象外当事者,50,40,小破,中破,その他,対象外当事者,その他,対象外当事者,損傷なし,死亡,月,その他,37.943936,139.170325,2019-08-26,05:33,red,,,,,,,,,,,,
本票,新潟,倶知安,0153,死亡,1,0,03510,対象外,0000,202,夜－夜,曇,非市街地,舗装－乾燥,単路－その他,環状交差点以外 環状交差点以外をいう。,施設なし,00,23,00,23,04,9,単路（交差点付近を含む）,規制なし,4,2,車両相互,35～44歳,75歳以上,乗用車－普通車,軽車両－その他,自家用,対象外当事者,乗用車,対象外当事者,指定の速度規制なし等,対象外当事者,80,30,小破,小破,その他,対象外当事者,その他,対象外当事者,損傷なし,死亡,金,その他,37.466092,138.989367,2019-08-16,21:30,red,,,,,,,,,,,,
本票,新潟,武南,0006,死亡,1,0,37880,対象外,0000,224,昼－昼,晴,非市街地,舗装－乾燥,単路－その他,環状交差点以外 環状交差点以外をいう。,施設なし,00,23,00,23,01,9,その他,規制なし,5,4,車両単独,65～74歳,不明,特殊車－小型－農耕作業用,相手なし,対象外当事者,対象外当事者,対象外当事者,対象外当事者,指定の速度規制なし等,対象外当事者,60,00,大破,対象外当事者,対象外当事者,対象外当事者,対象外当事者,対象外当事者,死亡,対象外当事者,土,その他,38.070639,138.497467,2019-08-17,11:35,red,,,,,,,,,,,,
本票,山梨,白石,0478,死亡,1,0,14020,対象外,0000,214,昼－昼,曇,非市街地,舗装－乾燥,交差点－その他,環状交差点以外 環状交差点以外をいう。,施設なし,09,22,09,22,15,7,交差点内,規制なし,4,2,車両相互,55～64歳,55～64歳,乗用車－軽自動車,二輪車－自動二輪－原付二種－51～125cc,自家用,自家用,乗用車,対象外当事者,40㎞／ｈ以下,指定の速度規制なし等,80,10,小破,小破,その他,対象外当事者,その他,対象外当事者,損傷なし,死亡,金,その他,35.578624,138.521118,2019-08-16,08:10,red,,,,,,,,,,,,
本票,山梨,西,0099,死亡,1,0,99000,対象外,0000,208,昼－昼,曇,市街地－その他,舗装－乾燥,一般交通の場所,環状交差点以外 環状交差点以外をいう。,施設なし,00,23,00,23,00,0,その他,規制なし,0,2,車両単独,75歳以上,不明,乗用車－軽自動車,物件等,自家用,対象外当事者,乗用車,対象外当事者,指定の速度規制なし等,対象外当事者,10,00,中破,対象外当事者,装備あり 作動,対象外当事者,その他,対象外当事者,死亡,対象外当事者,木,その他,35.618060,138.468059,2019-08-22,15:25,red,,,,,,,,,,,,
本票,山梨,千歳,0028,死亡,1,1,14080,対象外,0000,346,昼－昼,晴,非市街地,舗装－乾燥,単路－その他,環状交差点以外 環状交差点以外をいう。,施設なし,00,23,00,23,03,9,単路（交差点付近を含む）,規制なし,4,4,車両単独,25～34歳,不明,乗用車－軽自動車,物件等,自家用,対象外当事者,乗用車,対象外当事者,40㎞／ｈ以下,対象外当事者,10,00,中破,対象外当事者,装備あり 作動,対象外当事者,その他,対象外当事者,損傷なし,対象外当事者,火,その他,35.537784,138.472226,2019-08-20,09:00,red,,,,,,,,,,,,
本票,長野,中央,0409,死亡,1,0,00190,下,0000,201,昼－昼,晴,市街地－人口集中,舗装－乾燥,交差点－その他,環状交差点以外 環状交差点以外をいう。,点灯－３灯式,09,22,09,22,15,9,交差点内,規制なし,5,2,車両相互,35～44歳,45～54歳,乗用車－普通車,二輪車－自動二輪－原付二種－51～125cc,自家用,自家用,乗用車,対象外当事者,50㎞／ｈ以下,30㎞／ｈ以下,10,10,小破,中破,その他,対象外当事者,その他,対象外当事者,損傷なし,死亡,日,その他,36.640982,138.179527,2019-08-04,10:25,red,,,,,,,,,,,,
本票,長野,中央,0467,死亡,1,0,37000,対象外,0000,201,昼－暮,曇,非市街地,舗装－乾燥,単路－カーブ・屈折,環状交差点以外 環状交差点以外をいう。,施設なし,00,23,00,23,03,5,単路（交差点付近を含む）,規制なし,5,4,車両相互,0～24歳,0～24歳,乗用車－普通車,二輪車－原付自転車,自家用,自家用,乗用車,対象外当事者,指定の速度規制なし等,指定の速度規制なし等,50,10,小破,中破,その他,対象外当事者,その他,対象外当事者,損傷なし,死亡,火,その他,36.712184,138.248286,2019-08-27,17:25,red,,,,,,,,,,,,
本票,長野,野辺地,0441,死亡,1,0,37000,対象外,0000,203,夜－明,曇,市街地－人口集中,舗装－乾燥,交差点－その他,環状交差点以外 環状交差点以外をいう。,施設なし,09,22,00,23,11,9,交差点内,規制なし,5,4,車両単独,75歳以上,不明,乗用車－軽自動車,物件等,自家用,対象外当事者,乗用車,対象外当事者,30㎞／ｈ以下,対象外当事者,10,00,中破,対象外当事者,装備あり 作動,対象外当事者,その他,対象外当事者,死亡,対象外当事者,水,その他,36.407837,138.241525,2019-08-28,04:45,red,,,,,,,,,,,,