資料区分,都道府県コード,警察署等コード,本票番号,事故内容,死者数,負傷者数,路線コード,上下線,地点コード,市区町村コード,昼夜,天候,地形,路面状態,道路形状,環状交差点の直径,信号機,一時停止規制　標識（当事者A）,一時停止規制　表示（当事者A）,一時停止規制　標識（当事者B）,一時停止規制　表示（当事者B）,車道幅員,道路線形,衝突地点,ゾーン規制,中央分離帯施設等,歩車道区分,事故類型,年齢（当事者A）,年齢（当事者B）,当事者種別（当事者A）,当事者種別（当事者B）,用途別（当事者A）,用途別（当事者B）,車両形状（当事者A）,車両形状（当事者B）,速度規制（指定のみ）（当事者A）,速度規制（指定のみ）（当事者B）,車両の衝突部位（当事者A）,車両の衝突部位（当事者B）,車両の損壊程度（当事者A）,車両の損壊程度（当事者B）,エアバッグの装備（当事者A）,エアバッグの装備（当事者B）,サイドエアバッグの装備（当事者A）,サイドエアバッグの装備（当事者B）,人身損傷程度（当事者A）,人身損傷程度（当事者B）,曜日(発生年月日),祝日(発生年月日),緯度,経度,発生日,発生時,color,発生地点,道路管理者区分,道路区分,道路構造,曲線半径,縦断勾配,トンネル番号,当事者車両台数,車両単独事故の対象物,臨時速度規制の有無,速度規制（臨時のみ）,トンネル延長距離
本票,長野,滝川,0226,死亡,1,0,37000,対象外,0000,217,夜－夜,晴,市街地－その他,舗装－乾燥,単路－その他,環状交差点以外 環状交差点以外をいう。,施設なし,00,23,00,23,03,9,単路（交差点付近を含む）,規制なし,4,2,車両単独,45～54歳,不明,乗用車－軽自動車,物件等,自家用,対象外当事者,乗用車,対象外当事者,指定の速度規制なし等,対象外当事者,10,00,大破,対象外当事者,装備あり 作動,対象外当事者,その他,対象外当事者,死亡,対象外当事者,火,その他,36.274433,138.463544,2019-08-13,01:15,red,,,,,,,,,,,,
本票,長野,滝川,0229,死亡,1,0,10020,対象外,0000,217,夜－夜,曇,市街地－人口集中,舗装－乾燥,交差点－その他,環状交差点以外 環状交差点以外をいう。,施設なし,09,22,00,23,15,9,交差点内,規制なし,4,2,人対車両,45～54歳,45～54歳,乗用車－軽自動車,歩行者,自家用,対象外当事者,乗用車,対象外当事者,50㎞／ｈ以下,対象外当事者,10,00,中破,対象外当事者,その他,対象外当事者,その他,対象外当事者,損傷なし,死亡,木,その他,36.230453,138.476312,2019-08-15,21:58,red,,,,,,,,,,,,
本票,長野,岩内,0178,死亡,1,0,37000,対象外,0000,206,夜－夜,曇,市街地－その他,舗装－乾燥,単路－その他,環状交差点以外 環状交差点以外をいう。,施設なし,00,23,00,23,03,9,単路（交差点付近を含む）,規制なし,5,4,人対車両,0～24歳,0～24歳,乗用車－普通車,歩行者,自家用,対象外当事者,乗用車,対象外当事者,指定の速度規制なし等,対象外当事者,81,00,小破,対象外当事者,その他,対象外当事者,その他,対象外当事者,損傷なし,死亡,水,その他,36.011149,138.128537,2019-08-21,23:35,red,,,,,,,,,,,,
本票,長野,浦河,0178,死亡,1,0,95000,対象外,0000,403,昼－昼,曇,非市街地,舗装－乾燥,単路－その他,環状交差点以外 環状交差点以外をいう。,施設なし,00,23,00,23,02,9,その他,規制なし,5,4,車両単独,55～64歳,不明,貨物車－軽自動車,相手なし,自家用,対象外当事者,貨物車,対象外当事者,指定の速度規制なし等,対象外当事者,10,00,大破,対象外当事者,その他,対象外当事者,その他,対象外当事者,死亡,対象外当事者,月,その他,35.573159,137.908039,2019-07-01,13:00,red,,,,,,,,,,,,
本票,長野,東入間,0184,死亡,1,0,10550,対象外,0000,448,夜－明,雨,非市街地,舗装－湿潤,単路－その他,環状交差点以外 環状交差点以外をいう。,施設なし,00,23,00,23,02,9,その他,規制なし,5,3,車両単独,75歳以上,不明,貨物車－軽自動車,相手なし,自家用,対象外当事者,貨物車,対象外当事者,30㎞／ｈ以下,対象外当事者,10,00,大破,対象外当事者,その他,対象外当事者,その他,対象外当事者,死亡,対象外当事者,日,その他,36.464496,137.954978,2019-06-16,04:00,red,,,,,,,,,,,,
本票,長野,武南,0105,死亡,1,1,01480,対象外,0000,486,昼－昼,雨,非市街地,舗装－湿潤,単路－トンネル,環状交差点以外 環状交差点以外をいう。,施設なし,00,23,00,23,03,9,単路（交差点付近を含む）,規制なし,4,2,車両相互,25～34歳,75歳以上,乗用車－普通車,貨物車－軽自動車,自家用,自家用,乗用車,貨物車,50㎞／ｈ以下,50㎞／ｈ以下,10,10,大破,大破,装備あり 作動,装備あり 作動,その他,その他,負傷,死亡,金,その他,36.808947,137.912666,2019-08-30,11:50,red,,,,,,,,,,,,
本票,静岡,高速道路交通警察隊,0227,死亡,1,6,42820,下,0000,203,昼－昼,晴,非市街地,舗装－乾燥,単路－その他,環状交差点以外 環状交差点以外をいう。,施設なし,00,23,00,23,05,9,単路（交差点付近を含む）,規制なし,1,4,車両相互,55～64歳,55～64歳,貨物車－中型車,乗用車－普通車,事業用,自家用,貨物車,乗用車,100㎞/h以下,100㎞/h以下,10,31,中破,大破,その他,装備あり 作動,その他,その他,損傷なし,負傷,土,前日,35.153622,138.816732,2019-08-10,06:04,red,706,中日本高速道路,追越車線,完全分離－切土,直線,平坦・該当なし,,4,該当なし,該当なし,該当なし,0
本票,静岡,高速道路交通警察隊,0268,死亡,2,0,42810,対象外,0000,211,昼－昼,晴,非市街地,舗装－乾燥,単路－その他,環状交差点以外 環状交差点以外をいう。,施設なし,00,23,00,23,05,9,単路（交差点付近を含む）,規制なし,1,4,車両単独,45～54歳,不明,貨物車－軽自動車,物件等,自家用,対象外当事者,貨物車,対象外当事者,100㎞/h以下,対象外当事者,80,00,大破,対象外当事者,装備あり 作動,対象外当事者,その他,対象外当事者,死亡,対象外当事者,木,その他,34.825352,137.857634,2019-08-29,09:10,red,1783,中日本高速道路,路肩,完全分離－その他,直線,平坦・該当なし,,2,該当なし,該当なし,該当なし,0
本票,静岡,栗山,0364,死亡,1,1,24010,対象外,0000,215,昼－昼,曇,市街地－その他,舗装－乾燥,単路－その他,環状交差点以外 環状交差点以外をいう。,施設なし,00,23,00,23,03,9,単路（交差点付近を含む）,規制なし,4,2,車両相互,75歳以上,65～74歳,乗用車－軽自動車,乗用車－軽自動車,自家用,自家用,乗用車,乗用車,指定の速度規制なし等,50㎞／ｈ以下,50,10,小破,小破,その他,その他,その他,その他,損傷なし,負傷,月,その他,35.314064,138.920382,2019-08-26,16:32,red,,,,,,,,,,,,
本票,静岡,野辺地,1214,死亡,1,0,21760,対象外,0000,210,昼－昼,晴,市街地－人口集中,舗装－乾燥,交差点－その他,環状交差点以外 環状交差点以外をいう。,施設なし,09,22,00,23,14,9,交差点内,規制なし,5,3,人対車両,55～64歳,75歳以上,貨物車－軽自動車,歩行者,自家用,対象外当事者,貨物車,対象外当事者,40㎞／ｈ以下,対象外当事者,10,00,小破,対象外当事者,その他,対象外当事者,その他,対象外当事者,損傷なし,死亡,土,その他,35.188804,138.645671,2019-08-24,11:00,red,,,,,,,,,,,,
本票,静岡,野辺地,1227,死亡,1,0,37000,対象外,0000,210,昼－昼,晴,市街地－人口集中,舗装－乾燥,交差点付近－その他,環状交差点以外 環状交差点以外をいう。,施設なし,00,23,00,23,03,9,単路（交差点付近を含む）,規制なし,4,2,車両単独,75歳以上,不明,乗用車－普通車,物件等,自家用,対象外当事者,乗用車,対象外当事者,40㎞／ｈ以下,対象外当事者,10,00,中破,対象外当事者,装備あり 作動,対象外当事者,その他,対象外当事者,死亡,対象外当事者,月,その他,35.172800,138.679196,2019-08-26,16:22,red,,,,,,,,,,,,
本票,静岡,余市,0359,死亡,1,6,10640,対象外,0000,209,昼－昼,晴,非市街地,舗装－乾燥,単路－カーブ・屈折,環状交差点以外 環状交差点以外をいう。,施設なし,00,23,00,23,03,4,単路（交差点付近を含む）,規制なし,4,3,車両相互,75歳以上,35～44歳,乗用車－普通車,乗用車－普通車,自家用,自家用,乗用車,乗用車,40㎞／ｈ以下,40㎞／ｈ以下,50,50,中破,中破,装備あり 作動,装備あり 作動,装備あり 作動,装備あり 作動,負傷,負傷,日,その他,34.903577,138.109283,2019-08-18,14:28,red,,,,,,,,,,,,
本票,静岡,厚別,0410,死亡,1,0,37000,対象外,0000,135,昼－昼,晴,市街地－その他,舗装－乾燥,単路－その他,環状交差点以外 環状交差点以外をいう。,施設なし,00,23,00,23,03,9,単路（交差点付近を含む）,規制なし,4,3,車両単独,65～74歳,不明,貨物車－軽自動車,物件等,自家用,対象外当事者,貨物車,対象外当事者,40㎞／ｈ以下,対象外当事者,80,00,大破,対象外当事者,装備あり 作動,対象外当事者,その他,対象外当事者,死亡,対象外当事者,木,その他,34.819930,137.743941,2019-08-22,10:31,red,,,,,,,,,,,,
本票,福井,砂川,0065,死亡,1,0,37000,対象外,0000,202,昼－昼,晴,市街地－その他,舗装－乾燥,単路－その他,環状交差点以外 環状交差点以外をいう。,施設なし,00,23,00,23,03,7,単路（交差点付近を含む）,規制なし,5,4,車両単独,75歳以上,不明,軽車両－自転車,相手なし,対象外当事者,対象外当事者,対象外当事者,対象外当事者,対象外当事者,対象外当事者,10,00,小破,対象外当事者,対象外当事者,対象外当事者,対象外当事者,対象外当事者,死亡,対象外当事者,木,その他,35.632202,136.056052,2019-08-01,10:00,red,,,,,,,,,,,,
本票,福井,滝川,0093,死亡,1,0,21540,対象外,0000,201,昼－昼,曇,市街地－人口集中,舗装－乾燥,交差点－その他,環状交差点以外 環状交差点以外をいう。,点灯－３灯式,09,22,09,22,18,9,交差点内,規制なし,4,2,車両相互,45～54歳,75歳以上,乗用車－普通車,軽車両－自転車,自家用,対象外当事者,乗用車,対象外当事者,50㎞／ｈ以下,対象外当事者,10,20,小破,小破,その他,対象外当事者,その他,対象外当事者,損傷なし,死亡,水,その他,36.052291,136.215075,2019-08-21,10:59,red,,,,,,,,,,,,
本票,岐阜,中央,0240,死亡,1,0,30000,対象外,0000,201,夜－暮,晴,非市街地,舗装－乾燥,単路－その他,環状交差点以外 環状交差点以外をいう。,施設なし,00,23,00,23,03,9,単路（交差点付近を含む）,規制なし,5,4,車両相互,55～64歳,65～74歳,乗用車－軽自動車,軽車両－その他,自家用,対象外当事者,乗用車,対象外当事者,指定の速度規制なし等,対象外当事者,80,60,小破,中破,その他,対象外当事者,その他,対象外当事者,損傷なし,死亡,火,その他,35.428852,136.851862,2019-08-13,19:15,red,,,,,,,,,,,,
本票,岐阜,東,0171,死亡,1,0,30000,対象外,0000,213,昼－昼,晴,非市街地,舗装－乾燥,交差点付近－その他,環状交差点以外 環状交差点以外をいう。,施設なし,00,23,00,23,01,9,その他,規制なし,5,4,車両単独,65～74歳,不明,貨物車－普通車,相手なし,自家用,対象外当事者,貨物車,対象外当事者,指定の速度規制なし等,対象外当事者,60,00,小破,対象外当事者,その他,対象外当事者,その他,対象外当事者,死亡,対象外当事者,日,当日,35.408617,136.818773,2019-08-11,17:00,red,,,,,,,,,,,,
本票,岐阜,東,0182,死亡,1,0,00210,上,0400,213,夜－夜,晴,市街地－人口集中,舗装－乾燥,交差点－その他,環状交差点以外 環状交差点以外をいう。,点灯－３灯式,09,22,09,22,18,9,交差点内,規制なし,5,1,車両相互,35～44歳,0～24歳,貨物車－普通車,二輪車－自動二輪－小型二輪－251～400cc,自家用,自家用,貨物車,対象外当事者,50㎞／ｈ以下,50㎞／ｈ以下,10,14,中破,大破,装備あり 作動,対象外当事者,その他,対象外当事者,損傷なし,死亡,日,その他,35.404619,136.913573,2019-08-18,00:10,red,,,,,,,,,,,,
本票,岐阜,千歳,0053,死亡,1,0,10230,対象外,0000,221,昼－昼,晴,非市街地,舗装－乾燥,単路－その他,環状交差点以外 環状交差点以外をいう。,施設なし,00,23,00,23,03,9,単路（交差点付近を含む）,規制なし,4,3,人対車両,65～74歳,65～74歳,乗用車－普通車,歩行者,自家用,対象外当事者,乗用車,対象外当事者,50㎞／ｈ以下,対象外当事者,50,00,中破,対象外当事者,その他,対象外当事者,その他,対象外当事者,損傷なし,死亡,水,その他,35.280552,136.672195,2019-08-07,08:10,red,,,,,,,,,,,,
本票,岐阜,美唄,0139,死亡,1,0,30000,対象外,0000,218,昼－昼,晴,非市街地,舗装－乾燥,交差点付近－その他,環状交差点以外 環状交差点以外をいう。,施設なし,00,23,00,23,03,9,単路（交差点付近を含む）,規制なし,4,2,車両相互,25～34歳,75歳以上,乗用車－普通車,軽車両－自転車,自家用,対象外当事者,乗用車,対象外当事者,40㎞／ｈ以下,対象外当事者,80,20,中破,大破,その他,対象外当事者,その他,対象外当事者,損傷なし,死亡,火,その他,35.446149,136.677943,2019-08-06,13:24,red,,,,,,,,,,,,
本票,岐阜,美唄,0147,死亡,1,0,10230,対象外,0000,216,夜－夜,雨,市街地－人口集中,舗装－湿潤,交差点－その他,環状交差点以外 環状交差点以外をいう。,点灯－３灯式,09,22,09,22,15,9,交差点内,規制なし,5,2,車両相互,45～54歳,45～54歳,貨物車－中型車,乗用車－軽自動車,事業用,自家用,貨物車,乗用車,50㎞／ｈ以下,40㎞／ｈ以下,10,20,小破,中破,その他,装備あり 作動,その他,その他,損傷なし,死亡,木,その他,35.383431,136.691607,2019-08-29,02:23,red,,,,,,,,,,,,
本票,岐阜,三戸,0027,死亡,1,0,10820,対象外,0000,219,夜－夜,晴,非市街地,舗装－乾燥,単路－カーブ・屈折,環状交差点以外 環状交差点以外をいう。,施設なし,00,23,00,23,03,5,単路（交差点付近を含む）,規制なし,4,3,車両単独,65～74歳,不明,乗用車－軽自動車,物件等,自家用,対象外当事者,乗用車,対象外当事者,指定の速度規制なし等,対象外当事者,50,00,中破,対象外当事者,装備あり 作動,対象外当事者,その他,対象外当事者,死亡,対象外当事者,木,その他,35.893809,136.909615,2019-08-08,20:45,red,,,,,,,,,,,,
本票,岐阜,滝川,0122,死亡,1,0,04180,対象外,0000,205,昼－昼,晴,市街地－人口集中,舗装－乾燥,単路－カーブ・屈折,環状交差点以外 環状交差点以外をいう。,施設なし,00,23,00,23,03,3,単路（交差点付近を含む）,規制なし,4,2,車両相互,75歳以上,75歳以上,貨物車－軽自動車,軽車両－自転車,自家用,対象外当事者,貨物車,対象外当事者,40㎞／ｈ以下,対象外当事者,80,20,小破,小破,その他,対象外当事者,その他,対象外当事者,損傷なし,死亡,水,その他,35.490313,136.904391,2019-08-21,10:20,red,,,,,,,,,,,,
本票,岐阜,芦別,0084,死亡,1,0,00410,上,0521,504,昼－昼,晴,非市街地,舗装－乾燥,単路－その他,環状交差点以外 環状交差点以外をいう。,施設なし,00,23,00,23,03,9,単路（交差点付近を含む）,規制なし,4,1,車両相互,45～54歳,65～74歳,貨物車－中型車,乗用車－普通車,事業用,自家用,貨物車,乗用車,50㎞／ｈ以下,50㎞／ｈ以下,10,10,小破,中破,その他,装備あり 作動,その他,その他,損傷なし,死亡,金,その他,35.520937,137.112043,2019-08-02,16:00,red,,,,,,,,,,,,
本票,岐阜,余市,0227,死亡,1,2,10200,対象外,0000,208,夜－夜,晴,非市街地,舗装－乾燥,交差点－その他,環状交差点以外 環状交差点以外をいう。,点灯－３灯式,09,22,09,22,14,9,交差点内,規制なし,5,2,車両相互,35～44歳,45～54歳,乗用車－普通車,乗用車－軽自動車,自家用,自家用,乗用車,乗用車,指定の速度規制なし等,指定の速度規制なし等,52,80,中破,中破,装備あり 作動,装備あり 作動,その他,その他,死亡,負傷,日,当日,35.346062,137.271747,2019-08-11,02:46,red,,,,,,,,,,,,
本票,岐阜,余市,0228,死亡,1,0,23870,対象外,0000,204,夜－暮,曇,市街地－人口集中,舗装－湿潤,交差点－その他,環状交差点以外 環状交差点以外をいう。,施設なし,09,22,00,23,14,8,交差点内,規制なし,2,2,人対車両,65～74歳,65～74歳,貨物車－準中型車,歩行者,事業用,対象外当事者,貨物車,対象外当事者,50㎞／ｈ以下,対象外当事者,80,00,小破,対象外当事者,その他,対象外当事者,その他,対象外当事者,損傷なし,死亡,土,その他,35.316169,137.164931,2019-08-31,18:43,red,,,,,,,,,,,,
本票,岐阜,室蘭,0021,死亡,1,0,00410,上,0922,220,夜－夜,晴,非市街地,舗装－乾燥,単路－カーブ・屈折,環状交差点以外 環状交差点以外をいう。,施設なし,00,23,00,23,03,6,単路（交差点付近を含む）,規制なし,3,1,車両相互,55～64歳,55～64歳,貨物車－大型車,乗用車－普通車,事業用,自家用,貨物車,乗用車,指定の速度規制なし等,指定の速度規制なし等,10,17,中破,大破,その他,装備あり 作動,その他,その他,損傷なし,死亡,火,その他,35.714104,137.193125,2019-08-06,23:46,red,,,,,,,,,,,,
本票,愛知,高速道路交通警察隊,0432,死亡,1,0,42810,上,0000,202,昼－明,晴,市街地－その他,舗装－乾燥,単路－トンネル,環状交差点以外 環状交差点以外をいう。,施設なし,00,23,00,23,04,9,単路（交差点付近を含む）,規制なし,1,3,車両単独,45～54歳,不明,二輪車－自動二輪－小型二輪－751ｃｃ以上,物件等,自家用,対象外当事者,対象外当事者,対象外当事者,指定の速度規制なし等,対象外当事者,10,00,小破,対象外当事者,対象外当事者,対象外当事者,対象外当事者,対象外当事者,死亡,対象外当事者,水,その他,34.960816,137.253589,2019-08-14,06:10,red,2401,中日本高速道路,走行車線－第二通行帯以上,完全分離－トンネル,直線,平坦・該当なし,愛別,1,防護柵－トンネル壁,該当なし,該当なし,463
本票,愛知,東,0464,死亡,1,0,00220,上,0087,104,昼－昼,雨,市街地－その他,舗装－湿潤,交差点－その他,環状交差点以外 環状交差点以外をいう。,施設なし,09,22,00,23,18,9,交差点内,規制なし,1,1,車両単独,35～44歳,不明,二輪車－自動二輪－軽二輪－126～250cc,相手なし,自家用,対象外当事者,対象外当事者,対象外当事者,指定の速度規制なし等,対象外当事者,40,00,小破,対象外当事者,対象外当事者,対象外当事者,対象外当事者,対象外当事者,死亡,対象外当事者,水,その他,35.188829,136.875936,2019-08-21,12:17,red,,,,,,,,,,,,
本票,愛知,東,0476,死亡,1,0,20630,対象外,0021,104,昼－昼,晴,市街地－その他,舗装－乾燥,交差点付近－その他,環状交差点以外 環状交差点以外をいう。,点灯－３灯式,00,23,00,23,04,9,単路（交差点付近を含む）,規制なし,4,2,人対車両,25～34歳,75歳以上,貨物車－大型車,歩行者,事業用,対象外当事者,貨物車,対象外当事者,50㎞／ｈ以下,対象外当事者,40,00,小破,対象外当事者,その他,対象外当事者,その他,対象外当事者,損傷なし,死亡,月,その他,35.227136,136.868271,2019-08-26,10:26,red,,,,,,,,,,,,
本票,愛知,江別,0550,死亡,1,0,30000,対象外,0000,105,夜－夜,晴,非市街地,舗装－乾燥,交差点付近－その他,環状交差点以外 環状交差点以外をいう。,施設なし,00,23,00,23,04,9,単路（交差点付近を含む）,規制なし,4,3,車両相互,45～54歳,65～74歳,乗用車－普通車,軽車両－自転車,自家用,対象外当事者,乗用車,対象外当事者,30㎞／ｈ以下,対象外当事者,80,30,中破,中破,その他,対象外当事者,その他,対象外当事者,損傷なし,死亡,木,その他,35.153044,136.862039,2019-08-22,22:44,red,,,,,,,,,,,,
本票,愛知,手稲,0576,死亡,1,0,30000,対象外,0000,113,昼－昼,晴,市街地－その他,舗装－乾燥,交差点－その他,環状交差点以外 環状交差点以外をいう。,施設なし,09,22,09,22,11,9,交差点内,規制なし,5,1,車両相互,0～24歳,65～74歳,乗用車－軽自動車,軽車両－自転車,自家用,対象外当事者,乗用車,対象外当事者,指定の速度規制なし等,対象外当事者,80,20,中破,小破,その他,対象外当事者,その他,対象外当事者,損傷なし,死亡,水,その他,35.208630,136.955703,2019-08-07,08:40,red,,,,,,,,,,,,
本票,愛知,幸,0460,死亡,1,0,10560,対象外,0028,233,昼－昼,晴,市街地－その他,舗装－乾燥,交差点－その他,環状交差点以外 環状交差点以外をいう。,点灯－３灯式,09,22,00,23,15,9,交差点内,規制なし,4,2,人対車両,75歳以上,75歳以上,乗用車－中型車,歩行者,自家用,対象外当事者,乗用車,対象外当事者,40㎞／ｈ以下,対象外当事者,50,00,小破,対象外当事者,その他,対象外当事者,その他,対象外当事者,損傷なし,死亡,金,その他,35.200104,136.863104,2019-08-02,10:00,red,,,,,,,,,,,,
本票,愛知,逗子,0971,死亡,1,0,20900,対象外,0135,203,夜－夜,晴,市街地－人口集中,舗装－乾燥,交差点－その他,環状交差点以外 環状交差点以外をいう。,点灯－３灯式,09,22,00,23,15,9,交差点内,規制なし,4,2,人対車両,25～34歳,45～54歳,乗用車－普通車,歩行者,自家用,対象外当事者,乗用車,対象外当事者,50㎞／ｈ以下,対象外当事者,10,00,小破,対象外当事者,その他,対象外当事者,その他,対象外当事者,損傷なし,死亡,日,その他,35.284899,136.808350,2019-08-04,01:54,red,,,,,,,,,,,,
本票,愛知,碧南,0237,死亡,1,0,35000,対象外,0000,209,昼－昼,晴,非市街地,舗装－乾燥,交差点－その他,環状交差点以外 環状交差点以外をいう。,施設なし,09,22,09,22,15,9,交差点内,規制なし,5,3,車両相互,45～54歳,75歳以上,乗用車－軽自動車,軽車両－駆動補助機付自転車,自家用,対象外当事者,乗用車,対象外当事者,指定の速度規制なし等,対象外当事者,10,20,小破,小破,その他,対象外当事者,その他,対象外当事者,損傷なし,死亡,木,その他,34.904818,136.992750,2019-08-29,12:12,red,,,,,,,,,,,,
本票,愛知,西尾,0425,死亡,1,0,10300,対象外,0105,213,夜－夜,晴,非市街地,舗装－乾燥,単路－その他,環状交差点以外 環状交差点以外をいう。,施設なし,00,23,00,23,03,9,その他,規制なし,5,2,人対車両,55～64歳,75歳以上,貨物車－大型車,歩行者,事業用,対象外当事者,貨物車,対象外当事者,指定の速度規制なし等,対象外当事者,10,00,小破,対象外当事者,その他,対象外当事者,その他,対象外当事者,損傷なし,死亡,火,その他,34.827068,137.107745,2019-08-27,04:08,red,,,,,,,,,,,,
本票,愛知,岡崎,1086,死亡,1,0,00010,下,3306,202,昼－昼,曇,市街地－その他,舗装－湿潤,単路－その他,環状交差点以外 環状交差点以外をいう。,施設なし,00,23,00,23,05,9,単路（交差点付近を含む）,規制なし,1,2,車両相互,55～64歳,65～74歳,貨物車－大型車,乗用車－普通車,事業用,自家用,貨物車,乗用車,40㎞／ｈ以下,指定の速度規制なし等,50,20,小破,大破,その他,その他,その他,その他,損傷なし,死亡,金,その他,34.969596,137.126874,2019-08-30,11:20,red,,,,,,,,,,,,
本票,愛知,豊田,0990,死亡,1,0,10450,対象外,0110,236,昼－昼,晴,市街地－その他,舗装－乾燥,単路－その他,環状交差点以外 環状交差点以外をいう。,施設なし,00,23,00,23,05,9,単路（交差点付近を含む）,規制なし,4,2,車両相互,45～54歳,25～34歳,乗用車－普通車,二輪車－自動二輪－小型二輪－751ｃｃ以上,自家用,自家用,乗用車,対象外当事者,50㎞／ｈ以下,50㎞／ｈ以下,60,10,小破,中破,その他,対象外当事者,その他,対象外当事者,損傷なし,死亡,日,その他,35.057125,137.073006,2019-08-25,13:25,red,,,,,,,,,,,,
本票,愛知,足助,0027,死亡,1,0,01530,下,0705,211,昼－昼,晴,市街地－その他,舗装－乾燥,交差点－その他,環状交差点以外 環状交差点以外をいう。,施設なし,08,22,09,22,15,9,交差点内,規制なし,4,2,車両相互,0～24歳,25～34歳,乗用車－軽自動車,二輪車－自動二輪－小型二輪－751ｃｃ以上,自家用,自家用,乗用車,対象外当事者,50㎞／ｈ以下,50㎞／ｈ以下,20,10,中破,中破,その他,対象外当事者,その他,対象外当事者,損傷なし,死亡,火,その他,35.212892,137.499583,2019-08-13,17:10,red,,,,,,,,,,,,
本票,愛知,豊川,0456,死亡,1,0,22730,対象外,0000,207,昼－昼,晴,市街地－人口集中,舗装－乾燥,単路－その他,環状交差点以外 環状交差点以外をいう。,施設なし,00,23,00,23,03,9,単路（交差点付近を含む）,規制なし,5,3,車両単独,55～64歳,不明,乗用車－普通車,物件等,自家用,対象外当事者,乗用車,対象外当事者,40㎞／ｈ以下,対象外当事者,55,00,中破,対象外当事者,装備あり 作動,対象外当事者,その他,対象外当事者,死亡,対象外当事者,火,その他,34.799420,137.337583,2019-08-06,10:47,red,,,,,,,,,,,,
本票,愛知,豊橋,1170,死亡,1,0,03620,対象外,0078,201,夜－夜,曇,市街地－その他,舗装－乾燥,交差点－その他,環状交差点以外 環状交差点以外をいう。,施設なし,09,22,01,22,14,9,交差点内,規制なし,4,2,車両相互,25～34歳,75歳以上,貨物車－大型車,二輪車－原付自転車,事業用,自家用,貨物車,対象外当事者,50㎞／ｈ以下,指定の速度規制なし等,10,20,小破,小破,その他,対象外当事者,その他,対象外当事者,損傷なし,死亡,金,その他,34.801375,137.471389,2019-08-02,03:10,red,,,,,,,,,,,,
本票,愛知,豊橋,1332,死亡,1,0,95000,対象外,0000,201,昼－昼,晴,非市街地,非舗装,交差点付近－その他,環状交差点以外 環状交差点以外をいう。,施設なし,00,23,00,23,01,8,その他,規制なし,5,4,車両単独,55～64歳,不明,特殊車－大型－農耕作業用,相手なし,対象外当事者,対象外当事者,対象外当事者,対象外当事者,指定の速度規制なし等,対象外当事者,30,00,小破,対象外当事者,対象外当事者,対象外当事者,対象外当事者,対象外当事者,死亡,対象外当事者,土,前日,34.712956,137.386333,2019-08-10,14:25,red,,,,,,,,,,,,
本票,三重,三戸,0315,死亡,1,0,10080,対象外,0000,202,昼－昼,晴,市街地－人口集中,舗装－乾燥,交差点－その他,環状交差点以外 環状交差点以外をいう。,点灯－３灯式,09,22,09,22,14,9,交差点内,規制なし,4,3,車両相互,35～44歳,75歳以上,貨物車－大型車,乗用車－軽自動車,自家用,自家用,貨物車,乗用車,50㎞／ｈ以下,40㎞／ｈ以下,10,10,小破,大破,その他,装備あり 作動,その他,装備あり 作動,損傷なし,死亡,木,その他,34.939740,136.564900,2019-08-08,09:18,red,,,,,,,,,,,,
本票,三重,滝川,0061,死亡,1,0,30000,対象外,0000,341,夜－夜,晴,非市街地,舗装－乾燥,単路－その他,環状交差点以外 環状交差点以外をいう。,施設なし,00,23,00,23,01,9,単路（交差点付近を含む）,規制なし,5,4,車両単独,65～74歳,不明,軽車両－自転車,相手なし,対象外当事者,対象外当事者,対象外当事者,対象外当事者,対象外当事者,対象外当事者,00,00,小破,対象外当事者,対象外当事者,対象外当事者,対象外当事者,対象外当事者,死亡,対象外当事者,日,当日,35.081780,136.523400,2019-08-11,20:00,red,,,,,,,,,,,,
本票,三重,伊達,0271,死亡,1,0,00230,上,0000,207,夜－夜,晴,市街地－その他,舗装－乾燥,交差点付近－その他,環状交差点以外 環状交差点以外をいう。,点灯－３灯式,00,23,00,23,05,9,単路（交差点付近を含む）,規制なし,1,2,車両単独,75歳以上,不明,貨物車－軽自動車,物件等,自家用,対象外当事者,貨物車,対象外当事者,指定の速度規制なし等,対象外当事者,10,00,中破,対象外当事者,装備あり 作動,対象外当事者,その他,対象外当事者,死亡,対象外当事者,水,その他,34.826910,136.578300,2019-08-07,22:10,red,,,,,,,,,,,,
本票,三重,室蘭,0288,死亡,1,0,00230,上,0000,201,夜－夜,晴,市街地－人口集中,舗装－湿潤,単路－その他,環状交差点以外 環状交差点以外をいう。,施設なし,00,23,00,23,06,9,単路（交差点付近を含む）,規制なし,1,2,人対車両,35～44歳,45～54歳,乗用車－普通車,歩行者,自家用,対象外当事者,乗用車,対象外当事者,50㎞／ｈ以下,対象外当事者,52,00,中破,対象外当事者,その他,対象外当事者,その他,対象外当事者,損傷なし,死亡,土,その他,34.716260,136.509600,2019-08-24,23:57,red,,,,,,,,,,,,
本票,三重,厚別,0213,死亡,1,0,30000,対象外,0000,204,昼－昼,晴,非市街地,舗装－乾燥,交差点－その他,環状交差点以外 環状交差点以外をいう。,施設なし,09,22,09,22,11,9,交差点内,規制なし,5,4,車両相互,55～64歳,65～74歳,貨物車－軽自動車,二輪車－原付自転車,自家用,自家用,貨物車,対象外当事者,指定の速度規制なし等,指定の速度規制なし等,81,10,中破,中破,その他,対象外当事者,その他,対象外当事者,損傷なし,死亡,土,その他,34.575480,136.479900,2019-08-17,13:47,red,,,,,,,,,,,,