資料区分,都道府県コード,警察署等コード,本票番号,事故内容,死者数,負傷者数,路線コード,上下線,地点コード,市区町村コード,昼夜,天候,地形,路面状態,道路形状,環状交差点の直径,信号機,一時停止規制　標識（当事者A）,一時停止規制　表示（当事者A）,一時停止規制　標識（当事者B）,一時停止規制　表示（当事者B）,車道幅員,道路線形,衝突地点,ゾーン規制,中央分離帯施設等,歩車道区分,事故類型,年齢（当事者A）,年齢（当事者B）,当事者種別（当事者A）,当事者種別（当事者B）,用途別（当事者A）,用途別（当事者B）,車両形状（当事者A）,車両形状（当事者B）,速度規制（指定のみ）（当事者A）,速度規制（指定のみ）（当事者B）,車両の衝突部位（当事者A）,車両の衝突部位（当事者B）,車両の損壊程度（当事者A）,車両の損壊程度（当事者B）,エアバッグの装備（当事者A）,エアバッグの装備（当事者B）,サイドエアバッグの装備（当事者A）,サイドエアバッグの装備（当事者B）,人身損傷程度（当事者A）,人身損傷程度（当事者B）,曜日(発生年月日),祝日(発生年月日),緯度,経度,発生日,発生時,color,発生地点,道路管理者区分,道路区分,道路構造,曲線半径,縦断勾配,トンネル番号,当事者車両台数,車両単独事故の対象物,臨時速度規制の有無,速度規制（臨時のみ）,トンネル延長距離
本票,三重,厚別,0224,死亡,1,5,30000,対象外,0000,204,夜－夜,晴,非市街地,舗装－乾燥,単路－その他,環状交差点以外 環状交差点以外をいう。,施設なし,00,23,00,23,02,9,単路（交差点付近を含む）,規制なし,5,3,車両単独,35～44歳,不明,乗用車－普通車,物件等,自家用,対象外当事者,乗用車,対象外当事者,指定の速度規制なし等,対象外当事者,10,00,中破,対象外当事者,装備あり 作動,対象外当事者,その他,対象外当事者,負傷,対象外当事者,月,その他,34.561000,136.551600,2019-08-26,23:24,red,,,,,,,,,,,,
本票,三重,手稲,0015,死亡,1,0,00420,上,1541,443,昼－昼,晴,市街地－その他,舗装－乾燥,単路－その他,環状交差点以外 環状交差点以外をいう。,施設なし,00,23,00,23,04,9,単路（交差点付近を含む）,規制なし,4,2,人対車両,55～64歳,75歳以上,貨物車－軽自動車,歩行者,自家用,対象外当事者,貨物車,対象外当事者,50㎞／ｈ以下,対象外当事者,50,00,小破,対象外当事者,その他,対象外当事者,その他,対象外当事者,損傷なし,死亡,木,その他,34.392880,136.408100,2019-08-08,16:24,red,,,,,,,,,,,,
本票,滋賀,中央,0709,死亡,1,1,01616,下,0836,201,昼－明,雨,非市街地,舗装－湿潤,単路－カーブ・屈折,環状交差点以外 環状交差点以外をいう。,施設なし,00,23,00,23,05,3,その他,規制なし,1,3,車両単独,35～44歳,不明,乗用車－軽自動車,物件等,自家用,対象外当事者,乗用車,対象外当事者,60㎞／ｈ以下,対象外当事者,10,00,大破,対象外当事者,装備あり 作動,対象外当事者,その他,対象外当事者,負傷,対象外当事者,月,当日,35.034358,135.852017,2019-08-12,06:05,red,,,,,,,,,,,,
本票,滋賀,中央,0720,死亡,1,5,59010,上,0785,201,昼－昼,晴,市街地－人口集中,舗装－乾燥,単路－その他,環状交差点以外 環状交差点以外をいう。,施設なし,00,23,00,23,05,9,単路（交差点付近を含む）,規制なし,1,3,車両相互,35～44歳,35～44歳,乗用車－普通車,乗用車－普通車,自家用,自家用,乗用車,乗用車,60㎞／ｈ以下,60㎞／ｈ以下,10,31,大破,大破,装備あり 作動,装備あり 作動,その他,その他,損傷なし,負傷,金,その他,35.073054,135.879040,2019-08-16,15:15,red,,,,,,,,,,,,
本票,滋賀,白石,0507,死亡,1,0,37410,対象外,0000,208,昼－昼,曇,市街地－人口集中,舗装－乾燥,交差点－その他,環状交差点以外 環状交差点以外をいう。,施設なし,09,22,00,23,14,9,交差点内,規制なし,4,2,人対車両,75歳以上,75歳以上,乗用車－中型車,歩行者,事業用,対象外当事者,乗用車,対象外当事者,50㎞／ｈ以下,対象外当事者,80,00,小破,対象外当事者,その他,対象外当事者,その他,対象外当事者,損傷なし,死亡,木,その他,35.019829,136.004500,2019-08-22,11:05,red,,,,,,,,,,,,
本票,滋賀,西,0290,死亡,1,1,14390,対象外,0000,207,昼－暮,晴,非市街地,舗装－乾燥,交差点－その他,環状交差点以外 環状交差点以外をいう。,点灯－３灯式,09,22,09,22,18,9,交差点内,規制なし,5,2,車両相互,25～34歳,65～74歳,乗用車－普通車,乗用車－軽自動車,自家用,自家用,乗用車,乗用車,指定の速度規制なし等,指定の速度規制なし等,50,80,中破,中破,その他,装備あり 作動,その他,その他,損傷なし,負傷,月,当日,35.061953,135.978725,2019-08-12,18:05,red,,,,,,,,,,,,
本票,滋賀,滝川,0115,死亡,1,0,03670,対象外,0000,212,昼－昼,晴,非市街地,舗装－乾燥,単路－カーブ・屈折,環状交差点以外 環状交差点以外をいう。,施設なし,00,23,00,23,03,3,その他,規制なし,4,3,車両単独,75歳以上,不明,乗用車－軽自動車,相手なし,自家用,対象外当事者,乗用車,対象外当事者,50㎞／ｈ以下,対象外当事者,80,00,大破,対象外当事者,装備あり 作動,対象外当事者,その他,対象外当事者,死亡,対象外当事者,日,その他,35.295162,135.886716,2019-08-25,06:35,red,,,,,,,,,,,,
本票,滋賀,赤歌,0137,死亡,1,0,27230,対象外,0000,201,夜－夜,晴,非市街地,舗装－乾燥,単路－その他,環状交差点以外 環状交差点以外をいう。,施設なし,00,23,00,23,03,7,単路（交差点付近を含む）,規制なし,4,2,車両単独,45～54歳,不明,二輪車－自動二輪－小型二輪－401～750ｃｃ,物件等,自家用,対象外当事者,対象外当事者,対象外当事者,40㎞／ｈ以下,対象外当事者,10,00,小破,対象外当事者,対象外当事者,対象外当事者,対象外当事者,対象外当事者,死亡,対象外当事者,日,その他,35.185195,135.913784,2019-08-18,03:35,red,,,,,,,,,,,,
本票,京都,野辺地,0209,死亡,1,0,38880,対象外,0000,110,昼－昼,曇,市街地－人口集中,舗装－乾燥,交差点－その他,環状交差点以外 環状交差点以外をいう。,点滅－１灯式,09,22,09,21,14,9,交差点内,規制なし,5,3,車両相互,45～54歳,45～54歳,乗用車－普通車,貨物車－軽自動車,自家用,自家用,乗用車,貨物車,30㎞／ｈ以下,30㎞／ｈ以下,11,22,中破,中破,装備あり 作動,その他,装備あり 作動,その他,損傷なし,損傷なし,土,前日,34.991218,135.813958,2019-08-10,08:22,red,,,,,,,,,,,,
本票,京都,南,0349,死亡,1,0,37890,対象外,0000,107,昼－明,曇,市街地－人口集中,舗装－湿潤,交差点付近－その他,環状交差点以外 環状交差点以外をいう。,点灯－３灯式,00,23,00,23,05,9,単路（交差点付近を含む）,規制なし,1,1,車両単独,25～34歳,不明,乗用車－普通車,物件等,自家用,対象外当事者,乗用車,対象外当事者,50㎞／ｈ以下,対象外当事者,10,00,中破,対象外当事者,装備あり 作動,対象外当事者,その他,対象外当事者,死亡,対象外当事者,水,その他,34.965653,135.750519,2019-03-13,06:39,red,,,,,,,,,,,,
本票,京都,南,0375,死亡,1,7,00010,上,4995,107,昼－昼,晴,市街地－人口集中,舗装－乾燥,交差点－その他,環状交差点以外 環状交差点以外をいう。,点灯－３灯式,09,22,09,22,19,9,交差点内,規制なし,5,1,車両相互,45～54歳,35～44歳,貨物車－中型車,乗用車－普通車,自家用,事業用,貨物車,乗用車,50㎞／ｈ以下,50㎞／ｈ以下,10,20,中破,大破,その他,装備あり 作動,その他,その他,損傷なし,負傷,水,その他,34.979299,135.746128,2019-08-21,09:18,red,,,,,,,,,,,,
本票,京都,北,0298,死亡,1,0,37030,対象外,0000,108,昼－暮,晴,市街地－その他,舗装－乾燥,単路－その他,環状交差点以外 環状交差点以外をいう。,施設なし,00,23,00,23,05,9,単路（交差点付近を含む）,規制なし,4,2,車両相互,0～24歳,75歳以上,二輪車－自動二輪－原付二種－51～125cc,軽車両－自転車,自家用,対象外当事者,対象外当事者,対象外当事者,50㎞／ｈ以下,対象外当事者,40,20,小破,小破,対象外当事者,対象外当事者,対象外当事者,対象外当事者,損傷なし,死亡,土,前日,35.010955,135.720079,2019-08-10,18:22,red,,,,,,,,,,,,
本票,京都,蒲田,0284,死亡,1,0,14970,対象外,0000,209,昼－昼,晴,市街地－人口集中,舗装－乾燥,単路－その他,環状交差点以外 環状交差点以外をいう。,施設なし,00,23,00,23,05,9,単路（交差点付近を含む）,規制なし,4,2,車両相互,35～44歳,25～34歳,乗用車－普通車,二輪車－自動二輪－小型二輪－751ｃｃ以上,自家用,自家用,乗用車,対象外当事者,50㎞／ｈ以下,50㎞／ｈ以下,20,10,中破,中破,装備あり 作動,対象外当事者,装備あり 作動,対象外当事者,損傷なし,死亡,日,当日,34.934998,135.695604,2019-08-11,14:11,red,,,,,,,,,,,,
本票,大阪,高速道路交通警察隊,0469,死亡,1,0,42640,下,0000,207,夜－夜,晴,市街地－その他,舗装－乾燥,単路－カーブ・屈折,環状交差点以外 環状交差点以外をいう。,施設なし,00,23,00,23,06,3,単路（交差点付近を含む）,規制なし,1,4,車両単独,55～64歳,不明,乗用車－普通車,物件等,自家用,対象外当事者,乗用車,対象外当事者,80㎞／ｈ以下,対象外当事者,52,00,大破,対象外当事者,装備あり 作動,対象外当事者,その他,対象外当事者,死亡,対象外当事者,月,当日,34.864186,135.632154,2019-08-12,00:57,red,5034,西日本高速道路,走行車線－第二通行帯以上,完全分離－その他,カーブ－1000m以上,平坦・該当なし,,3,該当なし,該当なし,該当なし,0
本票,大阪,倶知安,0126,死亡,1,0,15140,対象外,0037,117,昼－昼,晴,市街地－人口集中,舗装－乾燥,交差点－その他,環状交差点以外 環状交差点以外をいう。,点灯－３灯式,09,22,09,22,18,9,交差点内,規制なし,5,1,車両相互,55～64歳,65～74歳,貨物車－軽自動車,軽車両－自転車,自家用,対象外当事者,貨物車,対象外当事者,50㎞／ｈ以下,対象外当事者,10,20,中破,中破,その他,対象外当事者,その他,対象外当事者,損傷なし,死亡,土,その他,34.714426,135.538070,2019-08-24,17:07,red,,,,,,,,,,,,
本票,大阪,静内,0241,死亡,1,0,10090,対象外,0074,122,昼－明,雨,市街地－人口集中,舗装－湿潤,交差点付近－その他,環状交差点以外 環状交差点以外をいう。,施設なし,00,23,00,23,05,3,単路（交差点付近を含む）,規制なし,4,1,車両単独,55～64歳,不明,二輪車－自動二輪－軽二輪－126～250cc,相手なし,自家用,対象外当事者,対象外当事者,対象外当事者,40㎞／ｈ以下,対象外当事者,10,00,中破,対象外当事者,対象外当事者,対象外当事者,対象外当事者,対象外当事者,死亡,対象外当事者,金,その他,34.639565,135.483120,2019-08-23,06:17,red,,,,,,,,,,,,
本票,大阪,函館中央,0549,死亡,1,0,10650,対象外,0000,207,昼－昼,晴,市街地－その他,舗装－乾燥,交差点付近－その他,環状交差点以外 環状交差点以外をいう。,点灯－３灯式,00,23,00,23,03,9,単路（交差点付近を含む）,規制なし,4,2,車両相互,35～44歳,45～54歳,貨物車－大型車,二輪車－原付自転車,事業用,自家用,貨物車,対象外当事者,30㎞／ｈ以下,30㎞／ｈ以下,10,30,小破,中破,その他,対象外当事者,その他,対象外当事者,損傷なし,死亡,土,その他,34.857929,135.625479,2019-08-24,09:18,red,,,,,,,,,,,,
本票,大阪,江差,0388,死亡,1,0,10090,対象外,0128,141,昼－昼,晴,市街地－その他,舗装－乾燥,交差点－その他,環状交差点以外 環状交差点以外をいう。,点灯－３灯式,09,22,09,22,19,9,交差点内,規制なし,5,1,車両相互,25～34歳,0～24歳,貨物車－大型車,軽車両－自転車,事業用,対象外当事者,貨物車,対象外当事者,60㎞／ｈ以下,対象外当事者,80,10,小破,大破,その他,対象外当事者,その他,対象外当事者,損傷なし,死亡,木,その他,34.593545,135.468638,2019-08-08,17:04,red,,,,,,,,,,,,
本票,大阪,岸和田,0429,死亡,1,0,01700,対象外,6240,202,夜－夜,晴,市街地－人口集中,舗装－乾燥,単路－カーブ・屈折,環状交差点以外 環状交差点以外をいう。,施設なし,00,23,00,23,05,3,単路（交差点付近を含む）,規制なし,1,2,車両単独,0～24歳,不明,二輪車－自動二輪－軽二輪－126～250cc,物件等,自家用,対象外当事者,対象外当事者,対象外当事者,指定の速度規制なし等,対象外当事者,10,00,大破,対象外当事者,対象外当事者,対象外当事者,対象外当事者,対象外当事者,死亡,対象外当事者,日,その他,34.423149,135.440358,2019-08-04,23:42,red,,,,,,,,,,,,
本票,大阪,東京空港,0420,死亡,1,0,10110,対象外,0019,212,昼－昼,晴,市街地－人口集中,舗装－乾燥,交差点－その他,環状交差点以外 環状交差点以外をいう。,点灯－３灯式,09,22,00,23,14,9,交差点内,規制なし,5,1,人対車両,45～54歳,65～74歳,貨物車－準中型車,歩行者,事業用,対象外当事者,貨物車,対象外当事者,40㎞／ｈ以下,対象外当事者,50,00,損壊なし,対象外当事者,その他,対象外当事者,その他,対象外当事者,損傷なし,死亡,木,その他,34.649421,135.605356,2019-08-01,08:57,red,,,,,,,,,,,,
本票,大阪,守口,0337,死亡,1,0,10120,対象外,0160,209,夜－夜,晴,市街地－人口集中,舗装－乾燥,単路－その他,環状交差点以外 環状交差点以外をいう。,施設なし,00,23,00,23,05,9,単路（交差点付近を含む）,規制なし,4,2,人対車両,45～54歳,75歳以上,二輪車－自動二輪－原付二種－51～125cc,歩行者,自家用,対象外当事者,対象外当事者,対象外当事者,50㎞／ｈ以下,対象外当事者,10,00,小破,対象外当事者,対象外当事者,対象外当事者,対象外当事者,対象外当事者,損傷なし,死亡,月,当日,34.754188,135.584148,2019-08-12,20:43,red,,,,,,,,,,,,
本票,大阪,北堺,0365,死亡,1,0,30990,対象外,0000,146,昼－昼,雨,市街地－人口集中,舗装－湿潤,交差点－その他,環状交差点以外 環状交差点以外をいう。,施設なし,09,22,01,21,15,9,交差点内,規制なし,5,3,車両相互,55～64歳,75歳以上,貨物車－中型車,二輪車－自動二輪－原付二種－51～125cc,自家用,自家用,貨物車,対象外当事者,30㎞／ｈ以下,指定の速度規制なし等,10,40,小破,小破,その他,対象外当事者,その他,対象外当事者,損傷なし,死亡,金,その他,34.586396,135.516913,2019-08-23,10:57,red,,,,,,,,,,,,
本票,兵庫,高速道路交通警察隊,0435,死亡,1,0,50250,上,0907,201,夜－夜,晴,市街地－人口集中,舗装－乾燥,単路－橋,環状交差点以外 環状交差点以外をいう。,施設なし,00,23,00,23,05,9,単路（交差点付近を含む）,規制なし,1,3,車両単独,45～54歳,不明,貨物車－大型車,物件等,事業用,対象外当事者,貨物車,対象外当事者,70㎞／ｈ以下,対象外当事者,10,00,大破,対象外当事者,その他,対象外当事者,その他,対象外当事者,死亡,対象外当事者,木,その他,34.812894,134.679512,2019-08-01,02:00,red,897,国土交通省,路肩,完全分離－高架・橋梁,直線,平坦・該当なし,,1,防護柵－コンクリート,該当なし,該当なし,0
本票,兵庫,高速道路交通警察隊,0517,死亡,1,3,45010,上,0297,204,夜－夜,曇,市街地－人口集中,舗装－湿潤,単路－その他,環状交差点以外 環状交差点以外をいう。,施設なし,00,23,00,23,06,7,単路（交差点付近を含む）,規制なし,1,3,車両単独,0～24歳,不明,貨物車－普通車,物件等,自家用,対象外当事者,貨物車,対象外当事者,80㎞／ｈ以下,対象外当事者,10,00,大破,対象外当事者,その他,対象外当事者,その他,対象外当事者,死亡,対象外当事者,日,その他,34.838337,135.242523,2019-08-25,23:23,red,287,西日本高速道路,路肩,完全分離－切土,直線,上り・下り－４％以上,,3,防護柵－ガードレール,該当なし,該当なし,0
本票,兵庫,美唄,0265,死亡,1,0,39990,対象外,0000,102,昼－昼,晴,市街地－人口集中,舗装－乾燥,単路－カーブ・屈折,環状交差点以外 環状交差点以外をいう。,施設なし,00,23,00,23,05,6,単路（交差点付近を含む）,規制なし,5,1,車両単独,25～34歳,不明,乗用車－普通車,相手なし,自家用,対象外当事者,乗用車,対象外当事者,40㎞／ｈ以下,対象外当事者,10,00,大破,対象外当事者,装備あり 作動,対象外当事者,その他,対象外当事者,死亡,対象外当事者,木,その他,34.701086,135.234693,2019-08-01,09:40,red,,,,,,,,,,,,
本票,兵庫,芦別,0286,死亡,1,0,39990,対象外,0000,107,昼－昼,晴,市街地－人口集中,舗装－乾燥,交差点－その他,環状交差点以外 環状交差点以外をいう。,施設なし,09,22,00,23,18,9,交差点内,規制なし,5,2,人対車両,25～34歳,75歳以上,乗用車－普通車,歩行者,自家用,対象外当事者,乗用車,対象外当事者,50㎞／ｈ以下,対象外当事者,50,00,中破,対象外当事者,その他,対象外当事者,その他,対象外当事者,損傷なし,死亡,月,その他,34.688106,135.094205,2019-08-05,16:20,red,,,,,,,,,,,,
本票,兵庫,芦別,0311,死亡,2,0,00020,下,0416,107,昼－明,曇,市街地－人口集中,舗装－湿潤,単路－その他,環状交差点以外 環状交差点以外をいう。,施設なし,00,23,00,23,04,9,単路（交差点付近を含む）,規制なし,4,1,車両相互,65～74歳,35～44歳,貨物車－大型車,乗用車－軽自動車,事業用,自家用,貨物車,乗用車,50㎞／ｈ以下,50㎞／ｈ以下,10,27,中破,大破,その他,その他,その他,その他,損傷なし,死亡,金,その他,34.642848,135.109826,2019-08-23,06:19,red,,,,,,,,,,,,
本票,兵庫,小樽,0349,死亡,1,0,39990,対象外,0000,108,夜－夜,晴,市街地－人口集中,舗装－乾燥,踏切－第一種,環状交差点以外 環状交差点以外をいう。,施設なし,00,23,00,23,01,9,その他,規制なし,5,4,列車,25～34歳,35～44歳,列車,歩行者,対象外当事者,対象外当事者,対象外当事者,対象外当事者,対象外当事者,対象外当事者,10,00,小破,対象外当事者,対象外当事者,対象外当事者,対象外当事者,対象外当事者,損傷なし,死亡,日,その他,34.640129,135.025164,2019-06-23,20:40,red,,,,,,,,,,,,
本票,兵庫,倶知安,0726,死亡,1,0,14130,対象外,1054,111,昼－昼,晴,市街地－人口集中,舗装－乾燥,交差点－その他,環状交差点以外 環状交差点以外をいう。,点灯－３灯式,09,22,09,22,15,9,交差点内,規制なし,5,2,車両相互,45～54歳,35～44歳,乗用車－普通車,二輪車－自動二輪－原付二種－51～125cc,自家用,自家用,乗用車,対象外当事者,40㎞／ｈ以下,50㎞／ｈ以下,50,10,中破,大破,その他,対象外当事者,その他,対象外当事者,損傷なし,死亡,金,その他,34.671549,135.015249,2019-08-02,16:51,red,,,,,,,,,,,,
本票,兵庫,倶知安,0727,死亡,1,0,01750,上,0135,111,昼－昼,晴,市街地－人口集中,舗装－乾燥,単路－その他,環状交差点以外 環状交差点以外をいう。,施設なし,00,23,00,23,05,9,単路（交差点付近を含む）,規制なし,1,2,車両相互,45～54歳,35～44歳,貨物車－大型車,貨物車－普通車,事業用,自家用,貨物車,貨物車,60㎞／ｈ以下,60㎞／ｈ以下,60,80,小破,大破,その他,装備あり 作動,その他,その他,損傷なし,損傷なし,金,その他,34.767630,134.982017,2019-08-02,14:35,red,,,,,,,,,,,,
本票,兵庫,倶知安,0730,死亡,1,0,39990,対象外,0000,111,昼－暮,晴,市街地－人口集中,舗装－乾燥,踏切－第一種,環状交差点以外 環状交差点以外をいう。,施設なし,00,23,00,23,02,3,その他,規制なし,5,4,列車,25～34歳,75歳以上,列車,歩行者,対象外当事者,対象外当事者,対象外当事者,対象外当事者,対象外当事者,対象外当事者,10,00,小破,対象外当事者,対象外当事者,対象外当事者,対象外当事者,対象外当事者,損傷なし,死亡,土,その他,34.754432,135.060265,2019-08-03,18:01,red,,,,,,,,,,,,
本票,兵庫,伊達,0238,死亡,1,0,39990,対象外,0000,109,昼－昼,曇,市街地－人口集中,舗装－乾燥,交差点付近－その他,環状交差点以外 環状交差点以外をいう。,施設なし,00,23,00,23,02,8,単路（交差点付近を含む）,規制なし,5,2,車両単独,55～64歳,不明,乗用車－軽自動車,相手なし,自家用,対象外当事者,乗用車,対象外当事者,40㎞／ｈ以下,対象外当事者,30,00,小破,対象外当事者,その他,対象外当事者,その他,対象外当事者,死亡,対象外当事者,木,その他,34.726901,135.145272,2019-08-29,15:38,red,,,,,,,,,,,,
本票,兵庫,上尾,0234,死亡,1,1,00020,下,0139,204,夜－夜,晴,市街地－人口集中,舗装－乾燥,交差点－その他,環状交差点以外 環状交差点以外をいう。,点灯－３灯式,09,22,09,22,19,9,交差点内,規制なし,5,1,車両相互,25～34歳,75歳以上,二輪車－自動二輪－原付二種－51～125cc,軽車両－自転車,自家用,対象外当事者,対象外当事者,対象外当事者,50㎞／ｈ以下,対象外当事者,10,20,中破,大破,対象外当事者,対象外当事者,対象外当事者,対象外当事者,負傷,死亡,日,その他,34.734807,135.365629,2019-08-25,00:22,red,,,,,,,,,,,,
本票,兵庫,新座,0430,死亡,1,0,14250,対象外,0052,202,夜－暮,晴,市街地－人口集中,舗装－乾燥,交差点付近－その他,環状交差点以外 環状交差点以外をいう。,施設なし,00,23,00,23,05,9,単路（交差点付近を含む）,規制なし,4,2,人対車両,75歳以上,75歳以上,乗用車－普通車,歩行者,事業用,対象外当事者,乗用車,対象外当事者,50㎞／ｈ以下,対象外当事者,10,00,中破,対象外当事者,その他,対象外当事者,その他,対象外当事者,損傷なし,死亡,日,当日,34.768337,135.385057,2019-08-11,19:18,red,,,,,,,,,,,,
本票,兵庫,浦和東,0452,死亡,1,0,01730,下,0342,217,夜－夜,晴,市街地－人口集中,舗装－乾燥,交差点－その他,環状交差点以外 環状交差点以外をいう。,点灯－３灯式,09,22,00,23,18,9,交差点内,規制なし,5,2,人対車両,45～54歳,75歳以上,貨物車－準中型車,歩行者,事業用,対象外当事者,貨物車,対象外当事者,50㎞／ｈ以下,対象外当事者,10,00,中破,対象外当事者,その他,対象外当事者,その他,対象外当事者,損傷なし,死亡,月,その他,34.854311,135.416700,2019-08-05,04:03,red,,,,,,,,,,,,
本票,兵庫,千葉東,0190,死亡,1,0,29990,対象外,0000,219,昼－昼,晴,市街地－その他,舗装－乾燥,交差点－その他,環状交差点以外 環状交差点以外をいう。,施設なし,09,22,09,22,14,9,交差点内,規制なし,4,3,車両相互,75歳以上,75歳以上,乗用車－軽自動車,二輪車－原付自転車,自家用,自家用,乗用車,対象外当事者,50㎞／ｈ以下,指定の速度規制なし等,80,20,中破,大破,その他,対象外当事者,その他,対象外当事者,損傷なし,死亡,日,その他,34.921783,135.177072,2019-08-18,09:20,red,,,,,,,,,,,,
本票,兵庫,千葉北,0081,死亡,1,0,25020,対象外,0000,223,昼－昼,晴,市街地－その他,舗装－乾燥,単路－その他,環状交差点以外 環状交差点以外をいう。,施設なし,00,23,00,23,03,9,単路（交差点付近を含む）,規制なし,4,2,車両単独,65～74歳,不明,二輪車－原付自転車,物件等,自家用,対象外当事者,対象外当事者,対象外当事者,指定の速度規制なし等,対象外当事者,40,00,小破,対象外当事者,対象外当事者,対象外当事者,対象外当事者,対象外当事者,死亡,対象外当事者,日,その他,35.098555,134.992711,2019-08-04,17:10,red,,,,,,,,,,,,
本票,兵庫,姫路,1025,死亡,1,1,03720,下,0100,201,夜－夜,晴,非市街地,舗装－乾燥,単路－カーブ・屈折,環状交差点以外 環状交差点以外をいう。,施設なし,00,23,00,23,03,3,単路（交差点付近を含む）,規制なし,4,2,車両相互,45～54歳,55～64歳,乗用車－普通車,乗用車－軽自動車,自家用,自家用,乗用車,乗用車,40㎞／ｈ以下,40㎞／ｈ以下,50,50,大破,大破,装備あり 作動,装備あり 作動,その他,その他,負傷,死亡,月,当日,34.856996,134.779885,2019-08-12,23:50,red,,,,,,,,,,,,
本票,兵庫,飾磨,0837,死亡,1,0,99000,対象外,0000,201,昼－昼,晴,市街地－その他,非舗装,一般交通の場所,環状交差点以外 環状交差点以外をいう。,施設なし,00,23,00,23,00,0,その他,規制なし,0,4,車両単独,65～74歳,不明,乗用車－軽自動車,相手なし,自家用,対象外当事者,乗用車,対象外当事者,指定の速度規制なし等,対象外当事者,40,00,大破,対象外当事者,その他,対象外当事者,その他,対象外当事者,死亡,対象外当事者,土,前日,34.776564,134.749648,2019-08-10,09:05,red,,,,,,,,,,,,
本票,兵庫,宍粟,0095,死亡,1,0,00290,上,0235,227,夜－夜,晴,市街地－その他,舗装－乾燥,交差点付近－その他,環状交差点以外 環状交差点以外をいう。,施設なし,00,23,00,23,03,7,単路（交差点付近を含む）,規制なし,4,2,車両相互,55～64歳,35～44歳,乗用車－軽自動車,軽車両－自転車,自家用,対象外当事者,乗用車,対象外当事者,50㎞／ｈ以下,対象外当事者,80,30,中破,大破,その他,対象外当事者,その他,対象外当事者,損傷なし,死亡,土,その他,34.994957,134.561495,2019-08-24,22:25,red,,,,,,,,,,,,
本票,兵庫,養父,0049,死亡,1,0,00090,下,1225,222,昼－昼,晴,市街地－その他,舗装－乾燥,交差点－その他,環状交差点以外 環状交差点以外をいう。,施設なし,09,22,00,23,17,9,交差点内,規制なし,4,2,車両単独,65～74歳,不明,貨物車－軽自動車,物件等,自家用,対象外当事者,貨物車,対象外当事者,50㎞／ｈ以下,対象外当事者,10,00,大破,対象外当事者,装備あり 作動,対象外当事者,その他,対象外当事者,死亡,対象外当事者,火,その他,35.375796,134.785880,2019-08-13,14:50,red,,,,,,,,,,,,
本票,和歌山,千歳,0047,死亡,1,0,03700,対象外,0000,202,昼－昼,曇,市街地－人口集中,舗装－乾燥,交差点－その他,環状交差点以外 環状交差点以外をいう。,点灯－３灯式,09,22,09,22,18,9,交差点内,規制なし,4,2,車両相互,55～64歳,75歳以上,貨物車－大型車,軽車両－自転車,事業用,対象外当事者,貨物車,対象外当事者,50㎞／ｈ以下,対象外当事者,80,20,小破,大破,その他,対象外当事者,その他,対象外当事者,損傷なし,死亡,土,その他,34.153095,135.212704,2019-08-24,10:00,red,,,,,,,,,,,,
本票,和歌山,つがる,0044,死亡,1,0,10260,対象外,0000,205,夜－夜,雨,市街地－その他,舗装－湿潤,一般交通の場所,環状交差点以外 環状交差点以外をいう。,施設なし,00,23,00,23,00,0,その他,規制なし,0,1,車両単独,55～64歳,不明,軽車両－自転車,物件等,対象外当事者,対象外当事者,対象外当事者,対象外当事者,対象外当事者,対象外当事者,10,00,小破,対象外当事者,対象外当事者,対象外当事者,対象外当事者,対象外当事者,死亡,対象外当事者,土,その他,33.901795,135.164435,2019-08-24,21:09,red,,,,,,,,,,,,
本票,和歌山,野辺地,0125,死亡,1,0,03110,対象外,0000,404,夜－夜,曇,非市街地,舗装－乾燥,単路－その他,環状交差点以外 環状交差点以外をいう。,施設なし,00,23,00,23,03,9,単路（交差点付近を含む）,規制なし,4,1,車両単独,0～24歳,不明,乗用車－軽自動車,物件等,自家用,対象外当事者,乗用車,対象外当事者,指定の速度規制なし等,対象外当事者,10,00,中破,対象外当事者,装備あり 作動,対象外当事者,その他,対象外当事者,死亡,対象外当事者,金,その他,33.718405,135.473434,2019-08-23,02:50,red,,,,,,,,,,,,
本票,和歌山,滝川,0136,死亡,1,0,90000,対象外,0000,201,昼－昼,晴,市街地－人口集中,舗装－乾燥,交差点－その他,環状交差点以外 環状交差点以外をいう。,施設なし,09,22,00,23,14,9,交差点内,規制なし,5,4,車両単独,65～74歳,不明,軽車両－駆動補助機付自転車,相手なし,対象外当事者,対象外当事者,対象外当事者,対象外当事者,対象外当事者,対象外当事者,20,00,小破,対象外当事者,対象外当事者,対象外当事者,対象外当事者,対象外当事者,死亡,対象外当事者,日,その他,34.258671,135.134368,2019-08-18,16:20,red,,,,,,,,,,,,
本票,鳥取,白石,0131,死亡,1,1,00530,下,0127,201,昼－昼,晴,非市街地,舗装－乾燥,単路－カーブ・屈折,環状交差点以外 環状交差点以外をいう。,施設なし,00,23,00,23,04,5,単路（交差点付近を含む）,規制なし,4,2,車両相互,45～54歳,75歳以上,乗用車－軽自動車,貨物車－軽自動車,自家用,自家用,乗用車,貨物車,指定の速度規制なし等,指定の速度規制なし等,10,10,中破,大破,その他,その他,その他,その他,負傷,死亡,日,その他,35.440659,134.209752,2019-08-25,07:55,red,,,,,,,,,,,,