資料区分,都道府県コード,警察署等コード,本票番号,事故内容,死者数,負傷者数,路線コード,上下線,地点コード,市区町村コード,昼夜,天候,地形,路面状態,道路形状,環状交差点の直径,信号機,一時停止規制　標識（当事者A）,一時停止規制　表示（当事者A）,一時停止規制　標識（当事者B）,一時停止規制　表示（当事者B）,車道幅員,道路線形,衝突地点,ゾーン規制,中央分離帯施設等,歩車道区分,事故類型,年齢（当事者A）,年齢（当事者B）,当事者種別（当事者A）,当事者種別（当事者B）,用途別（当事者A）,用途別（当事者B）,車両形状（当事者A）,車両形状（当事者B）,速度規制（指定のみ）（当事者A）,速度規制（指定のみ）（当事者B）,車両の衝突部位（当事者A）,車両の衝突部位（当事者B）,車両の損壊程度（当事者A）,車両の損壊程度（当事者B）,エアバッグの装備（当事者A）,エアバッグの装備（当事者B）,サイドエアバッグの装備（当事者A）,サイドエアバッグの装備（当事者B）,人身損傷程度（当事者A）,人身損傷程度（当事者B）,曜日(発生年月日),祝日(発生年月日),緯度,経度,発生日,発生時,color,発生地点,道路管理者区分,道路区分,道路構造,曲線半径,縦断勾配,トンネル番号,当事者車両台数,車両単独事故の対象物,臨時速度規制の有無,速度規制（臨時のみ）,トンネル延長距離
本票,埼玉,南,0590,死亡,1,0,39990,対象外,0000,222,夜－暮,曇,市街地－人口集中,舗装－乾燥,交差点－その他,環状交差点以外 環状交差点以外をいう。,施設なし,09,22,01,21,15,9,交差点内,規制なし,5,2,車両相互,25～34歳,65～74歳,貨物車－軽自動車,軽車両－駆動補助機付自転車,事業用,対象外当事者,貨物車,対象外当事者,40㎞／ｈ以下,対象外当事者,10,40,中破,中破,その他,対象外当事者,その他,対象外当事者,損傷なし,死亡,土,その他,35.894185,139.794819,2019-08-31,18:57,red,,,,,,,,,,,,
本票,埼玉,手稲,0488,死亡,1,0,39990,対象外,0000,237,昼－暮,晴,市街地－その他,舗装－乾燥,交差点－その他,環状交差点以外 環状交差点以外をいう。,施設なし,09,22,00,23,15,9,交差点内,規制なし,5,2,人対車両,35～44歳,55～64歳,貨物車－軽自動車,歩行者,事業用,対象外当事者,貨物車,対象外当事者,40㎞／ｈ以下,対象外当事者,80,00,小破,対象外当事者,その他,対象外当事者,その他,対象外当事者,損傷なし,死亡,火,その他,35.830694,139.872381,2019-09-17,16:56,red,,,,,,,,,,,,
本票,千葉,西,0240,死亡,1,0,30000,対象外,0000,216,昼－暮,晴,市街地－人口集中,舗装－乾燥,交差点－その他,環状交差点以外 環状交差点以外をいう。,点灯－３灯式,09,22,00,23,15,8,交差点内,規制なし,5,2,人対車両,25～34歳,75歳以上,軽車両－自転車,歩行者,対象外当事者,対象外当事者,対象外当事者,対象外当事者,対象外当事者,対象外当事者,10,00,小破,対象外当事者,対象外当事者,対象外当事者,対象外当事者,対象外当事者,損傷なし,死亡,土,その他,35.703647,140.084496,2019-09-28,17:09,red,,,,,,,,,,,,
本票,千葉,東,0590,死亡,1,0,21790,対象外,0000,204,夜－暮,晴,市街地－その他,舗装－乾燥,単路－カーブ・屈折,環状交差点以外 環状交差点以外をいう。,施設なし,00,23,00,23,03,6,単路（交差点付近を含む）,規制なし,4,3,人対車両,45～54歳,0～24歳,貨物車－大型車,歩行者,事業用,対象外当事者,貨物車,対象外当事者,指定の速度規制なし等,対象外当事者,26,00,損壊なし,対象外当事者,その他,対象外当事者,その他,対象外当事者,損傷なし,死亡,金,その他,35.704777,139.959530,2019-09-13,18:06,red,,,,,,,,,,,,
本票,千葉,東,0597,死亡,1,1,03570,下,0000,204,昼－昼,晴,非市街地,舗装－凍結,単路－その他,環状交差点以外 環状交差点以外をいう。,施設なし,00,23,00,23,05,9,単路（交差点付近を含む）,規制なし,1,2,車両相互,55～64歳,55～64歳,貨物車－大型車,貨物車－中型車,事業用,事業用,貨物車,貨物車,指定の速度規制なし等,指定の速度規制なし等,30,10,中破,小破,その他,装備あり 作動,その他,その他,負傷,死亡,火,その他,35.691260,139.967205,2019-09-17,13:20,red,,,,,,,,,,,,
本票,千葉,岩見沢,0467,死亡,1,0,10510,対象外,0000,207,昼－昼,曇,市街地－その他,舗装－乾燥,交差点付近－その他,環状交差点以外 環状交差点以外をいう。,点灯－押ボタン式,00,23,00,23,03,9,単路（交差点付近を含む）,規制なし,4,4,人対車両,45～54歳,75歳以上,貨物車－大型車,歩行者,事業用,対象外当事者,貨物車,対象外当事者,指定の速度規制なし等,対象外当事者,80,00,小破,対象外当事者,その他,対象外当事者,その他,対象外当事者,損傷なし,死亡,水,その他,35.760185,139.940220,2019-07-03,16:03,red,,,,,,,,,,,,
本票,千葉,岩見沢,0642,死亡,1,0,30000,対象外,0000,207,昼－明,晴,市街地－その他,舗装－湿潤,交差点付近－その他,環状交差点以外 環状交差点以外をいう。,施設なし,00,23,00,23,02,9,単路（交差点付近を含む）,規制なし,5,4,車両相互,65～74歳,0～24歳,貨物車－軽自動車,二輪車－自動二輪－原付二種－51～125cc,自家用,自家用,貨物車,対象外当事者,指定の速度規制なし等,指定の速度規制なし等,10,10,中破,大破,その他,対象外当事者,その他,対象外当事者,損傷なし,死亡,月,当日,35.761564,139.925610,2019-09-23,05:55,red,,,,,,,,,,,,
本票,千葉,栗山,0266,死亡,1,0,00160,上,0000,208,夜－明,曇,市街地－その他,舗装－乾燥,交差点－その他,環状交差点以外 環状交差点以外をいう。,施設なし,09,22,00,23,17,9,交差点内,規制なし,4,2,人対車両,65～74歳,75歳以上,貨物車－大型車,歩行者,事業用,対象外当事者,貨物車,対象外当事者,指定の速度規制なし等,対象外当事者,10,00,小破,対象外当事者,その他,対象外当事者,その他,対象外当事者,損傷なし,死亡,水,その他,35.981300,139.861063,2019-09-04,04:48,red,,,,,,,,,,,,
本票,千葉,野辺地,0474,死亡,1,0,01260,上,0000,230,夜－夜,曇,非市街地,舗装－乾燥,交差点－その他,環状交差点以外 環状交差点以外をいう。,点灯－３灯式,09,22,00,23,15,6,交差点内,規制なし,5,2,人対車両,55～64歳,0～24歳,乗用車－普通車,歩行者,自家用,対象外当事者,乗用車,対象外当事者,40㎞／ｈ以下,対象外当事者,10,00,小破,対象外当事者,その他,対象外当事者,その他,対象外当事者,損傷なし,死亡,日,前日,35.575639,140.297829,2019-09-22,20:36,red,,,,,,,,,,,,
本票,千葉,野辺地,0480,死亡,1,0,04090,上,0000,230,夜－夜,晴,市街地－人口集中,舗装－乾燥,単路－その他,環状交差点以外 環状交差点以外をいう。,施設なし,00,23,00,23,03,9,単路（交差点付近を含む）,規制なし,4,3,人対車両,25～34歳,75歳以上,乗用車－普通車,歩行者,自家用,対象外当事者,乗用車,対象外当事者,40㎞／ｈ以下,対象外当事者,80,00,小破,対象外当事者,その他,対象外当事者,その他,対象外当事者,損傷なし,死亡,金,その他,35.683482,140.312681,2019-09-27,04:14,red,,,,,,,,,,,,
本票,千葉,小樽,0135,死亡,1,0,99000,対象外,0000,215,昼－昼,晴,非市街地,舗装－乾燥,一般交通の場所,環状交差点以外 環状交差点以外をいう。,施設なし,00,23,00,23,00,0,その他,規制なし,0,4,人対車両,75歳以上,75歳以上,乗用車－普通車,歩行者,自家用,対象外当事者,乗用車,対象外当事者,指定の速度規制なし等,対象外当事者,10,00,小破,対象外当事者,その他,対象外当事者,その他,対象外当事者,損傷なし,死亡,金,その他,35.721126,140.685838,2019-09-06,17:00,red,,,,,,,,,,,,
本票,千葉,小樽,0144,死亡,1,2,30000,対象外,0000,215,昼－昼,雨,非市街地,舗装－湿潤,交差点－その他,環状交差点以外 環状交差点以外をいう。,施設なし,09,22,09,22,14,9,交差点内,規制なし,4,2,車両相互,45～54歳,65～74歳,乗用車－普通車,乗用車－軽自動車,自家用,自家用,乗用車,乗用車,40㎞／ｈ以下,指定の速度規制なし等,10,20,中破,中破,装備あり 作動,その他,その他,その他,負傷,負傷,月,当日,35.723011,140.645157,2019-09-16,08:53,red,,,,,,,,,,,,
本票,千葉,伊達,0302,死亡,1,0,22930,対象外,0000,210,夜－夜,晴,非市街地,舗装－乾燥,単路－その他,環状交差点以外 環状交差点以外をいう。,施設なし,00,23,00,23,03,9,単路（交差点付近を含む）,規制なし,4,1,人対車両,55～64歳,45～54歳,乗用車－普通車,歩行者,自家用,対象外当事者,乗用車,対象外当事者,40㎞／ｈ以下,対象外当事者,10,00,小破,対象外当事者,その他,対象外当事者,その他,対象外当事者,損傷なし,死亡,日,その他,35.440419,140.324413,2019-09-08,01:12,red,,,,,,,,,,,,
本票,千葉,浦河,0641,死亡,1,0,30000,対象外,0000,219,夜－暮,曇,市街地－人口集中,舗装－乾燥,交差点付近－その他,環状交差点以外 環状交差点以外をいう。,施設なし,00,23,00,23,03,9,単路（交差点付近を含む）,規制なし,4,2,人対車両,45～54歳,75歳以上,貨物車－軽自動車,歩行者,自家用,対象外当事者,貨物車,対象外当事者,指定の速度規制なし等,対象外当事者,10,00,小破,対象外当事者,その他,対象外当事者,その他,対象外当事者,損傷なし,死亡,月,その他,35.491804,140.057467,2019-09-09,18:28,red,,,,,,,,,,,,
本票,千葉,浦河,0658,死亡,1,2,10140,対象外,0000,219,夜－夜,曇,市街地－人口集中,舗装－乾燥,単路－カーブ・屈折,環状交差点以外 環状交差点以外をいう。,施設なし,00,23,00,23,03,3,単路（交差点付近を含む）,規制なし,4,2,車両単独,0～24歳,不明,乗用車－普通車,物件等,自家用,対象外当事者,乗用車,対象外当事者,50㎞／ｈ以下,対象外当事者,84,00,大破,対象外当事者,その他,対象外当事者,その他,対象外当事者,損傷なし,対象外当事者,金,その他,35.534608,140.156867,2019-09-13,23:13,red,,,,,,,,,,,,
本票,千葉,厚別,0078,死亡,1,1,01270,下,0000,226,夜－夜,晴,非市街地,舗装－乾燥,交差点付近－その他,環状交差点以外 環状交差点以外をいう。,点灯－３灯式,00,23,00,23,03,7,単路（交差点付近を含む）,規制なし,4,2,車両単独,45～54歳,不明,乗用車－普通車,物件等,自家用,対象外当事者,乗用車,対象外当事者,40㎞／ｈ以下,対象外当事者,58,00,大破,対象外当事者,装備あり 作動,対象外当事者,その他,対象外当事者,損傷なし,対象外当事者,木,その他,35.276666,139.908895,2019-09-05,00:03,red,,,,,,,,,,,,
本票,千葉,厚別,0079,死亡,1,0,01270,上,0000,226,夜－夜,晴,市街地－その他,舗装－乾燥,単路－橋,環状交差点以外 環状交差点以外をいう。,施設なし,00,23,00,23,03,9,単路（交差点付近を含む）,規制なし,4,2,人対車両,45～54歳,75歳以上,乗用車－軽自動車,歩行者,自家用,対象外当事者,乗用車,対象外当事者,40㎞／ｈ以下,対象外当事者,10,00,中破,対象外当事者,その他,対象外当事者,その他,対象外当事者,損傷なし,死亡,木,その他,35.205780,139.844429,2019-09-05,03:45,red,,,,,,,,,,,,
本票,千葉,東入間,0070,死亡,1,0,10340,対象外,0000,223,昼－昼,曇,市街地－その他,舗装－乾燥,単路－その他,環状交差点以外 環状交差点以外をいう。,施設なし,00,23,00,23,03,9,単路（交差点付近を含む）,規制なし,4,2,車両相互,75歳以上,45～54歳,乗用車－普通車,軽車両－自転車,自家用,対象外当事者,乗用車,対象外当事者,指定の速度規制なし等,対象外当事者,41,21,中破,大破,その他,対象外当事者,その他,対象外当事者,損傷なし,死亡,金,その他,35.105997,140.098314,2019-09-13,14:18,red,,,,,,,,,,,,
本票,千葉,新座,0511,死亡,1,0,30000,対象外,0000,204,昼－昼,晴,市街地－人口集中,舗装－乾燥,交差点－その他,環状交差点以外 環状交差点以外をいう。,施設なし,09,22,00,23,14,9,交差点内,規制なし,5,2,人対車両,75歳以上,75歳以上,乗用車－普通車,歩行者,自家用,対象外当事者,乗用車,対象外当事者,指定の速度規制なし等,対象外当事者,10,00,大破,対象外当事者,装備あり 作動,対象外当事者,その他,対象外当事者,損傷なし,死亡,水,その他,35.724059,140.043622,2019-09-11,11:00,red,,,,,,,,,,,,
本票,千葉,千葉北,0466,死亡,1,0,30000,対象外,0000,102,夜－明,曇,市街地－人口集中,舗装－湿潤,交差点－その他,環状交差点以外 環状交差点以外をいう。,点灯－３灯式,09,22,00,23,15,9,交差点内,規制なし,5,2,人対車両,35～44歳,55～64歳,貨物車－中型車,歩行者,事業用,対象外当事者,貨物車,対象外当事者,40㎞／ｈ以下,対象外当事者,10,00,小破,対象外当事者,その他,対象外当事者,その他,対象外当事者,損傷なし,死亡,土,その他,35.688056,140.089665,2019-09-14,05:16,red,,,,,,,,,,,,
本票,千葉,千葉北,0483,死亡,1,0,00160,上,0000,102,夜－夜,晴,市街地－その他,舗装－乾燥,交差点－その他,環状交差点以外 環状交差点以外をいう。,施設なし,09,22,09,22,17,6,交差点内,規制なし,4,2,車両相互,55～64歳,65～74歳,乗用車－普通車,軽車両－自転車,自家用,対象外当事者,乗用車,対象外当事者,指定の速度規制なし等,対象外当事者,10,40,大破,大破,その他,対象外当事者,その他,対象外当事者,損傷なし,死亡,土,その他,35.690873,140.128772,2019-09-21,23:01,red,,,,,,,,,,,,
本票,神奈川,浦和東,0314,死亡,1,31,30000,対象外,0000,102,昼－昼,晴,市街地－その他,舗装－乾燥,踏切－第一種,環状交差点以外 環状交差点以外をいう。,施設なし,00,23,00,23,04,9,その他,規制なし,5,4,列車,65～74歳,25～34歳,貨物車－大型車,列車,事業用,対象外当事者,貨物車,対象外当事者,指定の速度規制なし等,対象外当事者,40,00,大破,中破,その他,対象外当事者,その他,対象外当事者,死亡,負傷,木,その他,35.480835,139.639430,2019-09-05,11:43,red,,,,,,,,,,,,
本票,神奈川,栄,0162,死亡,1,2,10230,対象外,0000,115,昼－昼,晴,市街地－人口集中,舗装－乾燥,交差点－その他,環状交差点以外 環状交差点以外をいう。,点灯－３灯式,09,22,09,22,15,9,交差点内,規制なし,4,1,車両相互,0～24歳,55～64歳,貨物車－普通車,二輪車－自動二輪－原付二種－51～125cc,自家用,自家用,貨物車,対象外当事者,40㎞／ｈ以下,40㎞／ｈ以下,80,13,小破,中破,その他,対象外当事者,その他,対象外当事者,損傷なし,死亡,日,その他,35.361838,139.540791,2019-09-01,16:33,red,,,,,,,,,,,,
本票,神奈川,都筑,0334,死亡,1,0,30000,対象外,0000,118,夜－夜,曇,市街地－人口集中,舗装－乾燥,単路－カーブ・屈折,環状交差点以外 環状交差点以外をいう。,施設なし,00,23,00,23,03,3,単路（交差点付近を含む）,規制なし,4,2,車両単独,0～24歳,不明,二輪車－自動二輪－軽二輪－126～250cc,物件等,自家用,対象外当事者,対象外当事者,対象外当事者,40㎞／ｈ以下,対象外当事者,14,00,小破,対象外当事者,対象外当事者,対象外当事者,対象外当事者,対象外当事者,死亡,対象外当事者,木,その他,35.565328,139.600662,2019-09-12,19:52,red,,,,,,,,,,,,
本票,神奈川,川崎臨港,0164,死亡,1,1,10060,対象外,0000,131,昼－昼,晴,市街地－人口集中,舗装－乾燥,単路－その他,環状交差点以外 環状交差点以外をいう。,施設なし,00,23,00,23,06,9,単路（交差点付近を含む）,規制なし,1,2,車両相互,25～34歳,65～74歳,二輪車－自動二輪－小型二輪－751ｃｃ以上,二輪車－自動二輪－原付二種－51～125cc,自家用,自家用,対象外当事者,対象外当事者,50㎞／ｈ以下,50㎞／ｈ以下,10,10,大破,大破,対象外当事者,対象外当事者,対象外当事者,対象外当事者,負傷,死亡,日,その他,35.523282,139.732151,2019-09-01,09:21,red,,,,,,,,,,,,
本票,神奈川,茅ケ崎,0464,死亡,1,0,99000,対象外,0000,207,昼－暮,晴,市街地－人口集中,舗装－乾燥,一般交通の場所,環状交差点以外 環状交差点以外をいう。,施設なし,00,23,00,23,00,0,その他,規制なし,0,4,人対車両,35～44歳,0～24歳,乗用車－普通車,歩行者,自家用,対象外当事者,乗用車,対象外当事者,指定の速度規制なし等,対象外当事者,10,00,小破,対象外当事者,その他,対象外当事者,その他,対象外当事者,損傷なし,死亡,土,その他,35.323498,139.418841,2019-09-28,17:15,red,,,,,,,,,,,,
本票,新潟,西,0166,死亡,1,0,37160,対象外,0000,107,夜－暮,晴,市街地－人口集中,舗装－乾燥,単路－その他,環状交差点以外 環状交差点以外をいう。,施設なし,00,23,00,23,04,9,単路（交差点付近を含む）,規制なし,4,1,人対車両,35～44歳,75歳以上,乗用車－軽自動車,歩行者,自家用,対象外当事者,乗用車,対象外当事者,指定の速度規制なし等,対象外当事者,10,00,中破,対象外当事者,その他,対象外当事者,その他,対象外当事者,損傷なし,死亡,日,前日,37.855397,138.942461,2019-09-15,18:25,red,,,,,,,,,,,,
本票,新潟,東,0067,死亡,1,0,03450,対象外,0000,212,夜－夜,晴,非市街地,舗装－乾燥,単路－その他,環状交差点以外 環状交差点以外をいう。,施設なし,00,23,00,23,03,9,単路（交差点付近を含む）,規制なし,4,2,人対車両,35～44歳,35～44歳,乗用車－軽自動車,歩行者,自家用,対象外当事者,乗用車,対象外当事者,指定の速度規制なし等,対象外当事者,80,00,小破,対象外当事者,その他,対象外当事者,その他,対象外当事者,損傷なし,死亡,土,その他,38.200844,139.448375,2019-09-07,23:33,red,,,,,,,,,,,,
本票,新潟,千歳,0161,死亡,1,0,37750,対象外,0000,206,夜－暮,晴,市街地－人口集中,舗装－乾燥,交差点付近－その他,環状交差点以外 環状交差点以外をいう。,施設なし,00,23,00,23,04,9,単路（交差点付近を含む）,規制なし,4,2,人対車両,55～64歳,0～24歳,乗用車－普通車,歩行者,自家用,対象外当事者,乗用車,対象外当事者,指定の速度規制なし等,対象外当事者,80,00,小破,対象外当事者,その他,対象外当事者,その他,対象外当事者,損傷なし,死亡,木,その他,37.958050,139.306672,2019-09-26,17:55,red,,,,,,,,,,,,
本票,新潟,千歳,0162,死亡,1,0,00070,上,0417,227,夜－夜,曇,市街地－その他,舗装－乾燥,単路－その他,環状交差点以外 環状交差点以外をいう。,施設なし,00,23,00,23,05,9,単路（交差点付近を含む）,規制なし,1,2,車両相互,25～34歳,75歳以上,乗用車－普通車,軽車両－自転車,自家用,対象外当事者,乗用車,対象外当事者,指定の速度規制なし等,対象外当事者,50,30,小破,大破,その他,対象外当事者,その他,対象外当事者,損傷なし,死亡,日,その他,38.058611,139.415392,2019-09-29,03:22,red,,,,,,,,,,,,
本票,新潟,美唄,0043,死亡,1,0,37700,対象外,0000,105,昼－昼,曇,非市街地,舗装－乾燥,交差点－その他,環状交差点以外 環状交差点以外をいう。,施設なし,09,22,09,22,11,9,交差点内,規制なし,5,4,車両相互,75歳以上,75歳以上,乗用車－普通車,二輪車－原付自転車,自家用,自家用,乗用車,対象外当事者,指定の速度規制なし等,指定の速度規制なし等,52,14,中破,中破,その他,対象外当事者,その他,対象外当事者,損傷なし,死亡,木,その他,37.799075,139.147556,2019-09-05,08:30,red,,,,,,,,,,,,
本票,新潟,倶知安,0169,死亡,1,0,04040,対象外,0000,202,夜－暮,曇,市街地－その他,舗装－乾燥,単路－カーブ・屈折,環状交差点以外 環状交差点以外をいう。,施設なし,00,23,00,23,03,3,単路（交差点付近を含む）,規制なし,4,3,人対車両,25～34歳,65～74歳,乗用車－普通車,歩行者,自家用,対象外当事者,乗用車,対象外当事者,40㎞／ｈ以下,対象外当事者,80,00,小破,対象外当事者,その他,対象外当事者,その他,対象外当事者,損傷なし,死亡,土,その他,37.343383,138.724194,2019-09-21,18:41,red,,,,,,,,,,,,
本票,新潟,室蘭,0044,死亡,1,0,01170,対象外,0000,208,夜－夜,曇,市街地－その他,舗装－乾燥,交差点－その他,環状交差点以外 環状交差点以外をいう。,施設なし,09,22,09,22,15,9,交差点内,規制なし,4,2,車両相互,45～54歳,0～24歳,乗用車－軽自動車,二輪車－自動二輪－小型二輪－751ｃｃ以上,自家用,自家用,乗用車,対象外当事者,指定の速度規制なし等,指定の速度規制なし等,50,14,大破,大破,装備あり 作動,対象外当事者,その他,対象外当事者,損傷なし,死亡,水,その他,37.327075,138.809733,2019-09-18,23:06,red,,,,,,,,,,,,
本票,新潟,苫小牧,0020,死亡,1,0,14700,対象外,0000,225,夜－暮,曇,非市街地,舗装－乾燥,単路－その他,環状交差点以外 環状交差点以外をいう。,施設なし,00,23,00,23,04,9,単路（交差点付近を含む）,規制なし,4,2,人対車両,65～74歳,65～74歳,貨物車－軽自動車,歩行者,自家用,対象外当事者,貨物車,対象外当事者,50㎞／ｈ以下,対象外当事者,50,00,中破,対象外当事者,その他,対象外当事者,その他,対象外当事者,損傷なし,死亡,月,その他,37.283022,138.993489,2019-09-09,18:37,red,,,,,,,,,,,,
本票,長野,高速道路交通警察隊,0050,死亡,1,0,42670,上,0143,215,夜－夜,曇,非市街地,舗装－乾燥,単路－その他,環状交差点以外 環状交差点以外をいう。,施設なし,00,23,00,23,05,9,その他,規制なし,1,2,車両相互,25～34歳,55～64歳,貨物車－大型車,乗用車－普通車,事業用,自家用,貨物車,乗用車,指定の速度規制なし等,指定の速度規制なし等,30,10,中破,大破,その他,装備あり 作動,その他,装備あり 作動,損傷なし,死亡,土,その他,36.144670,137.967671,2019-09-28,03:45,red,143,中日本高速道路,その他,その他,該当なし,平坦・該当なし,,2,該当なし,該当なし,該当なし,0
本票,長野,江別,0240,死亡,1,0,37000,対象外,0000,201,昼－暮,晴,市街地－その他,舗装－乾燥,単路－その他,環状交差点以外 環状交差点以外をいう。,施設なし,00,23,00,23,04,9,単路（交差点付近を含む）,規制なし,4,2,人対車両,35～44歳,75歳以上,乗用車－軽自動車,歩行者,自家用,対象外当事者,乗用車,対象外当事者,50㎞／ｈ以下,対象外当事者,50,00,小破,対象外当事者,その他,対象外当事者,その他,対象外当事者,損傷なし,死亡,金,その他,36.617514,138.185362,2019-09-13,17:30,red,,,,,,,,,,,,
本票,長野,千歳,0172,死亡,1,1,37000,対象外,0000,218,夜－暮,曇,非市街地,舗装－乾燥,単路－その他,環状交差点以外 環状交差点以外をいう。,施設なし,00,23,00,23,02,9,単路（交差点付近を含む）,規制なし,5,4,車両相互,75歳以上,55～64歳,乗用車－普通車,乗用車－軽自動車,自家用,自家用,乗用車,乗用車,40㎞／ｈ以下,40㎞／ｈ以下,52,52,大破,小破,その他,その他,その他,その他,死亡,損傷なし,月,当日,36.494603,138.143823,2019-09-16,18:45,red,,,,,,,,,,,,
本票,長野,野辺地,0458,死亡,1,0,10650,対象外,0000,203,夜－明,晴,市街地－その他,舗装－乾燥,交差点－その他,環状交差点以外 環状交差点以外をいう。,施設なし,09,22,00,23,14,9,交差点内,規制なし,4,2,人対車両,45～54歳,75歳以上,貨物車－中型車,歩行者,事業用,対象外当事者,貨物車,対象外当事者,50㎞／ｈ以下,対象外当事者,50,00,中破,対象外当事者,その他,対象外当事者,その他,対象外当事者,損傷なし,死亡,火,その他,36.396382,138.229879,2019-09-10,05:20,red,,,,,,,,,,,,
本票,長野,上尾,0748,死亡,1,0,00190,対象外,0000,202,夜－夜,曇,市街地－人口集中,舗装－乾燥,単路－その他,環状交差点以外 環状交差点以外をいう。,施設なし,00,23,00,23,03,9,単路（交差点付近を含む）,規制なし,4,2,人対車両,45～54歳,35～44歳,貨物車－大型車,歩行者,事業用,対象外当事者,貨物車,対象外当事者,50㎞／ｈ以下,対象外当事者,10,00,小破,対象外当事者,その他,対象外当事者,その他,対象外当事者,損傷なし,死亡,土,その他,36.175653,137.961213,2019-09-21,04:30,red,,,,,,,,,,,,
本票,静岡,西,0341,死亡,1,1,37000,対象外,0000,222,昼－昼,曇,非市街地,舗装－乾燥,単路－カーブ・屈折,環状交差点以外 環状交差点以外をいう。,施設なし,00,23,00,23,02,2,その他,規制なし,5,4,車両単独,75歳以上,不明,貨物車－軽自動車,相手なし,自家用,対象外当事者,貨物車,対象外当事者,指定の速度規制なし等,対象外当事者,10,00,大破,対象外当事者,その他,対象外当事者,その他,対象外当事者,負傷,対象外当事者,土,その他,34.986970,138.928639,2019-09-21,12:00,red,,,,,,,,,,,,
本票,静岡,栗山,0425,死亡,1,0,37000,対象外,0000,215,夜－夜,晴,非市街地,舗装－乾燥,交差点付近－その他,環状交差点以外 環状交差点以外をいう。,施設なし,00,23,00,23,02,9,単路（交差点付近を含む）,規制なし,5,3,車両相互,0～24歳,35～44歳,乗用車－普通車,軽車両－自転車,自家用,対象外当事者,乗用車,対象外当事者,40㎞／ｈ以下,対象外当事者,10,10,大破,大破,装備あり 作動,対象外当事者,その他,対象外当事者,損傷なし,死亡,金,その他,35.300656,138.903360,2019-09-27,01:32,red,,,,,,,,,,,,
本票,静岡,美唄,0602,死亡,1,3,10710,対象外,0000,207,夜－夜,曇,非市街地,舗装－乾燥,単路－カーブ・屈折,環状交差点以外 環状交差点以外をいう。,施設なし,00,23,00,23,03,1,単路（交差点付近を含む）,規制なし,4,3,車両単独,0～24歳,不明,乗用車－普通車,物件等,自家用,対象外当事者,乗用車,対象外当事者,40㎞／ｈ以下,対象外当事者,20,00,大破,対象外当事者,その他,対象外当事者,その他,対象外当事者,死亡,対象外当事者,木,その他,35.359334,138.603662,2019-09-05,21:21,red,,,,,,,,,,,,
本票,静岡,三戸,1008,死亡,1,0,01500,対象外,0000,103,夜－夜,晴,市街地－人口集中,舗装－乾燥,単路－その他,環状交差点以外 環状交差点以外をいう。,施設なし,00,23,00,23,05,9,単路（交差点付近を含む）,規制なし,4,2,人対車両,65～74歳,65～74歳,乗用車－普通車,歩行者,自家用,対象外当事者,乗用車,対象外当事者,50㎞／ｈ以下,対象外当事者,50,00,小破,対象外当事者,その他,対象外当事者,その他,対象外当事者,損傷なし,死亡,土,その他,34.984573,138.503910,2019-09-07,19:30,red,,,,,,,,,,,,
本票,静岡,赤歌,1074,死亡,1,0,24160,対象外,0000,102,夜－夜,晴,非市街地,舗装－乾燥,単路－カーブ・屈折,環状交差点以外 環状交差点以外をいう。,施設なし,00,23,00,23,03,3,単路（交差点付近を含む）,規制なし,4,3,車両単独,25～34歳,不明,二輪車－自動二輪－小型二輪－401～750ｃｃ,物件等,自家用,対象外当事者,対象外当事者,対象外当事者,40㎞／ｈ以下,対象外当事者,40,00,中破,対象外当事者,対象外当事者,対象外当事者,対象外当事者,対象外当事者,死亡,対象外当事者,月,その他,34.907228,138.353887,2019-09-02,02:40,red,,,,,,,,,,,,
本票,静岡,室蘭,0481,死亡,1,0,37000,対象外,0000,213,昼－暮,晴,非市街地,舗装－乾燥,単路－その他,環状交差点以外 環状交差点以外をいう。,施設なし,00,23,00,23,03,9,単路（交差点付近を含む）,規制なし,4,2,車両相互,25～34歳,75歳以上,乗用車－軽自動車,軽車両－自転車,自家用,対象外当事者,乗用車,対象外当事者,50㎞／ｈ以下,対象外当事者,80,30,大破,大破,その他,対象外当事者,その他,対象外当事者,損傷なし,死亡,日,前日,34.769107,137.961724,2019-09-15,17:36,red,,,,,,,,,,,,
本票,富山,野辺地,0050,死亡,1,0,70000,対象外,0000,322,昼－昼,曇,非市街地,舗装－湿潤,交差点－その他,環状交差点以外 環状交差点以外をいう。,点灯－３灯式,09,22,09,22,15,9,交差点内,規制なし,5,3,車両相互,55～64歳,75歳以上,貨物車－大型車,二輪車－原付自転車,事業用,自家用,貨物車,対象外当事者,50㎞／ｈ以下,30㎞／ｈ以下,50,20,損壊なし,小破,その他,対象外当事者,その他,対象外当事者,損傷なし,死亡,水,その他,36.714217,137.384424,2019-09-11,16:50,red,,,,,,,,,,,,
本票,富山,小樽,0179,死亡,1,0,14350,対象外,0000,201,昼－昼,晴,市街地－その他,舗装－乾燥,交差点－その他,環状交差点以外 環状交差点以外をいう。,点灯－３灯式,09,22,09,22,14,9,交差点内,規制なし,5,4,車両相互,65～74歳,75歳以上,乗用車－軽自動車,乗用車－軽自動車,自家用,自家用,乗用車,乗用車,50㎞／ｈ以下,40㎞／ｈ以下,10,80,中破,中破,その他,その他,その他,その他,損傷なし,損傷なし,金,その他,36.605212,137.149903,2019-09-06,09:20,red,,,,,,,,,,,,