資料区分,都道府県コード,警察署等コード,本票番号,事故内容,死者数,負傷者数,路線コード,上下線,地点コード,市区町村コード,昼夜,天候,地形,路面状態,道路形状,環状交差点の直径,信号機,一時停止規制　標識（当事者A）,一時停止規制　表示（当事者A）,一時停止規制　標識（当事者B）,一時停止規制　表示（当事者B）,車道幅員,道路線形,衝突地点,ゾーン規制,中央分離帯施設等,歩車道区分,事故類型,年齢（当事者A）,年齢（当事者B）,当事者種別（当事者A）,当事者種別（当事者B）,用途別（当事者A）,用途別（当事者B）,車両形状（当事者A）,車両形状（当事者B）,速度規制（指定のみ）（当事者A）,速度規制（指定のみ）（当事者B）,車両の衝突部位（当事者A）,車両の衝突部位（当事者B）,車両の損壊程度（当事者A）,車両の損壊程度（当事者B）,エアバッグの装備（当事者A）,エアバッグの装備（当事者B）,サイドエアバッグの装備（当事者A）,サイドエアバッグの装備（当事者B）,人身損傷程度（当事者A）,人身損傷程度（当事者B）,曜日(発生年月日),祝日(発生年月日),緯度,経度,発生日,発生時,color,発生地点,道路管理者区分,道路区分,道路構造,曲線半径,縦断勾配,トンネル番号,当事者車両台数,車両単独事故の対象物,臨時速度規制の有無,速度規制（臨時のみ）,トンネル延長距離
本票,富山,手稲,0081,死亡,1,0,25720,対象外,0000,208,昼－昼,晴,非市街地,舗装－乾燥,単路－その他,環状交差点以外 環状交差点以外をいう。,施設なし,00,23,00,23,03,9,単路（交差点付近を含む）,規制なし,4,2,車両単独,75歳以上,不明,二輪車－原付自転車,物件等,自家用,対象外当事者,対象外当事者,対象外当事者,30㎞／ｈ以下,対象外当事者,10,00,小破,対象外当事者,対象外当事者,対象外当事者,対象外当事者,対象外当事者,死亡,対象外当事者,土,その他,36.625981,136.936458,2019-09-14,09:43,red,,,,,,,,,,,,
本票,石川,高速道路交通警察隊,0006,死亡,1,1,43010,上,1320,206,夜－夜,曇,非市街地,舗装－乾燥,単路－カーブ・屈折,環状交差点以外 環状交差点以外をいう。,施設なし,00,23,00,23,05,5,その他,規制なし,1,3,車両単独,0～24歳,不明,乗用車－普通車,相手なし,自家用,対象外当事者,乗用車,対象外当事者,80㎞／ｈ以下,対象外当事者,10,00,中破,対象外当事者,装備あり 作動,対象外当事者,装備あり 作動,対象外当事者,死亡,対象外当事者,日,その他,36.317806,136.298021,2019-09-01,02:01,red,1320,中日本高速道路,路肩,完全分離－その他,カーブ－500m以上,上り・下り－５％以上,,1,法面,該当なし,該当なし,0
本票,福井,中央,0283,死亡,1,0,37000,対象外,0000,201,夜－夜,曇,非市街地,舗装－乾燥,交差点付近－その他,環状交差点以外 環状交差点以外をいう。,施設なし,00,23,00,23,03,9,単路（交差点付近を含む）,規制なし,4,3,車両単独,75歳以上,不明,乗用車－普通車,物件等,自家用,対象外当事者,乗用車,対象外当事者,40㎞／ｈ以下,対象外当事者,10,00,小破,対象外当事者,装備あり 作動,対象外当事者,その他,対象外当事者,死亡,対象外当事者,水,その他,36.093105,136.179326,2019-09-04,04:00,red,,,,,,,,,,,,
本票,福井,中央,0290,死亡,1,0,37000,対象外,0000,201,昼－昼,晴,市街地－その他,舗装－乾燥,単路－カーブ・屈折,環状交差点以外 環状交差点以外をいう。,施設なし,00,23,00,23,02,3,単路（交差点付近を含む）,規制なし,5,4,車両単独,75歳以上,不明,乗用車－軽自動車,物件等,自家用,対象外当事者,乗用車,対象外当事者,指定の速度規制なし等,対象外当事者,10,00,中破,対象外当事者,装備あり 作動,対象外当事者,その他,対象外当事者,死亡,対象外当事者,火,その他,36.059624,136.241659,2019-09-10,14:25,red,,,,,,,,,,,,
本票,福井,千歳,0026,死亡,1,2,10350,対象外,0000,208,昼－昼,雨,非市街地,舗装－乾燥,単路－その他,環状交差点以外 環状交差点以外をいう。,施設なし,00,23,00,23,03,9,単路（交差点付近を含む）,規制なし,4,3,車両相互,0～24歳,45～54歳,貨物車－普通車,乗用車－軽自動車,自家用,自家用,貨物車,乗用車,40㎞／ｈ以下,40㎞／ｈ以下,50,50,中破,大破,その他,装備あり 作動,その他,その他,損傷なし,死亡,土,その他,36.255614,136.244037,2019-09-21,11:17,red,,,,,,,,,,,,
本票,福井,三戸,0047,死亡,1,1,10300,対象外,0000,501,夜－暮,晴,非市街地,舗装－乾燥,交差点付近－その他,環状交差点以外 環状交差点以外をいう。,施設なし,00,23,00,23,03,9,単路（交差点付近を含む）,規制なし,4,3,車両相互,45～54歳,55～64歳,貨物車－軽自動車,特殊車－小型－農耕作業用,自家用,対象外当事者,貨物車,対象外当事者,50㎞／ｈ以下,50㎞／ｈ以下,10,30,中破,小破,その他,対象外当事者,その他,対象外当事者,死亡,負傷,月,当日,35.498737,135.873994,2019-09-23,18:35,red,,,,,,,,,,,,
本票,岐阜,千歳,0062,死亡,1,0,30000,対象外,0000,221,昼－昼,晴,市街地－その他,舗装－乾燥,踏切－第一種,環状交差点以外 環状交差点以外をいう。,施設なし,00,23,00,23,01,9,その他,規制なし,5,4,列車,55～64歳,75歳以上,列車,歩行者,対象外当事者,対象外当事者,対象外当事者,対象外当事者,対象外当事者,対象外当事者,80,00,損壊なし,対象外当事者,対象外当事者,対象外当事者,対象外当事者,対象外当事者,損傷なし,死亡,水,その他,35.218527,136.607736,2019-09-11,10:25,red,,,,,,,,,,,,
本票,岐阜,栗山,0026,死亡,2,2,10530,対象外,0000,361,夜－夜,晴,非市街地,舗装－乾燥,単路－カーブ・屈折,環状交差点以外 環状交差点以外をいう。,施設なし,00,23,00,23,03,3,単路（交差点付近を含む）,規制なし,4,2,車両単独,45～54歳,不明,乗用車－普通車,物件等,自家用,対象外当事者,乗用車,対象外当事者,指定の速度規制なし等,対象外当事者,14,00,大破,対象外当事者,装備あり 作動,対象外当事者,その他,対象外当事者,死亡,対象外当事者,日,その他,35.379494,136.501865,2019-09-29,03:15,red,,,,,,,,,,,,
本票,岐阜,滝川,0138,死亡,1,0,70000,対象外,0000,207,昼－昼,晴,非市街地,舗装－乾燥,単路－その他,環状交差点以外 環状交差点以外をいう。,施設なし,00,23,00,23,01,9,その他,規制なし,5,4,人対車両,75歳以上,75歳以上,貨物車－軽自動車,歩行者,自家用,対象外当事者,貨物車,対象外当事者,指定の速度規制なし等,対象外当事者,40,00,小破,対象外当事者,その他,対象外当事者,その他,対象外当事者,損傷なし,死亡,火,その他,35.541873,136.906278,2019-08-27,08:55,red,,,,,,,,,,,,
本票,岐阜,芦別,0094,死亡,1,0,22070,対象外,0000,211,夜－夜,曇,市街地－人口集中,舗装－乾燥,単路－その他,環状交差点以外 環状交差点以外をいう。,施設なし,00,23,00,23,03,9,単路（交差点付近を含む）,規制なし,4,3,人対車両,25～34歳,75歳以上,乗用車－普通車,歩行者,自家用,対象外当事者,乗用車,対象外当事者,50㎞／ｈ以下,対象外当事者,80,00,小破,対象外当事者,その他,対象外当事者,その他,対象外当事者,損傷なし,死亡,土,その他,35.439764,137.020504,2019-08-31,22:05,red,,,,,,,,,,,,
本票,岐阜,苫小牧,0033,死亡,1,0,01580,対象外,0000,203,昼－昼,晴,非市街地,舗装－乾燥,単路－カーブ・屈折,環状交差点以外 環状交差点以外をいう。,施設なし,00,23,00,23,03,5,単路（交差点付近を含む）,規制なし,4,3,車両相互,75歳以上,45～54歳,乗用車－普通車,二輪車－自動二輪－原付二種－51～125cc,自家用,自家用,乗用車,対象外当事者,指定の速度規制なし等,指定の速度規制なし等,55,10,中破,大破,装備あり 作動,対象外当事者,その他,対象外当事者,損傷なし,死亡,日,その他,36.083199,137.069291,2019-09-08,13:35,red,,,,,,,,,,,,
本票,岐阜,苫小牧,0034,死亡,1,0,00410,上,1587,203,夜－夜,曇,市街地－人口集中,舗装－乾燥,交差点－その他,環状交差点以外 環状交差点以外をいう。,点灯－３灯式,09,22,00,23,17,9,交差点内,規制なし,5,1,人対車両,45～54歳,65～74歳,乗用車－普通車,歩行者,自家用,対象外当事者,乗用車,対象外当事者,指定の速度規制なし等,対象外当事者,10,00,小破,対象外当事者,その他,対象外当事者,その他,対象外当事者,損傷なし,死亡,水,その他,36.129039,137.251158,2019-09-11,23:00,red,,,,,,,,,,,,
本票,愛知,多摩,1011,死亡,1,0,10810,対象外,0028,206,夜－夜,晴,市街地－その他,舗装－乾燥,交差点－その他,環状交差点以外 環状交差点以外をいう。,施設なし,01,21,09,22,14,9,交差点内,規制なし,4,1,車両相互,0～24歳,65～74歳,乗用車－普通車,軽車両－自転車,自家用,対象外当事者,乗用車,対象外当事者,40㎞／ｈ以下,対象外当事者,50,20,小破,小破,その他,対象外当事者,その他,対象外当事者,損傷なし,死亡,月,その他,35.259626,136.945237,2019-09-09,19:37,red,,,,,,,,,,,,
本票,愛知,逗子,1204,死亡,1,0,20750,対象外,0048,203,夜－夜,晴,市街地－人口集中,舗装－乾燥,交差点－その他,環状交差点以外 環状交差点以外をいう。,点灯－３灯式,09,22,09,22,15,9,交差点内,規制なし,4,3,車両相互,0～24歳,55～64歳,乗用車－普通車,二輪車－原付自転車,自家用,自家用,乗用車,対象外当事者,40㎞／ｈ以下,指定の速度規制なし等,10,40,中破,大破,装備あり 作動,対象外当事者,その他,対象外当事者,損傷なし,死亡,火,その他,35.338853,136.831568,2019-09-24,19:37,red,,,,,,,,,,,,
本票,愛知,藤沢,0325,死亡,2,2,10590,対象外,0076,235,昼－明,晴,市街地－その他,舗装－乾燥,交差点－その他,環状交差点以外 環状交差点以外をいう。,施設なし,01,21,09,22,15,9,交差点内,規制なし,5,2,車両相互,55～64歳,45～54歳,乗用車－普通車,乗用車－普通車,自家用,自家用,乗用車,乗用車,指定の速度規制なし等,50㎞／ｈ以下,72,10,中破,小破,その他,装備あり 作動,その他,その他,負傷,負傷,金,その他,35.109003,136.774227,2019-09-06,05:52,red,,,,,,,,,,,,
本票,愛知,津久井,0654,死亡,1,0,35000,対象外,0000,205,昼－昼,曇,市街地－人口集中,舗装－乾燥,単路－その他,環状交差点以外 環状交差点以外をいう。,施設なし,00,23,00,23,03,9,単路（交差点付近を含む）,規制なし,4,2,車両単独,65～74歳,不明,貨物車－普通車,物件等,自家用,対象外当事者,貨物車,対象外当事者,40㎞／ｈ以下,対象外当事者,00,00,損壊なし,対象外当事者,その他,対象外当事者,その他,対象外当事者,損傷なし,対象外当事者,金,その他,34.875405,136.902031,2019-09-13,09:10,red,,,,,,,,,,,,
本票,愛知,津久井,0655,死亡,1,0,39980,対象外,0000,447,昼－明,晴,非市街地,舗装－乾燥,単路－その他,環状交差点以外 環状交差点以外をいう。,施設なし,00,23,00,23,02,8,その他,規制なし,5,4,車両単独,75歳以上,不明,貨物車－軽自動車,相手なし,自家用,対象外当事者,貨物車,対象外当事者,指定の速度規制なし等,対象外当事者,82,00,小破,対象外当事者,その他,対象外当事者,その他,対象外当事者,死亡,対象外当事者,金,その他,34.861198,136.892448,2019-09-13,06:10,red,,,,,,,,,,,,
本票,愛知,相模原南,0476,死亡,1,0,35000,対象外,0000,222,昼－昼,晴,市街地－その他,舗装－乾燥,交差点付近－その他,環状交差点以外 環状交差点以外をいう。,施設なし,00,23,00,23,03,9,単路（交差点付近を含む）,規制なし,5,4,車両単独,0～24歳,不明,貨物車－普通車,物件等,自家用,対象外当事者,貨物車,対象外当事者,指定の速度規制なし等,対象外当事者,10,00,中破,対象外当事者,装備あり 作動,対象外当事者,その他,対象外当事者,死亡,対象外当事者,水,その他,35.031256,136.917220,2019-09-04,06:55,red,,,,,,,,,,,,
本票,愛知,西尾,0460,死亡,1,0,35000,対象外,0000,213,昼－昼,晴,非市街地,舗装－乾燥,単路－その他,環状交差点以外 環状交差点以外をいう。,施設なし,00,23,00,23,03,9,その他,規制なし,5,4,車両単独,75歳以上,不明,特殊車－小型－農耕作業用,相手なし,対象外当事者,対象外当事者,対象外当事者,対象外当事者,指定の速度規制なし等,対象外当事者,10,00,小破,対象外当事者,対象外当事者,対象外当事者,対象外当事者,対象外当事者,死亡,対象外当事者,火,その他,34.822559,137.078793,2019-09-10,12:30,red,,,,,,,,,,,,
本票,愛知,岡崎,1146,死亡,1,0,00010,下,3313,202,夜－夜,晴,非市街地,舗装－乾燥,交差点－その他,環状交差点以外 環状交差点以外をいう。,点灯－３灯式,09,22,09,22,18,9,交差点内,規制なし,1,1,車両相互,25～34歳,25～34歳,乗用車－軽自動車,二輪車－自動二輪－小型二輪－251～400cc,自家用,自家用,乗用車,対象外当事者,40㎞／ｈ以下,50㎞／ｈ以下,40,10,小破,小破,その他,対象外当事者,その他,対象外当事者,損傷なし,死亡,月,当日,34.972899,137.120397,2019-09-16,20:10,red,,,,,,,,,,,,
本票,愛知,豊田,1085,死亡,1,0,10110,対象外,0000,211,夜－夜,晴,非市街地,舗装－乾燥,単路－その他,環状交差点以外 環状交差点以外をいう。,施設なし,00,23,00,23,03,9,その他,規制なし,4,3,車両単独,55～64歳,不明,乗用車－普通車,相手なし,自家用,対象外当事者,乗用車,対象外当事者,40㎞／ｈ以下,対象外当事者,00,00,大破,対象外当事者,装備あり 作動,対象外当事者,その他,対象外当事者,死亡,対象外当事者,土,その他,35.205279,137.309354,2019-08-03,23:25,red,,,,,,,,,,,,
本票,愛知,豊田,1139,死亡,1,0,35000,対象外,0000,211,昼－昼,曇,市街地－その他,舗装－乾燥,交差点－その他,環状交差点以外 環状交差点以外をいう。,施設なし,09,22,00,23,14,8,交差点内,規制なし,4,1,人対車両,65～74歳,0～24歳,乗用車－軽自動車,歩行者,自家用,対象外当事者,乗用車,対象外当事者,40㎞／ｈ以下,対象外当事者,10,00,小破,対象外当事者,その他,対象外当事者,その他,対象外当事者,損傷なし,死亡,土,その他,35.099223,137.153728,2019-09-28,12:59,red,,,,,,,,,,,,
本票,愛知,豊田,1146,死亡,1,0,02480,対象外,0317,211,昼－昼,晴,市街地－その他,舗装－乾燥,交差点－その他,環状交差点以外 環状交差点以外をいう。,点灯－３灯式,09,22,09,22,18,9,交差点内,規制なし,1,1,車両相互,65～74歳,0～24歳,乗用車－普通車,二輪車－自動二輪－軽二輪－126～250cc,自家用,自家用,乗用車,対象外当事者,指定の速度規制なし等,指定の速度規制なし等,40,10,中破,中破,その他,対象外当事者,装備あり 作動,対象外当事者,損傷なし,死亡,月,その他,35.073419,137.160081,2019-09-30,14:17,red,,,,,,,,,,,,
本票,愛知,豊川,0527,死亡,1,0,22300,対象外,0000,207,昼－昼,晴,市街地－その他,舗装－湿潤,単路－カーブ・屈折,環状交差点以外 環状交差点以外をいう。,施設なし,00,23,00,23,03,5,単路（交差点付近を含む）,規制なし,4,4,車両相互,25～34歳,25～34歳,乗用車－普通車,二輪車－原付自転車,自家用,自家用,乗用車,対象外当事者,40㎞／ｈ以下,指定の速度規制なし等,81,10,中破,大破,その他,対象外当事者,その他,対象外当事者,損傷なし,死亡,木,その他,34.885458,137.342948,2019-09-05,07:12,red,,,,,,,,,,,,
本票,愛知,蒲郡,0228,死亡,1,0,22810,対象外,1034,214,昼－昼,晴,市街地－その他,舗装－乾燥,交差点－その他,環状交差点以外 環状交差点以外をいう。,点灯－３灯式,09,22,00,23,18,8,交差点内,規制なし,5,1,人対車両,0～24歳,0～24歳,乗用車－普通車,歩行者,自家用,対象外当事者,乗用車,対象外当事者,指定の速度規制なし等,対象外当事者,10,00,中破,対象外当事者,その他,対象外当事者,その他,対象外当事者,損傷なし,死亡,金,その他,34.829998,137.198930,2019-09-27,12:47,red,,,,,,,,,,,,
本票,愛知,豊橋,1498,死亡,1,0,10710,対象外,0062,201,夜－夜,晴,非市街地,舗装－乾燥,交差点－その他,環状交差点以外 環状交差点以外をいう。,点灯－歩車分式,09,22,09,22,18,9,交差点内,規制なし,5,1,車両相互,35～44歳,0～24歳,貨物車－大型車,乗用車－普通車,事業用,自家用,貨物車,乗用車,指定の速度規制なし等,指定の速度規制なし等,50,57,小破,大破,その他,その他,その他,その他,損傷なし,死亡,金,その他,34.718579,137.340213,2019-09-27,23:20,red,,,,,,,,,,,,
本票,三重,三戸,0350,死亡,1,0,30000,対象外,0000,202,夜－夜,雨,市街地－人口集中,舗装－湿潤,交差点－その他,環状交差点以外 環状交差点以外をいう。,施設なし,09,22,00,23,14,9,交差点内,規制なし,4,3,車両単独,65～74歳,不明,乗用車－軽自動車,物件等,自家用,対象外当事者,乗用車,対象外当事者,40㎞／ｈ以下,対象外当事者,13,00,小破,対象外当事者,装備あり 作動,対象外当事者,その他,対象外当事者,死亡,対象外当事者,木,その他,34.945950,136.596400,2019-09-05,03:49,red,,,,,,,,,,,,
本票,三重,三戸,0374,死亡,1,0,30000,対象外,0000,202,昼－昼,晴,非市街地,舗装－乾燥,交差点－その他,環状交差点以外 環状交差点以外をいう。,施設なし,01,21,00,23,11,9,交差点内,規制なし,5,3,人対車両,65～74歳,65～74歳,乗用車－普通車,歩行者,自家用,対象外当事者,乗用車,対象外当事者,指定の速度規制なし等,対象外当事者,10,00,小破,対象外当事者,その他,対象外当事者,その他,対象外当事者,損傷なし,死亡,月,当日,34.973800,136.607500,2019-09-23,10:22,red,,,,,,,,,,,,
本票,三重,伊達,0301,死亡,1,1,10270,対象外,0000,207,昼－明,晴,非市街地,舗装－乾燥,交差点－その他,環状交差点以外 環状交差点以外をいう。,施設なし,09,22,08,22,18,9,交差点内,規制なし,5,2,車両相互,45～54歳,65～74歳,乗用車－軽自動車,貨物車－軽自動車,自家用,自家用,乗用車,貨物車,50㎞／ｈ以下,50㎞／ｈ以下,20,10,中破,中破,その他,その他,その他,その他,負傷,死亡,金,その他,34.886510,136.557300,2019-09-13,05:50,red,,,,,,,,,,,,
本票,三重,室蘭,0302,死亡,1,1,21140,対象外,0000,201,夜－夜,曇,市街地－人口集中,舗装－乾燥,交差点付近－その他,環状交差点以外 環状交差点以外をいう。,施設なし,00,23,00,23,05,9,単路（交差点付近を含む）,規制なし,5,2,車両相互,0～24歳,65～74歳,乗用車－普通車,乗用車－軽自動車,自家用,自家用,乗用車,乗用車,50㎞／ｈ以下,50㎞／ｈ以下,20,10,損壊なし,損壊なし,その他,その他,その他,その他,損傷なし,損傷なし,土,その他,34.708370,136.511600,2019-09-07,19:32,red,,,,,,,,,,,,
本票,三重,苫小牧,0164,死亡,1,0,26590,対象外,0000,201,昼－昼,晴,非市街地,舗装－乾燥,単路－その他,環状交差点以外 環状交差点以外をいう。,施設なし,00,23,00,23,01,9,単路（交差点付近を含む）,規制なし,4,1,車両単独,45～54歳,不明,乗用車－普通車,物件等,自家用,対象外当事者,乗用車,対象外当事者,40㎞／ｈ以下,対象外当事者,10,00,大破,対象外当事者,装備あり 作動,対象外当事者,その他,対象外当事者,死亡,対象外当事者,水,その他,34.679260,136.435900,2019-09-25,09:40,red,,,,,,,,,,,,
本票,三重,厚別,0226,死亡,1,0,30000,対象外,0000,204,昼－昼,晴,非市街地,舗装－乾燥,単路－その他,環状交差点以外 環状交差点以外をいう。,施設なし,00,23,00,23,02,9,単路（交差点付近を含む）,規制なし,5,3,車両単独,75歳以上,不明,特殊車－小型－農耕作業用,相手なし,対象外当事者,対象外当事者,対象外当事者,対象外当事者,指定の速度規制なし等,対象外当事者,20,00,小破,対象外当事者,対象外当事者,対象外当事者,対象外当事者,対象外当事者,死亡,対象外当事者,日,その他,34.633340,136.463300,2019-09-01,11:12,red,,,,,,,,,,,,
本票,三重,厚別,0228,死亡,1,0,30000,対象外,0000,204,夜－夜,曇,非市街地,舗装－乾燥,交差点－その他,環状交差点以外 環状交差点以外をいう。,施設なし,09,22,00,23,19,9,交差点内,規制なし,5,2,車両単独,35～44歳,不明,乗用車－普通車,物件等,自家用,対象外当事者,乗用車,対象外当事者,40㎞／ｈ以下,対象外当事者,10,00,大破,対象外当事者,装備あり 作動,対象外当事者,その他,対象外当事者,死亡,対象外当事者,水,その他,34.609190,136.561600,2019-08-28,21:15,red,,,,,,,,,,,,
本票,三重,上尾,0224,死亡,1,0,30000,対象外,0000,203,昼－昼,晴,市街地－その他,舗装－乾燥,交差点－その他,環状交差点以外 環状交差点以外をいう。,点灯－３灯式,09,22,00,23,15,9,交差点内,規制なし,4,2,人対車両,75歳以上,55～64歳,乗用車－軽自動車,歩行者,自家用,対象外当事者,乗用車,対象外当事者,40㎞／ｈ以下,対象外当事者,10,00,小破,対象外当事者,その他,対象外当事者,その他,対象外当事者,損傷なし,死亡,月,当日,34.492530,136.704700,2019-09-23,12:10,red,,,,,,,,,,,,
本票,三重,伊賀,0094,死亡,1,0,03680,対象外,0000,216,夜－夜,晴,市街地－その他,舗装－乾燥,交差点－その他,環状交差点以外 環状交差点以外をいう。,点灯－歩車分式,09,22,00,23,11,9,交差点内,規制なし,4,2,人対車両,35～44歳,75歳以上,乗用車－普通車,歩行者,自家用,対象外当事者,乗用車,対象外当事者,40㎞／ｈ以下,対象外当事者,10,00,小破,対象外当事者,その他,対象外当事者,その他,対象外当事者,損傷なし,死亡,木,その他,34.753300,136.122900,2019-09-26,19:13,red,,,,,,,,,,,,
本票,滋賀,中央,0792,死亡,1,0,14010,対象外,0000,201,夜－夜,晴,市街地－人口集中,舗装－乾燥,交差点－その他,環状交差点以外 環状交差点以外をいう。,点滅－３灯式,09,22,00,23,15,6,交差点内,規制なし,5,2,人対車両,45～54歳,75歳以上,乗用車－普通車,歩行者,自家用,対象外当事者,乗用車,対象外当事者,40㎞／ｈ以下,対象外当事者,00,00,小破,対象外当事者,その他,対象外当事者,その他,対象外当事者,損傷なし,死亡,水,その他,34.968147,135.920038,2019-09-11,01:05,red,,,,,,,,,,,,
本票,滋賀,中央,0822,死亡,1,0,01616,下,0880,201,昼－昼,曇,非市街地,舗装－乾燥,単路－その他,環状交差点以外 環状交差点以外をいう。,施設なし,00,23,00,23,05,9,単路（交差点付近を含む）,規制なし,1,3,人対車両,55～64歳,75歳以上,乗用車－普通車,歩行者,自家用,対象外当事者,乗用車,対象外当事者,60㎞／ｈ以下,対象外当事者,50,00,中破,対象外当事者,その他,対象外当事者,その他,対象外当事者,損傷なし,死亡,月,当日,34.997986,135.836382,2019-09-23,16:25,red,,,,,,,,,,,,
本票,滋賀,岩見沢,0377,死亡,1,0,00080,上,5401,213,夜－夜,曇,非市街地,舗装－乾燥,単路－その他,環状交差点以外 環状交差点以外をいう。,施設なし,00,23,00,23,03,9,その他,規制なし,4,2,車両単独,65～74歳,不明,軽車両－自転車,相手なし,対象外当事者,対象外当事者,対象外当事者,対象外当事者,対象外当事者,対象外当事者,10,00,小破,対象外当事者,対象外当事者,対象外当事者,対象外当事者,対象外当事者,死亡,対象外当事者,金,その他,35.139421,136.173257,2019-08-30,23:00,red,,,,,,,,,,,,
本票,滋賀,美唄,0192,死亡,1,0,27130,対象外,0000,203,夜－夜,晴,市街地－その他,舗装－乾燥,単路－カーブ・屈折,環状交差点以外 環状交差点以外をいう。,施設なし,00,23,00,23,04,6,その他,規制なし,1,2,車両単独,0～24歳,不明,二輪車－自動二輪－軽二輪－126～250cc,物件等,自家用,対象外当事者,対象外当事者,対象外当事者,50㎞／ｈ以下,対象外当事者,20,00,中破,対象外当事者,対象外当事者,対象外当事者,対象外当事者,対象外当事者,死亡,対象外当事者,水,その他,35.378375,136.258098,2019-09-11,23:20,red,,,,,,,,,,,,
本票,京都,つがる,0583,死亡,1,0,25320,対象外,0000,109,昼－昼,晴,市街地－人口集中,舗装－乾燥,交差点－その他,環状交差点以外 環状交差点以外をいう。,施設なし,09,22,09,22,14,9,交差点内,規制なし,5,2,車両相互,35～44歳,65～74歳,乗用車－普通車,軽車両－自転車,自家用,対象外当事者,乗用車,対象外当事者,指定の速度規制なし等,対象外当事者,30,20,小破,小破,その他,対象外当事者,その他,対象外当事者,損傷なし,死亡,金,その他,34.906737,135.719242,2019-09-20,11:14,red,,,,,,,,,,,,
本票,京都,静内,0128,死亡,1,0,00010,上,4960,105,夜－夜,曇,市街地－人口集中,舗装－乾燥,交差点－その他,環状交差点以外 環状交差点以外をいう。,点灯－３灯式,09,22,00,23,17,9,交差点内,規制なし,5,2,人対車両,45～54歳,75歳以上,乗用車－軽自動車,歩行者,自家用,対象外当事者,乗用車,対象外当事者,50㎞／ｈ以下,対象外当事者,10,00,中破,対象外当事者,その他,対象外当事者,その他,対象外当事者,損傷なし,死亡,土,その他,34.995047,135.771660,2019-09-07,20:35,red,,,,,,,,,,,,
本票,京都,北,0334,死亡,1,1,27020,対象外,0000,108,昼－昼,晴,市街地－人口集中,舗装－乾燥,交差点－その他,環状交差点以外 環状交差点以外をいう。,点灯－３灯式,09,22,00,23,18,9,交差点内,規制なし,5,2,車両単独,75歳以上,不明,乗用車－軽自動車,物件等,自家用,対象外当事者,乗用車,対象外当事者,40㎞／ｈ以下,対象外当事者,10,00,中破,対象外当事者,装備あり 作動,対象外当事者,その他,対象外当事者,死亡,対象外当事者,日,その他,35.008199,135.719372,2019-09-08,14:07,red,,,,,,,,,,,,
本票,京都,南丹,0106,死亡,1,0,39990,対象外,0000,213,昼－昼,曇,市街地－人口集中,舗装－乾燥,交差点－その他,環状交差点以外 環状交差点以外をいう。,点灯－３灯式,09,22,00,23,15,9,交差点内,規制なし,5,2,人対車両,55～64歳,75歳以上,貨物車－軽自動車,歩行者,自家用,対象外当事者,貨物車,対象外当事者,40㎞／ｈ以下,対象外当事者,50,00,小破,対象外当事者,その他,対象外当事者,その他,対象外当事者,損傷なし,死亡,水,その他,35.110590,135.474669,2019-09-04,14:18,red,,,,,,,,,,,,
本票,京都,藤沢,0053,死亡,1,0,04820,下,0000,212,昼－暮,曇,市街地－その他,舗装－乾燥,単路－その他,環状交差点以外 環状交差点以外をいう。,施設なし,00,23,00,23,03,9,単路（交差点付近を含む）,規制なし,4,3,車両単独,55～64歳,不明,乗用車－軽自動車,物件等,自家用,対象外当事者,乗用車,対象外当事者,40㎞／ｈ以下,対象外当事者,10,00,中破,対象外当事者,装備あり 作動,対象外当事者,その他,対象外当事者,死亡,対象外当事者,火,その他,35.709954,135.105642,2019-09-24,17:45,red,,,,,,,,,,,,
本票,大阪,高速道路交通警察隊,0599,死亡,1,2,42640,下,0000,203,昼－昼,晴,市街地－人口集中,舗装－乾燥,単路－カーブ・屈折,環状交差点以外 環状交差点以外をいう。,施設なし,00,23,00,23,03,6,単路（交差点付近を含む）,規制なし,1,4,人対車両,35～44歳,35～44歳,貨物車－中型車,歩行者,事業用,対象外当事者,貨物車,対象外当事者,80㎞／ｈ以下,対象外当事者,50,00,小破,対象外当事者,その他,対象外当事者,その他,対象外当事者,負傷,死亡,水,その他,34.753917,135.465836,2019-09-25,10:42,red,5245,西日本高速道路,減速車線,完全分離－その他,カーブ－1000m以上,平坦・該当なし,,2,該当なし,該当なし,該当なし,0
本票,大阪,白石,0287,死亡,1,1,30990,対象外,0000,127,夜－暮,晴,市街地－人口集中,舗装－乾燥,交差点付近－その他,環状交差点以外 環状交差点以外をいう。,施設なし,00,23,00,23,03,9,単路（交差点付近を含む）,規制なし,4,2,人対車両,55～64歳,45～54歳,乗用車－普通車,歩行者,事業用,対象外当事者,乗用車,対象外当事者,30㎞／ｈ以下,対象外当事者,10,00,大破,対象外当事者,装備あり 作動,対象外当事者,その他,対象外当事者,負傷,死亡,水,その他,34.699898,135.508068,2019-09-18,18:51,red,,,,,,,,,,,,
本票,大阪,岩内,0301,死亡,1,0,30990,対象外,0000,118,昼－昼,晴,市街地－人口集中,舗装－乾燥,交差点－その他,環状交差点以外 環状交差点以外をいう。,施設なし,09,22,01,21,15,7,交差点内,規制なし,5,2,車両相互,45～54歳,75歳以上,貨物車－準中型車,軽車両－自転車,事業用,対象外当事者,貨物車,対象外当事者,30㎞／ｈ以下,対象外当事者,10,20,小破,小破,その他,対象外当事者,その他,対象外当事者,損傷なし,死亡,月,その他,34.689192,135.542214,2019-09-02,10:13,red,,,,,,,,,,,,