資料区分,都道府県コード,警察署等コード,本票番号,事故内容,死者数,負傷者数,路線コード,上下線,地点コード,市区町村コード,昼夜,天候,地形,路面状態,道路形状,環状交差点の直径,信号機,一時停止規制　標識（当事者A）,一時停止規制　表示（当事者A）,一時停止規制　標識（当事者B）,一時停止規制　表示（当事者B）,車道幅員,道路線形,衝突地点,ゾーン規制,中央分離帯施設等,歩車道区分,事故類型,年齢（当事者A）,年齢（当事者B）,当事者種別（当事者A）,当事者種別（当事者B）,用途別（当事者A）,用途別（当事者B）,車両形状（当事者A）,車両形状（当事者B）,速度規制（指定のみ）（当事者A）,速度規制（指定のみ）（当事者B）,車両の衝突部位（当事者A）,車両の衝突部位（当事者B）,車両の損壊程度（当事者A）,車両の損壊程度（当事者B）,エアバッグの装備（当事者A）,エアバッグの装備（当事者B）,サイドエアバッグの装備（当事者A）,サイドエアバッグの装備（当事者B）,人身損傷程度（当事者A）,人身損傷程度（当事者B）,曜日(発生年月日),祝日(発生年月日),緯度,経度,発生日,発生時,color,発生地点,道路管理者区分,道路区分,道路構造,曲線半径,縦断勾配,トンネル番号,当事者車両台数,車両単独事故の対象物,臨時速度規制の有無,速度規制（臨時のみ）,トンネル延長距離
本票,山口,砂川,0179,死亡,1,0,00090,下,5822,203,昼－昼,晴,市街地－人口集中,舗装－乾燥,交差点－その他,環状交差点以外 環状交差点以外をいう。,施設なし,09,22,01,21,17,9,交差点内,規制なし,5,2,車両相互,35～44歳,75歳以上,乗用車－普通車,軽車両－自転車,自家用,対象外当事者,乗用車,対象外当事者,指定の速度規制なし等,対象外当事者,10,40,小破,中破,その他,対象外当事者,その他,対象外当事者,損傷なし,死亡,日,その他,34.161111,131.440000,2019-09-08,07:38,red,,,,,,,,,,,,
本票,山口,三戸,0094,死亡,1,0,37000,対象外,0000,203,夜－夜,晴,市街地－その他,舗装－乾燥,単路－その他,環状交差点以外 環状交差点以外をいう。,施設なし,00,23,00,23,01,9,その他,規制なし,5,4,車両単独,65～74歳,不明,軽車両－自転車,相手なし,対象外当事者,対象外当事者,対象外当事者,対象外当事者,対象外当事者,対象外当事者,20,00,小破,対象外当事者,対象外当事者,対象外当事者,対象外当事者,対象外当事者,死亡,対象外当事者,水,その他,34.074778,131.421500,2019-07-31,21:00,red,,,,,,,,,,,,
本票,徳島,中央,0422,死亡,1,0,30000,対象外,0000,201,昼－昼,晴,市街地－人口集中,舗装－乾燥,交差点－その他,環状交差点以外 環状交差点以外をいう。,点滅－１灯式,09,21,09,21,15,9,交差点内,ゾーン30,5,2,車両相互,35～44歳,75歳以上,乗用車－普通車,二輪車－原付自転車,自家用,自家用,乗用車,対象外当事者,30㎞／ｈ以下,30㎞／ｈ以下,10,20,小破,中破,その他,対象外当事者,その他,対象外当事者,損傷なし,死亡,土,その他,34.051065,134.555683,2019-09-14,10:00,red,,,,,,,,,,,,
本票,徳島,西,0147,死亡,1,0,00280,下,0157,202,昼－昼,晴,市街地－人口集中,舗装－乾燥,交差点－その他,環状交差点以外 環状交差点以外をいう。,施設なし,09,22,01,22,14,9,交差点内,規制なし,4,1,車両相互,45～54歳,75歳以上,貨物車－中型車,乗用車－軽自動車,事業用,自家用,貨物車,乗用車,50㎞／ｈ以下,指定の速度規制なし等,80,20,中破,中破,その他,装備あり 作動,その他,装備あり 作動,損傷なし,死亡,水,その他,34.177407,134.608686,2019-09-18,10:05,red,,,,,,,,,,,,
本票,徳島,西,0150,死亡,1,0,10120,対象外,0000,202,夜－夜,曇,非市街地,舗装－乾燥,交差点－その他,環状交差点以外 環状交差点以外をいう。,施設なし,09,22,00,23,17,7,交差点内,規制なし,5,2,人対車両,0～24歳,65～74歳,乗用車－軽自動車,歩行者,自家用,対象外当事者,乗用車,対象外当事者,50㎞／ｈ以下,対象外当事者,10,00,小破,対象外当事者,その他,対象外当事者,その他,対象外当事者,損傷なし,死亡,土,その他,34.166031,134.584000,2019-09-21,20:15,red,,,,,,,,,,,,
本票,香川,岩見沢,0687,死亡,1,0,00110,下,0883,201,昼－昼,晴,市街地－人口集中,舗装－乾燥,交差点－その他,環状交差点以外 環状交差点以外をいう。,点灯－押ボタン式,09,22,00,23,17,9,交差点内,規制なし,5,2,人対車両,25～34歳,0～24歳,貨物車－準中型車,歩行者,事業用,対象外当事者,貨物車,対象外当事者,指定の速度規制なし等,対象外当事者,10,00,中破,対象外当事者,その他,対象外当事者,その他,対象外当事者,損傷なし,死亡,金,その他,34.341105,134.120924,2019-09-06,14:00,red,,,,,,,,,,,,
本票,香川,岩見沢,0702,死亡,1,0,37000,対象外,0000,201,昼－昼,晴,市街地－人口集中,舗装－乾燥,交差点－その他,環状交差点以外 環状交差点以外をいう。,施設なし,09,22,09,22,15,9,交差点内,規制なし,4,2,車両相互,25～34歳,75歳以上,乗用車－普通車,軽車両－自転車,自家用,対象外当事者,乗用車,対象外当事者,40㎞／ｈ以下,対象外当事者,10,40,小破,小破,その他,対象外当事者,その他,対象外当事者,損傷なし,死亡,火,その他,34.346407,134.009352,2019-09-10,15:33,red,,,,,,,,,,,,
本票,香川,岩見沢,0733,死亡,1,0,14360,対象外,0000,201,昼－昼,晴,市街地－人口集中,舗装－乾燥,単路－その他,環状交差点以外 環状交差点以外をいう。,施設なし,00,23,00,23,03,9,単路（交差点付近を含む）,規制なし,4,3,車両相互,55～64歳,45～54歳,乗用車－軽自動車,二輪車－自動二輪－原付二種－51～125cc,自家用,自家用,乗用車,対象外当事者,40㎞／ｈ以下,40㎞／ｈ以下,00,00,損壊なし,小破,その他,対象外当事者,その他,対象外当事者,損傷なし,死亡,水,その他,34.342913,134.119438,2019-09-25,07:27,red,,,,,,,,,,,,
本票,香川,栗山,0782,死亡,1,0,21760,対象外,0058,201,夜－夜,曇,市街地－その他,舗装－乾燥,交差点付近－その他,環状交差点以外 環状交差点以外をいう。,点灯－３灯式,00,23,00,23,05,9,単路（交差点付近を含む）,規制なし,4,2,人対車両,65～74歳,55～64歳,貨物車－軽自動車,歩行者,自家用,対象外当事者,貨物車,対象外当事者,指定の速度規制なし等,対象外当事者,10,00,小破,対象外当事者,装備あり 作動,対象外当事者,その他,対象外当事者,損傷なし,死亡,火,その他,34.310918,133.998823,2019-09-03,21:32,red,,,,,,,,,,,,
本票,香川,栗山,0783,死亡,1,1,37000,対象外,0000,201,昼－昼,晴,非市街地,舗装－乾燥,交差点－その他,環状交差点以外 環状交差点以外をいう。,施設なし,01,21,09,22,14,9,交差点内,規制なし,5,4,車両相互,65～74歳,65～74歳,貨物車－軽自動車,貨物車－軽自動車,自家用,自家用,貨物車,貨物車,指定の速度規制なし等,指定の速度規制なし等,80,50,中破,中破,その他,その他,その他,その他,死亡,負傷,水,その他,34.272960,134.076577,2019-09-04,09:16,red,,,,,,,,,,,,
本票,香川,美唄,0481,死亡,1,0,22160,対象外,0000,404,夜－明,晴,市街地－人口集中,舗装－乾燥,単路－その他,環状交差点以外 環状交差点以外をいう。,施設なし,00,23,00,23,03,9,単路（交差点付近を含む）,規制なし,4,2,車両単独,25～34歳,不明,乗用車－普通車,物件等,自家用,対象外当事者,乗用車,対象外当事者,30㎞／ｈ以下,対象外当事者,50,00,大破,対象外当事者,装備あり 作動,対象外当事者,その他,対象外当事者,死亡,対象外当事者,月,その他,34.273136,133.750542,2019-09-02,05:31,red,,,,,,,,,,,,
本票,香川,美唄,0502,死亡,1,0,22170,対象外,0000,204,昼－昼,晴,非市街地,舗装－乾燥,交差点－その他,環状交差点以外 環状交差点以外をいう。,施設なし,09,22,00,23,14,9,交差点内,規制なし,4,2,人対車両,45～54歳,0～24歳,乗用車－普通車,歩行者,自家用,対象外当事者,乗用車,対象外当事者,40㎞／ｈ以下,対象外当事者,10,00,小破,対象外当事者,その他,対象外当事者,その他,対象外当事者,損傷なし,死亡,火,その他,34.241859,133.773692,2019-09-10,16:24,red,,,,,,,,,,,,
本票,香川,美唄,0524,死亡,1,1,21950,対象外,0000,202,昼－昼,曇,非市街地,舗装－湿潤,交差点付近－その他,環状交差点以外 環状交差点以外をいう。,施設なし,00,23,00,23,03,7,単路（交差点付近を含む）,規制なし,4,3,人対車両,65～74歳,55～64歳,貨物車－軽自動車,歩行者,自家用,対象外当事者,貨物車,対象外当事者,40㎞／ｈ以下,対象外当事者,10,00,小破,対象外当事者,その他,対象外当事者,その他,対象外当事者,損傷なし,死亡,土,その他,34.234344,133.848632,2019-09-21,08:19,red,,,,,,,,,,,,
本票,香川,美唄,0525,死亡,1,0,37000,対象外,0000,202,夜－暮,雨,市街地－その他,舗装－湿潤,交差点付近－その他,環状交差点以外 環状交差点以外をいう。,施設なし,00,23,00,23,05,9,単路（交差点付近を含む）,規制なし,6,2,人対車両,65～74歳,55～64歳,乗用車－普通車,歩行者,自家用,対象外当事者,乗用車,対象外当事者,50㎞／ｈ以下,対象外当事者,10,00,小破,対象外当事者,その他,対象外当事者,その他,対象外当事者,損傷なし,死亡,日,前日,34.283516,133.820030,2019-09-22,18:14,red,,,,,,,,,,,,
本票,香川,余市,0110,死亡,1,0,00110,上,0673,206,昼－昼,晴,市街地－人口集中,舗装－乾燥,交差点付近－その他,環状交差点以外 環状交差点以外をいう。,点灯－３灯式,00,23,00,23,04,9,単路（交差点付近を含む）,規制なし,4,2,車両相互,0～24歳,75歳以上,貨物車－大型車,軽車両－自転車,事業用,対象外当事者,貨物車,対象外当事者,50㎞／ｈ以下,対象外当事者,40,40,小破,小破,その他,対象外当事者,その他,対象外当事者,損傷なし,死亡,火,その他,34.320798,134.178219,2019-09-10,10:41,red,,,,,,,,,,,,
本票,香川,伊達,0153,死亡,1,0,37000,対象外,0000,208,夜－暮,雨,非市街地,舗装－湿潤,単路－カーブ・屈折,環状交差点以外 環状交差点以外をいう。,施設なし,00,23,00,23,02,6,その他,規制なし,5,4,車両単独,55～64歳,不明,軽車両－自転車,相手なし,対象外当事者,対象外当事者,対象外当事者,対象外当事者,対象外当事者,対象外当事者,10,00,小破,対象外当事者,対象外当事者,対象外当事者,対象外当事者,対象外当事者,死亡,対象外当事者,木,その他,34.175146,133.754206,2019-08-22,19:10,red,,,,,,,,,,,,
本票,愛媛,中央,0091,死亡,1,0,00110,下,1497,213,昼－昼,晴,非市街地,舗装－乾燥,交差点付近－その他,環状交差点以外 環状交差点以外をいう。,施設なし,00,23,00,23,03,9,単路（交差点付近を含む）,規制なし,4,2,車両相互,0～24歳,65～74歳,貨物車－大型車,二輪車－原付自転車,事業用,自家用,貨物車,対象外当事者,40㎞／ｈ以下,指定の速度規制なし等,80,20,小破,小破,その他,対象外当事者,その他,対象外当事者,損傷なし,死亡,水,その他,34.006571,133.571842,2019-09-18,14:42,red,,,,,,,,,,,,
本票,愛媛,江別,0239,死亡,1,0,37000,対象外,0000,202,夜－夜,晴,市街地－その他,舗装－乾燥,単路－その他,環状交差点以外 環状交差点以外をいう。,施設なし,00,23,00,23,04,9,単路（交差点付近を含む）,規制なし,4,2,人対車両,55～64歳,75歳以上,乗用車－軽自動車,歩行者,自家用,対象外当事者,乗用車,対象外当事者,30㎞／ｈ以下,対象外当事者,80,00,小破,対象外当事者,その他,対象外当事者,その他,対象外当事者,損傷なし,死亡,水,その他,34.058128,132.999299,2019-09-18,20:24,red,,,,,,,,,,,,
本票,愛媛,滝川,0026,死亡,1,1,14170,対象外,0000,214,昼－昼,晴,非市街地,舗装－乾燥,単路－その他,環状交差点以外 環状交差点以外をいう。,施設なし,00,23,00,23,03,8,単路（交差点付近を含む）,規制なし,4,3,人対車両,45～54歳,65～74歳,貨物車－大型車,歩行者,事業用,対象外当事者,貨物車,対象外当事者,50㎞／ｈ以下,対象外当事者,10,00,小破,対象外当事者,その他,対象外当事者,その他,対象外当事者,損傷なし,負傷,火,その他,33.358411,132.609777,2019-09-03,09:29,red,,,,,,,,,,,,
本票,愛媛,芦別,0085,死亡,1,0,00560,上,1785,203,夜－夜,晴,非市街地,舗装－乾燥,単路－カーブ・屈折,環状交差点以外 環状交差点以外をいう。,施設なし,00,23,00,23,03,5,単路（交差点付近を含む）,規制なし,4,2,車両単独,45～54歳,不明,貨物車－大型車,物件等,事業用,対象外当事者,貨物車,対象外当事者,50㎞／ｈ以下,対象外当事者,10,00,大破,対象外当事者,その他,対象外当事者,その他,対象外当事者,死亡,対象外当事者,木,その他,33.078838,132.491657,2019-09-19,00:30,red,,,,,,,,,,,,
本票,高知,白石,0196,死亡,1,0,00560,上,0038,201,昼－昼,晴,市街地－人口集中,舗装－乾燥,交差点付近－その他,環状交差点以外 環状交差点以外をいう。,施設なし,00,23,00,23,05,9,単路（交差点付近を含む）,規制なし,1,2,車両相互,55～64歳,75歳以上,乗用車－普通車,二輪車－原付自転車,事業用,自家用,乗用車,対象外当事者,50㎞／ｈ以下,指定の速度規制なし等,80,30,小破,中破,その他,対象外当事者,その他,対象外当事者,損傷なし,死亡,金,その他,33.536530,133.484664,2019-09-13,09:42,red,,,,,,,,,,,,
本票,高知,白石,0201,死亡,1,0,14360,対象外,0000,201,夜－夜,曇,市街地－人口集中,舗装－乾燥,交差点－その他,環状交差点以外 環状交差点以外をいう。,点灯－３灯式,09,22,09,22,17,9,交差点内,規制なし,5,2,車両相互,35～44歳,65～74歳,乗用車－普通車,軽車両－自転車,自家用,対象外当事者,乗用車,対象外当事者,50㎞／ｈ以下,対象外当事者,10,20,中破,中破,その他,対象外当事者,その他,対象外当事者,損傷なし,死亡,日,前日,33.542825,133.542041,2019-09-22,00:09,red,,,,,,,,,,,,
本票,高知,西,0005,死亡,1,0,00550,上,0942,301,昼－昼,晴,非市街地,舗装－乾燥,交差点付近－その他,環状交差点以外 環状交差点以外をいう。,施設なし,00,23,00,23,03,3,単路（交差点付近を含む）,規制なし,4,1,車両単独,55～64歳,不明,乗用車－軽自動車,物件等,自家用,対象外当事者,乗用車,対象外当事者,50㎞／ｈ以下,対象外当事者,10,00,中破,対象外当事者,装備あり 作動,対象外当事者,その他,対象外当事者,死亡,対象外当事者,金,その他,33.527346,134.281403,2019-09-06,10:45,red,,,,,,,,,,,,
本票,福岡,高速道路交通警察隊,2013,死亡,1,1,54010,上,0283,647,昼－昼,曇,非市街地,舗装－湿潤,単路－その他,環状交差点以外 環状交差点以外をいう。,施設なし,00,23,00,23,03,9,単路（交差点付近を含む）,規制なし,6,4,車両相互,35～44歳,55～64歳,貨物車－中型車,貨物車－準中型車,事業用,自家用,貨物車,貨物車,70㎞／ｈ以下,70㎞／ｈ以下,15,15,大破,大破,その他,その他,その他,その他,負傷,死亡,水,その他,33.653299,131.030606,2019-09-04,17:28,red,283,西日本高速道路,走行車線－第一通行帯,非分離－その他,直線,平坦・該当なし,,2,該当なし,あり－渋滞,該当なし,0
本票,福岡,栗山,1019,死亡,1,0,23940,対象外,0000,135,夜－夜,晴,市街地－その他,舗装－乾燥,交差点－その他,環状交差点以外 環状交差点以外をいう。,施設なし,01,22,00,23,15,9,交差点内,規制なし,4,2,車両単独,75歳以上,不明,乗用車－普通車,物件等,自家用,対象外当事者,乗用車,対象外当事者,40㎞／ｈ以下,対象外当事者,10,00,大破,対象外当事者,その他,対象外当事者,その他,対象外当事者,死亡,対象外当事者,月,当日,33.562111,130.299932,2019-09-16,22:00,red,,,,,,,,,,,,
本票,福岡,美唄,0635,死亡,1,0,37990,対象外,0000,224,昼－昼,晴,市街地－その他,舗装－乾燥,交差点－その他,環状交差点以外 環状交差点以外をいう。,施設なし,09,22,01,21,14,9,交差点内,規制なし,4,2,車両相互,65～74歳,75歳以上,乗用車－普通車,軽車両－自転車,自家用,対象外当事者,乗用車,対象外当事者,40㎞／ｈ以下,対象外当事者,10,20,中破,小破,その他,対象外当事者,その他,対象外当事者,損傷なし,死亡,水,その他,33.761920,130.484775,2019-09-11,10:23,red,,,,,,,,,,,,
本票,福岡,芦別,1148,死亡,1,0,37990,対象外,0000,219,昼－明,晴,市街地－人口集中,舗装－乾燥,交差点－その他,環状交差点以外 環状交差点以外をいう。,施設なし,09,22,00,23,15,9,交差点内,規制なし,4,2,人対車両,65～74歳,75歳以上,乗用車－軽自動車,歩行者,自家用,対象外当事者,乗用車,対象外当事者,40㎞／ｈ以下,対象外当事者,80,00,小破,対象外当事者,その他,対象外当事者,その他,対象外当事者,損傷なし,死亡,木,その他,33.544840,130.480845,2019-09-05,06:40,red,,,,,,,,,,,,
本票,福岡,函館中央,0374,死亡,1,1,01990,対象外,0000,103,昼－昼,曇,市街地－人口集中,舗装－乾燥,単路－カーブ・屈折,環状交差点以外 環状交差点以外をいう。,施設なし,00,23,00,23,04,3,単路（交差点付近を含む）,規制なし,4,2,車両単独,75歳以上,不明,乗用車－軽自動車,物件等,自家用,対象外当事者,乗用車,対象外当事者,50㎞／ｈ以下,対象外当事者,85,00,中破,対象外当事者,その他,対象外当事者,その他,対象外当事者,負傷,対象外当事者,土,その他,33.893813,130.798997,2019-09-07,08:38,red,,,,,,,,,,,,
本票,福岡,森,0997,死亡,1,0,37990,対象外,0000,381,夜－暮,雨,市街地－その他,舗装－湿潤,交差点－その他,環状交差点以外 環状交差点以外をいう。,施設なし,09,22,09,22,17,9,交差点内,規制なし,5,2,車両相互,55～64歳,65～74歳,乗用車－普通車,軽車両－自転車,自家用,対象外当事者,乗用車,対象外当事者,50㎞／ｈ以下,対象外当事者,52,43,小破,中破,その他,対象外当事者,その他,対象外当事者,損傷なし,死亡,金,その他,33.901137,130.673068,2019-09-20,18:45,red,,,,,,,,,,,,
本票,福岡,木古内,1357,死亡,1,0,00030,下,0155,106,昼－昼,晴,市街地－人口集中,舗装－乾燥,交差点－その他,環状交差点以外 環状交差点以外をいう。,点灯－３灯式,09,22,09,22,18,9,交差点内,規制なし,5,2,車両相互,45～54歳,55～64歳,貨物車－大型車,軽車両－自転車,事業用,対象外当事者,貨物車,対象外当事者,50㎞／ｈ以下,対象外当事者,80,10,小破,大破,その他,対象外当事者,その他,対象外当事者,損傷なし,死亡,水,その他,33.874249,130.883088,2019-09-11,15:36,red,,,,,,,,,,,,
本票,福岡,寿都,0953,死亡,2,1,00100,上,0221,107,夜－夜,晴,市街地－人口集中,舗装－乾燥,交差点－その他,環状交差点以外 環状交差点以外をいう。,点灯－３灯式,09,22,09,22,18,9,交差点内,規制なし,5,2,車両相互,25～34歳,75歳以上,乗用車－普通車,乗用車－軽自動車,自家用,自家用,乗用車,乗用車,指定の速度規制なし等,指定の速度規制なし等,10,80,中破,大破,装備あり 作動,装備あり 作動,装備あり 作動,その他,負傷,死亡,月,当日,33.823850,130.932570,2019-09-16,20:25,red,,,,,,,,,,,,
本票,福岡,岸和田,0691,死亡,1,0,00100,上,0390,213,夜－夜,雨,市街地－その他,舗装－湿潤,交差点－その他,環状交差点以外 環状交差点以外をいう。,点灯－３灯式,09,22,09,22,15,9,交差点内,規制なし,5,2,車両相互,55～64歳,35～44歳,貨物車－大型車,二輪車－自動二輪－軽二輪－126～250cc,事業用,自家用,貨物車,対象外当事者,指定の速度規制なし等,30㎞／ｈ以下,50,20,小破,小破,その他,対象外当事者,その他,対象外当事者,損傷なし,死亡,火,その他,33.697271,130.995175,2019-09-03,22:59,red,,,,,,,,,,,,
本票,福岡,岸和田,0718,死亡,2,1,37990,対象外,0000,213,昼－昼,晴,市街地－その他,舗装－乾燥,単路－その他,環状交差点以外 環状交差点以外をいう。,施設なし,00,23,00,23,03,9,単路（交差点付近を含む）,規制なし,5,4,車両単独,0～24歳,不明,乗用車－普通車,物件等,自家用,対象外当事者,乗用車,対象外当事者,40㎞／ｈ以下,対象外当事者,80,00,中破,対象外当事者,装備あり 作動,対象外当事者,装備あり 作動,対象外当事者,損傷なし,対象外当事者,金,その他,33.701104,130.964490,2019-09-13,16:18,red,,,,,,,,,,,,
本票,福岡,名寄,0815,死亡,1,0,02013,下,0011,205,夜－夜,曇,市街地－人口集中,舗装－乾燥,単路－その他,環状交差点以外 環状交差点以外をいう。,施設なし,00,23,00,23,05,9,単路（交差点付近を含む）,規制なし,1,2,人対車両,35～44歳,25～34歳,貨物車－大型車,歩行者,事業用,対象外当事者,貨物車,対象外当事者,指定の速度規制なし等,対象外当事者,80,00,小破,対象外当事者,その他,対象外当事者,その他,対象外当事者,損傷なし,死亡,日,その他,33.623981,130.686377,2019-09-08,03:10,red,,,,,,,,,,,,
本票,福岡,稚内,0141,死亡,1,0,25070,対象外,0000,227,夜－暮,晴,市街地－その他,舗装－乾燥,交差点－その他,環状交差点以外 環状交差点以外をいう。,施設なし,09,22,00,23,14,9,交差点内,規制なし,4,2,人対車両,45～54歳,75歳以上,乗用車－普通車,歩行者,自家用,対象外当事者,乗用車,対象外当事者,50㎞／ｈ以下,対象外当事者,10,00,小破,対象外当事者,その他,対象外当事者,その他,対象外当事者,損傷なし,死亡,木,その他,33.596843,130.727476,2019-09-19,19:07,red,,,,,,,,,,,,
本票,福岡,新得,0452,死亡,1,0,02080,上,0453,229,昼－昼,晴,市街地－その他,舗装－乾燥,単路－カーブ・屈折,環状交差点以外 環状交差点以外をいう。,施設なし,00,23,00,23,03,6,単路（交差点付近を含む）,規制なし,4,3,車両単独,65～74歳,不明,乗用車－軽自動車,物件等,自家用,対象外当事者,乗用車,対象外当事者,50㎞／ｈ以下,対象外当事者,18,00,中破,対象外当事者,その他,対象外当事者,その他,対象外当事者,死亡,対象外当事者,火,その他,33.112075,130.446063,2019-09-24,11:20,red,,,,,,,,,,,,
本票,佐賀,東,0485,死亡,1,3,00340,上,0004,203,夜－夜,晴,市街地－その他,舗装－乾燥,交差点－その他,環状交差点以外 環状交差点以外をいう。,点灯－３灯式,09,22,09,22,15,7,交差点内,規制なし,5,2,車両相互,35～44歳,65～74歳,貨物車－中型車,乗用車－普通車,事業用,自家用,貨物車,乗用車,50㎞／ｈ以下,40㎞／ｈ以下,10,80,中破,大破,その他,装備あり 作動,その他,その他,負傷,負傷,土,その他,33.395350,130.526030,2019-09-07,04:14,red,,,,,,,,,,,,
本票,佐賀,東,0492,死亡,1,0,14210,対象外,0206,346,昼－昼,晴,非市街地,舗装－乾燥,交差点－その他,環状交差点以外 環状交差点以外をいう。,点灯－３灯式,09,22,00,23,15,9,交差点内,規制なし,5,2,人対車両,55～64歳,65～74歳,乗用車－軽自動車,歩行者,自家用,対象外当事者,乗用車,対象外当事者,指定の速度規制なし等,対象外当事者,10,00,中破,対象外当事者,その他,対象外当事者,その他,対象外当事者,損傷なし,死亡,水,その他,33.358305,130.449152,2019-09-11,09:52,red,,,,,,,,,,,,
本票,佐賀,野辺地,0262,死亡,1,3,02020,下,0774,205,夜－夜,曇,非市街地,舗装－乾燥,交差点付近－その他,環状交差点以外 環状交差点以外をいう。,点灯－３灯式,00,23,00,23,03,6,単路（交差点付近を含む）,規制なし,4,2,車両相互,0～24歳,65～74歳,乗用車－普通車,乗用車－軽自動車,自家用,自家用,乗用車,乗用車,40㎞／ｈ以下,40㎞／ｈ以下,10,10,大破,大破,装備あり 作動,装備あり 作動,その他,その他,損傷なし,負傷,月,当日,33.241948,129.850304,2019-09-16,01:29,red,,,,,,,,,,,,
本票,佐賀,余市,0607,死亡,1,0,14210,対象外,0063,201,夜－夜,曇,非市街地,舗装－乾燥,交差点－その他,環状交差点以外 環状交差点以外をいう。,点灯－３灯式,09,22,00,23,15,9,交差点内,規制なし,5,2,人対車両,25～34歳,45～54歳,乗用車－普通車,歩行者,自家用,対象外当事者,乗用車,対象外当事者,50㎞／ｈ以下,対象外当事者,50,00,小破,対象外当事者,その他,対象外当事者,その他,対象外当事者,損傷なし,死亡,金,その他,33.324977,130.319663,2019-09-06,22:25,red,,,,,,,,,,,,
本票,佐賀,余市,0642,死亡,1,0,14370,対象外,1066,201,昼－明,晴,非市街地,舗装－乾燥,交差点－その他,環状交差点以外 環状交差点以外をいう。,点灯－３灯式,09,22,09,22,15,9,交差点内,規制なし,5,2,車両相互,35～44歳,0～24歳,乗用車－軽自動車,軽車両－自転車,自家用,対象外当事者,乗用車,対象外当事者,50㎞／ｈ以下,対象外当事者,80,20,小破,小破,その他,対象外当事者,その他,対象外当事者,損傷なし,死亡,木,その他,33.303489,130.319736,2019-09-19,06:13,red,,,,,,,,,,,,
本票,熊本,中央,0303,死亡,1,0,30000,対象外,0000,101,夜－夜,雨,市街地－人口集中,舗装－湿潤,単路－その他,環状交差点以外 環状交差点以外をいう。,施設なし,00,23,00,23,04,8,単路（交差点付近を含む）,規制なし,4,2,人対車両,65～74歳,45～54歳,貨物車－軽自動車,歩行者,自家用,対象外当事者,貨物車,対象外当事者,50㎞／ｈ以下,対象外当事者,10,00,小破,対象外当事者,その他,対象外当事者,その他,対象外当事者,損傷なし,死亡,金,その他,32.806205,130.725954,2019-09-13,02:05,red,,,,,,,,,,,,
本票,熊本,つがる,0075,死亡,1,0,30000,対象外,0000,210,夜－夜,晴,非市街地,舗装－乾燥,単路－その他,環状交差点以外 環状交差点以外をいう。,施設なし,00,23,00,23,01,9,その他,規制なし,5,4,車両単独,65～74歳,不明,軽車両－自転車,相手なし,対象外当事者,対象外当事者,対象外当事者,対象外当事者,対象外当事者,対象外当事者,40,00,小破,対象外当事者,対象外当事者,対象外当事者,対象外当事者,対象外当事者,死亡,対象外当事者,月,その他,32.967338,130.821344,2019-09-09,22:00,red,,,,,,,,,,,,
本票,熊本,砂川,0056,死亡,1,0,10110,対象外,0000,425,昼－明,曇,非市街地,舗装－乾燥,単路－カーブ・屈折,環状交差点以外 環状交差点以外をいう。,施設なし,00,23,00,23,03,6,単路（交差点付近を含む）,規制なし,4,3,車両相互,45～54歳,55～64歳,乗用車－普通車,二輪車－自動二輪－小型二輪－751ｃｃ以上,自家用,自家用,乗用車,対象外当事者,50㎞／ｈ以下,50㎞／ｈ以下,52,13,中破,中破,その他,対象外当事者,その他,対象外当事者,損傷なし,死亡,土,その他,33.032291,131.164390,2019-09-07,06:10,red,,,,,,,,,,,,
本票,熊本,三戸,0025,死亡,1,0,03250,対象外,0000,433,昼－昼,曇,非市街地,舗装－湿潤,単路－カーブ・屈折,環状交差点以外 環状交差点以外をいう。,施設なし,00,23,00,23,03,5,単路（交差点付近を含む）,規制なし,4,4,車両相互,75歳以上,0～24歳,乗用車－普通車,軽車両－自転車,自家用,対象外当事者,乗用車,対象外当事者,50㎞／ｈ以下,対象外当事者,81,21,小破,小破,その他,対象外当事者,その他,対象外当事者,損傷なし,死亡,火,その他,32.867113,131.000145,2019-09-03,15:25,red,,,,,,,,,,,,
本票,熊本,小樽,0168,死亡,1,0,30000,対象外,0000,213,昼－昼,晴,市街地－その他,舗装－乾燥,単路－その他,環状交差点以外 環状交差点以外をいう。,施設なし,00,23,00,23,01,9,その他,規制なし,5,4,車両単独,75歳以上,不明,軽車両－自転車,相手なし,対象外当事者,対象外当事者,対象外当事者,対象外当事者,対象外当事者,対象外当事者,20,00,小破,対象外当事者,対象外当事者,対象外当事者,対象外当事者,対象外当事者,死亡,対象外当事者,金,その他,32.638984,130.686106,2019-09-20,10:30,red,,,,,,,,,,,,
本票,熊本,北,0572,死亡,1,0,30000,対象外,0000,102,夜－夜,晴,市街地－人口集中,舗装－乾燥,交差点－その他,環状交差点以外 環状交差点以外をいう。,点灯－押ボタン式,09,22,00,23,18,8,交差点内,規制なし,3,2,人対車両,0～24歳,35～44歳,乗用車－普通車,歩行者,自家用,対象外当事者,乗用車,対象外当事者,50㎞／ｈ以下,対象外当事者,81,00,中破,対象外当事者,その他,対象外当事者,その他,対象外当事者,損傷なし,死亡,火,その他,32.807245,130.764490,2019-09-17,00:35,red,,,,,,,,,,,,
本票,熊本,豊平,0318,死亡,1,0,00030,上,0000,105,夜－明,曇,非市街地,舗装－乾燥,単路－その他,環状交差点以外 環状交差点以外をいう。,施設なし,00,23,00,23,03,9,単路（交差点付近を含む）,規制なし,4,2,人対車両,65～74歳,55～64歳,貨物車－軽自動車,歩行者,自家用,対象外当事者,貨物車,対象外当事者,60㎞／ｈ以下,対象外当事者,50,00,中破,対象外当事者,その他,対象外当事者,その他,対象外当事者,損傷なし,死亡,木,その他,32.958448,130.711744,2019-09-12,05:25,red,,,,,,,,,,,,