資料区分,都道府県コード,警察署等コード,本票番号,事故内容,死者数,負傷者数,路線コード,上下線,地点コード,市区町村コード,昼夜,天候,地形,路面状態,道路形状,環状交差点の直径,信号機,一時停止規制　標識（当事者A）,一時停止規制　表示（当事者A）,一時停止規制　標識（当事者B）,一時停止規制　表示（当事者B）,車道幅員,道路線形,衝突地点,ゾーン規制,中央分離帯施設等,歩車道区分,事故類型,年齢（当事者A）,年齢（当事者B）,当事者種別（当事者A）,当事者種別（当事者B）,用途別（当事者A）,用途別（当事者B）,車両形状（当事者A）,車両形状（当事者B）,速度規制（指定のみ）（当事者A）,速度規制（指定のみ）（当事者B）,車両の衝突部位（当事者A）,車両の衝突部位（当事者B）,車両の損壊程度（当事者A）,車両の損壊程度（当事者B）,エアバッグの装備（当事者A）,エアバッグの装備（当事者B）,サイドエアバッグの装備（当事者A）,サイドエアバッグの装備（当事者B）,人身損傷程度（当事者A）,人身損傷程度（当事者B）,曜日(発生年月日),祝日(発生年月日),緯度,経度,発生日,発生時,color,発生地点,道路管理者区分,道路区分,道路構造,曲線半径,縦断勾配,トンネル番号,当事者車両台数,車両単独事故の対象物,臨時速度規制の有無,速度規制（臨時のみ）,トンネル延長距離
本票,宮城,千歳,0268,死亡,1,2,21290,対象外,0000,207,昼－暮,晴,市街地－その他,舗装－乾燥,交差点－その他,環状交差点以外 環状交差点以外をいう。,点灯－押ボタン式,09,22,01,22,15,9,交差点内,規制なし,5,2,車両相互,45～54歳,75歳以上,乗用車－普通車,貨物車－軽自動車,自家用,自家用,乗用車,貨物車,40㎞／ｈ以下,指定の速度規制なし等,10,56,大破,大破,装備あり 作動,その他,その他,その他,負傷,死亡,火,その他,38.177787,140.925140,2019-10-08,16:58,red,,,,,,,,,,,,
本票,宮城,芦別,0098,死亡,1,0,30000,対象外,0000,212,昼－明,晴,非市街地,舗装－乾燥,単路－その他,環状交差点以外 環状交差点以外をいう。,施設なし,00,23,00,23,01,9,その他,規制なし,5,4,車両単独,55～64歳,不明,乗用車－軽自動車,相手なし,自家用,対象外当事者,乗用車,対象外当事者,指定の速度規制なし等,対象外当事者,20,00,小破,対象外当事者,その他,対象外当事者,その他,対象外当事者,死亡,対象外当事者,日,その他,38.666639,141.215456,2019-10-20,06:00,red,,,,,,,,,,,,
本票,秋田,江別,0079,死亡,1,3,00070,下,3546,202,昼－昼,晴,非市街地,舗装－乾燥,交差点付近－その他,環状交差点以外 環状交差点以外をいう。,点灯－３灯式,00,23,00,23,05,3,単路（交差点付近を含む）,規制なし,4,2,車両相互,45～54歳,35～44歳,貨物車－中型車,乗用車－普通車,自家用,自家用,貨物車,乗用車,指定の速度規制なし等,指定の速度規制なし等,41,20,中破,中破,装備あり 作動,その他,その他,その他,死亡,負傷,水,その他,40.217835,140.260237,2019-10-02,11:41,red,,,,,,,,,,,,
本票,秋田,江別,0081,死亡,1,0,95000,対象外,0000,202,夜－暮,曇,非市街地,舗装－乾燥,単路－その他,環状交差点以外 環状交差点以外をいう。,施設なし,00,23,00,23,01,7,その他,規制なし,5,4,車両単独,65～74歳,不明,特殊車－小型－農耕作業用,相手なし,対象外当事者,対象外当事者,対象外当事者,対象外当事者,指定の速度規制なし等,対象外当事者,20,00,中破,対象外当事者,対象外当事者,対象外当事者,対象外当事者,対象外当事者,死亡,対象外当事者,月,その他,40.230538,140.164473,2019-10-07,17:55,red,,,,,,,,,,,,
本票,秋田,江別,0090,死亡,1,0,25990,対象外,0000,348,昼－昼,晴,非市街地,舗装－乾燥,交差点－その他,環状交差点以外 環状交差点以外をいう。,施設なし,09,22,00,23,15,6,交差点内,規制なし,4,3,人対車両,75歳以上,75歳以上,乗用車－軽自動車,歩行者,自家用,対象外当事者,乗用車,対象外当事者,指定の速度規制なし等,対象外当事者,50,00,小破,対象外当事者,その他,対象外当事者,その他,対象外当事者,損傷なし,死亡,木,その他,40.089785,140.082392,2019-10-24,13:00,red,,,,,,,,,,,,
本票,秋田,余市,0129,死亡,1,0,14310,対象外,0000,201,昼－昼,曇,市街地－人口集中,舗装－湿潤,交差点－その他,環状交差点以外 環状交差点以外をいう。,点灯－３灯式,09,22,00,23,18,9,交差点内,規制なし,5,2,人対車両,35～44歳,45～54歳,貨物車－普通車,歩行者,自家用,対象外当事者,貨物車,対象外当事者,50㎞／ｈ以下,対象外当事者,50,00,小破,対象外当事者,その他,対象外当事者,その他,対象外当事者,損傷なし,死亡,金,その他,39.717516,140.142960,2019-10-04,12:30,red,,,,,,,,,,,,
本票,秋田,伊達,0102,死亡,1,0,37000,対象外,0000,212,昼－昼,晴,非市街地,舗装－乾燥,単路－その他,環状交差点以外 環状交差点以外をいう。,施設なし,00,23,00,23,03,9,その他,ゾーン30,5,4,車両単独,65～74歳,不明,軽車両－自転車,相手なし,対象外当事者,対象外当事者,対象外当事者,対象外当事者,対象外当事者,対象外当事者,00,00,小破,対象外当事者,対象外当事者,対象外当事者,対象外当事者,対象外当事者,死亡,対象外当事者,日,前日,39.476323,140.548897,2019-10-13,16:00,red,,,,,,,,,,,,
本票,秋田,室蘭,0020,死亡,1,0,00460,上,0684,215,夜－暮,雨,非市街地,舗装－湿潤,単路－その他,環状交差点以外 環状交差点以外をいう。,施設なし,00,23,00,23,03,9,単路（交差点付近を含む）,規制なし,4,2,人対車両,55～64歳,55～64歳,乗用車－軽自動車,歩行者,自家用,対象外当事者,乗用車,対象外当事者,指定の速度規制なし等,対象外当事者,10,00,中破,対象外当事者,その他,対象外当事者,その他,対象外当事者,損傷なし,死亡,火,その他,39.610036,140.512304,2019-10-08,17:40,red,,,,,,,,,,,,
本票,秋田,静内,0037,死亡,1,2,01080,対象外,0000,207,昼－昼,晴,非市街地,舗装－乾燥,交差点付近－その他,環状交差点以外 環状交差点以外をいう。,施設なし,00,23,00,23,03,3,単路（交差点付近を含む）,規制なし,4,2,車両相互,75歳以上,55～64歳,乗用車－軽自動車,二輪車－自動二輪－小型二輪－751ｃｃ以上,自家用,自家用,乗用車,対象外当事者,指定の速度規制なし等,指定の速度規制なし等,10,10,大破,大破,その他,対象外当事者,その他,対象外当事者,負傷,死亡,水,その他,38.986995,140.482354,2019-10-16,13:01,red,,,,,,,,,,,,
本票,山形,東,0271,死亡,1,0,30000,対象外,0000,202,夜－夜,晴,市街地－その他,舗装－乾燥,単路－その他,環状交差点以外 環状交差点以外をいう。,施設なし,00,23,00,23,03,9,単路（交差点付近を含む）,規制なし,4,2,人対車両,55～64歳,75歳以上,乗用車－普通車,歩行者,事業用,対象外当事者,乗用車,対象外当事者,30㎞／ｈ以下,対象外当事者,10,00,小破,対象外当事者,その他,対象外当事者,その他,対象外当事者,損傷なし,死亡,水,その他,37.912472,140.110778,2019-10-16,00:25,red,,,,,,,,,,,,
本票,山形,岩見沢,0132,死亡,1,0,03990,下,1250,213,昼－暮,曇,市街地－人口集中,舗装－乾燥,交差点－その他,環状交差点以外 環状交差点以外をいう。,点灯－３灯式,09,21,00,23,15,9,交差点内,規制なし,5,2,人対車両,75歳以上,75歳以上,貨物車－準中型車,歩行者,自家用,対象外当事者,貨物車,対象外当事者,40㎞／ｈ以下,対象外当事者,10,00,小破,対象外当事者,その他,対象外当事者,その他,対象外当事者,損傷なし,死亡,木,その他,38.047611,140.158000,2019-10-03,16:43,red,,,,,,,,,,,,
本票,山形,岩見沢,0134,死亡,1,0,30000,対象外,0000,381,夜－夜,晴,非市街地,舗装－乾燥,単路－その他,環状交差点以外 環状交差点以外をいう。,施設なし,00,23,00,23,04,9,単路（交差点付近を含む）,規制なし,4,2,人対車両,25～34歳,55～64歳,乗用車－普通車,歩行者,自家用,対象外当事者,乗用車,対象外当事者,50㎞／ｈ以下,対象外当事者,10,00,小破,対象外当事者,その他,対象外当事者,その他,対象外当事者,損傷なし,死亡,土,その他,37.994750,140.161222,2019-10-05,19:04,red,,,,,,,,,,,,
本票,山形,栗山,0092,死亡,1,3,03480,上,0027,402,昼－明,曇,非市街地,舗装－乾燥,単路－その他,環状交差点以外 環状交差点以外をいう。,施設なし,00,23,00,23,03,8,単路（交差点付近を含む）,規制なし,4,2,車両相互,25～34歳,55～64歳,乗用車－普通車,乗用車－軽自動車,自家用,自家用,乗用車,乗用車,50㎞／ｈ以下,50㎞／ｈ以下,50,55,中破,大破,装備あり 作動,装備あり 作動,装備あり 作動,その他,負傷,負傷,水,その他,38.188667,140.129833,2019-10-23,06:17,red,,,,,,,,,,,,
本票,福島,中央,0340,死亡,1,0,30000,対象外,0000,201,夜－明,雨,市街地－その他,舗装－湿潤,単路－その他,環状交差点以外 環状交差点以外をいう。,施設なし,00,23,00,23,03,9,単路（交差点付近を含む）,規制なし,4,2,人対車両,25～34歳,75歳以上,乗用車－軽自動車,歩行者,自家用,対象外当事者,乗用車,対象外当事者,指定の速度規制なし等,対象外当事者,10,00,小破,対象外当事者,その他,対象外当事者,その他,対象外当事者,損傷なし,死亡,火,その他,37.784598,140.426770,2019-10-08,05:01,red,,,,,,,,,,,,
本票,福島,赤歌,0188,死亡,1,0,30000,対象外,0000,202,夜－夜,曇,非市街地,舗装－乾燥,単路－カーブ・屈折,環状交差点以外 環状交差点以外をいう。,施設なし,00,23,00,23,01,6,単路（交差点付近を含む）,規制なし,5,4,車両単独,65～74歳,不明,乗用車－普通車,相手なし,自家用,対象外当事者,乗用車,対象外当事者,指定の速度規制なし等,対象外当事者,10,00,大破,対象外当事者,その他,対象外当事者,その他,対象外当事者,死亡,対象外当事者,月,その他,37.539022,139.925016,2019-10-28,03:52,red,,,,,,,,,,,,
本票,福島,伊達,0529,死亡,1,0,20000,対象外,0000,204,夜－暮,晴,市街地－その他,舗装－乾燥,交差点－その他,環状交差点以外 環状交差点以外をいう。,施設なし,09,22,09,22,15,9,交差点内,規制なし,4,3,車両相互,65～74歳,35～44歳,貨物車－準中型車,特殊車－大型－その他,自家用,対象外当事者,貨物車,対象外当事者,50㎞／ｈ以下,指定の速度規制なし等,10,10,大破,小破,装備あり 作動,対象外当事者,その他,対象外当事者,死亡,損傷なし,木,その他,37.159039,140.975541,2019-10-31,17:02,red,,,,,,,,,,,,
本票,東京,仙台中央,0100,死亡,1,0,10050,対象外,0000,101,夜－夜,晴,市街地－人口集中,舗装－乾燥,単路－その他,環状交差点以外 環状交差点以外をいう。,施設なし,00,23,00,23,04,7,単路（交差点付近を含む）,規制なし,3,1,人対車両,25～34歳,75歳以上,乗用車－普通車,歩行者,自家用,対象外当事者,乗用車,対象外当事者,60㎞／ｈ以下,対象外当事者,10,00,小破,対象外当事者,その他,対象外当事者,その他,対象外当事者,損傷なし,死亡,日,その他,35.691265,139.736740,2019-10-20,20:42,red,,,,,,,,,,,,
本票,東京,つがる,0148,死亡,1,0,85010,対象外,0000,103,夜－夜,晴,市街地－人口集中,舗装－乾燥,単路－カーブ・屈折,環状交差点以外 環状交差点以外をいう。,施設なし,00,23,00,23,04,5,単路（交差点付近を含む）,規制なし,1,4,車両単独,0～24歳,不明,二輪車－自動二輪－軽二輪－126～250cc,物件等,自家用,対象外当事者,対象外当事者,対象外当事者,40㎞／ｈ以下,対象外当事者,20,00,中破,対象外当事者,対象外当事者,対象外当事者,対象外当事者,対象外当事者,死亡,対象外当事者,土,その他,35.638111,139.755189,2019-10-19,23:45,red,,,,,,,,,,,,
本票,東京,池上,0207,死亡,1,0,30000,対象外,0000,111,昼－昼,曇,市街地－人口集中,舗装－乾燥,交差点－その他,環状交差点以外 環状交差点以外をいう。,施設なし,09,22,01,22,15,9,交差点内,規制なし,5,3,車両相互,45～54歳,45～54歳,貨物車－軽自動車,軽車両－自転車,事業用,対象外当事者,貨物車,対象外当事者,30㎞／ｈ以下,対象外当事者,10,10,中破,中破,その他,対象外当事者,その他,対象外当事者,損傷なし,死亡,金,その他,35.583385,139.687884,2019-10-18,10:20,red,,,,,,,,,,,,
本票,東京,成城,0435,死亡,1,0,30000,対象外,0000,112,昼－昼,晴,市街地－人口集中,舗装－乾燥,交差点－その他,環状交差点以外 環状交差点以外をいう。,施設なし,09,22,00,23,14,9,交差点内,規制なし,5,2,人対車両,65～74歳,75歳以上,乗用車－普通車,歩行者,自家用,対象外当事者,乗用車,対象外当事者,30㎞／ｈ以下,対象外当事者,10,00,小破,対象外当事者,その他,対象外当事者,その他,対象外当事者,損傷なし,死亡,木,その他,35.666774,139.608200,2019-10-10,11:03,red,,,,,,,,,,,,
本票,東京,石神井,0307,死亡,1,1,10240,対象外,0000,120,夜－夜,曇,市街地－人口集中,舗装－乾燥,交差点－その他,環状交差点以外 環状交差点以外をいう。,点灯－押ボタン式,09,22,09,22,18,9,交差点内,規制なし,5,1,車両相互,55～64歳,0～24歳,乗用車－軽自動車,二輪車－自動二輪－小型二輪－751ｃｃ以上,自家用,自家用,乗用車,対象外当事者,60㎞／ｈ以下,60㎞／ｈ以下,10,10,大破,大破,装備あり 作動,対象外当事者,その他,対象外当事者,負傷,死亡,日,その他,35.720423,139.590790,2019-10-27,22:22,red,,,,,,,,,,,,
本票,東京,高島平,0176,死亡,1,1,20480,対象外,0000,119,昼－昼,雨,市街地－人口集中,舗装－湿潤,交差点－その他,環状交差点以外 環状交差点以外をいう。,点灯－３灯式,09,22,00,23,18,9,交差点内,規制なし,5,1,人対車両,65～74歳,25～34歳,貨物車－準中型車,歩行者,事業用,対象外当事者,貨物車,対象外当事者,指定の速度規制なし等,対象外当事者,10,00,中破,対象外当事者,その他,対象外当事者,その他,対象外当事者,損傷なし,死亡,日,その他,35.786604,139.670287,2019-10-06,09:30,red,,,,,,,,,,,,
本票,東京,浅草,0117,死亡,1,0,10360,対象外,0000,106,夜－暮,晴,市街地－人口集中,舗装－乾燥,交差点－その他,環状交差点以外 環状交差点以外をいう。,点灯－３灯式,09,22,00,23,15,9,交差点内,規制なし,4,2,人対車両,55～64歳,75歳以上,乗用車－普通車,歩行者,自家用,対象外当事者,乗用車,対象外当事者,40㎞／ｈ以下,対象外当事者,50,00,小破,対象外当事者,その他,対象外当事者,その他,対象外当事者,損傷なし,死亡,木,その他,35.725744,139.807884,2019-10-03,17:26,red,,,,,,,,,,,,
本票,東京,西新井,0382,死亡,1,0,10710,対象外,0000,121,昼－昼,晴,市街地－人口集中,舗装－乾燥,交差点－その他,環状交差点以外 環状交差点以外をいう。,点灯－３灯式,09,22,09,22,18,9,交差点内,規制なし,5,1,車両相互,75歳以上,75歳以上,貨物車－普通車,軽車両－自転車,自家用,対象外当事者,貨物車,対象外当事者,指定の速度規制なし等,対象外当事者,10,20,小破,小破,その他,対象外当事者,その他,対象外当事者,損傷なし,死亡,日,その他,35.773269,139.770253,2019-10-27,14:11,red,,,,,,,,,,,,
本票,東京,本所,0168,死亡,1,0,20670,対象外,0000,107,夜－夜,曇,市街地－人口集中,舗装－乾燥,単路－カーブ・屈折,環状交差点以外 環状交差点以外をいう。,施設なし,00,23,00,23,05,3,単路（交差点付近を含む）,規制なし,4,2,車両単独,35～44歳,不明,二輪車－自動二輪－軽二輪－126～250cc,物件等,自家用,対象外当事者,対象外当事者,対象外当事者,40㎞／ｈ以下,対象外当事者,11,00,小破,対象外当事者,対象外当事者,対象外当事者,対象外当事者,対象外当事者,死亡,対象外当事者,金,その他,35.718379,139.808977,2019-10-18,19:38,red,,,,,,,,,,,,
本票,東京,五日市,0122,死亡,1,0,80000,対象外,0000,305,夜－夜,晴,非市街地,舗装－湿潤,単路－その他,環状交差点以外 環状交差点以外をいう。,施設なし,00,23,00,23,03,9,単路（交差点付近を含む）,規制なし,5,4,車両単独,65～74歳,不明,乗用車－軽自動車,相手なし,自家用,対象外当事者,乗用車,対象外当事者,指定の速度規制なし等,対象外当事者,10,00,大破,対象外当事者,その他,対象外当事者,その他,対象外当事者,死亡,対象外当事者,日,その他,35.771189,139.213753,2019-08-18,20:00,red,,,,,,,,,,,,
本票,東京,町田,0556,死亡,1,0,10490,対象外,0000,209,夜－夜,曇,市街地－人口集中,舗装－湿潤,単路－その他,環状交差点以外 環状交差点以外をいう。,点灯－３灯式,00,23,00,23,03,9,単路（交差点付近を含む）,規制なし,5,2,人対車両,45～54歳,75歳以上,乗用車－普通車,歩行者,自家用,対象外当事者,乗用車,対象外当事者,40㎞／ｈ以下,対象外当事者,10,00,小破,対象外当事者,その他,対象外当事者,その他,対象外当事者,損傷なし,死亡,金,その他,35.557705,139.434613,2019-10-25,21:11,red,,,,,,,,,,,,
本票,東京,東村山,0234,死亡,1,0,10000,対象外,0000,221,昼－明,曇,市街地－人口集中,舗装－乾燥,単路－その他,環状交差点以外 環状交差点以外をいう。,施設なし,00,23,00,23,04,9,単路（交差点付近を含む）,規制なし,5,2,人対車両,45～54歳,75歳以上,貨物車－準中型車,歩行者,事業用,対象外当事者,貨物車,対象外当事者,50㎞／ｈ以下,対象外当事者,10,00,小破,対象外当事者,その他,対象外当事者,その他,対象外当事者,損傷なし,死亡,木,その他,35.782062,139.534138,2019-10-10,05:45,red,,,,,,,,,,,,
本票,東京,東村山,0235,死亡,1,1,10250,対象外,0000,213,夜－夜,晴,市街地－人口集中,舗装－乾燥,単路－カーブ・屈折,環状交差点以外 環状交差点以外をいう。,施設なし,00,23,00,23,05,3,単路（交差点付近を含む）,規制なし,4,1,車両相互,25～34歳,35～44歳,乗用車－普通車,軽車両－自転車,自家用,対象外当事者,乗用車,対象外当事者,50㎞／ｈ以下,対象外当事者,10,20,大破,大破,装備あり 作動,対象外当事者,その他,対象外当事者,負傷,死亡,土,その他,35.752561,139.463604,2019-10-26,00:42,red,,,,,,,,,,,,
本票,東京,三鷹,0270,死亡,1,0,30000,対象外,0000,204,昼－昼,雨,市街地－人口集中,舗装－湿潤,単路－カーブ・屈折,環状交差点以外 環状交差点以外をいう。,施設なし,00,23,00,23,02,3,単路（交差点付近を含む）,規制なし,5,2,車両相互,35～44歳,25～34歳,貨物車－普通車,二輪車－原付自転車,自家用,自家用,貨物車,対象外当事者,30㎞／ｈ以下,30㎞／ｈ以下,10,10,中破,大破,その他,対象外当事者,その他,対象外当事者,損傷なし,死亡,日,その他,35.672619,139.572189,2019-10-06,09:25,red,,,,,,,,,,,,
本票,茨城,高速道路交通警察隊,0058,死亡,1,0,42120,下,0000,202,昼－昼,晴,非市街地,舗装－乾燥,単路－橋,環状交差点以外 環状交差点以外をいう。,施設なし,00,23,00,23,04,6,単路（交差点付近を含む）,規制なし,1,4,車両相互,35～44歳,65～74歳,貨物車－大型車,貨物車－準中型車,事業用,事業用,貨物車,貨物車,指定の速度規制なし等,80㎞／ｈ以下,30,10,小破,大破,その他,装備あり 作動,その他,その他,損傷なし,死亡,木,その他,36.510462,140.577421,2019-10-31,09:38,red,1055,東日本高速道路,走行車線－第一通行帯,完全分離－高架・橋梁,カーブ－500m以上,平坦・該当なし,,2,該当なし,あり－渋滞,50㎞/h以下,0
本票,茨城,つがる,0377,死亡,1,0,99000,対象外,0000,202,夜－夜,曇,非市街地,舗装－乾燥,一般交通の場所,環状交差点以外 環状交差点以外をいう。,施設なし,00,23,00,23,00,0,その他,規制なし,0,4,車両単独,45～54歳,不明,貨物車－軽自動車,相手なし,自家用,対象外当事者,貨物車,対象外当事者,指定の速度規制なし等,対象外当事者,14,00,小破,対象外当事者,その他,対象外当事者,その他,対象外当事者,死亡,対象外当事者,火,その他,36.485761,140.612446,2019-09-17,23:45,red,,,,,,,,,,,,
本票,茨城,芦別,0489,死亡,1,0,03540,対象外,0000,203,昼－昼,晴,非市街地,舗装－乾燥,交差点－その他,環状交差点以外 環状交差点以外をいう。,施設なし,01,21,09,22,14,9,交差点内,規制なし,4,2,車両相互,25～34歳,45～54歳,乗用車－普通車,二輪車－自動二輪－小型二輪－751ｃｃ以上,自家用,自家用,乗用車,対象外当事者,指定の速度規制なし等,指定の速度規制なし等,51,12,大破,中破,その他,対象外当事者,その他,対象外当事者,損傷なし,死亡,土,その他,36.096315,140.223184,2019-10-26,11:35,red,,,,,,,,,,,,
本票,茨城,小樽,0241,死亡,1,0,21440,対象外,0000,236,昼－暮,晴,非市街地,舗装－乾燥,交差点－その他,環状交差点以外 環状交差点以外をいう。,施設なし,09,22,00,23,14,9,交差点内,規制なし,4,3,人対車両,55～64歳,75歳以上,乗用車－軽自動車,歩行者,自家用,対象外当事者,乗用車,対象外当事者,40㎞／ｈ以下,対象外当事者,10,00,小破,対象外当事者,その他,対象外当事者,その他,対象外当事者,損傷なし,死亡,木,その他,36.160041,140.320244,2019-10-17,16:50,red,,,,,,,,,,,,
本票,茨城,岩内,0155,死亡,1,0,02940,対象外,0000,227,夜－夜,雨,非市街地,舗装－湿潤,単路－その他,環状交差点以外 環状交差点以外をいう。,施設なし,00,23,00,23,05,9,単路（交差点付近を含む）,規制なし,1,2,車両相互,55～64歳,35～44歳,貨物車－大型車,二輪車－原付自転車,事業用,自家用,貨物車,対象外当事者,指定の速度規制なし等,指定の速度規制なし等,10,10,小破,大破,その他,対象外当事者,その他,対象外当事者,損傷なし,死亡,金,その他,36.315151,139.967895,2019-10-11,22:20,red,,,,,,,,,,,,
本票,茨城,浦河,0153,死亡,1,0,30000,対象外,0000,228,昼－昼,晴,非市街地,舗装－乾燥,単路－その他,環状交差点以外 環状交差点以外をいう。,施設なし,00,23,00,23,01,9,その他,規制なし,5,4,車両単独,65～74歳,不明,軽車両－自転車,相手なし,対象外当事者,対象外当事者,対象外当事者,対象外当事者,対象外当事者,対象外当事者,10,00,小破,対象外当事者,対象外当事者,対象外当事者,対象外当事者,対象外当事者,死亡,対象外当事者,土,その他,36.097416,139.843080,2019-10-26,12:50,red,,,,,,,,,,,,
本票,茨城,南,0280,死亡,1,2,30000,対象外,0000,224,夜－明,曇,市街地－その他,舗装－乾燥,交差点－その他,環状交差点以外 環状交差点以外をいう。,施設なし,01,21,09,22,14,9,交差点内,規制なし,4,2,車両相互,35～44歳,0～24歳,乗用車－普通車,乗用車－普通車,自家用,自家用,乗用車,乗用車,指定の速度規制なし等,40㎞／ｈ以下,26,11,中破,中破,装備あり 作動,装備あり 作動,装備あり 作動,その他,負傷,負傷,木,その他,35.939751,140.010889,2019-10-17,05:15,red,,,,,,,,,,,,
本票,茨城,南,0286,死亡,1,0,02940,対象外,0000,217,夜－暮,曇,市街地－その他,舗装－乾燥,交差点－その他,環状交差点以外 環状交差点以外をいう。,施設なし,09,22,00,23,17,8,交差点内,規制なし,4,2,人対車両,75歳以上,75歳以上,乗用車－軽自動車,歩行者,自家用,対象外当事者,乗用車,対象外当事者,40㎞／ｈ以下,対象外当事者,84,00,小破,対象外当事者,その他,対象外当事者,その他,対象外当事者,損傷なし,死亡,月,前日,35.910905,140.049221,2019-10-21,17:14,red,,,,,,,,,,,,
本票,茨城,豊平,0424,死亡,1,0,23580,対象外,0000,341,夜－夜,雨,市街地－その他,舗装－湿潤,交差点－その他,環状交差点以外 環状交差点以外をいう。,施設なし,09,22,00,23,14,9,交差点内,規制なし,4,2,人対車両,65～74歳,75歳以上,貨物車－軽自動車,歩行者,事業用,対象外当事者,貨物車,対象外当事者,50㎞／ｈ以下,対象外当事者,10,00,小破,対象外当事者,その他,対象外当事者,その他,対象外当事者,損傷なし,死亡,月,当日,36.472449,140.570561,2019-10-14,19:10,red,,,,,,,,,,,,
本票,栃木,高速道路交通警察隊,0045,死亡,1,0,41020,下,1047,201,夜－夜,曇,非市街地,舗装－乾燥,単路－その他,環状交差点以外 環状交差点以外をいう。,施設なし,00,23,00,23,03,9,単路（交差点付近を含む）,規制なし,1,4,車両相互,25～34歳,45～54歳,乗用車－普通車,乗用車－普通車,自家用,自家用,乗用車,乗用車,指定の速度規制なし等,指定の速度規制なし等,10,40,大破,大破,装備あり 作動,その他,装備あり 作動,その他,損傷なし,死亡,土,その他,36.642003,139.853149,2019-09-28,19:31,red,1047,東日本高速道路,追越車線,完全分離－盛土,直線,平坦・該当なし,,2,該当なし,該当なし,該当なし,0
本票,栃木,白石,0286,死亡,1,0,03520,対象外,0000,361,夜－夜,曇,非市街地,舗装－乾燥,単路－その他,環状交差点以外 環状交差点以外をいう。,施設なし,00,23,00,23,03,9,単路（交差点付近を含む）,規制なし,4,2,車両単独,55～64歳,不明,乗用車－普通車,物件等,自家用,対象外当事者,乗用車,対象外当事者,50㎞／ｈ以下,対象外当事者,10,00,大破,対象外当事者,装備あり 作動,対象外当事者,その他,対象外当事者,死亡,対象外当事者,日,その他,36.458116,139.772075,2019-09-29,03:20,red,,,,,,,,,,,,
本票,栃木,東,0242,死亡,1,0,20000,対象外,0000,204,昼－明,晴,非市街地,舗装－乾燥,交差点－その他,環状交差点以外 環状交差点以外をいう。,点灯－３灯式,09,22,00,23,15,9,交差点内,規制なし,5,2,人対車両,65～74歳,75歳以上,貨物車－大型車,歩行者,自家用,対象外当事者,貨物車,対象外当事者,50㎞／ｈ以下,対象外当事者,10,00,小破,対象外当事者,その他,対象外当事者,その他,対象外当事者,損傷なし,死亡,水,その他,36.363387,139.545825,2019-10-09,06:12,red,,,,,,,,,,,,
本票,栃木,東,0262,死亡,1,0,10750,対象外,0000,204,夜－夜,晴,市街地－その他,舗装－乾燥,単路－その他,環状交差点以外 環状交差点以外をいう。,施設なし,00,23,00,23,03,7,単路（交差点付近を含む）,規制なし,4,2,人対車両,0～24歳,75歳以上,乗用車－普通車,歩行者,自家用,対象外当事者,乗用車,対象外当事者,50㎞／ｈ以下,対象外当事者,15,00,小破,対象外当事者,その他,対象外当事者,その他,対象外当事者,損傷なし,死亡,木,その他,36.319864,139.604839,2019-10-31,18:15,red,,,,,,,,,,,,
本票,栃木,江別,0133,死亡,1,0,10580,対象外,0000,205,夜－明,曇,非市街地,舗装－湿潤,単路－その他,環状交差点以外 環状交差点以外をいう。,施設なし,00,23,00,23,02,9,単路（交差点付近を含む）,規制なし,4,2,車両単独,45～54歳,不明,貨物車－準中型車,相手なし,自家用,対象外当事者,貨物車,対象外当事者,60㎞／ｈ以下,対象外当事者,10,00,中破,対象外当事者,その他,対象外当事者,その他,対象外当事者,損傷なし,対象外当事者,日,前日,36.639296,139.606026,2019-10-13,05:01,red,,,,,,,,,,,,
本票,栃木,岩見沢,0324,死亡,1,0,10310,対象外,0000,208,昼－暮,晴,非市街地,舗装－乾燥,単路－その他,環状交差点以外 環状交差点以外をいう。,施設なし,00,23,00,23,03,9,単路（交差点付近を含む）,規制なし,4,2,車両相互,45～54歳,45～54歳,乗用車－普通車,乗用車－普通車,自家用,自家用,乗用車,乗用車,50㎞／ｈ以下,50㎞／ｈ以下,80,80,中破,中破,その他,その他,その他,その他,損傷なし,損傷なし,日,前日,36.339253,139.777813,2019-10-13,16:48,red,,,,,,,,,,,,
本票,栃木,美唄,0218,死亡,1,1,30000,対象外,0000,213,昼－昼,晴,非市街地,舗装－乾燥,単路－カーブ・屈折,環状交差点以外 環状交差点以外をいう。,施設なし,00,23,00,23,02,6,単路（交差点付近を含む）,規制なし,5,4,車両単独,45～54歳,不明,乗用車－軽自動車,物件等,自家用,対象外当事者,乗用車,対象外当事者,40㎞／ｈ以下,対象外当事者,58,00,中破,対象外当事者,その他,対象外当事者,その他,対象外当事者,負傷,対象外当事者,火,その他,36.859079,139.963983,2019-10-15,08:10,red,,,,,,,,,,,,
本票,栃木,三戸,0129,死亡,1,0,10100,対象外,0000,386,夜－暮,晴,非市街地,舗装－乾燥,交差点－その他,環状交差点以外 環状交差点以外をいう。,点灯－３灯式,09,22,00,23,19,9,交差点内,規制なし,5,2,人対車両,55～64歳,0～24歳,乗用車－普通車,歩行者,自家用,対象外当事者,乗用車,対象外当事者,指定の速度規制なし等,対象外当事者,10,00,中破,対象外当事者,その他,対象外当事者,その他,対象外当事者,損傷なし,死亡,水,その他,36.612624,139.982301,2019-10-23,17:47,red,,,,,,,,,,,,