資料区分,都道府県コード,警察署等コード,本票番号,事故内容,死者数,負傷者数,路線コード,上下線,地点コード,市区町村コード,昼夜,天候,地形,路面状態,道路形状,環状交差点の直径,信号機,一時停止規制　標識（当事者A）,一時停止規制　表示（当事者A）,一時停止規制　標識（当事者B）,一時停止規制　表示（当事者B）,車道幅員,道路線形,衝突地点,ゾーン規制,中央分離帯施設等,歩車道区分,事故類型,年齢（当事者A）,年齢（当事者B）,当事者種別（当事者A）,当事者種別（当事者B）,用途別（当事者A）,用途別（当事者B）,車両形状（当事者A）,車両形状（当事者B）,速度規制（指定のみ）（当事者A）,速度規制（指定のみ）（当事者B）,車両の衝突部位（当事者A）,車両の衝突部位（当事者B）,車両の損壊程度（当事者A）,車両の損壊程度（当事者B）,エアバッグの装備（当事者A）,エアバッグの装備（当事者B）,サイドエアバッグの装備（当事者A）,サイドエアバッグの装備（当事者B）,人身損傷程度（当事者A）,人身損傷程度（当事者B）,曜日(発生年月日),祝日(発生年月日),緯度,経度,発生日,発生時,color,発生地点,道路管理者区分,道路区分,道路構造,曲線半径,縦断勾配,トンネル番号,当事者車両台数,車両単独事故の対象物,臨時速度規制の有無,速度規制（臨時のみ）,トンネル延長距離
本票,栃木,室蘭,0501,死亡,1,1,30000,対象外,0000,201,昼－昼,晴,市街地－その他,舗装－乾燥,単路－その他,環状交差点以外 環状交差点以外をいう。,施設なし,00,23,00,23,03,9,単路（交差点付近を含む）,規制なし,5,4,車両相互,35～44歳,55～64歳,貨物車－普通車,乗用車－軽自動車,自家用,自家用,貨物車,乗用車,60㎞／ｈ以下,60㎞／ｈ以下,10,10,大破,大破,装備あり 作動,装備あり 作動,その他,その他,負傷,死亡,水,その他,36.588227,139.945040,2019-10-30,14:33,red,,,,,,,,,,,,
本票,群馬,高速道路交通警察隊,0078,死亡,1,1,42520,下,0040,201,夜－夜,曇,市街地－その他,舗装－乾燥,単路－橋,環状交差点以外 環状交差点以外をいう。,施設なし,00,23,00,23,05,9,単路（交差点付近を含む）,規制なし,1,4,車両単独,0～24歳,不明,乗用車－軽自動車,物件等,自家用,対象外当事者,乗用車,対象外当事者,指定の速度規制なし等,対象外当事者,10,00,大破,対象外当事者,装備あり 作動,対象外当事者,その他,対象外当事者,死亡,対象外当事者,土,その他,36.334247,139.103453,2019-10-26,02:55,red,40,東日本高速道路,走行車線－第一通行帯,完全分離－高架・橋梁,該当なし,平坦・該当なし,,2,その他,該当なし,該当なし,0
本票,群馬,西,2683,死亡,1,1,37000,対象外,0000,202,昼－暮,晴,非市街地,舗装－乾燥,交差点－その他,環状交差点以外 環状交差点以外をいう。,施設なし,01,21,09,22,11,9,交差点内,規制なし,5,3,車両相互,65～74歳,25～34歳,乗用車－軽自動車,乗用車－軽自動車,自家用,自家用,乗用車,乗用車,指定の速度規制なし等,指定の速度規制なし等,20,10,小破,中破,その他,その他,その他,その他,死亡,負傷,火,その他,36.314257,139.052111,2019-10-01,17:10,red,,,,,,,,,,,,
本票,群馬,江別,0176,死亡,1,0,37000,対象外,0000,210,昼－昼,雨,非市街地,舗装－湿潤,単路－その他,環状交差点以外 環状交差点以外をいう。,施設なし,00,23,00,23,01,9,その他,規制なし,5,4,車両単独,55～64歳,不明,軽車両－駆動補助機付自転車,相手なし,対象外当事者,対象外当事者,対象外当事者,対象外当事者,対象外当事者,対象外当事者,10,00,小破,対象外当事者,対象外当事者,対象外当事者,対象外当事者,対象外当事者,死亡,対象外当事者,金,その他,36.244196,138.847916,2019-10-11,15:50,red,,,,,,,,,,,,
本票,群馬,美唄,1242,死亡,1,0,10700,対象外,0000,205,夜－明,雨,市街地－その他,舗装－湿潤,交差点－その他,環状交差点以外 環状交差点以外をいう。,点灯－３灯式,09,22,00,23,15,9,交差点内,規制なし,5,2,人対車両,55～64歳,65～74歳,乗用車－軽自動車,歩行者,自家用,対象外当事者,乗用車,対象外当事者,40㎞／ｈ以下,対象外当事者,10,00,小破,対象外当事者,その他,対象外当事者,その他,対象外当事者,損傷なし,死亡,火,その他,36.296341,139.362479,2019-10-08,05:33,red,,,,,,,,,,,,
本票,群馬,三戸,0316,死亡,1,3,99000,対象外,0000,207,昼－昼,晴,市街地－人口集中,舗装－乾燥,一般交通の場所,環状交差点以外 環状交差点以外をいう。,施設なし,00,23,00,23,00,0,その他,規制なし,0,4,人対車両,75歳以上,65～74歳,貨物車－軽自動車,歩行者,自家用,対象外当事者,貨物車,対象外当事者,指定の速度規制なし等,対象外当事者,10,00,中破,対象外当事者,その他,対象外当事者,その他,対象外当事者,負傷,死亡,日,その他,36.227136,139.572734,2019-10-20,09:28,red,,,,,,,,,,,,
本票,群馬,岩内,1049,死亡,1,0,37020,対象外,0000,201,昼－暮,晴,市街地－人口集中,舗装－乾燥,交差点－その他,環状交差点以外 環状交差点以外をいう。,施設なし,09,22,01,21,17,9,交差点内,規制なし,4,2,車両相互,65～74歳,75歳以上,乗用車－軽自動車,軽車両－自転車,自家用,対象外当事者,乗用車,対象外当事者,50㎞／ｈ以下,対象外当事者,50,40,中破,中破,その他,対象外当事者,その他,対象外当事者,損傷なし,死亡,月,当日,36.390378,139.086849,2019-10-14,16:18,red,,,,,,,,,,,,
本票,埼玉,高速道路交通警察隊,0308,死亡,1,0,50340,下,0000,232,昼－昼,晴,非市街地,舗装－乾燥,単路－その他,環状交差点以外 環状交差点以外をいう。,施設なし,00,23,00,23,05,9,単路（交差点付近を含む）,規制なし,1,4,車両相互,45～54歳,55～64歳,貨物車－準中型車,二輪車－自動二輪－小型二輪－251～400cc,事業用,自家用,貨物車,対象外当事者,指定の速度規制なし等,指定の速度規制なし等,30,10,小破,中破,その他,対象外当事者,その他,対象外当事者,損傷なし,死亡,土,その他,36.050430,139.645470,2019-10-05,12:41,red,1044,東日本高速道路,走行車線－第一通行帯,完全分離－盛土,直線,平坦－１％未満,,2,該当なし,該当なし,該当なし,0
本票,埼玉,高速道路交通警察隊,0338,死亡,1,0,50190,上,0000,105,昼－昼,曇,非市街地,舗装－乾燥,単路－トンネル,環状交差点以外 環状交差点以外をいう。,施設なし,00,23,00,23,05,3,単路（交差点付近を含む）,規制なし,1,4,車両単独,45～54歳,不明,二輪車－自動二輪－小型二輪－751ｃｃ以上,物件等,自家用,対象外当事者,対象外当事者,対象外当事者,60㎞／ｈ以下,対象外当事者,14,00,大破,対象外当事者,対象外当事者,対象外当事者,対象外当事者,対象外当事者,死亡,対象外当事者,日,その他,35.894247,139.629720,2019-10-27,14:16,red,24,首都高速道路,走行車線－第一通行帯,完全分離－トンネル,カーブ－400m以上,平坦－１％未満,豊郷,2,防護柵－コンクリート,該当なし,該当なし,2900
本票,埼玉,東,0474,死亡,1,0,21130,対象外,0000,228,昼－暮,晴,市街地－その他,舗装－乾燥,交差点付近－その他,環状交差点以外 環状交差点以外をいう。,施設なし,00,23,00,23,03,9,単路（交差点付近を含む）,規制なし,4,2,車両相互,35～44歳,65～74歳,乗用車－軽自動車,軽車両－駆動補助機付自転車,自家用,対象外当事者,乗用車,対象外当事者,指定の速度規制なし等,対象外当事者,50,20,小破,小破,その他,対象外当事者,その他,対象外当事者,損傷なし,死亡,水,その他,35.820398,139.564231,2019-10-02,16:58,red,,,,,,,,,,,,
本票,埼玉,栗山,0919,死亡,1,0,10060,対象外,0000,201,夜－夜,晴,市街地－その他,舗装－乾燥,単路－その他,環状交差点以外 環状交差点以外をいう。,施設なし,00,23,00,23,03,9,単路（交差点付近を含む）,規制なし,4,1,人対車両,45～54歳,75歳以上,貨物車－軽自動車,歩行者,自家用,対象外当事者,貨物車,対象外当事者,40㎞／ｈ以下,対象外当事者,80,00,小破,対象外当事者,その他,対象外当事者,その他,対象外当事者,損傷なし,死亡,火,その他,35.868906,139.472375,2019-10-08,18:25,red,,,,,,,,,,,,
本票,埼玉,野辺地,0601,死亡,1,0,39990,対象外,0000,225,夜－夜,晴,市街地－その他,舗装－乾燥,単路－その他,環状交差点以外 環状交差点以外をいう。,施設なし,00,23,00,23,04,9,単路（交差点付近を含む）,規制なし,4,2,車両単独,25～34歳,不明,乗用車－軽自動車,物件等,自家用,対象外当事者,乗用車,対象外当事者,30㎞／ｈ以下,対象外当事者,10,00,大破,対象外当事者,装備あり 作動,対象外当事者,装備あり 作動,対象外当事者,死亡,対象外当事者,土,その他,35.810606,139.361411,2019-10-26,20:20,red,,,,,,,,,,,,
本票,埼玉,美唄,0533,死亡,1,0,39990,対象外,0000,241,昼－昼,晴,非市街地,舗装－乾燥,単路－カーブ・屈折,環状交差点以外 環状交差点以外をいう。,施設なし,00,23,00,23,03,3,単路（交差点付近を含む）,規制なし,4,2,車両単独,25～34歳,不明,二輪車－自動二輪－小型二輪－251～400cc,物件等,自家用,対象外当事者,対象外当事者,対象外当事者,40㎞／ｈ以下,対象外当事者,14,00,中破,対象外当事者,対象外当事者,対象外当事者,対象外当事者,対象外当事者,死亡,対象外当事者,火,その他,35.923486,139.399103,2019-10-08,15:58,red,,,,,,,,,,,,
本票,埼玉,美唄,0542,死亡,1,1,39990,対象外,0000,239,夜－夜,雨,市街地－その他,舗装－湿潤,交差点付近－その他,環状交差点以外 環状交差点以外をいう。,施設なし,00,23,00,23,03,9,単路（交差点付近を含む）,規制なし,4,3,車両相互,35～44歳,45～54歳,貨物車－大型車,乗用車－軽自動車,事業用,自家用,貨物車,乗用車,40㎞／ｈ以下,40㎞／ｈ以下,10,10,小破,中破,その他,その他,その他,その他,負傷,死亡,金,その他,35.945783,139.372994,2019-10-11,01:55,red,,,,,,,,,,,,
本票,埼玉,倶知安,0552,死亡,1,0,39990,対象外,0000,202,昼－昼,晴,市街地－その他,舗装－乾燥,単路－その他,環状交差点以外 環状交差点以外をいう。,施設なし,00,23,00,23,02,9,単路（交差点付近を含む）,規制なし,5,3,人対車両,45～54歳,75歳以上,乗用車－普通車,歩行者,自家用,対象外当事者,乗用車,対象外当事者,指定の速度規制なし等,対象外当事者,55,00,小破,対象外当事者,その他,対象外当事者,その他,対象外当事者,損傷なし,死亡,月,その他,36.153767,139.393780,2019-10-07,07:57,red,,,,,,,,,,,,
本票,埼玉,伊達,0133,死亡,1,0,01400,対象外,0000,218,夜－夜,晴,非市街地,舗装－乾燥,交差点－その他,環状交差点以外 環状交差点以外をいう。,点灯－３灯式,09,22,00,23,15,9,交差点内,規制なし,4,2,人対車両,45～54歳,65～74歳,乗用車－普通車,歩行者,自家用,対象外当事者,乗用車,対象外当事者,40㎞／ｈ以下,対象外当事者,10,00,小破,対象外当事者,その他,対象外当事者,その他,対象外当事者,損傷なし,死亡,水,その他,36.135077,139.265387,2019-10-02,18:42,red,,,,,,,,,,,,
本票,埼玉,南,0684,死亡,1,1,39990,対象外,0000,222,夜－夜,晴,市街地－その他,舗装－乾燥,交差点－その他,環状交差点以外 環状交差点以外をいう。,施設なし,09,22,01,22,14,9,交差点内,規制なし,5,2,車両相互,45～54歳,0～24歳,貨物車－普通車,二輪車－自動二輪－原付二種－51～125cc,自家用,自家用,貨物車,対象外当事者,40㎞／ｈ以下,30㎞／ｈ以下,10,42,中破,中破,その他,対象外当事者,その他,対象外当事者,損傷なし,負傷,月,当日,35.894152,139.794822,2019-10-14,01:00,red,,,,,,,,,,,,
本票,埼玉,武南,0542,死亡,1,0,10340,対象外,0000,203,夜－夜,晴,市街地－その他,舗装－乾燥,交差点－その他,環状交差点以外 環状交差点以外をいう。,点灯－押ボタン式,09,22,09,22,18,9,交差点内,規制なし,5,2,車両相互,55～64歳,45～54歳,乗用車－普通車,二輪車－自動二輪－小型二輪－251～400cc,自家用,自家用,乗用車,対象外当事者,指定の速度規制なし等,指定の速度規制なし等,40,10,中破,中破,その他,対象外当事者,その他,対象外当事者,損傷なし,死亡,火,その他,35.844946,139.723682,2019-10-01,20:50,red,,,,,,,,,,,,
本票,埼玉,新座,0363,死亡,1,0,39990,対象外,0000,230,昼－昼,晴,市街地－その他,舗装－乾燥,交差点－その他,環状交差点以外 環状交差点以外をいう。,施設なし,09,22,09,22,15,9,交差点内,規制なし,4,2,車両相互,65～74歳,55～64歳,貨物車－軽自動車,二輪車－原付自転車,自家用,自家用,貨物車,対象外当事者,指定の速度規制なし等,30㎞／ｈ以下,10,20,小破,小破,その他,対象外当事者,その他,対象外当事者,損傷なし,死亡,水,その他,35.799640,139.566934,2019-10-30,14:02,red,,,,,,,,,,,,
本票,千葉,東,0651,死亡,1,0,21800,対象外,0000,204,昼－昼,雨,市街地－人口集中,舗装－湿潤,交差点－その他,環状交差点以外 環状交差点以外をいう。,施設なし,09,22,01,21,14,9,交差点内,規制なし,4,2,車両相互,35～44歳,75歳以上,乗用車－普通車,軽車両－駆動補助機付自転車,自家用,対象外当事者,乗用車,対象外当事者,指定の速度規制なし等,対象外当事者,50,40,小破,中破,その他,対象外当事者,その他,対象外当事者,損傷なし,死亡,日,その他,35.706359,139.952718,2019-10-06,11:56,red,,,,,,,,,,,,
本票,千葉,千歳,0272,死亡,1,0,30000,対象外,0000,227,昼－昼,晴,市街地－その他,舗装－乾燥,単路－その他,環状交差点以外 環状交差点以外をいう。,施設なし,00,23,00,23,02,9,単路（交差点付近を含む）,規制なし,5,1,車両相互,25～34歳,45～54歳,乗用車－大型車,軽車両－駆動補助機付自転車,事業用,対象外当事者,乗用車,対象外当事者,指定の速度規制なし等,対象外当事者,80,20,小破,小破,その他,対象外当事者,その他,対象外当事者,損傷なし,死亡,月,その他,35.635601,139.886216,2019-10-07,07:31,red,,,,,,,,,,,,
本票,千葉,つがる,0956,死亡,1,0,00060,下,0000,217,昼－昼,晴,市街地－その他,舗装－乾燥,交差点－その他,環状交差点以外 環状交差点以外をいう。,点灯－押ボタン式,09,22,09,22,19,9,交差点内,規制なし,5,2,車両相互,45～54歳,0～24歳,貨物車－中型車,軽車両－自転車,事業用,対象外当事者,貨物車,対象外当事者,指定の速度規制なし等,対象外当事者,80,20,小破,小破,その他,対象外当事者,その他,対象外当事者,損傷なし,死亡,水,その他,35.876914,139.991134,2019-10-23,07:18,red,,,,,,,,,,,,
本票,千葉,美唄,0608,死亡,1,0,99000,対象外,0000,211,夜－夜,晴,非市街地,舗装－乾燥,一般交通の場所,環状交差点以外 環状交差点以外をいう。,施設なし,00,23,00,23,00,0,その他,規制なし,0,4,人対車両,0～24歳,35～44歳,乗用車－普通車,歩行者,自家用,対象外当事者,乗用車,対象外当事者,指定の速度規制なし等,対象外当事者,80,00,小破,対象外当事者,その他,対象外当事者,その他,対象外当事者,損傷なし,死亡,日,その他,35.775926,140.316563,2019-09-29,01:45,red,,,,,,,,,,,,
本票,千葉,砂川,0277,死亡,1,0,30000,対象外,0000,231,昼－明,雨,非市街地,舗装－湿潤,単路－カーブ・屈折,環状交差点以外 環状交差点以外をいう。,施設なし,00,23,00,23,03,2,単路（交差点付近を含む）,規制なし,4,2,車両相互,0～24歳,65～74歳,乗用車－普通車,貨物車－軽自動車,自家用,自家用,乗用車,貨物車,50㎞／ｈ以下,50㎞／ｈ以下,40,10,大破,大破,その他,その他,装備あり 作動,その他,損傷なし,死亡,火,当日,35.767315,140.239222,2019-10-22,06:13,red,,,,,,,,,,,,
本票,千葉,砂川,0284,死亡,1,0,10040,対象外,0000,231,夜－夜,晴,市街地－その他,舗装－乾燥,交差点－その他,環状交差点以外 環状交差点以外をいう。,施設なし,09,22,00,23,14,7,交差点内,規制なし,5,2,人対車両,45～54歳,75歳以上,乗用車－普通車,歩行者,自家用,対象外当事者,乗用車,対象外当事者,50㎞／ｈ以下,対象外当事者,10,00,中破,対象外当事者,その他,対象外当事者,その他,対象外当事者,損傷なし,死亡,土,その他,35.833516,140.143094,2019-10-26,21:41,red,,,,,,,,,,,,
本票,千葉,三戸,0176,死亡,1,1,03560,下,0000,236,昼－明,雨,市街地－人口集中,舗装－湿潤,交差点－その他,環状交差点以外 環状交差点以外をいう。,点灯－３灯式,09,22,00,23,15,9,交差点内,規制なし,5,3,車両単独,75歳以上,不明,乗用車－普通車,物件等,自家用,対象外当事者,乗用車,対象外当事者,40㎞／ｈ以下,対象外当事者,86,00,大破,対象外当事者,装備あり 作動,対象外当事者,装備あり 作動,対象外当事者,負傷,対象外当事者,金,その他,35.883024,140.577381,2019-10-25,06:25,red,,,,,,,,,,,,
本票,千葉,倶知安,0184,死亡,1,0,10760,対象外,0000,237,夜－夜,晴,非市街地,舗装－乾燥,交差点－その他,環状交差点以外 環状交差点以外をいう。,施設なし,09,22,00,23,14,9,交差点内,規制なし,5,3,人対車両,45～54歳,75歳以上,乗用車－普通車,歩行者,自家用,対象外当事者,乗用車,対象外当事者,40㎞／ｈ以下,対象外当事者,80,00,小破,対象外当事者,その他,対象外当事者,その他,対象外当事者,損傷なし,死亡,土,その他,35.607769,140.406229,2019-10-05,19:54,red,,,,,,,,,,,,
本票,千葉,浦河,0705,死亡,1,0,30000,対象外,0000,219,昼－昼,晴,市街地－その他,舗装－乾燥,交差点－その他,環状交差点以外 環状交差点以外をいう。,施設なし,09,22,09,22,15,9,交差点内,規制なし,4,2,車両相互,75歳以上,0～24歳,乗用車－普通車,二輪車－自動二輪－軽二輪－126～250cc,自家用,自家用,乗用車,対象外当事者,指定の速度規制なし等,指定の速度規制なし等,60,10,中破,小破,その他,対象外当事者,その他,対象外当事者,損傷なし,死亡,火,その他,35.508256,140.167776,2019-10-01,09:10,red,,,,,,,,,,,,
本票,千葉,北,0592,死亡,1,0,30000,対象外,0000,206,夜－暮,晴,市街地－その他,舗装－乾燥,交差点－その他,環状交差点以外 環状交差点以外をいう。,施設なし,09,22,01,21,15,9,交差点内,規制なし,4,2,車両相互,0～24歳,75歳以上,乗用車－普通車,二輪車－原付自転車,自家用,自家用,乗用車,対象外当事者,40㎞／ｈ以下,指定の速度規制なし等,50,40,小破,中破,装備あり 作動,対象外当事者,その他,対象外当事者,損傷なし,死亡,火,その他,35.380951,139.960974,2019-10-01,18:00,red,,,,,,,,,,,,
本票,千葉,手稲,0175,死亡,1,0,99000,対象外,0000,234,夜－夜,晴,非市街地,舗装－乾燥,一般交通の場所,環状交差点以外 環状交差点以外をいう。,施設なし,00,23,00,23,00,0,その他,規制なし,0,4,車両単独,55～64歳,不明,乗用車－普通車,相手なし,自家用,対象外当事者,乗用車,対象外当事者,指定の速度規制なし等,対象外当事者,00,00,小破,対象外当事者,その他,対象外当事者,その他,対象外当事者,死亡,対象外当事者,土,その他,34.946132,139.964322,2019-09-07,02:00,red,,,,,,,,,,,,
本票,千葉,東入間,0077,死亡,1,0,10890,対象外,0000,223,夜－夜,晴,非市街地,舗装－乾燥,単路－その他,環状交差点以外 環状交差点以外をいう。,施設なし,00,23,00,23,03,8,単路（交差点付近を含む）,規制なし,4,2,車両単独,0～24歳,不明,乗用車－普通車,物件等,自家用,対象外当事者,乗用車,対象外当事者,指定の速度規制なし等,対象外当事者,42,00,大破,対象外当事者,装備あり 作動,対象外当事者,その他,対象外当事者,死亡,対象外当事者,日,その他,35.089529,140.079405,2019-10-06,00:46,red,,,,,,,,,,,,
本票,千葉,大宮西,0228,死亡,1,0,30000,対象外,0000,222,夜－暮,曇,非市街地,舗装－乾燥,単路－カーブ・屈折,環状交差点以外 環状交差点以外をいう。,施設なし,00,23,00,23,03,3,単路（交差点付近を含む）,規制なし,5,2,人対車両,35～44歳,65～74歳,乗用車－大型車,歩行者,事業用,対象外当事者,乗用車,対象外当事者,指定の速度規制なし等,対象外当事者,20,00,小破,対象外当事者,その他,対象外当事者,その他,対象外当事者,損傷なし,死亡,火,その他,35.872945,140.040716,2019-10-15,17:24,red,,,,,,,,,,,,
本票,千葉,行徳,0325,死亡,1,0,03570,上,0000,203,夜－夜,雨,市街地－その他,舗装－湿潤,単路－その他,環状交差点以外 環状交差点以外をいう。,施設なし,00,23,00,23,05,9,単路（交差点付近を含む）,規制なし,1,3,車両相互,35～44歳,65～74歳,貨物車－大型車,二輪車－原付自転車,事業用,自家用,貨物車,対象外当事者,指定の速度規制なし等,指定の速度規制なし等,10,10,小破,大破,その他,対象外当事者,その他,対象外当事者,損傷なし,死亡,月,前日,35.667501,139.922500,2019-10-21,20:09,red,,,,,,,,,,,,
本票,千葉,四街道,0177,死亡,1,0,30000,対象外,0000,228,昼－昼,霧,市街地－その他,舗装－乾燥,交差点－その他,環状交差点以外 環状交差点以外をいう。,施設なし,09,22,00,23,11,9,交差点内,ゾーン30,5,3,人対車両,0～24歳,45～54歳,乗用車－普通車,歩行者,自家用,対象外当事者,乗用車,対象外当事者,30㎞／ｈ以下,対象外当事者,52,00,中破,対象外当事者,その他,対象外当事者,その他,対象外当事者,損傷なし,死亡,日,その他,35.663454,140.155269,2019-10-20,06:57,red,,,,,,,,,,,,
本票,神奈川,高速道路交通警察隊,0498,死亡,1,0,42710,上,8707,364,夜－夜,曇,非市街地,舗装－乾燥,単路－トンネル,環状交差点以外 環状交差点以外をいう。,施設なし,00,23,00,23,06,9,単路（交差点付近を含む）,規制なし,1,4,車両単独,0～24歳,不明,二輪車－自動二輪－小型二輪－251～400cc,物件等,自家用,対象外当事者,対象外当事者,対象外当事者,80㎞／ｈ以下,対象外当事者,10,00,小破,対象外当事者,対象外当事者,対象外当事者,対象外当事者,対象外当事者,死亡,対象外当事者,土,その他,35.361662,139.042082,2019-10-19,21:58,red,697,中日本高速道路,走行車線－第一通行帯,完全分離－トンネル,直線,平坦・該当なし,炭山第２,1,防護柵－その他,該当なし,該当なし,1715
本票,神奈川,浦和東,0387,死亡,1,0,00150,下,0276,102,昼－明,曇,市街地－その他,舗装－乾燥,交差点－その他,環状交差点以外 環状交差点以外をいう。,点灯－歩車分式,09,22,09,22,19,9,交差点内,規制なし,5,1,車両相互,75歳以上,35～44歳,乗用車－普通車,二輪車－自動二輪－原付二種－51～125cc,自家用,自家用,乗用車,対象外当事者,50㎞／ｈ以下,50㎞／ｈ以下,80,10,中破,大破,その他,対象外当事者,その他,対象外当事者,損傷なし,死亡,日,その他,35.484918,139.648979,2019-10-27,06:20,red,,,,,,,,,,,,
本票,神奈川,千葉北,0288,死亡,1,0,02460,上,0300,113,昼－暮,雨,非市街地,舗装－湿潤,交差点－その他,環状交差点以外 環状交差点以外をいう。,点灯－３灯式,09,22,00,23,19,9,交差点内,規制なし,5,1,車両単独,55～64歳,不明,二輪車－自動二輪－小型二輪－751ｃｃ以上,相手なし,自家用,対象外当事者,対象外当事者,対象外当事者,50㎞／ｈ以下,対象外当事者,10,00,小破,対象外当事者,対象外当事者,対象外当事者,対象外当事者,対象外当事者,死亡,対象外当事者,金,その他,35.517656,139.482927,2019-10-11,16:45,red,,,,,,,,,,,,
本票,神奈川,行徳,0475,死亡,1,0,30000,対象外,0000,110,夜－夜,晴,市街地－その他,舗装－乾燥,単路－カーブ・屈折,環状交差点以外 環状交差点以外をいう。,施設なし,00,23,00,23,03,6,単路（交差点付近を含む）,規制なし,4,2,車両単独,45～54歳,不明,乗用車－普通車,物件等,自家用,対象外当事者,乗用車,対象外当事者,40㎞／ｈ以下,対象外当事者,10,00,大破,対象外当事者,装備あり 作動,対象外当事者,その他,対象外当事者,死亡,対象外当事者,水,その他,35.433166,139.529824,2019-10-09,23:55,red,,,,,,,,,,,,
本票,神奈川,泉,0237,死亡,1,1,10220,対象外,0000,116,昼－昼,曇,市街地－人口集中,舗装－乾燥,交差点付近－その他,環状交差点以外 環状交差点以外をいう。,施設なし,00,23,00,23,05,7,単路（交差点付近を含む）,規制なし,4,2,人対車両,45～54歳,75歳以上,乗用車－軽自動車,歩行者,自家用,対象外当事者,乗用車,対象外当事者,40㎞／ｈ以下,対象外当事者,10,00,中破,対象外当事者,装備あり 作動,対象外当事者,その他,対象外当事者,負傷,死亡,土,その他,35.416961,139.480696,2019-10-19,11:30,red,,,,,,,,,,,,
本票,神奈川,川崎,0383,死亡,1,0,01320,対象外,0000,131,夜－夜,晴,市街地－人口集中,舗装－乾燥,交差点－その他,環状交差点以外 環状交差点以外をいう。,点灯－歩車分式,09,22,00,23,18,9,交差点内,規制なし,5,1,人対車両,65～74歳,65～74歳,乗用車－普通車,歩行者,自家用,対象外当事者,乗用車,対象外当事者,50㎞／ｈ以下,対象外当事者,10,00,中破,対象外当事者,装備あり 作動,対象外当事者,その他,対象外当事者,損傷なし,死亡,木,その他,35.529631,139.718740,2019-10-03,22:46,red,,,,,,,,,,,,
本票,神奈川,高津,0272,死亡,1,0,30000,対象外,0000,134,夜－夜,雨,市街地－人口集中,舗装－湿潤,交差点－その他,環状交差点以外 環状交差点以外をいう。,点灯－３灯式,09,22,09,22,19,9,交差点内,規制なし,5,1,車両相互,25～34歳,45～54歳,乗用車－軽自動車,二輪車－自動二輪－軽二輪－126～250cc,自家用,自家用,乗用車,対象外当事者,50㎞／ｈ以下,50㎞／ｈ以下,40,10,小破,中破,その他,対象外当事者,その他,対象外当事者,損傷なし,死亡,木,その他,35.573650,139.631882,2019-10-10,18:34,red,,,,,,,,,,,,
本票,神奈川,高津,0279,死亡,1,0,30000,対象外,0000,134,昼－昼,曇,市街地－人口集中,舗装－乾燥,交差点－その他,環状交差点以外 環状交差点以外をいう。,点灯－３灯式,09,22,00,23,15,9,交差点内,規制なし,5,1,人対車両,75歳以上,75歳以上,乗用車－普通車,歩行者,自家用,対象外当事者,乗用車,対象外当事者,40㎞／ｈ以下,対象外当事者,10,00,損壊なし,対象外当事者,その他,対象外当事者,その他,対象外当事者,損傷なし,死亡,木,その他,35.587256,139.605122,2019-10-17,09:47,red,,,,,,,,,,,,
本票,神奈川,横須賀,0483,死亡,1,1,30000,対象外,0000,201,昼－昼,曇,市街地－人口集中,舗装－湿潤,単路－その他,環状交差点以外 環状交差点以外をいう。,施設なし,00,23,00,23,04,9,単路（交差点付近を含む）,規制なし,4,2,車両相互,65～74歳,75歳以上,二輪車－自動二輪－原付二種－51～125cc,軽車両－自転車,自家用,対象外当事者,対象外当事者,対象外当事者,40㎞／ｈ以下,対象外当事者,10,20,小破,小破,対象外当事者,対象外当事者,対象外当事者,対象外当事者,死亡,負傷,土,その他,35.270288,139.651980,2019-10-19,09:20,red,,,,,,,,,,,,
本票,神奈川,藤沢北,0487,死亡,1,0,10220,対象外,0000,205,昼－昼,晴,市街地－その他,舗装－乾燥,交差点－その他,環状交差点以外 環状交差点以外をいう。,点灯－３灯式,09,22,00,23,19,3,交差点内,規制なし,5,1,車両単独,0～24歳,不明,二輪車－自動二輪－小型二輪－251～400cc,相手なし,自家用,対象外当事者,対象外当事者,対象外当事者,50㎞／ｈ以下,対象外当事者,10,00,中破,対象外当事者,対象外当事者,対象外当事者,対象外当事者,対象外当事者,死亡,対象外当事者,月,その他,35.404120,139.430167,2019-10-28,15:36,red,,,,,,,,,,,,
本票,神奈川,藤沢,0484,死亡,1,0,30000,対象外,0000,205,夜－夜,曇,市街地－その他,舗装－乾燥,単路－その他,環状交差点以外 環状交差点以外をいう。,施設なし,00,23,00,23,03,9,単路（交差点付近を含む）,規制なし,4,2,人対車両,25～34歳,75歳以上,乗用車－軽自動車,歩行者,自家用,対象外当事者,乗用車,対象外当事者,40㎞／ｈ以下,対象外当事者,50,00,中破,対象外当事者,その他,対象外当事者,その他,対象外当事者,損傷なし,死亡,水,その他,35.329870,139.469409,2019-10-16,19:16,red,,,,,,,,,,,,
本票,神奈川,茅ケ崎,0475,死亡,1,1,01340,対象外,0000,207,昼－明,雨,市街地－その他,舗装－湿潤,交差点－その他,環状交差点以外 環状交差点以外をいう。,点灯－歩車分式,09,22,09,22,18,9,交差点内,規制なし,5,1,車両相互,75歳以上,45～54歳,乗用車－軽自動車,乗用車－軽自動車,自家用,自家用,乗用車,乗用車,30㎞／ｈ以下,指定の速度規制なし等,16,70,大破,中破,装備あり 作動,その他,その他,その他,死亡,負傷,金,その他,35.320162,139.432343,2019-10-04,06:28,red,,,,,,,,,,,,