資料区分,都道府県コード,警察署等コード,本票番号,事故内容,死者数,負傷者数,路線コード,上下線,地点コード,市区町村コード,昼夜,天候,地形,路面状態,道路形状,環状交差点の直径,信号機,一時停止規制　標識（当事者A）,一時停止規制　表示（当事者A）,一時停止規制　標識（当事者B）,一時停止規制　表示（当事者B）,車道幅員,道路線形,衝突地点,ゾーン規制,中央分離帯施設等,歩車道区分,事故類型,年齢（当事者A）,年齢（当事者B）,当事者種別（当事者A）,当事者種別（当事者B）,用途別（当事者A）,用途別（当事者B）,車両形状（当事者A）,車両形状（当事者B）,速度規制（指定のみ）（当事者A）,速度規制（指定のみ）（当事者B）,車両の衝突部位（当事者A）,車両の衝突部位（当事者B）,車両の損壊程度（当事者A）,車両の損壊程度（当事者B）,エアバッグの装備（当事者A）,エアバッグの装備（当事者B）,サイドエアバッグの装備（当事者A）,サイドエアバッグの装備（当事者B）,人身損傷程度（当事者A）,人身損傷程度（当事者B）,曜日(発生年月日),祝日(発生年月日),緯度,経度,発生日,発生時,color,発生地点,道路管理者区分,道路区分,道路構造,曲線半径,縦断勾配,トンネル番号,当事者車両台数,車両単独事故の対象物,臨時速度規制の有無,速度規制（臨時のみ）,トンネル延長距離
本票,愛知,東,0572,死亡,1,0,30000,対象外,0000,104,昼－昼,曇,市街地－人口集中,舗装－乾燥,交差点－その他,環状交差点以外 環状交差点以外をいう。,点灯－３灯式,09,21,09,21,15,9,交差点内,規制なし,4,1,車両相互,0～24歳,45～54歳,乗用車－普通車,二輪車－原付自転車,自家用,自家用,乗用車,対象外当事者,40㎞／ｈ以下,指定の速度規制なし等,10,10,中破,中破,その他,対象外当事者,その他,対象外当事者,損傷なし,死亡,木,その他,35.222551,136.882451,2019-10-24,08:45,red,,,,,,,,,,,,
本票,愛知,苫小牧,0443,死亡,1,0,30650,対象外,0033,111,夜－夜,晴,市街地－人口集中,舗装－乾燥,交差点－その他,環状交差点以外 環状交差点以外をいう。,施設なし,01,21,09,22,19,9,交差点内,規制なし,1,2,車両相互,35～44歳,0～24歳,貨物車－大型車,二輪車－自動二輪－小型二輪－751ｃｃ以上,事業用,自家用,貨物車,対象外当事者,指定の速度規制なし等,指定の速度規制なし等,20,10,小破,大破,その他,対象外当事者,その他,対象外当事者,損傷なし,死亡,月,その他,35.068458,136.853959,2019-10-28,23:29,red,,,,,,,,,,,,
本票,愛知,苫小牧,0444,死亡,1,0,85000,対象外,0000,111,昼－昼,晴,非市街地,舗装－乾燥,単路－その他,環状交差点以外 環状交差点以外をいう。,施設なし,00,23,00,23,04,9,その他,規制なし,5,4,車両単独,55～64歳,不明,乗用車－普通車,相手なし,自家用,対象外当事者,乗用車,対象外当事者,指定の速度規制なし等,対象外当事者,10,00,中破,対象外当事者,その他,対象外当事者,その他,対象外当事者,死亡,対象外当事者,木,その他,35.056635,136.852023,2019-08-22,07:09,red,,,,,,,,,,,,
本票,愛知,鎌ケ谷,0671,死亡,1,0,30000,対象外,0000,114,夜－明,晴,市街地－その他,舗装－乾燥,交差点付近－その他,環状交差点以外 環状交差点以外をいう。,施設なし,00,23,00,23,03,7,単路（交差点付近を含む）,規制なし,5,2,車両単独,75歳以上,不明,乗用車－軽自動車,相手なし,自家用,対象外当事者,乗用車,対象外当事者,指定の速度規制なし等,対象外当事者,20,00,小破,対象外当事者,その他,対象外当事者,その他,対象外当事者,死亡,対象外当事者,水,その他,35.100221,137.009339,2019-10-09,05:25,red,,,,,,,,,,,,
本票,愛知,多摩,1143,死亡,1,0,00190,上,0216,206,夜－夜,晴,市街地－人口集中,舗装－乾燥,交差点－その他,環状交差点以外 環状交差点以外をいう。,点灯－３灯式,09,22,09,22,18,9,交差点内,規制なし,1,1,車両相互,35～44歳,0～24歳,貨物車－普通車,二輪車－自動二輪－原付二種－51～125cc,自家用,自家用,貨物車,対象外当事者,指定の速度規制なし等,指定の速度規制なし等,10,40,小破,大破,その他,対象外当事者,その他,対象外当事者,損傷なし,死亡,水,その他,35.270252,136.999541,2019-10-16,21:36,red,,,,,,,,,,,,
本票,愛知,三崎,0532,死亡,1,0,20760,対象外,0000,361,夜－暮,晴,市街地－その他,舗装－乾燥,交差点付近－その他,環状交差点以外 環状交差点以外をいう。,施設なし,00,23,00,23,03,9,単路（交差点付近を含む）,規制なし,4,2,車両相互,35～44歳,75歳以上,乗用車－普通車,軽車両－その他,自家用,対象外当事者,乗用車,対象外当事者,40㎞／ｈ以下,対象外当事者,50,00,小破,損壊なし,その他,対象外当事者,その他,対象外当事者,損傷なし,死亡,木,その他,35.326374,136.913004,2019-10-10,17:42,red,,,,,,,,,,,,
本票,愛知,葉山,0269,死亡,1,0,35000,対象外,0000,215,夜－夜,雨,市街地－その他,舗装－湿潤,交差点付近－その他,環状交差点以外 環状交差点以外をいう。,施設なし,00,23,00,23,04,9,単路（交差点付近を含む）,規制なし,4,2,人対車両,45～54歳,65～74歳,乗用車－軽自動車,歩行者,自家用,対象外当事者,乗用車,対象外当事者,50㎞／ｈ以下,対象外当事者,10,00,小破,対象外当事者,その他,対象外当事者,その他,対象外当事者,損傷なし,死亡,土,その他,35.330277,136.939821,2019-10-19,19:32,red,,,,,,,,,,,,
本票,愛知,逗子,1233,死亡,1,0,10170,対象外,0017,203,夜－夜,晴,非市街地,舗装－乾燥,交差点－その他,環状交差点以外 環状交差点以外をいう。,施設なし,09,22,09,22,18,9,交差点内,規制なし,5,1,車両相互,45～54歳,25～34歳,乗用車－普通車,二輪車－自動二輪－小型二輪－751ｃｃ以上,自家用,自家用,乗用車,対象外当事者,50㎞／ｈ以下,50㎞／ｈ以下,50,20,中破,中破,装備あり 作動,対象外当事者,その他,対象外当事者,損傷なし,死亡,火,その他,35.311358,136.789892,2019-10-01,22:30,red,,,,,,,,,,,,
本票,愛知,大船,0709,死亡,1,0,20290,対象外,0000,232,夜－暮,晴,市街地－人口集中,舗装－乾燥,単路－その他,環状交差点以外 環状交差点以外をいう。,施設なし,00,23,00,23,03,9,単路（交差点付近を含む）,規制なし,4,3,人対車両,75歳以上,75歳以上,貨物車－軽自動車,歩行者,自家用,対象外当事者,貨物車,対象外当事者,40㎞／ｈ以下,対象外当事者,10,00,中破,対象外当事者,その他,対象外当事者,その他,対象外当事者,損傷なし,死亡,土,その他,35.194032,136.716914,2019-10-26,17:35,red,,,,,,,,,,,,
本票,愛知,藤沢,0361,死亡,1,0,00230,下,3679,427,夜－夜,晴,市街地－その他,舗装－乾燥,交差点－その他,環状交差点以外 環状交差点以外をいう。,点灯－３灯式,09,22,09,22,18,9,交差点内,規制なし,1,1,車両相互,35～44歳,25～34歳,貨物車－中型車,乗用車－軽自動車,事業用,自家用,貨物車,乗用車,60㎞／ｈ以下,60㎞／ｈ以下,10,45,小破,大破,その他,装備あり 作動,その他,その他,損傷なし,死亡,土,その他,35.077266,136.805691,2019-10-05,01:03,red,,,,,,,,,,,,
本票,愛知,相模原,0130,死亡,1,0,35000,対象外,0000,224,夜－夜,曇,非市街地,舗装－湿潤,単路－カーブ・屈折,環状交差点以外 環状交差点以外をいう。,施設なし,00,23,00,23,03,1,単路（交差点付近を含む）,規制なし,4,2,車両単独,0～24歳,不明,貨物車－普通車,物件等,自家用,対象外当事者,貨物車,対象外当事者,30㎞／ｈ以下,対象外当事者,50,00,中破,対象外当事者,その他,対象外当事者,その他,対象外当事者,死亡,対象外当事者,土,その他,34.965479,136.902368,2019-10-26,00:26,red,,,,,,,,,,,,
本票,愛知,西尾,0513,死亡,1,0,22180,対象外,0000,213,昼－昼,雨,市街地－その他,舗装－湿潤,単路－その他,環状交差点以外 環状交差点以外をいう。,施設なし,00,23,00,23,03,9,単路（交差点付近を含む）,規制なし,4,2,車両相互,35～44歳,55～64歳,乗用車－普通車,乗用車－軽自動車,自家用,自家用,乗用車,乗用車,40㎞／ｈ以下,40㎞／ｈ以下,50,50,中破,中破,その他,装備あり 作動,その他,その他,損傷なし,損傷なし,土,その他,34.874965,137.052149,2019-10-12,12:15,red,,,,,,,,,,,,
本票,愛知,岡崎,1294,死亡,1,0,35000,対象外,0000,501,夜－夜,雨,市街地－その他,舗装－湿潤,交差点付近－その他,環状交差点以外 環状交差点以外をいう。,施設なし,00,23,00,23,02,9,単路（交差点付近を含む）,規制なし,5,4,車両単独,25～34歳,不明,二輪車－自動二輪－原付二種－51～125cc,相手なし,自家用,対象外当事者,対象外当事者,対象外当事者,指定の速度規制なし等,対象外当事者,20,00,小破,対象外当事者,対象外当事者,対象外当事者,対象外当事者,対象外当事者,死亡,対象外当事者,木,その他,34.893729,137.173520,2019-10-24,21:50,red,,,,,,,,,,,,
本票,愛知,豊田,1198,死亡,1,0,22410,対象外,0101,211,夜－暮,雨,市街地－その他,舗装－湿潤,単路－その他,環状交差点以外 環状交差点以外をいう。,施設なし,00,23,00,23,05,9,単路（交差点付近を含む）,規制なし,4,2,人対車両,25～34歳,75歳以上,乗用車－軽自動車,歩行者,自家用,対象外当事者,乗用車,対象外当事者,40㎞／ｈ以下,対象外当事者,50,00,中破,対象外当事者,その他,対象外当事者,その他,対象外当事者,損傷なし,死亡,土,その他,35.092517,137.173659,2019-10-12,17:34,red,,,,,,,,,,,,
本票,愛知,豊川,0625,死亡,1,0,35000,対象外,0000,207,夜－夜,曇,市街地－その他,舗装－乾燥,交差点－その他,環状交差点以外 環状交差点以外をいう。,施設なし,01,22,00,23,14,9,交差点内,規制なし,5,3,車両単独,75歳以上,不明,乗用車－軽自動車,物件等,自家用,対象外当事者,乗用車,対象外当事者,指定の速度規制なし等,対象外当事者,10,00,中破,対象外当事者,装備あり 作動,対象外当事者,その他,対象外当事者,死亡,対象外当事者,木,その他,34.846336,137.344331,2019-10-24,18:45,red,,,,,,,,,,,,
本票,愛知,豊橋,1648,死亡,1,0,00010,上,2963,201,昼－昼,晴,市街地－その他,舗装－乾燥,交差点－その他,環状交差点以外 環状交差点以外をいう。,点灯－３灯式,09,22,00,23,18,9,交差点内,規制なし,1,2,人対車両,45～54歳,75歳以上,貨物車－軽自動車,歩行者,自家用,対象外当事者,貨物車,対象外当事者,40㎞／ｈ以下,対象外当事者,10,00,小破,対象外当事者,その他,対象外当事者,その他,対象外当事者,損傷なし,死亡,土,その他,34.767374,137.392601,2019-10-26,13:53,red,,,,,,,,,,,,
本票,三重,高速道路交通警察隊,0117,死亡,1,0,44200,下,0000,207,夜－夜,晴,非市街地,舗装－乾燥,単路－その他,環状交差点以外 環状交差点以外をいう。,施設なし,00,23,00,23,04,9,単路（交差点付近を含む）,規制なし,1,3,車両相互,45～54歳,55～64歳,貨物車－大型車,貨物車－中型車,事業用,事業用,貨物車,貨物車,40㎞／ｈ以下,40㎞／ｈ以下,71,50,中破,大破,その他,装備あり 作動,その他,その他,損傷なし,死亡,水,その他,34.966320,136.464800,2019-10-09,03:00,red,202,中日本高速道路,減速車線,完全分離－盛土,直線,平坦－１％未満,,3,該当なし,該当なし,該当なし,0
本票,三重,高速道路交通警察隊,0122,死亡,1,0,44130,上,0000,441,夜－夜,雨,非市街地,舗装－湿潤,単路－カーブ・屈折,環状交差点以外 環状交差点以外をいう。,施設なし,00,23,00,23,03,6,単路（交差点付近を含む）,規制なし,1,4,車両単独,25～34歳,不明,乗用車－普通車,物件等,自家用,対象外当事者,乗用車,対象外当事者,80㎞／ｈ以下,対象外当事者,50,00,大破,対象外当事者,装備あり 作動,対象外当事者,その他,対象外当事者,死亡,対象外当事者,木,その他,34.481320,136.502100,2019-10-17,21:43,red,1282,中日本高速道路,追越車線,完全分離－その他,カーブ－700m以上,平坦・該当なし,,1,中央分離帯－ガードレール,該当なし,該当なし,0
本票,三重,高速道路交通警察隊,0125,死亡,1,0,44140,下,0000,204,昼－昼,曇,非市街地,舗装－乾燥,単路－カーブ・屈折,環状交差点以外 環状交差点以外をいう。,施設なし,00,23,00,23,05,2,単路（交差点付近を含む）,規制なし,1,4,車両単独,55～64歳,不明,二輪車－自動二輪－小型二輪－401～750ｃｃ,相手なし,自家用,対象外当事者,対象外当事者,対象外当事者,80㎞／ｈ以下,対象外当事者,14,00,中破,対象外当事者,対象外当事者,対象外当事者,対象外当事者,対象外当事者,死亡,対象外当事者,土,その他,34.510250,136.489100,2019-10-26,10:40,red,1247,中日本高速道路,走行車線－第一通行帯,完全分離－盛土,カーブ－1000m以上,上り・下り－３％以上,,1,該当なし,該当なし,該当なし,0
本票,三重,三戸,0417,死亡,1,0,30000,対象外,0000,202,夜－夜,晴,市街地－人口集中,舗装－乾燥,単路－その他,環状交差点以外 環状交差点以外をいう。,施設なし,00,23,00,23,04,9,単路（交差点付近を含む）,規制なし,4,2,車両相互,45～54歳,35～44歳,乗用車－軽自動車,二輪車－自動二輪－軽二輪－126～250cc,自家用,自家用,乗用車,対象外当事者,40㎞／ｈ以下,40㎞／ｈ以下,87,12,小破,中破,その他,対象外当事者,その他,対象外当事者,損傷なし,死亡,木,その他,34.965480,136.608700,2019-10-31,22:48,red,,,,,,,,,,,,
本票,三重,室蘭,0340,死亡,1,0,10420,対象外,0000,201,夜－明,雨,市街地－その他,舗装－湿潤,交差点－その他,環状交差点以外 環状交差点以外をいう。,点灯－３灯式,09,22,00,23,15,9,交差点内,規制なし,4,2,人対車両,65～74歳,55～64歳,貨物車－準中型車,歩行者,自家用,対象外当事者,貨物車,対象外当事者,50㎞／ｈ以下,対象外当事者,18,00,小破,対象外当事者,その他,対象外当事者,その他,対象外当事者,損傷なし,死亡,金,その他,34.720210,136.505100,2019-10-18,05:38,red,,,,,,,,,,,,
本票,三重,名張,0088,死亡,1,0,01650,対象外,0000,208,夜－夜,曇,市街地－人口集中,舗装－乾燥,単路－その他,環状交差点以外 環状交差点以外をいう。,施設なし,00,23,00,23,02,7,単路（交差点付近を含む）,規制なし,4,2,車両単独,35～44歳,不明,乗用車－軽自動車,物件等,自家用,対象外当事者,乗用車,対象外当事者,50㎞／ｈ以下,対象外当事者,81,00,小破,対象外当事者,装備あり 作動,対象外当事者,装備あり 作動,対象外当事者,死亡,対象外当事者,木,その他,34.618230,136.102900,2019-10-17,20:40,red,,,,,,,,,,,,
本票,滋賀,西,0378,死亡,1,0,37990,対象外,0000,207,夜－夜,晴,非市街地,舗装－乾燥,単路－カーブ・屈折,環状交差点以外 環状交差点以外をいう。,施設なし,00,23,00,23,03,3,その他,規制なし,5,3,車両単独,65～74歳,不明,貨物車－軽自動車,相手なし,自家用,対象外当事者,貨物車,対象外当事者,指定の速度規制なし等,対象外当事者,00,00,大破,対象外当事者,その他,対象外当事者,その他,対象外当事者,死亡,対象外当事者,水,その他,35.094398,135.946248,2019-10-30,19:10,red,,,,,,,,,,,,
本票,滋賀,滝川,0149,死亡,1,1,01610,上,0417,212,夜－夜,曇,非市街地,舗装－乾燥,単路－橋,環状交差点以外 環状交差点以外をいう。,施設なし,00,23,00,23,03,6,単路（交差点付近を含む）,規制なし,2,1,車両相互,55～64歳,55～64歳,貨物車－大型車,乗用車－普通車,事業用,自家用,貨物車,乗用車,指定の速度規制なし等,指定の速度規制なし等,10,10,中破,大破,その他,装備あり 作動,その他,装備あり 作動,損傷なし,死亡,日,その他,35.340167,136.037884,2019-10-27,18:45,red,,,,,,,,,,,,
本票,滋賀,滝川,0150,死亡,1,0,01610,下,0259,212,夜－夜,晴,非市街地,舗装－乾燥,単路－橋,環状交差点以外 環状交差点以外をいう。,施設なし,00,23,00,23,03,3,単路（交差点付近を含む）,規制なし,4,3,車両相互,45～54歳,45～54歳,貨物車－大型車,二輪車－自動二輪－軽二輪－126～250cc,事業用,自家用,貨物車,対象外当事者,指定の速度規制なし等,指定の速度規制なし等,50,10,小破,大破,その他,対象外当事者,その他,対象外当事者,損傷なし,死亡,月,その他,35.459612,136.046420,2019-10-28,19:50,red,,,,,,,,,,,,
本票,京都,高速道路交通警察隊,0092,死亡,1,1,44260,下,0000,203,昼－昼,曇,非市街地,舗装－乾燥,単路－その他,環状交差点以外 環状交差点以外をいう。,施設なし,00,23,00,23,04,9,単路（交差点付近を含む）,規制なし,6,3,車両相互,35～44歳,0～24歳,貨物車－大型車,乗用車－軽自動車,事業用,自家用,貨物車,乗用車,70㎞／ｈ以下,70㎞／ｈ以下,10,10,中破,大破,装備あり 作動,装備あり 作動,その他,その他,負傷,死亡,水,その他,35.323129,135.241237,2019-10-23,12:49,red,619,西日本高速道路,走行車線－第一通行帯,非分離－切土,直線,平坦－１％未満,,2,該当なし,該当なし,該当なし,0
本票,京都,浦河,0263,死亡,1,1,37370,対象外,0000,106,夜－夜,曇,市街地－人口集中,舗装－乾燥,交差点付近－その他,環状交差点以外 環状交差点以外をいう。,点滅－３灯式,00,23,00,23,04,9,単路（交差点付近を含む）,規制なし,4,2,車両相互,25～34歳,45～54歳,二輪車－自動二輪－小型二輪－751ｃｃ以上,軽車両－自転車,自家用,対象外当事者,対象外当事者,対象外当事者,40㎞／ｈ以下,対象外当事者,40,10,中破,中破,対象外当事者,対象外当事者,対象外当事者,対象外当事者,負傷,死亡,水,その他,34.984124,135.734607,2019-10-02,04:42,red,,,,,,,,,,,,
本票,京都,北,0376,死亡,1,0,14260,対象外,0000,108,夜－夜,曇,市街地－人口集中,舗装－湿潤,単路－カーブ・屈折,環状交差点以外 環状交差点以外をいう。,施設なし,00,23,00,23,03,6,単路（交差点付近を含む）,規制なし,4,2,人対車両,35～44歳,35～44歳,乗用車－普通車,歩行者,自家用,対象外当事者,乗用車,対象外当事者,50㎞／ｈ以下,対象外当事者,10,00,大破,対象外当事者,装備あり 作動,対象外当事者,装備あり 作動,対象外当事者,損傷なし,死亡,金,その他,35.011314,135.688267,2019-10-04,04:25,red,,,,,,,,,,,,
本票,京都,蒲田,0374,死亡,1,0,39990,対象外,0000,209,昼－昼,曇,市街地－人口集中,舗装－湿潤,交差点－その他,環状交差点以外 環状交差点以外をいう。,施設なし,09,22,09,22,18,9,交差点内,規制なし,4,2,車両相互,35～44歳,25～34歳,乗用車－普通車,二輪車－自動二輪－軽二輪－126～250cc,自家用,自家用,乗用車,対象外当事者,50㎞／ｈ以下,50㎞／ｈ以下,40,10,小破,中破,その他,対象外当事者,その他,対象外当事者,損傷なし,死亡,金,その他,34.931845,135.688259,2019-10-18,12:27,red,,,,,,,,,,,,
本票,京都,麻生,0189,死亡,1,1,01750,対象外,0000,201,昼－昼,晴,市街地－その他,舗装－乾燥,単路－その他,環状交差点以外 環状交差点以外をいう。,施設なし,00,23,00,23,03,9,単路（交差点付近を含む）,規制なし,4,2,車両単独,75歳以上,不明,乗用車－軽自動車,物件等,自家用,対象外当事者,乗用車,対象外当事者,50㎞／ｈ以下,対象外当事者,10,00,大破,対象外当事者,装備あり 作動,対象外当事者,その他,対象外当事者,負傷,対象外当事者,火,当日,35.371722,135.127738,2019-10-22,14:26,red,,,,,,,,,,,,
本票,京都,中原,0148,死亡,1,0,14400,対象外,0000,202,夜－夜,曇,非市街地,舗装－乾燥,単路－その他,環状交差点以外 環状交差点以外をいう。,施設なし,00,23,00,23,03,8,その他,規制なし,5,3,車両単独,45～54歳,不明,乗用車－軽自動車,相手なし,自家用,対象外当事者,乗用車,対象外当事者,50㎞／ｈ以下,対象外当事者,10,00,大破,対象外当事者,その他,対象外当事者,その他,対象外当事者,死亡,対象外当事者,水,その他,35.437832,135.399501,2019-06-26,20:29,red,,,,,,,,,,,,
本票,大阪,高速道路交通警察隊,0657,死亡,1,0,53020,下,0000,230,夜－夜,晴,市街地－人口集中,舗装－乾燥,単路－橋,環状交差点以外 環状交差点以外をいう。,施設なし,00,23,00,23,06,9,単路（交差点付近を含む）,規制なし,1,4,車両単独,35～44歳,不明,乗用車－軽自動車,物件等,自家用,対象外当事者,乗用車,対象外当事者,80㎞／ｈ以下,対象外当事者,10,00,大破,対象外当事者,装備あり 作動,対象外当事者,その他,対象外当事者,死亡,対象外当事者,火,その他,34.795413,135.700306,2019-10-15,23:57,red,147,西日本高速道路,走行車線－第一通行帯,完全分離－その他,直線,平坦・該当なし,,1,中央分離帯－コンクリート,該当なし,80㎞/h以下,0
本票,大阪,白石,0326,死亡,1,0,00020,下,0004,127,夜－明,曇,市街地－人口集中,舗装－乾燥,交差点－その他,環状交差点以外 環状交差点以外をいう。,点灯－歩車分式,09,22,09,22,19,9,交差点内,規制なし,5,1,車両相互,45～54歳,0～24歳,貨物車－準中型車,軽車両－自転車,事業用,対象外当事者,貨物車,対象外当事者,60㎞／ｈ以下,対象外当事者,10,40,小破,中破,その他,対象外当事者,その他,対象外当事者,損傷なし,死亡,金,その他,34.698248,135.495553,2019-10-11,05:10,red,,,,,,,,,,,,
本票,大阪,美唄,0525,死亡,1,0,30990,対象外,0000,128,夜－夜,晴,市街地－人口集中,舗装－乾燥,交差点－その他,環状交差点以外 環状交差点以外をいう。,施設なし,09,22,00,23,11,9,交差点内,規制なし,5,1,人対車両,35～44歳,35～44歳,貨物車－準中型車,歩行者,自家用,対象外当事者,貨物車,対象外当事者,30㎞／ｈ以下,対象外当事者,70,00,小破,対象外当事者,その他,対象外当事者,その他,対象外当事者,損傷なし,死亡,水,その他,34.674298,135.509259,2019-10-30,01:03,red,,,,,,,,,,,,
本票,大阪,苫小牧,0290,死亡,1,0,04790,対象外,0244,121,夜－夜,晴,市街地－人口集中,舗装－乾燥,交差点－その他,環状交差点以外 環状交差点以外をいう。,点灯－３灯式,09,22,00,23,17,9,交差点内,規制なし,5,2,人対車両,35～44歳,75歳以上,乗用車－軽自動車,歩行者,自家用,対象外当事者,乗用車,対象外当事者,60㎞／ｈ以下,対象外当事者,50,00,中破,対象外当事者,その他,対象外当事者,その他,対象外当事者,損傷なし,死亡,日,その他,34.609357,135.533487,2019-10-20,19:55,red,,,,,,,,,,,,
本票,大阪,門別,0656,死亡,1,3,10020,対象外,0130,126,昼－暮,晴,市街地－人口集中,舗装－乾燥,交差点付近－その他,環状交差点以外 環状交差点以外をいう。,点灯－３灯式,00,23,00,23,05,6,単路（交差点付近を含む）,規制なし,1,1,車両単独,75歳以上,不明,乗用車－普通車,物件等,自家用,対象外当事者,乗用車,対象外当事者,60㎞／ｈ以下,対象外当事者,50,00,中破,対象外当事者,装備あり 作動,対象外当事者,その他,対象外当事者,死亡,対象外当事者,日,前日,34.607469,135.573659,2019-10-13,17:12,red,,,,,,,,,,,,
本票,大阪,木古内,0230,死亡,1,0,95000,対象外,0000,204,昼－昼,晴,市街地－人口集中,舗装－乾燥,単路－カーブ・屈折,環状交差点以外 環状交差点以外をいう。,施設なし,00,23,00,23,03,2,単路（交差点付近を含む）,規制なし,4,4,車両単独,35～44歳,不明,軽車両－自転車,物件等,対象外当事者,対象外当事者,対象外当事者,対象外当事者,対象外当事者,対象外当事者,40,00,小破,対象外当事者,対象外当事者,対象外当事者,対象外当事者,対象外当事者,死亡,対象外当事者,土,その他,34.833489,135.429455,2019-10-26,12:28,red,,,,,,,,,,,,
本票,大阪,江差,0547,死亡,1,0,85000,対象外,0000,141,夜－暮,晴,市街地－人口集中,舗装－乾燥,単路－カーブ・屈折,環状交差点以外 環状交差点以外をいう。,施設なし,00,23,00,23,03,5,単路（交差点付近を含む）,規制なし,4,1,車両単独,55～64歳,不明,軽車両－自転車,相手なし,対象外当事者,対象外当事者,対象外当事者,対象外当事者,対象外当事者,対象外当事者,10,00,小破,対象外当事者,対象外当事者,対象外当事者,対象外当事者,対象外当事者,死亡,対象外当事者,水,その他,34.593251,135.457784,2019-10-30,17:48,red,,,,,,,,,,,,
本票,大阪,大崎,0549,死亡,1,1,03100,対象外,0104,231,夜－夜,曇,市街地－人口集中,舗装－乾燥,交差点－その他,環状交差点以外 環状交差点以外をいう。,点灯－３灯式,09,22,09,22,15,9,交差点内,規制なし,5,2,車両相互,55～64歳,0～24歳,乗用車－普通車,二輪車－自動二輪－軽二輪－126～250cc,自家用,自家用,乗用車,対象外当事者,30㎞／ｈ以下,40㎞／ｈ以下,40,10,中破,大破,その他,対象外当事者,その他,対象外当事者,損傷なし,死亡,木,その他,34.505179,135.544878,2019-10-03,01:17,red,,,,,,,,,,,,
本票,大阪,田園調布,0330,死亡,1,0,03080,対象外,0138,227,昼－昼,曇,市街地－その他,舗装－乾燥,交差点－その他,環状交差点以外 環状交差点以外をいう。,施設なし,09,22,00,23,18,9,交差点内,規制なし,1,1,人対車両,45～54歳,75歳以上,貨物車－準中型車,歩行者,自家用,対象外当事者,貨物車,対象外当事者,指定の速度規制なし等,対象外当事者,80,00,小破,対象外当事者,その他,対象外当事者,その他,対象外当事者,損傷なし,死亡,月,前日,34.680033,135.633493,2019-10-21,13:30,red,,,,,,,,,,,,
本票,大阪,豊中南,0310,死亡,1,0,30990,対象外,0000,203,昼－昼,晴,市街地－人口集中,非舗装,踏切－第一種,環状交差点以外 環状交差点以外をいう。,施設なし,00,23,00,23,01,9,その他,規制なし,5,4,列車,25～34歳,65～74歳,列車,歩行者,対象外当事者,対象外当事者,対象外当事者,対象外当事者,対象外当事者,対象外当事者,80,00,小破,対象外当事者,対象外当事者,対象外当事者,対象外当事者,対象外当事者,損傷なし,死亡,土,その他,34.741293,135.463597,2019-10-05,09:39,red,,,,,,,,,,,,
本票,兵庫,高速道路交通警察隊,0631,死亡,1,1,45020,下,0287,204,夜－明,曇,非市街地,舗装－湿潤,単路－橋,環状交差点以外 環状交差点以外をいう。,施設なし,00,23,00,23,06,3,単路（交差点付近を含む）,規制なし,1,3,車両相互,65～74歳,45～54歳,乗用車－普通車,貨物車－軽自動車,自家用,自家用,乗用車,貨物車,80㎞／ｈ以下,80㎞／ｈ以下,10,31,大破,大破,装備あり 作動,装備あり 作動,その他,その他,損傷なし,負傷,日,前日,34.834812,135.261781,2019-10-13,05:37,red,277,西日本高速道路,追越車線,完全分離－高架・橋梁,カーブ－500m以上,平坦－１％以上,,3,該当なし,該当なし,該当なし,0
本票,兵庫,東入間,0442,死亡,1,0,39990,対象外,0000,202,昼－昼,晴,市街地－人口集中,舗装－乾燥,交差点付近－その他,環状交差点以外 環状交差点以外をいう。,施設なし,00,23,00,23,02,9,単路（交差点付近を含む）,規制なし,5,4,人対車両,35～44歳,75歳以上,貨物車－軽自動車,歩行者,自家用,対象外当事者,貨物車,対象外当事者,40㎞／ｈ以下,対象外当事者,10,00,中破,対象外当事者,その他,対象外当事者,その他,対象外当事者,損傷なし,死亡,水,その他,34.713931,135.412707,2019-10-16,07:10,red,,,,,,,,,,,,
本票,兵庫,東入間,0457,死亡,1,0,00430,上,0113,202,昼－明,雨,市街地－人口集中,舗装－湿潤,交差点付近－その他,環状交差点以外 環状交差点以外をいう。,施設なし,00,23,00,23,06,9,単路（交差点付近を含む）,規制なし,1,1,車両単独,25～34歳,不明,二輪車－原付自転車,物件等,自家用,対象外当事者,対象外当事者,対象外当事者,指定の速度規制なし等,対象外当事者,42,00,小破,対象外当事者,対象外当事者,対象外当事者,対象外当事者,対象外当事者,死亡,対象外当事者,金,その他,34.715352,135.413005,2019-10-25,06:37,red,,,,,,,,,,,,
本票,兵庫,新座,0554,死亡,1,0,39990,対象外,0000,202,夜－夜,晴,市街地－人口集中,舗装－乾燥,踏切－第一種,環状交差点以外 環状交差点以外をいう。,施設なし,00,23,00,23,03,9,その他,規制なし,5,4,列車,35～44歳,65～74歳,列車,歩行者,対象外当事者,対象外当事者,対象外当事者,対象外当事者,対象外当事者,対象外当事者,80,00,小破,対象外当事者,対象外当事者,対象外当事者,対象外当事者,対象外当事者,損傷なし,死亡,日,その他,34.737075,135.403504,2019-10-27,00:25,red,,,,,,,,,,,,
本票,兵庫,大宮東,0498,死亡,1,0,01760,上,1674,214,昼－昼,晴,市街地－人口集中,舗装－乾燥,単路－カーブ・屈折,環状交差点以外 環状交差点以外をいう。,施設なし,00,23,00,23,05,6,その他,規制なし,1,2,車両単独,35～44歳,不明,二輪車－自動二輪－軽二輪－126～250cc,物件等,自家用,対象外当事者,対象外当事者,対象外当事者,50㎞／ｈ以下,対象外当事者,10,00,中破,対象外当事者,対象外当事者,対象外当事者,対象外当事者,対象外当事者,死亡,対象外当事者,金,その他,34.805287,135.376354,2019-10-11,07:15,red,,,,,,,,,,,,