資料区分,都道府県コード,警察署等コード,本票番号,事故内容,死者数,負傷者数,路線コード,上下線,地点コード,市区町村コード,昼夜,天候,地形,路面状態,道路形状,環状交差点の直径,信号機,一時停止規制　標識（当事者A）,一時停止規制　表示（当事者A）,一時停止規制　標識（当事者B）,一時停止規制　表示（当事者B）,車道幅員,道路線形,衝突地点,ゾーン規制,中央分離帯施設等,歩車道区分,事故類型,年齢（当事者A）,年齢（当事者B）,当事者種別（当事者A）,当事者種別（当事者B）,用途別（当事者A）,用途別（当事者B）,車両形状（当事者A）,車両形状（当事者B）,速度規制（指定のみ）（当事者A）,速度規制（指定のみ）（当事者B）,車両の衝突部位（当事者A）,車両の衝突部位（当事者B）,車両の損壊程度（当事者A）,車両の損壊程度（当事者B）,エアバッグの装備（当事者A）,エアバッグの装備（当事者B）,サイドエアバッグの装備（当事者A）,サイドエアバッグの装備（当事者B）,人身損傷程度（当事者A）,人身損傷程度（当事者B）,曜日(発生年月日),祝日(発生年月日),緯度,経度,発生日,発生時,color,発生地点,道路管理者区分,道路区分,道路構造,曲線半径,縦断勾配,トンネル番号,当事者車両台数,車両単独事故の対象物,臨時速度規制の有無,速度規制（臨時のみ）,トンネル延長距離
本票,愛媛,岩見沢,0562,死亡,1,0,00110,上,0000,201,夜－夜,曇,市街地－人口集中,舗装－湿潤,単路－その他,環状交差点以外 環状交差点以外をいう。,施設なし,00,23,00,23,06,9,単路（交差点付近を含む）,規制なし,1,2,車両単独,25～34歳,不明,乗用車－軽自動車,物件等,自家用,対象外当事者,乗用車,対象外当事者,50㎞／ｈ以下,対象外当事者,10,00,大破,対象外当事者,装備あり 作動,対象外当事者,その他,対象外当事者,死亡,対象外当事者,金,その他,33.828714,132.781700,2019-10-25,02:55,red,,,,,,,,,,,,
本票,高知,白石,0209,死亡,1,0,30000,対象外,0000,201,昼－昼,晴,非市街地,舗装－乾燥,単路－その他,環状交差点以外 環状交差点以外をいう。,施設なし,00,23,00,23,01,8,単路（交差点付近を含む）,規制なし,5,4,車両単独,75歳以上,不明,乗用車－普通車,相手なし,自家用,対象外当事者,乗用車,対象外当事者,指定の速度規制なし等,対象外当事者,70,00,小破,対象外当事者,その他,対象外当事者,その他,対象外当事者,死亡,対象外当事者,土,その他,33.542244,133.467094,2019-10-12,12:45,red,,,,,,,,,,,,
本票,高知,野辺地,0104,死亡,2,4,01940,対象外,0000,386,昼－昼,晴,非市街地,舗装－乾燥,単路－カーブ・屈折,環状交差点以外 環状交差点以外をいう。,施設なし,00,23,00,23,03,5,単路（交差点付近を含む）,規制なし,4,3,車両相互,65～74歳,65～74歳,乗用車－軽自動車,乗用車－軽自動車,自家用,自家用,乗用車,乗用車,50㎞／ｈ以下,50㎞／ｈ以下,10,10,大破,大破,装備あり 作動,装備あり 作動,その他,その他,死亡,負傷,日,その他,33.685932,133.333056,2019-10-27,09:58,red,,,,,,,,,,,,
本票,高知,三戸,0011,死亡,1,0,14190,対象外,0000,412,昼－昼,晴,市街地－その他,舗装－乾燥,交差点付近－その他,環状交差点以外 環状交差点以外をいう。,点灯－３灯式,00,23,00,23,03,8,単路（交差点付近を含む）,規制なし,4,2,車両単独,75歳以上,不明,乗用車－軽自動車,物件等,自家用,対象外当事者,乗用車,対象外当事者,40㎞／ｈ以下,対象外当事者,10,00,大破,対象外当事者,装備あり 作動,対象外当事者,その他,対象外当事者,死亡,対象外当事者,火,その他,33.215861,133.138374,2019-10-08,11:43,red,,,,,,,,,,,,
本票,高知,滝川,0051,死亡,1,0,00561,上,1030,428,昼－昼,曇,市街地－その他,舗装－乾燥,交差点－その他,環状交差点以外 環状交差点以外をいう。,施設なし,09,22,00,23,18,9,交差点内,規制なし,5,2,人対車両,45～54歳,75歳以上,乗用車－軽自動車,歩行者,自家用,対象外当事者,乗用車,対象外当事者,50㎞／ｈ以下,対象外当事者,10,00,中破,対象外当事者,その他,対象外当事者,その他,対象外当事者,損傷なし,死亡,水,その他,33.029331,133.014428,2019-10-23,14:53,red,,,,,,,,,,,,
本票,高知,小樽,0154,死亡,1,0,70000,対象外,0000,201,夜－明,晴,非市街地,舗装－乾燥,交差点－その他,環状交差点以外 環状交差点以外をいう。,施設なし,09,22,00,23,11,9,交差点内,規制なし,5,4,車両単独,65～74歳,不明,軽車両－自転車,相手なし,対象外当事者,対象外当事者,対象外当事者,対象外当事者,対象外当事者,対象外当事者,10,00,小破,対象外当事者,対象外当事者,対象外当事者,対象外当事者,対象外当事者,死亡,対象外当事者,日,前日,33.554498,133.586324,2019-10-13,06:00,red,,,,,,,,,,,,
本票,福岡,函館西,0383,死亡,1,0,37990,対象外,0000,105,昼－明,晴,市街地－人口集中,舗装－乾燥,交差点－その他,環状交差点以外 環状交差点以外をいう。,点灯－３灯式,09,22,00,23,19,9,交差点内,規制なし,5,2,人対車両,45～54歳,65～74歳,貨物車－普通車,歩行者,自家用,対象外当事者,貨物車,対象外当事者,40㎞／ｈ以下,対象外当事者,10,00,小破,対象外当事者,その他,対象外当事者,その他,対象外当事者,損傷なし,死亡,火,当日,33.899498,130.830559,2019-10-22,07:10,red,,,,,,,,,,,,
本票,福岡,森,1155,死亡,1,0,85000,対象外,0000,109,昼－昼,晴,市街地－人口集中,舗装－乾燥,単路－その他,環状交差点以外 環状交差点以外をいう。,施設なし,00,23,00,23,05,9,単路（交差点付近を含む）,規制なし,5,2,車両単独,55～64歳,不明,貨物車－大型車,相手なし,自家用,対象外当事者,貨物車,対象外当事者,指定の速度規制なし等,対象外当事者,50,00,損壊なし,対象外当事者,その他,対象外当事者,その他,対象外当事者,死亡,対象外当事者,日,その他,33.876361,130.745830,2019-10-27,09:32,red,,,,,,,,,,,,
本票,福岡,松前,0514,死亡,1,2,01990,対象外,0000,101,昼－昼,曇,市街地－人口集中,舗装－乾燥,交差点－その他,環状交差点以外 環状交差点以外をいう。,点灯－３灯式,09,22,09,22,18,9,交差点内,規制なし,5,2,車両相互,65～74歳,75歳以上,乗用車－普通車,乗用車－軽自動車,自家用,自家用,乗用車,乗用車,50㎞／ｈ以下,50㎞／ｈ以下,88,11,大破,大破,装備あり 作動,装備あり 作動,その他,その他,負傷,負傷,金,その他,33.905770,130.930211,2019-10-25,07:59,red,,,,,,,,,,,,
本票,福岡,泉大津,1085,死亡,1,0,37990,対象外,0000,109,夜－夜,晴,市街地－人口集中,舗装－乾燥,単路－カーブ・屈折,環状交差点以外 環状交差点以外をいう。,施設なし,00,23,00,23,03,3,単路（交差点付近を含む）,規制なし,4,2,車両単独,65～74歳,不明,乗用車－軽自動車,物件等,自家用,対象外当事者,乗用車,対象外当事者,30㎞／ｈ以下,対象外当事者,10,00,大破,対象外当事者,その他,対象外当事者,その他,対象外当事者,死亡,対象外当事者,火,その他,33.860003,130.751538,2019-10-29,01:42,red,,,,,,,,,,,,
本票,福岡,中標津,0643,死亡,2,0,37990,対象外,0000,211,昼－昼,晴,市街地－その他,舗装－乾燥,単路－カーブ・屈折,環状交差点以外 環状交差点以外をいう。,施設なし,00,23,00,23,02,6,その他,規制なし,5,4,車両単独,75歳以上,不明,乗用車－普通車,相手なし,自家用,対象外当事者,乗用車,対象外当事者,指定の速度規制なし等,対象外当事者,50,00,小破,対象外当事者,その他,対象外当事者,その他,対象外当事者,死亡,対象外当事者,火,当日,33.200389,130.458945,2019-10-22,16:15,red,,,,,,,,,,,,
本票,福岡,大牟田,0526,死亡,1,0,02080,上,0350,202,夜－夜,晴,市街地－人口集中,舗装－乾燥,交差点－その他,環状交差点以外 環状交差点以外をいう。,点灯－３灯式,09,22,09,22,18,9,交差点内,規制なし,5,2,車両相互,0～24歳,0～24歳,貨物車－大型車,二輪車－自動二輪－軽二輪－126～250cc,事業用,自家用,貨物車,対象外当事者,50㎞／ｈ以下,50㎞／ｈ以下,47,10,小破,大破,その他,対象外当事者,その他,対象外当事者,損傷なし,死亡,火,その他,33.027722,130.444114,2019-10-08,20:00,red,,,,,,,,,,,,
本票,佐賀,野辺地,0289,死亡,1,0,02020,下,0809,401,夜－暮,晴,非市街地,舗装－乾燥,単路－その他,環状交差点以外 環状交差点以外をいう。,施設なし,00,23,00,23,03,9,単路（交差点付近を含む）,規制なし,4,2,人対車両,35～44歳,75歳以上,乗用車－軽自動車,歩行者,自家用,対象外当事者,乗用車,対象外当事者,40㎞／ｈ以下,対象外当事者,10,00,小破,対象外当事者,その他,対象外当事者,その他,対象外当事者,損傷なし,死亡,火,その他,33.212983,129.849885,2019-10-08,18:40,red,,,,,,,,,,,,
本票,佐賀,滝川,0208,死亡,1,0,02070,下,0140,425,夜－夜,晴,市街地－その他,舗装－乾燥,単路－その他,環状交差点以外 環状交差点以外をいう。,施設なし,00,23,00,23,03,9,単路（交差点付近を含む）,規制なし,4,2,人対車両,35～44歳,75歳以上,乗用車－普通車,歩行者,自家用,対象外当事者,乗用車,対象外当事者,50㎞／ｈ以下,対象外当事者,50,00,小破,対象外当事者,その他,対象外当事者,その他,対象外当事者,損傷なし,死亡,火,その他,33.183127,130.140304,2019-10-29,19:37,red,,,,,,,,,,,,
本票,佐賀,滝川,0209,死亡,1,0,02070,下,0147,425,夜－夜,晴,市街地－その他,舗装－乾燥,単路－その他,環状交差点以外 環状交差点以外をいう。,施設なし,00,23,00,23,03,9,単路（交差点付近を含む）,規制なし,4,2,人対車両,35～44歳,55～64歳,乗用車－軽自動車,歩行者,自家用,対象外当事者,乗用車,対象外当事者,50㎞／ｈ以下,対象外当事者,50,00,中破,対象外当事者,その他,対象外当事者,その他,対象外当事者,損傷なし,死亡,水,その他,33.178007,130.139060,2019-10-30,22:10,red,,,,,,,,,,,,
本票,長崎,白石,0207,死亡,1,0,20030,対象外,0000,201,夜－暮,雨,市街地－人口集中,舗装－湿潤,交差点付近－その他,環状交差点以外 環状交差点以外をいう。,施設なし,00,23,00,23,04,7,単路（交差点付近を含む）,規制なし,4,2,人対車両,55～64歳,0～24歳,乗用車－普通車,歩行者,自家用,対象外当事者,乗用車,対象外当事者,50㎞／ｈ以下,対象外当事者,10,00,小破,対象外当事者,その他,対象外当事者,その他,対象外当事者,損傷なし,死亡,水,その他,32.724593,129.870123,2019-10-23,18:23,red,,,,,,,,,,,,
本票,長崎,東,0285,死亡,1,0,57000,対象外,0000,201,夜－明,晴,市街地－その他,舗装－乾燥,単路－トンネル,環状交差点以外 環状交差点以外をいう。,施設なし,00,23,00,23,03,4,単路（交差点付近を含む）,規制なし,3,2,車両相互,45～54歳,35～44歳,貨物車－大型車,乗用車－普通車,事業用,自家用,貨物車,乗用車,60㎞／ｈ以下,60㎞／ｈ以下,50,10,中破,大破,その他,装備あり 作動,その他,装備あり 作動,損傷なし,死亡,火,その他,32.799816,129.880547,2019-10-15,05:31,red,,,,,,,,,,,,
本票,長崎,美唄,0096,死亡,1,0,10450,対象外,0000,203,夜－夜,晴,市街地－その他,舗装－乾燥,交差点付近－その他,環状交差点以外 環状交差点以外をいう。,施設なし,00,23,00,23,05,8,単路（交差点付近を含む）,規制なし,4,2,人対車両,65～74歳,75歳以上,乗用車－軽自動車,歩行者,自家用,対象外当事者,乗用車,対象外当事者,50㎞／ｈ以下,対象外当事者,10,00,中破,対象外当事者,その他,対象外当事者,その他,対象外当事者,損傷なし,死亡,月,その他,32.788022,130.356544,2019-10-28,19:56,red,,,,,,,,,,,,
本票,長崎,三戸,0063,死亡,1,0,02510,対象外,0000,214,昼－昼,晴,市街地－その他,舗装－乾燥,単路－その他,環状交差点以外 環状交差点以外をいう。,施設なし,00,23,00,23,03,9,単路（交差点付近を含む）,規制なし,4,2,車両相互,0～24歳,65～74歳,乗用車－軽自動車,軽車両－自転車,自家用,対象外当事者,乗用車,対象外当事者,50㎞／ｈ以下,対象外当事者,10,40,中破,大破,その他,対象外当事者,その他,対象外当事者,損傷なし,死亡,火,その他,32.663232,130.313633,2019-10-15,11:09,red,,,,,,,,,,,,
本票,長崎,余市,0242,死亡,1,0,04980,対象外,0000,202,昼－昼,曇,市街地－人口集中,舗装－湿潤,単路－その他,環状交差点以外 環状交差点以外をいう。,施設なし,00,23,00,23,04,9,単路（交差点付近を含む）,規制なし,4,2,人対車両,75歳以上,75歳以上,貨物車－軽自動車,歩行者,自家用,対象外当事者,貨物車,対象外当事者,40㎞／ｈ以下,対象外当事者,10,00,小破,対象外当事者,その他,対象外当事者,その他,対象外当事者,損傷なし,死亡,水,その他,33.206566,129.724090,2019-10-02,10:14,red,,,,,,,,,,,,
本票,長崎,伊達,0032,死亡,1,0,02040,対象外,0000,208,夜－夜,晴,市街地－その他,舗装－乾燥,単路－その他,環状交差点以外 環状交差点以外をいう。,施設なし,00,23,00,23,03,9,単路（交差点付近を含む）,規制なし,1,3,人対車両,35～44歳,35～44歳,乗用車－普通車,歩行者,自家用,対象外当事者,乗用車,対象外当事者,50㎞／ｈ以下,対象外当事者,50,00,中破,対象外当事者,その他,対象外当事者,その他,対象外当事者,損傷なし,死亡,金,その他,33.347998,129.717013,2019-10-11,00:06,red,,,,,,,,,,,,
本票,熊本,白石,0462,死亡,1,0,02660,対象外,0000,104,夜－夜,曇,市街地－その他,舗装－乾燥,単路－その他,環状交差点以外 環状交差点以外をいう。,施設なし,00,23,00,23,04,9,単路（交差点付近を含む）,規制なし,4,2,車両相互,45～54歳,65～74歳,貨物車－中型車,乗用車－普通車,事業用,自家用,貨物車,乗用車,50㎞／ｈ以下,50㎞／ｈ以下,30,10,小破,中破,装備あり 作動,装備あり 作動,その他,その他,損傷なし,死亡,土,その他,32.766832,130.725120,2019-10-26,00:51,red,,,,,,,,,,,,
本票,熊本,江別,0165,死亡,1,0,04430,対象外,0000,369,昼－昼,晴,非市街地,舗装－乾燥,交差点－その他,環状交差点以外 環状交差点以外をいう。,施設なし,09,22,09,22,14,8,交差点内,規制なし,4,2,車両相互,65～74歳,45～54歳,乗用車－普通車,二輪車－自動二輪－軽二輪－126～250cc,自家用,自家用,乗用車,対象外当事者,指定の速度規制なし等,50㎞／ｈ以下,50,10,小破,小破,その他,対象外当事者,その他,対象外当事者,損傷なし,死亡,日,前日,33.037696,130.603714,2019-10-13,09:10,red,,,,,,,,,,,,
本票,熊本,野辺地,0175,死亡,1,0,30000,対象外,0000,404,夜－夜,晴,市街地－人口集中,舗装－乾燥,単路－その他,環状交差点以外 環状交差点以外をいう。,施設なし,00,23,00,23,03,9,単路（交差点付近を含む）,規制なし,4,2,人対車両,25～34歳,55～64歳,乗用車－普通車,歩行者,自家用,対象外当事者,乗用車,対象外当事者,指定の速度規制なし等,対象外当事者,10,00,小破,対象外当事者,その他,対象外当事者,その他,対象外当事者,損傷なし,死亡,火,当日,32.859088,130.770104,2019-10-22,02:25,red,,,,,,,,,,,,
本票,熊本,美唄,0010,死亡,1,0,30000,対象外,0000,424,昼－昼,晴,非市街地,舗装－乾燥,単路－カーブ・屈折,環状交差点以外 環状交差点以外をいう。,施設なし,00,23,00,23,03,5,単路（交差点付近を含む）,規制なし,4,4,車両単独,55～64歳,不明,乗用車－普通車,物件等,自家用,対象外当事者,乗用車,対象外当事者,指定の速度規制なし等,対象外当事者,52,00,大破,対象外当事者,その他,対象外当事者,その他,対象外当事者,死亡,対象外当事者,日,その他,33.191268,131.045696,2019-10-27,10:58,red,,,,,,,,,,,,
本票,熊本,砂川,0063,死亡,1,0,00570,下,0669,214,昼－昼,曇,非市街地,舗装－湿潤,単路－その他,環状交差点以外 環状交差点以外をいう。,施設なし,00,23,00,23,03,9,単路（交差点付近を含む）,規制なし,4,2,車両相互,25～34歳,75歳以上,貨物車－大型車,軽車両－駆動補助機付自転車,事業用,対象外当事者,貨物車,対象外当事者,50㎞／ｈ以下,対象外当事者,15,42,小破,小破,その他,対象外当事者,その他,対象外当事者,損傷なし,死亡,木,その他,32.933948,131.066374,2019-10-03,11:10,red,,,,,,,,,,,,
本票,熊本,砂川,0069,死亡,1,0,00570,下,0968,214,昼－昼,晴,市街地－その他,舗装－乾燥,単路－その他,環状交差点以外 環状交差点以外をいう。,施設なし,00,23,00,23,03,9,単路（交差点付近を含む）,規制なし,4,2,人対車両,65～74歳,75歳以上,貨物車－普通車,歩行者,自家用,対象外当事者,貨物車,対象外当事者,50㎞／ｈ以下,対象外当事者,15,00,小破,対象外当事者,その他,対象外当事者,その他,対象外当事者,損傷なし,死亡,金,その他,32.934184,131.073832,2019-10-11,13:15,red,,,,,,,,,,,,
本票,熊本,余市,0196,死亡,1,0,23360,対象外,0000,202,昼－昼,曇,市街地－その他,舗装－乾燥,交差点－その他,環状交差点以外 環状交差点以外をいう。,点灯－３灯式,09,22,09,22,18,9,交差点内,規制なし,4,2,車両相互,35～44歳,65～74歳,乗用車－軽自動車,二輪車－原付自転車,自家用,自家用,乗用車,対象外当事者,50㎞／ｈ以下,指定の速度規制なし等,80,20,小破,小破,その他,対象外当事者,その他,対象外当事者,損傷なし,死亡,月,その他,32.522755,130.594514,2019-10-28,09:50,red,,,,,,,,,,,,
本票,大分,芦別,0098,死亡,1,0,10100,対象外,0000,206,昼－昼,晴,非市街地,舗装－乾燥,単路－カーブ・屈折,環状交差点以外 環状交差点以外をいう。,施設なし,00,23,00,23,03,2,単路（交差点付近を含む）,規制なし,4,3,車両単独,65～74歳,不明,乗用車－軽自動車,物件等,自家用,対象外当事者,乗用車,対象外当事者,指定の速度規制なし等,対象外当事者,10,00,中破,対象外当事者,その他,対象外当事者,その他,対象外当事者,死亡,対象外当事者,日,その他,33.138491,131.734269,2019-10-27,08:20,red,,,,,,,,,,,,
本票,大分,倶知安,0263,死亡,1,0,30000,対象外,0000,213,昼－暮,晴,非市街地,舗装－乾燥,交差点付近－その他,環状交差点以外 環状交差点以外をいう。,施設なし,00,23,00,23,02,5,その他,規制なし,5,4,車両単独,75歳以上,不明,特殊車－小型－農耕作業用,相手なし,対象外当事者,対象外当事者,対象外当事者,対象外当事者,指定の速度規制なし等,対象外当事者,56,00,小破,対象外当事者,対象外当事者,対象外当事者,対象外当事者,対象外当事者,死亡,対象外当事者,土,その他,33.199591,131.427390,2019-10-12,17:00,red,,,,,,,,,,,,
本票,宮崎,中央,1493,死亡,1,0,30000,対象外,0000,201,夜－夜,晴,市街地－人口集中,舗装－乾燥,単路－その他,環状交差点以外 環状交差点以外をいう。,施設なし,00,23,00,23,04,9,単路（交差点付近を含む）,規制なし,5,2,人対車両,55～64歳,75歳以上,乗用車－軽自動車,歩行者,自家用,対象外当事者,乗用車,対象外当事者,40㎞／ｈ以下,対象外当事者,10,00,小破,対象外当事者,その他,対象外当事者,その他,対象外当事者,損傷なし,死亡,木,その他,31.903068,131.441375,2019-10-31,18:52,red,,,,,,,,,,,,
本票,宮崎,東,0931,死亡,1,0,10120,対象外,0000,341,昼－昼,晴,非市街地,舗装－乾燥,交差点－その他,環状交差点以外 環状交差点以外をいう。,施設なし,01,22,09,22,14,9,交差点内,規制なし,4,2,車両相互,65～74歳,35～44歳,特殊車－大型－農耕作業用,二輪車－自動二輪－小型二輪－751ｃｃ以上,対象外当事者,自家用,対象外当事者,対象外当事者,指定の速度規制なし等,40㎞／ｈ以下,20,10,小破,大破,対象外当事者,対象外当事者,対象外当事者,対象外当事者,損傷なし,死亡,月,当日,31.716229,131.122416,2019-10-14,15:13,red,,,,,,,,,,,,
本票,宮崎,東,0956,死亡,1,0,30000,対象外,0000,202,夜－夜,晴,市街地－人口集中,舗装－乾燥,単路－その他,環状交差点以外 環状交差点以外をいう。,施設なし,00,23,00,23,04,9,単路（交差点付近を含む）,規制なし,4,2,人対車両,0～24歳,45～54歳,乗用車－普通車,歩行者,自家用,対象外当事者,乗用車,対象外当事者,40㎞／ｈ以下,対象外当事者,10,00,小破,対象外当事者,その他,対象外当事者,その他,対象外当事者,損傷なし,死亡,日,その他,31.718454,131.065767,2019-10-20,01:17,red,,,,,,,,,,,,
本票,宮崎,東,0999,死亡,1,0,10450,対象外,0000,202,夜－夜,晴,非市街地,舗装－乾燥,単路－カーブ・屈折,環状交差点以外 環状交差点以外をいう。,施設なし,00,23,00,23,03,3,単路（交差点付近を含む）,規制なし,4,3,人対車両,45～54歳,75歳以上,乗用車－軽自動車,歩行者,自家用,対象外当事者,乗用車,対象外当事者,50㎞／ｈ以下,対象外当事者,10,00,小破,対象外当事者,その他,対象外当事者,その他,対象外当事者,損傷なし,死亡,木,その他,31.816989,131.010629,2019-10-31,18:26,red,,,,,,,,,,,,
本票,宮崎,三戸,0905,死亡,1,0,30000,対象外,0000,201,夜－夜,曇,非市街地,舗装－乾燥,交差点－その他,環状交差点以外 環状交差点以外をいう。,施設なし,01,21,09,22,14,9,交差点内,規制なし,5,4,車両相互,0～24歳,0～24歳,乗用車－普通車,二輪車－自動二輪－軽二輪－126～250cc,自家用,自家用,乗用車,対象外当事者,指定の速度規制なし等,指定の速度規制なし等,20,14,小破,中破,その他,対象外当事者,その他,対象外当事者,損傷なし,死亡,月,その他,31.841783,131.407127,2019-10-28,18:42,red,,,,,,,,,,,,
本票,鹿児島,中央,0591,死亡,1,0,30620,対象外,0000,201,夜－夜,晴,市街地－人口集中,舗装－乾燥,交差点付近－その他,環状交差点以外 環状交差点以外をいう。,点灯－３灯式,00,23,00,23,05,9,単路（交差点付近を含む）,規制なし,4,2,人対車両,45～54歳,55～64歳,乗用車－普通車,歩行者,自家用,対象外当事者,乗用車,対象外当事者,40㎞／ｈ以下,対象外当事者,15,00,中破,対象外当事者,その他,対象外当事者,その他,対象外当事者,損傷なし,死亡,火,当日,31.597658,130.558533,2019-10-22,20:21,red,,,,,,,,,,,,
本票,鹿児島,東,0440,死亡,1,0,03280,上,0000,201,夜－明,晴,市街地－その他,舗装－乾燥,交差点－その他,環状交差点以外 環状交差点以外をいう。,施設なし,09,22,00,23,14,9,交差点内,規制なし,4,2,人対車両,45～54歳,75歳以上,乗用車－軽自動車,歩行者,自家用,対象外当事者,乗用車,対象外当事者,50㎞／ｈ以下,対象外当事者,80,00,中破,対象外当事者,その他,対象外当事者,その他,対象外当事者,損傷なし,死亡,月,その他,31.690683,130.477473,2019-10-28,06:05,red,,,,,,,,,,,,
本票,鹿児島,滝川,0052,死亡,1,0,39000,対象外,0000,404,夜－明,曇,非市街地,舗装－乾燥,交差点－その他,環状交差点以外 環状交差点以外をいう。,施設なし,09,22,00,23,11,8,交差点内,規制なし,5,4,車両単独,65～74歳,不明,貨物車－軽自動車,相手なし,自家用,対象外当事者,貨物車,対象外当事者,指定の速度規制なし等,対象外当事者,80,00,大破,対象外当事者,その他,対象外当事者,その他,対象外当事者,死亡,対象外当事者,木,その他,32.147287,130.130188,2019-10-17,06:00,red,,,,,,,,,,,,
本票,鹿児島,門別,0292,死亡,1,0,99000,対象外,0000,203,昼－昼,晴,市街地－人口集中,非舗装,一般交通の場所,環状交差点以外 環状交差点以外をいう。,施設なし,00,23,00,23,00,0,その他,規制なし,0,4,人対車両,55～64歳,75歳以上,乗用車－普通車,歩行者,事業用,対象外当事者,乗用車,対象外当事者,指定の速度規制なし等,対象外当事者,70,00,小破,対象外当事者,その他,対象外当事者,その他,対象外当事者,損傷なし,死亡,木,その他,31.381998,130.862297,2019-10-17,08:53,red,,,,,,,,,,,,
本票,沖縄,西,0230,死亡,1,0,03290,上,0673,348,夜－夜,晴,市街地－人口集中,舗装－乾燥,単路－その他,環状交差点以外 環状交差点以外をいう。,施設なし,00,23,00,23,04,8,単路（交差点付近を含む）,規制なし,4,2,人対車両,35～44歳,45～54歳,乗用車－軽自動車,歩行者,自家用,対象外当事者,乗用車,対象外当事者,50㎞／ｈ以下,対象外当事者,10,00,中破,対象外当事者,その他,対象外当事者,その他,対象外当事者,損傷なし,死亡,水,その他,26.200004,127.747820,2019-10-23,20:21,red,,,,,,,,,,,,
本票,沖縄,江別,0521,死亡,1,0,03290,下,0471,211,昼－昼,晴,市街地－人口集中,舗装－乾燥,単路－その他,環状交差点以外 環状交差点以外をいう。,施設なし,00,23,00,23,04,9,単路（交差点付近を含む）,規制なし,4,2,車両相互,25～34歳,35～44歳,乗用車－普通車,二輪車－原付自転車,自家用,自家用,乗用車,対象外当事者,40㎞／ｈ以下,指定の速度規制なし等,40,21,中破,中破,その他,対象外当事者,その他,対象外当事者,損傷なし,死亡,水,その他,26.343577,127.813647,2019-10-02,08:49,red,,,,,,,,,,,,
本票,沖縄,江別,0570,死亡,1,1,03290,下,0493,211,夜－明,雨,市街地－人口集中,舗装－湿潤,交差点－その他,環状交差点以外 環状交差点以外をいう。,施設なし,09,22,09,22,15,9,交差点内,規制なし,4,2,車両相互,65～74歳,0～24歳,乗用車－軽自動車,乗用車－軽自動車,自家用,自家用,乗用車,乗用車,指定の速度規制なし等,50㎞／ｈ以下,20,11,中破,大破,その他,装備あり 作動,その他,その他,損傷なし,死亡,火,当日,26.326643,127.822806,2019-10-22,05:47,red,,,,,,,,,,,,
本票,沖縄,岩見沢,0133,死亡,1,0,10850,対象外,0000,213,夜－夜,晴,市街地－人口集中,舗装－乾燥,単路－その他,環状交差点以外 環状交差点以外をいう。,施設なし,00,23,00,23,05,9,単路（交差点付近を含む）,規制なし,1,2,人対車両,25～34歳,25～34歳,乗用車－普通車,歩行者,自家用,対象外当事者,乗用車,対象外当事者,50㎞／ｈ以下,対象外当事者,10,00,小破,対象外当事者,その他,対象外当事者,その他,対象外当事者,損傷なし,死亡,日,その他,26.336684,127.845316,2019-10-06,02:16,red,,,,,,,,,,,,
本票,沖縄,野辺地,0029,死亡,1,0,26150,対象外,0000,308,昼－昼,晴,非市街地,舗装－乾燥,交差点－その他,環状交差点以外 環状交差点以外をいう。,施設なし,09,22,00,23,14,8,交差点内,規制なし,4,2,人対車両,65～74歳,75歳以上,乗用車－普通車,歩行者,自家用,対象外当事者,乗用車,対象外当事者,40㎞／ｈ以下,対象外当事者,50,00,小破,対象外当事者,その他,対象外当事者,その他,対象外当事者,損傷なし,死亡,火,その他,26.663074,127.904291,2019-10-08,10:04,red,,,,,,,,,,,,
本票,沖縄,滝川,0175,死亡,1,0,32010,対象外,0000,201,昼－昼,曇,市街地－人口集中,舗装－乾燥,単路－その他,環状交差点以外 環状交差点以外をいう。,施設なし,00,23,00,23,03,9,単路（交差点付近を含む）,規制なし,5,4,車両単独,65～74歳,不明,乗用車－普通車,物件等,自家用,対象外当事者,乗用車,対象外当事者,指定の速度規制なし等,対象外当事者,48,00,大破,対象外当事者,装備あり 作動,対象外当事者,その他,対象外当事者,死亡,対象外当事者,金,その他,26.186732,127.666610,2019-10-18,08:23,red,,,,,,,,,,,,
本票,北海道（札幌方面）,高速道路交通警察隊,0049,死亡,1,1,40040,下,0000,226,夜－夜,雪,非市街地,舗装－積雪,単路－その他,環状交差点以外 環状交差点以外をいう。,施設なし,00,23,00,23,06,9,単路（交差点付近を含む）,規制なし,1,3,車両相互,25～34歳,0～24歳,乗用車－大型車,乗用車－普通車,事業用,自家用,乗用車,乗用車,80㎞／ｈ以下,80㎞／ｈ以下,10,20,中破,大破,その他,装備あり 作動,その他,その他,損傷なし,負傷,土,その他,43.454336,141.918586,2019-11-16,17:25,red,676,東日本高速道路,追越車線,完全分離－その他,直線,平坦・該当なし,,2,該当なし,あり－異常気象,80㎞/h以下,0