資料区分,都道府県コード,警察署等コード,本票番号,事故内容,死者数,負傷者数,路線コード,上下線,地点コード,市区町村コード,昼夜,天候,地形,路面状態,道路形状,環状交差点の直径,信号機,一時停止規制　標識（当事者A）,一時停止規制　表示（当事者A）,一時停止規制　標識（当事者B）,一時停止規制　表示（当事者B）,車道幅員,道路線形,衝突地点,ゾーン規制,中央分離帯施設等,歩車道区分,事故類型,年齢（当事者A）,年齢（当事者B）,当事者種別（当事者A）,当事者種別（当事者B）,用途別（当事者A）,用途別（当事者B）,車両形状（当事者A）,車両形状（当事者B）,速度規制（指定のみ）（当事者A）,速度規制（指定のみ）（当事者B）,車両の衝突部位（当事者A）,車両の衝突部位（当事者B）,車両の損壊程度（当事者A）,車両の損壊程度（当事者B）,エアバッグの装備（当事者A）,エアバッグの装備（当事者B）,サイドエアバッグの装備（当事者A）,サイドエアバッグの装備（当事者B）,人身損傷程度（当事者A）,人身損傷程度（当事者B）,曜日(発生年月日),祝日(発生年月日),緯度,経度,発生日,発生時,color,発生地点,道路管理者区分,道路区分,道路構造,曲線半径,縦断勾配,トンネル番号,当事者車両台数,車両単独事故の対象物,臨時速度規制の有無,速度規制（臨時のみ）,トンネル延長距離
本票,北海道（札幌方面）,江別,0183,死亡,1,0,00120,対象外,0226,217,昼－昼,曇,市街地－人口集中,舗装－乾燥,交差点－その他,環状交差点以外 環状交差点以外をいう。,点灯－３灯式,09,22,00,23,18,9,交差点内,規制なし,5,2,人対車両,45～54歳,75歳以上,貨物車－軽自動車,歩行者,自家用,対象外当事者,貨物車,対象外当事者,50㎞／ｈ以下,対象外当事者,50,00,小破,対象外当事者,その他,対象外当事者,その他,対象外当事者,損傷なし,死亡,月,当日,43.113554,141.552043,2019-11-04,10:49,red,,,,,,,,,,,,
本票,北海道（札幌方面）,千歳,0288,死亡,1,0,39990,対象外,0000,231,夜－夜,曇,市街地－人口集中,舗装－湿潤,交差点付近－その他,環状交差点以外 環状交差点以外をいう。,施設なし,00,23,00,23,04,9,単路（交差点付近を含む）,規制なし,4,2,人対車両,55～64歳,75歳以上,乗用車－軽自動車,歩行者,自家用,対象外当事者,乗用車,対象外当事者,40㎞／ｈ以下,対象外当事者,10,00,小破,対象外当事者,その他,対象外当事者,その他,対象外当事者,損傷なし,死亡,金,その他,42.903364,141.575842,2019-11-15,17:34,red,,,,,,,,,,,,
本票,北海道（札幌方面）,砂川,0040,死亡,1,0,29990,対象外,0000,424,夜－夜,曇,市街地－その他,舗装－凍結,交差点付近－その他,環状交差点以外 環状交差点以外をいう。,施設なし,00,23,00,23,04,9,単路（交差点付近を含む）,規制なし,4,2,人対車両,45～54歳,45～54歳,貨物車－軽自動車,歩行者,自家用,対象外当事者,貨物車,対象外当事者,40㎞／ｈ以下,対象外当事者,10,00,中破,対象外当事者,その他,対象外当事者,その他,対象外当事者,損傷なし,死亡,木,その他,43.422279,141.884277,2019-11-28,17:18,red,,,,,,,,,,,,
本票,北海道（札幌方面）,苫小牧,0387,死亡,1,0,39990,対象外,0000,213,夜－暮,曇,市街地－人口集中,舗装－乾燥,交差点－その他,環状交差点以外 環状交差点以外をいう。,点灯－３灯式,09,22,00,23,15,9,交差点内,規制なし,1,2,人対車両,45～54歳,55～64歳,乗用車－軽自動車,歩行者,自家用,対象外当事者,乗用車,対象外当事者,30㎞／ｈ以下,対象外当事者,10,00,小破,対象外当事者,その他,対象外当事者,その他,対象外当事者,損傷なし,死亡,土,当日,42.662195,141.611902,2019-11-23,17:00,red,,,,,,,,,,,,
本票,北海道（札幌方面）,静内,0028,死亡,1,0,10730,対象外,0000,610,夜－夜,曇,市街地－その他,舗装－乾燥,単路－その他,環状交差点以外 環状交差点以外をいう。,施設なし,00,23,00,23,04,9,単路（交差点付近を含む）,規制なし,4,2,人対車両,35～44歳,75歳以上,乗用車－軽自動車,歩行者,自家用,対象外当事者,乗用車,対象外当事者,40㎞／ｈ以下,対象外当事者,50,00,小破,対象外当事者,その他,対象外当事者,その他,対象外当事者,損傷なし,死亡,月,その他,42.348603,142.374944,2019-11-11,17:18,red,,,,,,,,,,,,
本票,北海道（札幌方面）,浦河,0023,死亡,1,0,03360,対象外,0110,608,昼－昼,晴,非市街地,舗装－乾燥,単路－カーブ・屈折,環状交差点以外 環状交差点以外をいう。,施設なし,00,23,00,23,04,6,単路（交差点付近を含む）,規制なし,4,3,車両単独,55～64歳,不明,特殊車－大型－その他,物件等,対象外当事者,対象外当事者,対象外当事者,対象外当事者,指定の速度規制なし等,対象外当事者,80,00,小破,対象外当事者,対象外当事者,対象外当事者,対象外当事者,対象外当事者,損傷なし,対象外当事者,金,その他,42.117711,142.966212,2019-11-29,09:05,red,,,,,,,,,,,,
本票,北海道（札幌方面）,北,0737,死亡,1,0,39990,対象外,0000,102,夜－夜,曇,市街地－人口集中,舗装－乾燥,交差点付近－その他,環状交差点以外 環状交差点以外をいう。,点灯－３灯式,00,23,00,23,03,9,単路（交差点付近を含む）,規制なし,5,2,人対車両,65～74歳,65～74歳,乗用車－普通車,歩行者,自家用,対象外当事者,乗用車,対象外当事者,40㎞／ｈ以下,対象外当事者,10,00,小破,対象外当事者,その他,対象外当事者,その他,対象外当事者,損傷なし,死亡,水,その他,43.113421,141.322211,2019-11-13,17:34,red,,,,,,,,,,,,
本票,北海道（札幌方面）,厚別,0320,死亡,1,0,39990,対象外,0000,108,夜－夜,晴,市街地－人口集中,舗装－凍結,交差点－その他,環状交差点以外 環状交差点以外をいう。,点灯－押ボタン式,09,22,00,23,18,9,交差点内,規制なし,1,2,人対車両,65～74歳,75歳以上,乗用車－普通車,歩行者,事業用,対象外当事者,乗用車,対象外当事者,50㎞／ｈ以下,対象外当事者,10,00,小破,対象外当事者,その他,対象外当事者,その他,対象外当事者,損傷なし,死亡,木,その他,43.036058,141.476021,2019-11-21,00:20,red,,,,,,,,,,,,
本票,北海道（函館方面）,函館西,0074,死亡,1,0,39990,対象外,0000,202,昼－昼,雨,市街地－人口集中,舗装－湿潤,交差点－その他,環状交差点以外 環状交差点以外をいう。,点灯－３灯式,09,22,09,22,15,9,交差点内,規制なし,4,2,車両相互,55～64歳,75歳以上,貨物車－大型車,軽車両－自転車,事業用,対象外当事者,貨物車,対象外当事者,50㎞／ｈ以下,対象外当事者,40,10,損壊なし,大破,その他,対象外当事者,その他,対象外当事者,損傷なし,死亡,木,その他,41.809288,140.712987,2019-11-14,11:33,red,,,,,,,,,,,,
本票,北海道（旭川方面）,旭川中央,0261,死亡,1,0,10910,対象外,0000,204,夜－夜,曇,市街地－人口集中,舗装－湿潤,交差点付近－その他,環状交差点以外 環状交差点以外をいう。,施設なし,00,23,00,23,05,9,単路（交差点付近を含む）,規制なし,4,2,人対車両,45～54歳,75歳以上,乗用車－普通車,歩行者,自家用,対象外当事者,乗用車,対象外当事者,50㎞／ｈ以下,対象外当事者,15,00,小破,対象外当事者,その他,対象外当事者,その他,対象外当事者,損傷なし,死亡,水,その他,43.810887,142.375034,2019-11-27,17:15,red,,,,,,,,,,,,
本票,北海道（旭川方面）,旭川中央,0263,死亡,1,0,10910,対象外,0000,204,夜－夜,曇,市街地－人口集中,舗装－湿潤,交差点－その他,環状交差点以外 環状交差点以外をいう。,施設なし,09,22,00,23,18,9,交差点内,規制なし,5,2,人対車両,45～54歳,45～54歳,乗用車－普通車,歩行者,自家用,対象外当事者,乗用車,対象外当事者,50㎞／ｈ以下,対象外当事者,80,00,小破,対象外当事者,その他,対象外当事者,その他,対象外当事者,損傷なし,死亡,水,その他,43.812191,142.376646,2019-11-27,17:15,red,,,,,,,,,,,,
本票,北海道（旭川方面）,留萌,0023,死亡,1,0,02330,対象外,0530,212,夜－夜,晴,市街地－その他,舗装－乾燥,単路－カーブ・屈折,環状交差点以外 環状交差点以外をいう。,施設なし,00,23,00,23,06,6,単路（交差点付近を含む）,規制なし,1,2,人対車両,45～54歳,35～44歳,貨物車－大型車,歩行者,事業用,対象外当事者,貨物車,対象外当事者,50㎞／ｈ以下,対象外当事者,80,00,小破,対象外当事者,その他,対象外当事者,その他,対象外当事者,損傷なし,死亡,水,その他,43.933530,141.667820,2019-11-13,03:13,red,,,,,,,,,,,,
本票,北海道（旭川方面）,旭川東,0358,死亡,1,0,10390,対象外,0000,204,昼－昼,雪,市街地－人口集中,舗装－湿潤,交差点－その他,環状交差点以外 環状交差点以外をいう。,施設なし,09,22,00,23,18,8,交差点内,規制なし,4,2,人対車両,55～64歳,75歳以上,貨物車－大型車,歩行者,事業用,対象外当事者,貨物車,対象外当事者,50㎞／ｈ以下,対象外当事者,10,00,小破,対象外当事者,その他,対象外当事者,その他,対象外当事者,損傷なし,死亡,木,その他,43.811674,142.433271,2019-11-07,14:29,red,,,,,,,,,,,,
本票,北海道（釧路方面）,中標津,0023,死亡,1,2,10150,対象外,0000,691,昼－昼,雪,非市街地,舗装－積雪,単路－その他,環状交差点以外 環状交差点以外をいう。,施設なし,00,23,00,23,03,9,単路（交差点付近を含む）,規制なし,4,2,車両相互,45～54歳,45～54歳,乗用車－普通車,乗用車－普通車,自家用,自家用,乗用車,乗用車,指定の速度規制なし等,指定の速度規制なし等,40,10,大破,大破,その他,装備あり 作動,装備あり 作動,その他,死亡,負傷,月,その他,43.466055,144.727958,2019-11-18,14:10,red,,,,,,,,,,,,
本票,青森,白石,0357,死亡,1,0,30000,対象外,0000,202,夜－夜,晴,市街地－その他,舗装－乾燥,単路－その他,環状交差点以外 環状交差点以外をいう。,施設なし,00,23,00,23,03,9,単路（交差点付近を含む）,規制なし,5,4,人対車両,55～64歳,65～74歳,貨物車－軽自動車,歩行者,自家用,対象外当事者,貨物車,対象外当事者,指定の速度規制なし等,対象外当事者,50,00,小破,対象外当事者,その他,対象外当事者,その他,対象外当事者,損傷なし,死亡,金,その他,40.709877,140.409870,2019-11-15,05:15,red,,,,,,,,,,,,
本票,青森,江別,0105,死亡,1,0,30000,対象外,0000,205,夜－夜,曇,市街地－その他,舗装－乾燥,単路－その他,環状交差点以外 環状交差点以外をいう。,施設なし,00,23,00,23,03,9,単路（交差点付近を含む）,規制なし,5,4,人対車両,45～54歳,75歳以上,乗用車－軽自動車,歩行者,自家用,対象外当事者,乗用車,対象外当事者,指定の速度規制なし等,対象外当事者,00,00,小破,対象外当事者,その他,対象外当事者,その他,対象外当事者,損傷なし,死亡,木,その他,40.907569,140.470059,2019-11-28,04:26,red,,,,,,,,,,,,
本票,青森,千歳,0070,死亡,1,1,03380,対象外,0198,424,昼－昼,晴,非市街地,舗装－乾燥,単路－その他,環状交差点以外 環状交差点以外をいう。,施設なし,00,23,00,23,04,9,単路（交差点付近を含む）,規制なし,4,2,車両相互,25～34歳,0～24歳,貨物車－大型車,乗用車－軽自動車,事業用,自家用,貨物車,乗用車,指定の速度規制なし等,指定の速度規制なし等,10,51,小破,大破,その他,装備あり 作動,その他,その他,損傷なし,死亡,土,当日,41.234716,141.384920,2019-11-23,15:09,red,,,,,,,,,,,,
本票,青森,栗山,0175,死亡,1,0,01020,対象外,0740,206,夜－夜,晴,市街地－その他,舗装－乾燥,交差点－その他,環状交差点以外 環状交差点以外をいう。,点灯－３灯式,09,22,00,23,15,9,交差点内,規制なし,5,2,人対車両,45～54歳,75歳以上,乗用車－普通車,歩行者,自家用,対象外当事者,乗用車,対象外当事者,50㎞／ｈ以下,対象外当事者,50,00,小破,対象外当事者,その他,対象外当事者,その他,対象外当事者,損傷なし,死亡,月,当日,40.614017,141.234094,2019-11-04,04:42,red,,,,,,,,,,,,
本票,青森,滝川,0043,死亡,1,0,03940,対象外,0280,402,夜－明,曇,非市街地,舗装－湿潤,単路－その他,環状交差点以外 環状交差点以外をいう。,施設なし,00,23,00,23,03,9,単路（交差点付近を含む）,規制なし,4,2,人対車両,45～54歳,65～74歳,乗用車－中型車,歩行者,自家用,対象外当事者,乗用車,対象外当事者,50㎞／ｈ以下,対象外当事者,80,00,小破,対象外当事者,その他,対象外当事者,その他,対象外当事者,損傷なし,死亡,木,その他,40.717121,141.178325,2019-11-21,05:45,red,,,,,,,,,,,,
本票,岩手,赤歌,0038,死亡,1,0,02810,対象外,0000,207,夜－夜,晴,非市街地,舗装－乾燥,単路－その他,環状交差点以外 環状交差点以外をいう。,施設なし,00,23,00,23,04,7,単路（交差点付近を含む）,規制なし,5,3,車両単独,65～74歳,不明,乗用車－軽自動車,物件等,自家用,対象外当事者,乗用車,対象外当事者,60㎞／ｈ以下,対象外当事者,10,00,大破,対象外当事者,装備あり 作動,対象外当事者,装備あり 作動,対象外当事者,死亡,対象外当事者,火,その他,40.141152,141.540484,2019-11-12,22:25,red,,,,,,,,,,,,
本票,岩手,小樽,0202,死亡,1,0,10160,対象外,0000,216,夜－夜,晴,非市街地,舗装－乾燥,単路－その他,環状交差点以外 環状交差点以外をいう。,施設なし,00,23,00,23,03,9,単路（交差点付近を含む）,規制なし,4,2,人対車両,45～54歳,75歳以上,貨物車－普通車,歩行者,自家用,対象外当事者,貨物車,対象外当事者,40㎞／ｈ以下,対象外当事者,10,00,中破,対象外当事者,装備あり 作動,対象外当事者,その他,対象外当事者,損傷なし,死亡,水,その他,39.743432,141.087759,2019-11-27,21:30,red,,,,,,,,,,,,
本票,宮城,高速道路交通警察隊,0080,死亡,1,0,41010,上,0000,213,夜－夜,曇,非市街地,舗装－乾燥,単路－カーブ・屈折,環状交差点以外 環状交差点以外をいう。,施設なし,00,23,00,23,05,3,単路（交差点付近を含む）,規制なし,1,3,人対車両,45～54歳,75歳以上,乗用車－普通車,歩行者,自家用,対象外当事者,乗用車,対象外当事者,指定の速度規制なし等,対象外当事者,50,00,小破,対象外当事者,その他,対象外当事者,その他,対象外当事者,損傷なし,死亡,月,当日,38.673867,140.982052,2019-11-04,17:54,red,3856,東日本高速道路,走行車線－第一通行帯,完全分離－盛土,カーブ－700m以上,平坦・該当なし,,2,該当なし,該当なし,該当なし,0
本票,宮城,高速道路交通警察隊,0081,死亡,1,0,41010,上,0000,213,夜－夜,曇,非市街地,舗装－乾燥,単路－カーブ・屈折,環状交差点以外 環状交差点以外をいう。,施設なし,00,23,00,23,05,3,単路（交差点付近を含む）,規制なし,1,4,人対車両,35～44歳,75歳以上,貨物車－普通車,歩行者,自家用,対象外当事者,貨物車,対象外当事者,指定の速度規制なし等,対象外当事者,10,00,小破,対象外当事者,装備あり 作動,対象外当事者,その他,対象外当事者,損傷なし,死亡,月,当日,38.673748,140.981931,2019-11-04,17:55,red,3856,東日本高速道路,走行車線－第二通行帯以上,完全分離－盛土,カーブ－700m以上,平坦・該当なし,,1,該当なし,該当なし,該当なし,0
本票,宮城,西,0506,死亡,1,0,30000,対象外,0000,102,夜－夜,晴,市街地－人口集中,舗装－乾燥,交差点－その他,環状交差点以外 環状交差点以外をいう。,点灯－３灯式,09,22,09,22,18,9,交差点内,規制なし,5,4,車両相互,55～64歳,25～34歳,貨物車－大型車,軽車両－自転車,事業用,対象外当事者,貨物車,対象外当事者,50㎞／ｈ以下,対象外当事者,80,10,小破,大破,その他,対象外当事者,その他,対象外当事者,損傷なし,死亡,金,その他,38.262673,140.905209,2019-11-08,04:13,red,,,,,,,,,,,,
本票,宮城,岩見沢,0208,死亡,1,0,30000,対象外,0000,322,夜－明,晴,非市街地,舗装－凍結,単路－カーブ・屈折,環状交差点以外 環状交差点以外をいう。,施設なし,00,23,00,23,03,2,その他,規制なし,4,2,車両単独,65～74歳,不明,貨物車－軽自動車,相手なし,自家用,対象外当事者,貨物車,対象外当事者,指定の速度規制なし等,対象外当事者,10,00,大破,対象外当事者,その他,対象外当事者,その他,対象外当事者,死亡,対象外当事者,土,その他,38.076785,140.717770,2019-11-30,05:50,red,,,,,,,,,,,,
本票,宮城,美唄,0376,死亡,1,0,99000,対象外,0000,214,夜－暮,曇,非市街地,舗装－乾燥,一般交通の場所,環状交差点以外 環状交差点以外をいう。,施設なし,00,23,00,23,00,0,その他,規制なし,0,4,車両単独,45～54歳,不明,乗用車－普通車,相手なし,自家用,対象外当事者,乗用車,対象外当事者,指定の速度規制なし等,対象外当事者,10,00,中破,対象外当事者,装備あり 作動,対象外当事者,その他,対象外当事者,死亡,対象外当事者,木,その他,38.327357,141.165692,2019-02-28,17:50,red,,,,,,,,,,,,
本票,秋田,高速道路交通警察隊,0018,死亡,1,1,41020,下,0000,209,夜－夜,曇,非市街地,舗装－乾燥,単路－橋,環状交差点以外 環状交差点以外をいう。,施設なし,00,23,00,23,04,3,単路（交差点付近を含む）,規制なし,1,3,車両相互,45～54歳,35～44歳,貨物車－大型車,貨物車－準中型車,事業用,事業用,貨物車,貨物車,80㎞／ｈ以下,80㎞／ｈ以下,60,80,中破,大破,その他,その他,その他,その他,負傷,死亡,土,前日,40.127206,140.821380,2019-11-02,03:45,red,5863,東日本高速道路,走行車線－第一通行帯,完全分離－高架・橋梁,カーブ－700m以上,平坦－２％以上,,2,該当なし,あり－その他,50㎞/h以下,0
本票,秋田,白石,0079,死亡,1,0,37000,対象外,0000,204,夜－暮,晴,非市街地,舗装－乾燥,交差点付近－その他,環状交差点以外 環状交差点以外をいう。,施設なし,00,23,00,23,03,9,単路（交差点付近を含む）,規制なし,5,4,人対車両,65～74歳,75歳以上,乗用車－普通車,歩行者,自家用,対象外当事者,乗用車,対象外当事者,30㎞／ｈ以下,対象外当事者,80,00,小破,対象外当事者,装備あり 作動,対象外当事者,その他,対象外当事者,損傷なし,死亡,金,前日,40.270897,140.453638,2019-11-22,16:55,red,,,,,,,,,,,,
本票,秋田,小樽,0133,死亡,1,0,00070,下,2759,201,夜－夜,晴,市街地－人口集中,舗装－乾燥,単路－その他,環状交差点以外 環状交差点以外をいう。,施設なし,00,23,00,23,05,9,単路（交差点付近を含む）,規制なし,4,2,人対車両,55～64歳,75歳以上,乗用車－普通車,歩行者,自家用,対象外当事者,乗用車,対象外当事者,50㎞／ｈ以下,対象外当事者,10,00,小破,対象外当事者,その他,対象外当事者,その他,対象外当事者,損傷なし,死亡,日,その他,39.755827,140.067230,2019-11-17,21:30,red,,,,,,,,,,,,
本票,秋田,伊達,0116,死亡,1,0,14090,対象外,0000,434,夜－夜,雨,市街地－その他,舗装－湿潤,単路－その他,環状交差点以外 環状交差点以外をいう。,施設なし,00,23,00,23,03,9,単路（交差点付近を含む）,規制なし,4,2,人対車両,25～34歳,75歳以上,乗用車－軽自動車,歩行者,自家用,対象外当事者,乗用車,対象外当事者,40㎞／ｈ以下,対象外当事者,10,00,中破,対象外当事者,装備あり 作動,対象外当事者,その他,対象外当事者,損傷なし,死亡,火,その他,39.464063,140.581392,2019-11-19,17:50,red,,,,,,,,,,,,
本票,秋田,苫小牧,0125,死亡,1,0,37000,対象外,0000,203,夜－暮,曇,非市街地,舗装－乾燥,単路－その他,環状交差点以外 環状交差点以外をいう。,施設なし,00,23,00,23,03,9,単路（交差点付近を含む）,規制なし,4,4,人対車両,45～54歳,75歳以上,乗用車－軽自動車,歩行者,自家用,対象外当事者,乗用車,対象外当事者,50㎞／ｈ以下,対象外当事者,10,00,小破,対象外当事者,その他,対象外当事者,その他,対象外当事者,損傷なし,死亡,水,その他,39.269887,140.424626,2019-11-06,17:17,red,,,,,,,,,,,,
本票,山形,白石,0402,死亡,1,0,30000,対象外,0000,203,昼－昼,雨,市街地－その他,舗装－湿潤,単路－その他,環状交差点以外 環状交差点以外をいう。,施設なし,00,23,00,23,03,9,単路（交差点付近を含む）,規制なし,4,2,車両相互,55～64歳,65～74歳,乗用車－普通車,乗用車－軽自動車,自家用,自家用,乗用車,乗用車,指定の速度規制なし等,指定の速度規制なし等,50,10,小破,小破,その他,装備あり 作動,その他,その他,損傷なし,死亡,木,その他,38.755806,139.845639,2019-11-07,15:17,red,,,,,,,,,,,,
本票,山形,千歳,0219,死亡,1,0,70000,対象外,0000,208,昼－昼,晴,非市街地,非舗装,単路－その他,環状交差点以外 環状交差点以外をいう。,施設なし,00,23,00,23,02,9,その他,規制なし,5,4,車両単独,75歳以上,不明,特殊車－小型－農耕作業用,相手なし,対象外当事者,対象外当事者,対象外当事者,対象外当事者,指定の速度規制なし等,対象外当事者,80,00,小破,対象外当事者,対象外当事者,対象外当事者,対象外当事者,対象外当事者,死亡,対象外当事者,土,前日,38.520417,140.313333,2019-11-02,11:40,red,,,,,,,,,,,,
本票,山形,千歳,0229,死亡,1,2,00130,下,1224,208,夜－夜,晴,非市街地,舗装－乾燥,交差点付近－その他,環状交差点以外 環状交差点以外をいう。,点灯－３灯式,00,23,00,23,05,9,単路（交差点付近を含む）,規制なし,1,2,車両相互,25～34歳,75歳以上,乗用車－普通車,貨物車－軽自動車,自家用,自家用,乗用車,貨物車,指定の速度規制なし等,指定の速度規制なし等,10,31,中破,大破,装備あり 作動,装備あり 作動,その他,その他,損傷なし,死亡,日,その他,38.525722,140.395472,2019-11-24,01:37,red,,,,,,,,,,,,
本票,山形,千歳,0230,死亡,1,0,30000,対象外,0000,208,夜－暮,曇,非市街地,舗装－乾燥,単路－その他,環状交差点以外 環状交差点以外をいう。,施設なし,00,23,00,23,03,9,単路（交差点付近を含む）,規制なし,4,4,車両相互,65～74歳,65～74歳,貨物車－軽自動車,軽車両－自転車,自家用,対象外当事者,貨物車,対象外当事者,40㎞／ｈ以下,対象外当事者,80,30,小破,中破,その他,対象外当事者,その他,対象外当事者,損傷なし,死亡,日,その他,38.479750,140.378750,2019-11-24,16:57,red,,,,,,,,,,,,
本票,山形,砂川,0053,死亡,1,1,03470,下,0245,212,夜－暮,曇,非市街地,舗装－湿潤,交差点－その他,環状交差点以外 環状交差点以外をいう。,施設なし,09,21,04,22,17,9,交差点内,規制なし,4,2,車両相互,55～64歳,55～64歳,貨物車－大型車,乗用車－軽自動車,事業用,自家用,貨物車,乗用車,指定の速度規制なし等,指定の速度規制なし等,50,10,中破,大破,その他,装備あり 作動,その他,その他,負傷,死亡,金,その他,38.604194,140.381306,2019-11-29,17:06,red,,,,,,,,,,,,
本票,福島,中央,0380,死亡,1,1,30000,対象外,0000,201,夜－明,晴,市街地－人口集中,舗装－乾燥,単路－橋,環状交差点以外 環状交差点以外をいう。,施設なし,00,23,00,23,03,9,単路（交差点付近を含む）,規制なし,4,3,人対車両,35～44歳,75歳以上,二輪車－自動二輪－原付二種－51～125cc,歩行者,自家用,対象外当事者,対象外当事者,対象外当事者,40㎞／ｈ以下,対象外当事者,10,00,小破,対象外当事者,対象外当事者,対象外当事者,対象外当事者,対象外当事者,負傷,死亡,日,当日,37.730110,140.436073,2019-11-03,05:32,red,,,,,,,,,,,,
本票,福島,中央,0390,死亡,1,0,10000,対象外,0000,201,昼－昼,晴,市街地－人口集中,舗装－乾燥,交差点－その他,環状交差点以外 環状交差点以外をいう。,点灯－３灯式,09,22,00,23,19,9,交差点内,規制なし,5,2,人対車両,55～64歳,55～64歳,乗用車－普通車,歩行者,自家用,対象外当事者,乗用車,対象外当事者,指定の速度規制なし等,対象外当事者,10,00,小破,対象外当事者,その他,対象外当事者,その他,対象外当事者,損傷なし,死亡,火,その他,37.752869,140.463786,2019-11-12,10:40,red,,,,,,,,,,,,
本票,福島,中央,0422,死亡,1,0,30000,対象外,0000,201,昼－昼,雨,市街地－人口集中,舗装－湿潤,踏切－第一種,環状交差点以外 環状交差点以外をいう。,施設なし,00,23,00,23,01,9,その他,規制なし,5,4,列車,35～44歳,75歳以上,列車,歩行者,対象外当事者,対象外当事者,対象外当事者,対象外当事者,対象外当事者,対象外当事者,80,00,小破,対象外当事者,対象外当事者,対象外当事者,対象外当事者,対象外当事者,損傷なし,死亡,土,当日,37.765008,140.432486,2019-11-23,10:07,red,,,,,,,,,,,,
本票,福島,栗山,0529,死亡,1,0,30000,対象外,0000,203,昼－昼,雨,市街地－人口集中,舗装－湿潤,交差点－その他,環状交差点以外 環状交差点以外をいう。,施設なし,09,22,00,23,17,7,交差点内,規制なし,5,2,人対車両,75歳以上,75歳以上,乗用車－軽自動車,歩行者,自家用,対象外当事者,乗用車,対象外当事者,50㎞／ｈ以下,対象外当事者,10,00,小破,対象外当事者,その他,対象外当事者,その他,対象外当事者,損傷なし,死亡,火,その他,37.378747,140.329187,2019-11-19,12:10,red,,,,,,,,,,,,
本票,福島,北,0077,死亡,1,1,20000,対象外,0000,212,昼－昼,晴,非市街地,舗装－乾燥,単路－その他,環状交差点以外 環状交差点以外をいう。,施設なし,00,23,00,23,03,8,単路（交差点付近を含む）,規制なし,4,2,車両相互,45～54歳,65～74歳,貨物車－準中型車,乗用車－普通車,自家用,自家用,貨物車,乗用車,40㎞／ｈ以下,40㎞／ｈ以下,10,10,大破,大破,装備あり 作動,装備あり 作動,その他,装備あり 作動,負傷,死亡,火,その他,37.656916,140.962791,2019-11-26,15:12,red,,,,,,,,,,,,
本票,福島,豊平,0057,死亡,1,1,00060,下,3027,561,夜－夜,晴,非市街地,舗装－乾燥,単路－その他,環状交差点以外 環状交差点以外をいう。,施設なし,00,23,00,23,04,9,単路（交差点付近を含む）,規制なし,4,2,車両相互,25～34歳,35～44歳,貨物車－大型車,貨物車－軽自動車,事業用,事業用,貨物車,貨物車,指定の速度規制なし等,指定の速度規制なし等,50,53,大破,大破,その他,装備あり 作動,その他,その他,負傷,死亡,火,その他,37.846684,140.933656,2019-11-19,05:10,red,,,,,,,,,,,,
本票,福島,厚別,0308,死亡,1,0,70000,対象外,0000,203,夜－夜,雨,非市街地,舗装－湿潤,単路－トンネル,環状交差点以外 環状交差点以外をいう。,施設なし,00,23,00,23,03,9,単路（交差点付近を含む）,規制なし,4,3,車両単独,35～44歳,不明,乗用車－軽自動車,物件等,自家用,対象外当事者,乗用車,対象外当事者,指定の速度規制なし等,対象外当事者,10,00,大破,対象外当事者,装備あり 作動,対象外当事者,その他,対象外当事者,死亡,対象外当事者,土,その他,37.469680,140.315481,2019-10-12,02:00,red,,,,,,,,,,,,
本票,東京,江別,0114,死亡,1,1,10050,対象外,0000,102,夜－夜,晴,市街地－人口集中,舗装－乾燥,単路－その他,環状交差点以外 環状交差点以外をいう。,施設なし,00,23,00,23,06,9,単路（交差点付近を含む）,規制なし,1,2,車両単独,55～64歳,不明,貨物車－準中型車,物件等,自家用,対象外当事者,貨物車,対象外当事者,60㎞／ｈ以下,対象外当事者,11,00,大破,対象外当事者,装備あり 作動,対象外当事者,その他,対象外当事者,死亡,対象外当事者,金,その他,35.695350,139.782426,2019-11-15,23:11,red,,,,,,,,,,,,
本票,東京,田園調布,0174,死亡,1,0,30000,対象外,0000,111,昼－暮,曇,市街地－人口集中,舗装－乾燥,単路－その他,環状交差点以外 環状交差点以外をいう。,施設なし,00,23,00,23,02,8,単路（交差点付近を含む）,規制なし,5,1,車両単独,65～74歳,不明,軽車両－自転車,物件等,対象外当事者,対象外当事者,対象外当事者,対象外当事者,対象外当事者,対象外当事者,40,00,小破,対象外当事者,対象外当事者,対象外当事者,対象外当事者,対象外当事者,死亡,対象外当事者,水,その他,35.598171,139.697188,2019-11-13,15:40,red,,,,,,,,,,,,
本票,東京,牛込,0118,死亡,1,0,10120,対象外,0000,104,夜－夜,雨,市街地－人口集中,舗装－湿潤,交差点－その他,環状交差点以外 環状交差点以外をいう。,点灯－歩車分式,09,22,00,23,15,9,交差点内,規制なし,5,1,人対車両,55～64歳,75歳以上,乗用車－普通車,歩行者,事業用,対象外当事者,乗用車,対象外当事者,40㎞／ｈ以下,対象外当事者,10,00,小破,対象外当事者,その他,対象外当事者,その他,対象外当事者,損傷なし,死亡,火,その他,35.695937,139.725011,2019-11-19,01:50,red,,,,,,,,,,,,
本票,東京,杉並,0292,死亡,1,0,10130,対象外,0000,115,夜－夜,雨,市街地－人口集中,舗装－湿潤,交差点－その他,環状交差点以外 環状交差点以外をいう。,点灯－３灯式,01,22,01,22,17,9,交差点内,規制なし,5,2,車両相互,25～34歳,65～74歳,乗用車－普通車,二輪車－自動二輪－原付二種－51～125cc,自家用,自家用,乗用車,対象外当事者,50㎞／ｈ以下,50㎞／ｈ以下,10,10,中破,大破,装備あり 作動,対象外当事者,その他,対象外当事者,損傷なし,死亡,木,その他,35.693532,139.654326,2019-11-14,02:18,red,,,,,,,,,,,,