資料区分,都道府県コード,警察署等コード,本票番号,事故内容,死者数,負傷者数,路線コード,上下線,地点コード,市区町村コード,昼夜,天候,地形,路面状態,道路形状,環状交差点の直径,信号機,一時停止規制　標識（当事者A）,一時停止規制　表示（当事者A）,一時停止規制　標識（当事者B）,一時停止規制　表示（当事者B）,車道幅員,道路線形,衝突地点,ゾーン規制,中央分離帯施設等,歩車道区分,事故類型,年齢（当事者A）,年齢（当事者B）,当事者種別（当事者A）,当事者種別（当事者B）,用途別（当事者A）,用途別（当事者B）,車両形状（当事者A）,車両形状（当事者B）,速度規制（指定のみ）（当事者A）,速度規制（指定のみ）（当事者B）,車両の衝突部位（当事者A）,車両の衝突部位（当事者B）,車両の損壊程度（当事者A）,車両の損壊程度（当事者B）,エアバッグの装備（当事者A）,エアバッグの装備（当事者B）,サイドエアバッグの装備（当事者A）,サイドエアバッグの装備（当事者B）,人身損傷程度（当事者A）,人身損傷程度（当事者B）,曜日(発生年月日),祝日(発生年月日),緯度,経度,発生日,発生時,color,発生地点,道路管理者区分,道路区分,道路構造,曲線半径,縦断勾配,トンネル番号,当事者車両台数,車両単独事故の対象物,臨時速度規制の有無,速度規制（臨時のみ）,トンネル延長距離
本票,山梨,高速道路交通警察隊,0041,死亡,1,0,42610,上,0547,212,夜－夜,晴,非市街地,舗装－乾燥,単路－カーブ・屈折,環状交差点以外 環状交差点以外をいう。,施設なし,00,23,00,23,05,2,単路（交差点付近を含む）,規制なし,1,4,人対車両,0～24歳,45～54歳,乗用車－普通車,歩行者,自家用,対象外当事者,乗用車,対象外当事者,50㎞／ｈ以下,対象外当事者,10,00,中破,対象外当事者,その他,対象外当事者,その他,対象外当事者,損傷なし,死亡,土,その他,35.632515,139.073058,2019-11-09,18:35,red,547,中日本高速道路,追越車線,完全分離－その他,カーブ－500m以上,上り・下り－４％以上,,1,該当なし,あり－渋滞,50㎞/h以下,0
本票,山梨,つがる,0230,死亡,1,0,70000,対象外,0000,211,昼－昼,晴,非市街地,舗装－乾燥,単路－その他,環状交差点以外 環状交差点以外をいう。,施設なし,00,23,00,23,02,9,単路（交差点付近を含む）,規制なし,5,4,車両単独,65～74歳,不明,特殊車－小型－農耕作業用,相手なし,対象外当事者,対象外当事者,対象外当事者,対象外当事者,指定の速度規制なし等,対象外当事者,00,00,損壊なし,対象外当事者,対象外当事者,対象外当事者,対象外当事者,対象外当事者,死亡,対象外当事者,水,その他,35.665562,138.665835,2019-11-06,14:58,red,,,,,,,,,,,,
本票,長野,千歳,0216,死亡,2,0,10770,対象外,0000,218,夜－夜,曇,市街地－その他,舗装－乾燥,単路－その他,環状交差点以外 環状交差点以外をいう。,施設なし,00,23,00,23,03,9,単路（交差点付近を含む）,規制なし,4,3,車両単独,0～24歳,不明,乗用車－普通車,物件等,自家用,対象外当事者,乗用車,対象外当事者,40㎞／ｈ以下,対象外当事者,10,00,大破,対象外当事者,その他,対象外当事者,その他,対象外当事者,死亡,対象外当事者,月,当日,36.503636,138.115621,2019-11-04,04:45,red,,,,,,,,,,,,
本票,長野,野辺地,0611,死亡,1,0,37000,対象外,0000,203,夜－夜,晴,非市街地,舗装－乾燥,単路－その他,環状交差点以外 環状交差点以外をいう。,施設なし,00,23,00,23,03,7,単路（交差点付近を含む）,規制なし,4,2,人対車両,0～24歳,65～74歳,乗用車－普通車,歩行者,自家用,対象外当事者,乗用車,対象外当事者,40㎞／ｈ以下,対象外当事者,80,00,小破,対象外当事者,その他,対象外当事者,その他,対象外当事者,損傷なし,死亡,木,その他,36.348721,138.248776,2019-11-21,17:55,red,,,,,,,,,,,,
本票,長野,野辺地,0612,死亡,1,0,10620,対象外,0000,203,昼－昼,晴,非市街地,舗装－乾燥,単路－カーブ・屈折,環状交差点以外 環状交差点以外をいう。,施設なし,00,23,00,23,03,5,単路（交差点付近を含む）,規制なし,4,1,車両単独,65～74歳,不明,貨物車－中型車,物件等,自家用,対象外当事者,貨物車,対象外当事者,50㎞／ｈ以下,対象外当事者,10,00,大破,対象外当事者,その他,対象外当事者,その他,対象外当事者,死亡,対象外当事者,金,前日,36.276208,138.216975,2019-11-22,08:15,red,,,,,,,,,,,,
本票,長野,滝川,0313,死亡,1,1,02540,対象外,0000,217,昼－昼,晴,非市街地,舗装－乾燥,単路－その他,環状交差点以外 環状交差点以外をいう。,施設なし,00,23,00,23,03,9,単路（交差点付近を含む）,規制なし,4,2,車両相互,45～54歳,35～44歳,貨物車－大型車,乗用車－軽自動車,事業用,自家用,貨物車,乗用車,50㎞／ｈ以下,50㎞／ｈ以下,51,51,中破,大破,その他,装備あり 作動,その他,その他,負傷,死亡,土,前日,36.230296,138.527447,2019-11-02,15:10,red,,,,,,,,,,,,
本票,長野,滝川,0317,死亡,1,0,21530,対象外,0000,324,夜－夜,晴,非市街地,舗装－乾燥,交差点－その他,環状交差点以外 環状交差点以外をいう。,施設なし,01,21,09,21,15,9,交差点内,規制なし,4,2,車両相互,0～24歳,55～64歳,乗用車－軽自動車,二輪車－原付自転車,自家用,自家用,乗用車,対象外当事者,40㎞／ｈ以下,指定の速度規制なし等,50,40,中破,小破,その他,対象外当事者,その他,対象外当事者,損傷なし,死亡,火,その他,36.283505,138.328792,2019-11-05,18:00,red,,,,,,,,,,,,
本票,長野,滝川,0319,死亡,1,0,01410,対象外,0000,309,昼－昼,晴,非市街地,舗装－乾燥,単路－その他,環状交差点以外 環状交差点以外をいう。,施設なし,00,23,00,23,03,9,単路（交差点付近を含む）,規制なし,4,2,車両相互,75歳以上,65～74歳,乗用車－普通車,貨物車－普通車,自家用,自家用,乗用車,貨物車,50㎞／ｈ以下,50㎞／ｈ以下,50,50,中破,中破,その他,その他,その他,その他,死亡,損傷なし,火,その他,36.141401,138.471951,2019-11-05,13:10,red,,,,,,,,,,,,
本票,長野,滝川,0344,死亡,1,0,37000,対象外,0000,217,夜－夜,晴,市街地－その他,舗装－乾燥,単路－カーブ・屈折,環状交差点以外 環状交差点以外をいう。,施設なし,00,23,00,23,03,3,単路（交差点付近を含む）,規制なし,5,2,人対車両,75歳以上,45～54歳,乗用車－軽自動車,歩行者,自家用,対象外当事者,乗用車,対象外当事者,指定の速度規制なし等,対象外当事者,10,00,小破,対象外当事者,その他,対象外当事者,その他,対象外当事者,損傷なし,死亡,木,その他,36.254327,138.476318,2019-11-21,23:05,red,,,,,,,,,,,,
本票,長野,赤歌,0099,死亡,1,3,01460,対象外,0000,321,昼－昼,晴,非市街地,舗装－乾燥,単路－その他,環状交差点以外 環状交差点以外をいう。,施設なし,00,23,00,23,04,8,単路（交差点付近を含む）,規制なし,4,3,車両相互,55～64歳,45～54歳,乗用車－普通車,乗用車－軽自動車,自家用,自家用,乗用車,乗用車,40㎞／ｈ以下,40㎞／ｈ以下,80,80,大破,大破,装備あり 作動,装備あり 作動,その他,その他,負傷,負傷,土,前日,36.389287,138.584648,2019-11-02,13:15,red,,,,,,,,,,,,
本票,長野,苫小牧,0170,死亡,1,1,01530,対象外,0000,382,昼－暮,晴,市街地－その他,舗装－乾燥,交差点－その他,環状交差点以外 環状交差点以外をいう。,点灯－３灯式,09,22,00,23,15,9,交差点内,規制なし,5,2,車両単独,65～74歳,不明,乗用車－軽自動車,物件等,自家用,対象外当事者,乗用車,対象外当事者,50㎞／ｈ以下,対象外当事者,10,00,中破,対象外当事者,装備あり 作動,対象外当事者,その他,対象外当事者,損傷なし,対象外当事者,水,その他,35.990890,137.979095,2019-11-06,16:00,red,,,,,,,,,,,,
本票,長野,南,0015,死亡,1,0,39000,対象外,0000,411,昼－暮,曇,非市街地,舗装－乾燥,単路－その他,環状交差点以外 環状交差点以外をいう。,施設なし,00,23,00,23,01,8,その他,規制なし,5,4,車両単独,75歳以上,不明,特殊車－小型－農耕作業用,相手なし,対象外当事者,対象外当事者,対象外当事者,対象外当事者,指定の速度規制なし等,対象外当事者,50,00,中破,対象外当事者,対象外当事者,対象外当事者,対象外当事者,対象外当事者,死亡,対象外当事者,土,その他,35.402001,137.795809,2019-11-16,16:10,red,,,,,,,,,,,,
本票,静岡,仙台中央,0458,死亡,1,0,23940,対象外,0000,220,昼－昼,晴,市街地－人口集中,舗装－乾燥,単路－その他,環状交差点以外 環状交差点以外をいう。,施設なし,00,23,00,23,03,9,単路（交差点付近を含む）,規制なし,4,2,人対車両,45～54歳,35～44歳,乗用車－普通車,歩行者,自家用,対象外当事者,乗用車,対象外当事者,40㎞／ｈ以下,対象外当事者,10,00,小破,対象外当事者,その他,対象外当事者,その他,対象外当事者,損傷なし,死亡,日,その他,35.174692,138.906267,2019-11-10,09:23,red,,,,,,,,,,,,
本票,静岡,中央,0247,死亡,1,0,37000,対象外,0000,304,夜－暮,曇,非市街地,舗装－乾燥,交差点付近－その他,環状交差点以外 環状交差点以外をいう。,施設なし,00,23,00,23,01,9,その他,規制なし,5,4,車両単独,75歳以上,不明,乗用車－軽自動車,相手なし,自家用,対象外当事者,乗用車,対象外当事者,指定の速度規制なし等,対象外当事者,10,00,中破,対象外当事者,装備あり 作動,対象外当事者,その他,対象外当事者,死亡,対象外当事者,土,その他,34.647826,138.855957,2019-11-30,17:18,red,,,,,,,,,,,,
本票,静岡,東,0730,死亡,1,0,00010,上,1067,325,昼－昼,晴,非市街地,舗装－乾燥,単路－カーブ・屈折,環状交差点以外 環状交差点以外をいう。,施設なし,00,23,00,23,04,1,単路（交差点付近を含む）,規制なし,4,2,車両単独,35～44歳,不明,二輪車－自動二輪－小型二輪－751ｃｃ以上,物件等,自家用,対象外当事者,対象外当事者,対象外当事者,40㎞／ｈ以下,対象外当事者,10,00,大破,対象外当事者,対象外当事者,対象外当事者,対象外当事者,対象外当事者,死亡,対象外当事者,土,その他,35.162954,139.001813,2019-11-09,10:35,red,,,,,,,,,,,,
本票,静岡,岩見沢,1598,死亡,1,0,23800,対象外,0000,203,夜－明,晴,市街地－人口集中,舗装－乾燥,交差点－その他,環状交差点以外 環状交差点以外をいう。,点灯－３灯式,09,22,00,23,15,9,交差点内,規制なし,5,2,人対車両,55～64歳,55～64歳,貨物車－普通車,歩行者,自家用,対象外当事者,貨物車,対象外当事者,50㎞／ｈ以下,対象外当事者,10,00,小破,対象外当事者,その他,対象外当事者,その他,対象外当事者,損傷なし,死亡,木,その他,35.122581,138.797883,2019-11-07,05:25,red,,,,,,,,,,,,
本票,静岡,岩見沢,1691,死亡,1,0,21390,対象外,0000,341,夜－夜,晴,市街地－人口集中,舗装－乾燥,交差点付近－その他,環状交差点以外 環状交差点以外をいう。,点灯－押ボタン式,00,23,00,23,03,9,単路（交差点付近を含む）,規制なし,4,2,車両単独,45～54歳,不明,貨物車－軽自動車,物件等,自家用,対象外当事者,貨物車,対象外当事者,40㎞／ｈ以下,対象外当事者,10,00,大破,対象外当事者,装備あり 作動,対象外当事者,その他,対象外当事者,死亡,対象外当事者,月,その他,35.093056,138.895050,2019-11-25,03:05,red,,,,,,,,,,,,
本票,静岡,芦別,0809,死亡,1,0,22250,対象外,0000,214,夜－明,晴,市街地－人口集中,舗装－乾燥,交差点付近－その他,環状交差点以外 環状交差点以外をいう。,施設なし,00,23,00,23,04,9,単路（交差点付近を含む）,規制なし,4,2,人対車両,0～24歳,25～34歳,乗用車－軽自動車,歩行者,自家用,対象外当事者,乗用車,対象外当事者,40㎞／ｈ以下,対象外当事者,80,00,小破,対象外当事者,その他,対象外当事者,その他,対象外当事者,損傷なし,死亡,日,当日,34.851953,138.251285,2019-11-03,05:20,red,,,,,,,,,,,,
本票,静岡,芦別,0890,死亡,1,0,37000,対象外,0000,214,夜－夜,晴,市街地－人口集中,舗装－乾燥,交差点付近－その他,環状交差点以外 環状交差点以外をいう。,点灯－３灯式,00,23,00,23,04,9,単路（交差点付近を含む）,規制なし,4,2,人対車両,35～44歳,35～44歳,乗用車－普通車,歩行者,自家用,対象外当事者,乗用車,対象外当事者,40㎞／ｈ以下,対象外当事者,80,00,小破,対象外当事者,その他,対象外当事者,その他,対象外当事者,損傷なし,死亡,土,その他,34.855801,138.251656,2019-11-30,00:37,red,,,,,,,,,,,,
本票,静岡,室蘭,0620,死亡,1,0,37000,対象外,0000,213,夜－暮,曇,市街地－その他,舗装－乾燥,交差点－その他,環状交差点以外 環状交差点以外をいう。,施設なし,09,22,00,23,14,9,交差点内,規制なし,4,2,人対車両,45～54歳,75歳以上,貨物車－普通車,歩行者,自家用,対象外当事者,貨物車,対象外当事者,40㎞／ｈ以下,対象外当事者,80,00,小破,対象外当事者,その他,対象外当事者,その他,対象外当事者,損傷なし,死亡,水,その他,34.702888,138.044163,2019-11-27,16:57,red,,,,,,,,,,,,
本票,静岡,北,2081,死亡,1,0,01520,対象外,0000,132,夜－夜,晴,市街地－人口集中,舗装－乾燥,交差点付近－その他,環状交差点以外 環状交差点以外をいう。,点灯－３灯式,00,23,00,23,04,9,単路（交差点付近を含む）,規制なし,4,2,車両単独,55～64歳,不明,乗用車－軽自動車,物件等,自家用,対象外当事者,乗用車,対象外当事者,50㎞／ｈ以下,対象外当事者,10,00,中破,対象外当事者,装備あり 作動,対象外当事者,その他,対象外当事者,死亡,対象外当事者,金,その他,34.719136,137.763546,2019-11-01,04:44,red,,,,,,,,,,,,
本票,静岡,上尾,0519,死亡,1,0,10610,対象外,0000,216,夜－暮,晴,市街地－その他,舗装－乾燥,単路－その他,環状交差点以外 環状交差点以外をいう。,施設なし,00,23,00,23,04,9,単路（交差点付近を含む）,規制なし,4,2,人対車両,65～74歳,75歳以上,貨物車－軽自動車,歩行者,自家用,対象外当事者,貨物車,対象外当事者,40㎞／ｈ以下,対象外当事者,50,00,小破,対象外当事者,その他,対象外当事者,その他,対象外当事者,損傷なし,死亡,日,その他,34.805819,137.876929,2019-11-10,17:01,red,,,,,,,,,,,,
本票,富山,赤歌,0489,死亡,1,0,37000,対象外,0000,201,昼－昼,晴,市街地－その他,舗装－乾燥,交差点－その他,環状交差点以外 環状交差点以外をいう。,施設なし,09,22,09,22,11,9,交差点内,規制なし,5,4,車両相互,0～24歳,35～44歳,乗用車－普通車,乗用車－軽自動車,自家用,自家用,乗用車,乗用車,指定の速度規制なし等,指定の速度規制なし等,51,80,中破,中破,その他,その他,その他,その他,損傷なし,損傷なし,土,前日,36.717556,137.217641,2019-11-02,08:30,red,,,,,,,,,,,,
本票,富山,苫小牧,0350,死亡,1,0,14640,対象外,0000,202,夜－暮,晴,非市街地,舗装－乾燥,単路－その他,環状交差点以外 環状交差点以外をいう。,施設なし,00,23,00,23,05,9,単路（交差点付近を含む）,規制なし,4,2,人対車両,75歳以上,75歳以上,乗用車－軽自動車,歩行者,自家用,対象外当事者,乗用車,対象外当事者,40㎞／ｈ以下,対象外当事者,10,00,小破,対象外当事者,その他,対象外当事者,その他,対象外当事者,損傷なし,死亡,土,前日,36.756889,136.989789,2019-11-02,17:20,red,,,,,,,,,,,,
本票,石川,野辺地,0066,死亡,1,0,02490,対象外,0000,384,夜－夜,晴,市街地－その他,舗装－乾燥,交差点－その他,環状交差点以外 環状交差点以外をいう。,施設なし,09,22,00,23,15,3,交差点内,規制なし,4,2,人対車両,55～64歳,75歳以上,貨物車－普通車,歩行者,事業用,対象外当事者,貨物車,対象外当事者,50㎞／ｈ以下,対象外当事者,80,00,小破,対象外当事者,その他,対象外当事者,その他,対象外当事者,損傷なし,死亡,土,前日,37.142354,136.725751,2019-11-02,03:25,red,,,,,,,,,,,,
本票,石川,野辺地,0067,死亡,1,0,02490,対象外,0000,384,夜－夜,晴,非市街地,舗装－乾燥,単路－その他,環状交差点以外 環状交差点以外をいう。,施設なし,00,23,00,23,04,9,単路（交差点付近を含む）,規制なし,4,2,車両相互,75歳以上,75歳以上,乗用車－普通車,軽車両－自転車,自家用,対象外当事者,乗用車,対象外当事者,指定の速度規制なし等,対象外当事者,10,30,小破,中破,その他,対象外当事者,その他,対象外当事者,損傷なし,死亡,水,その他,37.025494,136.783910,2019-11-06,18:35,red,,,,,,,,,,,,
本票,福井,つがる,0095,死亡,1,0,10250,対象外,0000,207,昼－暮,曇,市街地－その他,舗装－乾燥,交差点－その他,環状交差点以外 環状交差点以外をいう。,施設なし,09,22,00,23,14,9,交差点内,規制なし,4,4,人対車両,25～34歳,65～74歳,乗用車－普通車,歩行者,自家用,対象外当事者,乗用車,対象外当事者,50㎞／ｈ以下,対象外当事者,80,00,小破,対象外当事者,その他,対象外当事者,その他,対象外当事者,損傷なし,死亡,日,当日,35.952347,136.241419,2019-11-03,16:48,red,,,,,,,,,,,,
本票,福井,つがる,0101,死亡,1,0,04170,対象外,0000,207,夜－夜,曇,市街地－その他,舗装－湿潤,交差点－その他,環状交差点以外 環状交差点以外をいう。,施設なし,09,22,00,23,15,9,交差点内,規制なし,4,2,人対車両,45～54歳,75歳以上,乗用車－軽自動車,歩行者,自家用,対象外当事者,乗用車,対象外当事者,50㎞／ｈ以下,対象外当事者,50,00,小破,対象外当事者,その他,対象外当事者,その他,対象外当事者,損傷なし,死亡,火,その他,35.971487,136.175831,2019-11-19,18:44,red,,,,,,,,,,,,
本票,福井,砂川,0107,死亡,1,0,00270,上,0212,501,夜－夜,曇,非市街地,舗装－乾燥,単路－その他,環状交差点以外 環状交差点以外をいう。,施設なし,00,23,00,23,03,7,単路（交差点付近を含む）,規制なし,4,3,人対車両,55～64歳,75歳以上,貨物車－中型車,歩行者,事業用,対象外当事者,貨物車,対象外当事者,50㎞／ｈ以下,対象外当事者,80,00,中破,対象外当事者,その他,対象外当事者,その他,対象外当事者,損傷なし,死亡,水,その他,35.564523,135.909101,2019-11-20,01:40,red,,,,,,,,,,,,
本票,岐阜,江別,0323,死亡,1,0,30000,対象外,0000,209,昼－昼,晴,市街地－人口集中,舗装－乾燥,交差点－その他,環状交差点以外 環状交差点以外をいう。,点灯－３灯式,09,22,00,23,15,9,交差点内,規制なし,5,2,人対車両,75歳以上,75歳以上,貨物車－普通車,歩行者,自家用,対象外当事者,貨物車,対象外当事者,30㎞／ｈ以下,対象外当事者,10,00,小破,対象外当事者,その他,対象外当事者,その他,対象外当事者,損傷なし,死亡,水,その他,35.328199,136.709001,2019-11-27,14:45,red,,,,,,,,,,,,
本票,岐阜,つがる,0317,死亡,1,1,10310,対象外,0000,202,夜－明,晴,市街地－人口集中,舗装－乾燥,交差点－その他,環状交差点以外 環状交差点以外をいう。,点灯－３灯式,09,22,09,21,18,9,交差点内,規制なし,5,1,車両相互,35～44歳,35～44歳,貨物車－中型車,乗用車－普通車,自家用,自家用,貨物車,乗用車,50㎞／ｈ以下,指定の速度規制なし等,84,12,中破,大破,その他,装備あり 作動,その他,その他,負傷,死亡,金,その他,35.360403,136.644896,2019-11-08,05:45,red,,,,,,,,,,,,
本票,岐阜,つがる,0334,死亡,1,0,10530,対象外,0000,381,夜－夜,晴,市街地－人口集中,舗装－乾燥,交差点付近－その他,環状交差点以外 環状交差点以外をいう。,点灯－３灯式,00,23,00,23,05,9,単路（交差点付近を含む）,規制なし,3,2,人対車両,35～44歳,55～64歳,乗用車－普通車,歩行者,自家用,対象外当事者,乗用車,対象外当事者,指定の速度規制なし等,対象外当事者,80,00,小破,対象外当事者,その他,対象外当事者,その他,対象外当事者,損傷なし,死亡,金,前日,35.427524,136.608702,2019-11-22,22:50,red,,,,,,,,,,,,
本票,岐阜,余市,0315,死亡,1,3,10330,対象外,0000,208,昼－昼,晴,非市街地,舗装－乾燥,単路－カーブ・屈折,環状交差点以外 環状交差点以外をいう。,施設なし,00,23,00,23,03,4,単路（交差点付近を含む）,規制なし,4,3,車両相互,75歳以上,65～74歳,乗用車－普通車,乗用車－普通車,自家用,自家用,乗用車,乗用車,40㎞／ｈ以下,40㎞／ｈ以下,85,83,中破,中破,装備あり 作動,装備あり 作動,その他,その他,負傷,負傷,金,その他,35.328997,137.295983,2019-11-08,14:08,red,,,,,,,,,,,,
本票,岐阜,倶知安,0077,死亡,1,0,30000,対象外,0000,206,昼－昼,晴,非市街地,舗装－乾燥,交差点－その他,環状交差点以外 環状交差点以外をいう。,施設なし,09,22,00,23,15,1,交差点内,規制なし,4,2,車両単独,65～74歳,不明,貨物車－軽自動車,物件等,自家用,対象外当事者,貨物車,対象外当事者,50㎞／ｈ以下,対象外当事者,84,00,大破,対象外当事者,装備あり 作動,対象外当事者,その他,対象外当事者,死亡,対象外当事者,土,前日,35.486178,137.428066,2019-11-02,09:50,red,,,,,,,,,,,,
本票,愛知,東,0605,死亡,1,0,32050,対象外,0024,104,昼－昼,晴,市街地－人口集中,舗装－乾燥,交差点－その他,環状交差点以外 環状交差点以外をいう。,点灯－３灯式,09,21,00,23,19,9,交差点内,規制なし,5,1,車両単独,65～74歳,不明,乗用車－軽自動車,物件等,自家用,対象外当事者,乗用車,対象外当事者,指定の速度規制なし等,対象外当事者,10,00,中破,対象外当事者,装備あり 作動,対象外当事者,装備あり 作動,対象外当事者,死亡,対象外当事者,火,その他,35.222595,136.877269,2019-11-12,07:25,red,,,,,,,,,,,,
本票,愛知,小樽,0312,死亡,1,1,15010,対象外,0109,107,昼－昼,雨,市街地－その他,舗装－湿潤,交差点－その他,環状交差点以外 環状交差点以外をいう。,点灯－３灯式,09,22,00,23,18,9,交差点内,規制なし,1,2,人対車両,75歳以上,45～54歳,乗用車－普通車,歩行者,自家用,対象外当事者,乗用車,対象外当事者,40㎞／ｈ以下,対象外当事者,10,00,中破,対象外当事者,装備あり 作動,対象外当事者,その他,対象外当事者,負傷,死亡,金,前日,35.147741,136.933426,2019-11-22,12:13,red,,,,,,,,,,,,
本票,愛知,小樽,0319,死亡,1,0,15060,対象外,0063,107,夜－夜,晴,市街地－その他,舗装－乾燥,交差点付近－その他,環状交差点以外 環状交差点以外をいう。,施設なし,00,23,00,23,06,9,単路（交差点付近を含む）,規制なし,1,2,車両相互,0～24歳,45～54歳,乗用車－普通車,軽車両－駆動補助機付自転車,自家用,対象外当事者,乗用車,対象外当事者,指定の速度規制なし等,対象外当事者,10,30,中破,中破,その他,対象外当事者,その他,対象外当事者,損傷なし,死亡,土,その他,35.149536,136.931762,2019-11-30,00:56,red,,,,,,,,,,,,
本票,愛知,伊達,0795,死亡,1,0,10480,対象外,0296,110,昼－昼,晴,市街地－その他,舗装－乾燥,単路－その他,環状交差点以外 環状交差点以外をいう。,施設なし,00,23,00,23,03,9,単路（交差点付近を含む）,規制なし,4,2,人対車両,65～74歳,65～74歳,貨物車－普通車,歩行者,自家用,対象外当事者,貨物車,対象外当事者,40㎞／ｈ以下,対象外当事者,10,00,小破,対象外当事者,その他,対象外当事者,その他,対象外当事者,損傷なし,死亡,土,その他,35.147795,136.823355,2019-11-16,11:05,red,,,,,,,,,,,,
本票,愛知,苫小牧,0496,死亡,1,0,30000,対象外,0000,111,夜－明,晴,市街地－その他,舗装－乾燥,交差点－その他,環状交差点以外 環状交差点以外をいう。,点灯－３灯式,09,22,09,22,18,9,交差点内,規制なし,3,1,車両相互,25～34歳,75歳以上,乗用車－普通車,軽車両－自転車,自家用,対象外当事者,乗用車,対象外当事者,指定の速度規制なし等,対象外当事者,80,20,小破,小破,その他,対象外当事者,その他,対象外当事者,損傷なし,死亡,土,当日,35.101849,136.831336,2019-11-23,06:27,red,,,,,,,,,,,,
本票,愛知,手稲,0882,死亡,1,0,03630,対象外,0014,113,夜－夜,雨,市街地－その他,舗装－湿潤,交差点－その他,環状交差点以外 環状交差点以外をいう。,点灯－３灯式,09,22,00,23,18,9,交差点内,規制なし,1,2,人対車両,0～24歳,65～74歳,貨物車－普通車,歩行者,自家用,対象外当事者,貨物車,対象外当事者,指定の速度規制なし等,対象外当事者,10,00,小破,対象外当事者,その他,対象外当事者,その他,対象外当事者,損傷なし,死亡,火,その他,35.191994,137.002969,2019-11-26,21:47,red,,,,,,,,,,,,
本票,愛知,中原,0854,死亡,1,0,21150,対象外,0098,238,昼－明,晴,市街地－その他,舗装－乾燥,交差点－その他,環状交差点以外 環状交差点以外をいう。,施設なし,08,21,00,23,15,3,その他,規制なし,4,1,人対車両,45～54歳,75歳以上,乗用車－普通車,歩行者,自家用,対象外当事者,乗用車,対象外当事者,40㎞／ｈ以下,対象外当事者,10,00,小破,対象外当事者,その他,対象外当事者,その他,対象外当事者,損傷なし,死亡,木,その他,35.188090,137.035284,2019-11-21,07:00,red,,,,,,,,,,,,
本票,愛知,多摩,1231,死亡,1,0,35000,対象外,0000,206,昼－昼,晴,市街地－人口集中,舗装－乾燥,交差点付近－その他,環状交差点以外 環状交差点以外をいう。,施設なし,00,23,00,23,03,3,単路（交差点付近を含む）,規制なし,4,2,車両単独,55～64歳,不明,乗用車－軽自動車,物件等,自家用,対象外当事者,乗用車,対象外当事者,指定の速度規制なし等,対象外当事者,10,00,中破,対象外当事者,その他,対象外当事者,その他,対象外当事者,死亡,対象外当事者,土,前日,35.258879,136.991761,2019-11-02,09:50,red,,,,,,,,,,,,
本票,愛知,幸,0725,死亡,1,0,39980,対象外,0000,342,昼－明,晴,市街地－その他,舗装－乾燥,交差点－その他,環状交差点以外 環状交差点以外をいう。,施設なし,01,21,09,22,15,9,交差点内,規制なし,5,3,車両相互,35～44歳,65～74歳,貨物車－準中型車,軽車両－自転車,自家用,対象外当事者,貨物車,対象外当事者,指定の速度規制なし等,対象外当事者,10,40,小破,小破,その他,対象外当事者,その他,対象外当事者,損傷なし,死亡,水,その他,35.238285,136.913429,2019-11-13,07:20,red,,,,,,,,,,,,
本票,愛知,三崎,0629,死亡,1,0,35000,対象外,0000,217,昼－昼,晴,市街地－その他,舗装－乾燥,踏切－第一種,環状交差点以外 環状交差点以外をいう。,施設なし,00,23,00,23,04,9,その他,規制なし,5,4,列車,45～54歳,45～54歳,列車,歩行者,対象外当事者,対象外当事者,対象外当事者,対象外当事者,対象外当事者,対象外当事者,10,00,小破,対象外当事者,対象外当事者,対象外当事者,対象外当事者,対象外当事者,損傷なし,死亡,日,その他,35.335483,136.872457,2019-11-24,12:32,red,,,,,,,,,,,,
本票,愛知,逗子,1360,死亡,1,0,00220,上,0241,203,夜－夜,晴,市街地－その他,舗装－乾燥,単路－その他,環状交差点以外 環状交差点以外をいう。,施設なし,00,23,00,23,06,9,単路（交差点付近を含む）,規制なし,1,2,人対車両,45～54歳,65～74歳,貨物車－普通車,歩行者,自家用,対象外当事者,貨物車,対象外当事者,指定の速度規制なし等,対象外当事者,80,00,小破,対象外当事者,その他,対象外当事者,その他,対象外当事者,損傷なし,死亡,水,その他,35.309251,136.819222,2019-11-06,05:16,red,,,,,,,,,,,,
本票,愛知,逗子,1432,死亡,1,0,35000,対象外,0000,203,夜－夜,晴,市街地－その他,舗装－乾燥,交差点－その他,環状交差点以外 環状交差点以外をいう。,施設なし,09,22,00,23,14,9,交差点内,規制なし,4,2,人対車両,25～34歳,55～64歳,貨物車－中型車,歩行者,事業用,対象外当事者,貨物車,対象外当事者,50㎞／ｈ以下,対象外当事者,10,00,小破,対象外当事者,その他,対象外当事者,その他,対象外当事者,損傷なし,死亡,土,当日,35.278219,136.821915,2019-11-23,23:13,red,,,,,,,,,,,,
本票,愛知,相模原,0140,死亡,1,0,10350,対象外,0015,224,昼－昼,晴,非市街地,舗装－乾燥,交差点－その他,環状交差点以外 環状交差点以外をいう。,点灯－３灯式,09,22,00,23,15,9,交差点内,規制なし,4,1,人対車両,45～54歳,75歳以上,貨物車－準中型車,歩行者,自家用,対象外当事者,貨物車,対象外当事者,40㎞／ｈ以下,対象外当事者,50,00,小破,対象外当事者,その他,対象外当事者,その他,対象外当事者,損傷なし,死亡,火,その他,34.977104,136.852616,2019-11-19,07:55,red,,,,,,,,,,,,
本票,愛知,西尾,0596,死亡,1,0,85000,対象外,0000,213,昼－昼,晴,市街地－その他,舗装－乾燥,単路－カーブ・屈折,環状交差点以外 環状交差点以外をいう。,施設なし,00,23,00,23,03,3,単路（交差点付近を含む）,規制なし,4,2,車両単独,0～24歳,不明,二輪車－自動二輪－小型二輪－401～750ｃｃ,物件等,自家用,対象外当事者,対象外当事者,対象外当事者,40㎞／ｈ以下,対象外当事者,10,00,中破,対象外当事者,対象外当事者,対象外当事者,対象外当事者,対象外当事者,死亡,対象外当事者,日,その他,34.790997,137.017882,2019-11-17,13:00,red,,,,,,,,,,,,