資料区分,都道府県コード,警察署等コード,本票番号,事故内容,死者数,負傷者数,路線コード,上下線,地点コード,市区町村コード,昼夜,天候,地形,路面状態,道路形状,環状交差点の直径,信号機,一時停止規制　標識（当事者A）,一時停止規制　表示（当事者A）,一時停止規制　標識（当事者B）,一時停止規制　表示（当事者B）,車道幅員,道路線形,衝突地点,ゾーン規制,中央分離帯施設等,歩車道区分,事故類型,年齢（当事者A）,年齢（当事者B）,当事者種別（当事者A）,当事者種別（当事者B）,用途別（当事者A）,用途別（当事者B）,車両形状（当事者A）,車両形状（当事者B）,速度規制（指定のみ）（当事者A）,速度規制（指定のみ）（当事者B）,車両の衝突部位（当事者A）,車両の衝突部位（当事者B）,車両の損壊程度（当事者A）,車両の損壊程度（当事者B）,エアバッグの装備（当事者A）,エアバッグの装備（当事者B）,サイドエアバッグの装備（当事者A）,サイドエアバッグの装備（当事者B）,人身損傷程度（当事者A）,人身損傷程度（当事者B）,曜日(発生年月日),祝日(発生年月日),緯度,経度,発生日,発生時,color,発生地点,道路管理者区分,道路区分,道路構造,曲線半径,縦断勾配,トンネル番号,当事者車両台数,車両単独事故の対象物,臨時速度規制の有無,速度規制（臨時のみ）,トンネル延長距離
本票,福岡,東,1612,死亡,1,0,02022,上,0130,137,昼－昼,晴,市街地－人口集中,舗装－乾燥,交差点－その他,環状交差点以外 環状交差点以外をいう。,点灯－３灯式,09,22,00,23,18,9,交差点内,規制なし,5,2,人対車両,25～34歳,55～64歳,乗用車－普通車,歩行者,自家用,対象外当事者,乗用車,対象外当事者,指定の速度規制なし等,対象外当事者,50,00,小破,対象外当事者,その他,対象外当事者,その他,対象外当事者,損傷なし,死亡,土,その他,33.550911,130.336068,2019-11-09,08:10,red,,,,,,,,,,,,
本票,福岡,栗山,1205,死亡,1,0,37990,対象外,0000,135,夜－夜,晴,市街地－人口集中,舗装－乾燥,交差点付近－その他,環状交差点以外 環状交差点以外をいう。,点滅－３灯式,00,23,00,23,02,9,単路（交差点付近を含む）,規制なし,4,2,人対車両,45～54歳,65～74歳,乗用車－普通車,歩行者,自家用,対象外当事者,乗用車,対象外当事者,40㎞／ｈ以下,対象外当事者,50,00,小破,対象外当事者,その他,対象外当事者,その他,対象外当事者,損傷なし,死亡,土,前日,33.570014,130.308735,2019-11-02,01:22,red,,,,,,,,,,,,
本票,福岡,三戸,1116,死亡,1,0,14190,対象外,0000,221,夜－夜,晴,市街地－人口集中,舗装－乾燥,交差点付近－その他,環状交差点以外 環状交差点以外をいう。,点灯－３灯式,00,23,00,23,05,7,単路（交差点付近を含む）,規制なし,4,2,車両相互,25～34歳,0～24歳,乗用車－軽自動車,二輪車－原付自転車,自家用,自家用,乗用車,対象外当事者,50㎞／ｈ以下,指定の速度規制なし等,10,10,中破,大破,装備あり 作動,対象外当事者,その他,対象外当事者,損傷なし,死亡,土,前日,33.508418,130.495494,2019-11-02,04:37,red,,,,,,,,,,,,
本票,福岡,赤歌,2120,死亡,1,0,14250,対象外,0000,341,夜－暮,晴,市街地－その他,舗装－乾燥,単路－その他,環状交差点以外 環状交差点以外をいう。,施設なし,00,23,00,23,04,9,単路（交差点付近を含む）,規制なし,4,2,車両相互,25～34歳,0～24歳,貨物車－大型車,二輪車－自動二輪－軽二輪－126～250cc,自家用,自家用,貨物車,対象外当事者,指定の速度規制なし等,指定の速度規制なし等,20,13,小破,大破,その他,対象外当事者,その他,対象外当事者,損傷なし,死亡,火,その他,33.567140,130.528187,2019-11-26,17:59,red,,,,,,,,,,,,
本票,福岡,函館中央,0475,死亡,1,0,01990,対象外,0000,103,夜－夜,晴,市街地－人口集中,舗装－乾燥,単路－カーブ・屈折,環状交差点以外 環状交差点以外をいう。,施設なし,00,23,00,23,04,6,単路（交差点付近を含む）,規制なし,4,2,人対車両,45～54歳,65～74歳,乗用車－軽自動車,歩行者,自家用,対象外当事者,乗用車,対象外当事者,50㎞／ｈ以下,対象外当事者,10,00,小破,対象外当事者,その他,対象外当事者,その他,対象外当事者,損傷なし,死亡,水,その他,33.891860,130.774419,2019-11-13,00:05,red,,,,,,,,,,,,
本票,福岡,森,1245,死亡,1,0,37990,対象外,0000,381,夜－暮,雨,市街地－その他,舗装－乾燥,交差点付近－その他,環状交差点以外 環状交差点以外をいう。,施設なし,00,23,00,23,02,9,単路（交差点付近を含む）,規制なし,5,2,人対車両,25～34歳,75歳以上,乗用車－普通車,歩行者,自家用,対象外当事者,乗用車,対象外当事者,50㎞／ｈ以下,対象外当事者,10,00,小破,対象外当事者,その他,対象外当事者,その他,対象外当事者,損傷なし,死亡,水,その他,33.877597,130.664357,2019-11-13,17:30,red,,,,,,,,,,,,
本票,福岡,八雲,0456,死亡,1,0,37990,対象外,0000,108,昼－昼,曇,市街地－人口集中,舗装－乾燥,交差点付近－その他,環状交差点以外 環状交差点以外をいう。,点灯－３灯式,00,23,00,23,04,9,単路（交差点付近を含む）,規制なし,4,2,人対車両,45～54歳,75歳以上,貨物車－大型車,歩行者,事業用,対象外当事者,貨物車,対象外当事者,指定の速度規制なし等,対象外当事者,80,00,損壊なし,対象外当事者,その他,対象外当事者,その他,対象外当事者,損傷なし,死亡,月,その他,33.881131,130.813225,2019-11-25,11:05,red,,,,,,,,,,,,
本票,佐賀,東,0619,死亡,1,0,20010,対象外,0345,345,昼－昼,晴,非市街地,舗装－乾燥,単路－その他,環状交差点以外 環状交差点以外をいう。,施設なし,00,23,00,23,03,9,単路（交差点付近を含む）,規制なし,4,2,車両相互,45～54歳,75歳以上,貨物車－大型車,軽車両－自転車,事業用,対象外当事者,貨物車,対象外当事者,50㎞／ｈ以下,対象外当事者,80,10,小破,小破,その他,対象外当事者,その他,対象外当事者,損傷なし,死亡,日,その他,33.303711,130.428497,2019-11-17,12:45,red,,,,,,,,,,,,
本票,佐賀,東,0620,死亡,1,0,00030,上,1077,203,昼－昼,雨,市街地－人口集中,舗装－湿潤,単路－その他,環状交差点以外 環状交差点以外をいう。,施設なし,00,23,00,23,03,9,単路（交差点付近を含む）,規制なし,4,2,車両相互,65～74歳,55～64歳,貨物車－大型車,貨物車－軽自動車,事業用,自家用,貨物車,貨物車,50㎞／ｈ以下,50㎞／ｈ以下,50,50,中破,大破,その他,装備あり 作動,その他,その他,損傷なし,死亡,月,その他,33.381494,130.527394,2019-11-18,09:35,red,,,,,,,,,,,,
本票,佐賀,江別,0373,死亡,1,0,14370,対象外,0032,208,夜－夜,晴,非市街地,舗装－乾燥,交差点－その他,環状交差点以外 環状交差点以外をいう。,点灯－押ボタン式,09,22,00,23,15,9,交差点内,規制なし,4,2,人対車両,55～64歳,55～64歳,乗用車－軽自動車,歩行者,自家用,対象外当事者,乗用車,対象外当事者,50㎞／ｈ以下,対象外当事者,10,00,中破,対象外当事者,その他,対象外当事者,その他,対象外当事者,損傷なし,死亡,月,その他,33.301446,130.230150,2019-11-11,18:50,red,,,,,,,,,,,,
本票,佐賀,栗山,0554,死亡,1,0,02042,上,0027,202,夜－明,晴,市街地－その他,舗装－乾燥,単路－その他,環状交差点以外 環状交差点以外をいう。,施設なし,00,23,00,23,05,9,単路（交差点付近を含む）,規制なし,6,2,人対車両,55～64歳,55～64歳,乗用車－軽自動車,歩行者,自家用,対象外当事者,乗用車,対象外当事者,指定の速度規制なし等,対象外当事者,10,00,中破,対象外当事者,その他,対象外当事者,その他,対象外当事者,損傷なし,死亡,土,前日,33.442370,129.959652,2019-11-02,05:58,red,,,,,,,,,,,,
本票,佐賀,野辺地,0336,死亡,1,0,55030,上,0557,205,夜－暮,晴,非市街地,舗装－乾燥,単路－その他,環状交差点以外 環状交差点以外をいう。,施設なし,00,23,00,23,03,9,単路（交差点付近を含む）,規制なし,6,2,車両相互,75歳以上,25～34歳,乗用車－普通車,乗用車－軽自動車,自家用,自家用,乗用車,乗用車,70㎞／ｈ以下,70㎞／ｈ以下,50,50,中破,中破,装備あり 作動,装備あり 作動,装備あり 作動,その他,損傷なし,死亡,土,その他,33.317786,129.923793,2019-11-30,17:25,red,,,,,,,,,,,,
本票,佐賀,砂川,0235,死亡,1,0,20000,対象外,1602,206,昼－昼,晴,市街地－その他,舗装－乾燥,交差点－その他,環状交差点以外 環状交差点以外をいう。,施設なし,09,22,00,23,15,9,交差点内,規制なし,4,2,人対車両,65～74歳,75歳以上,貨物車－軽自動車,歩行者,事業用,対象外当事者,貨物車,対象外当事者,50㎞／ｈ以下,対象外当事者,10,00,中破,対象外当事者,その他,対象外当事者,その他,対象外当事者,損傷なし,死亡,土,前日,33.187449,130.027693,2019-11-02,13:36,red,,,,,,,,,,,,
本票,佐賀,滝川,0223,死亡,1,0,02070,上,0161,425,昼－昼,晴,非市街地,舗装－乾燥,交差点－その他,環状交差点以外 環状交差点以外をいう。,施設なし,09,22,00,23,15,9,交差点内,規制なし,4,2,人対車両,75歳以上,65～74歳,貨物車－軽自動車,歩行者,自家用,対象外当事者,貨物車,対象外当事者,50㎞／ｈ以下,対象外当事者,10,00,小破,対象外当事者,その他,対象外当事者,その他,対象外当事者,損傷なし,死亡,土,その他,33.165671,130.133731,2019-11-30,12:00,red,,,,,,,,,,,,
本票,長崎,白石,0216,死亡,1,0,30000,対象外,0000,201,夜－夜,晴,市街地－人口集中,舗装－乾燥,単路－その他,環状交差点以外 環状交差点以外をいう。,施設なし,00,23,00,23,04,7,単路（交差点付近を含む）,規制なし,4,1,人対車両,55～64歳,75歳以上,乗用車－普通車,歩行者,事業用,対象外当事者,乗用車,対象外当事者,50㎞／ｈ以下,対象外当事者,10,00,小破,対象外当事者,その他,対象外当事者,その他,対象外当事者,損傷なし,死亡,日,その他,32.730027,129.863592,2019-11-10,01:00,red,,,,,,,,,,,,
本票,長崎,千歳,0339,死亡,1,0,30000,対象外,0000,308,昼－昼,晴,市街地－人口集中,舗装－乾燥,単路－その他,環状交差点以外 環状交差点以外をいう。,施設なし,00,23,00,23,03,9,単路（交差点付近を含む）,規制なし,4,2,人対車両,35～44歳,75歳以上,貨物車－中型車,歩行者,自家用,対象外当事者,貨物車,対象外当事者,40㎞／ｈ以下,対象外当事者,80,00,小破,対象外当事者,その他,対象外当事者,その他,対象外当事者,損傷なし,死亡,木,その他,32.836237,129.855176,2019-11-28,13:27,red,,,,,,,,,,,,
本票,長崎,つがる,0512,死亡,1,1,02070,対象外,0000,204,夜－夜,曇,非市街地,舗装－乾燥,交差点－その他,環状交差点以外 環状交差点以外をいう。,施設なし,09,22,00,23,15,3,交差点内,規制なし,4,1,人対車両,45～54歳,75歳以上,二輪車－自動二輪－小型二輪－751ｃｃ以上,歩行者,自家用,対象外当事者,対象外当事者,対象外当事者,50㎞／ｈ以下,対象外当事者,10,00,中破,対象外当事者,対象外当事者,対象外当事者,対象外当事者,対象外当事者,負傷,死亡,日,その他,32.899296,130.125969,2019-11-24,03:49,red,,,,,,,,,,,,
本票,長崎,三戸,0066,死亡,1,1,70010,対象外,0000,214,昼－明,晴,非市街地,舗装－乾燥,単路－その他,環状交差点以外 環状交差点以外をいう。,施設なし,00,23,00,23,03,7,単路（交差点付近を含む）,規制なし,4,3,車両相互,45～54歳,55～64歳,乗用車－軽自動車,貨物車－軽自動車,自家用,自家用,乗用車,貨物車,50㎞／ｈ以下,50㎞／ｈ以下,54,80,大破,大破,装備あり 作動,その他,その他,その他,負傷,死亡,土,前日,32.695555,130.325040,2019-11-02,07:18,red,,,,,,,,,,,,
本票,熊本,白石,0493,死亡,1,0,00570,下,1131,104,夜－明,晴,市街地－人口集中,舗装－乾燥,交差点－その他,環状交差点以外 環状交差点以外をいう。,点灯－３灯式,09,21,09,21,19,9,交差点内,規制なし,5,1,車両相互,35～44歳,45～54歳,貨物車－普通車,二輪車－自動二輪－原付二種－51～125cc,自家用,自家用,貨物車,対象外当事者,指定の速度規制なし等,指定の速度規制なし等,10,10,中破,大破,その他,対象外当事者,その他,対象外当事者,損傷なし,死亡,金,その他,32.767761,130.724446,2019-11-15,06:10,red,,,,,,,,,,,,
本票,熊本,白石,0510,死亡,1,0,30000,対象外,0000,103,夜－夜,晴,市街地－その他,舗装－乾燥,交差点－その他,環状交差点以外 環状交差点以外をいう。,施設なし,09,22,00,23,17,9,交差点内,規制なし,1,2,人対車両,25～34歳,65～74歳,乗用車－普通車,歩行者,自家用,対象外当事者,乗用車,対象外当事者,50㎞／ｈ以下,対象外当事者,50,00,小破,対象外当事者,その他,対象外当事者,その他,対象外当事者,損傷なし,死亡,月,その他,32.787216,130.673231,2019-11-25,18:45,red,,,,,,,,,,,,
本票,熊本,つがる,0085,死亡,1,0,23290,対象外,0000,210,昼－昼,曇,市街地－その他,舗装－乾燥,交差点－その他,環状交差点以外 環状交差点以外をいう。,施設なし,01,21,09,22,15,9,交差点内,規制なし,5,2,車両相互,75歳以上,55～64歳,乗用車－軽自動車,二輪車－自動二輪－小型二輪－751ｃｃ以上,自家用,自家用,乗用車,対象外当事者,40㎞／ｈ以下,40㎞／ｈ以下,18,20,小破,小破,装備あり 作動,対象外当事者,その他,対象外当事者,損傷なし,死亡,日,当日,32.928489,130.804562,2019-11-03,10:20,red,,,,,,,,,,,,
本票,熊本,野辺地,0183,死亡,1,0,30000,対象外,0000,403,夜－夜,晴,非市街地,舗装－乾燥,単路－その他,環状交差点以外 環状交差点以外をいう。,施設なし,00,23,00,23,03,9,単路（交差点付近を含む）,規制なし,4,3,人対車両,55～64歳,45～54歳,乗用車－軽自動車,歩行者,自家用,対象外当事者,乗用車,対象外当事者,指定の速度規制なし等,対象外当事者,28,00,中破,対象外当事者,その他,対象外当事者,その他,対象外当事者,損傷なし,死亡,日,当日,32.900149,130.889309,2019-11-03,20:30,red,,,,,,,,,,,,
本票,熊本,三戸,0034,死亡,1,0,30000,対象外,0000,433,昼－昼,晴,非市街地,舗装－乾燥,交差点－その他,環状交差点以外 環状交差点以外をいう。,施設なし,09,22,01,21,11,9,交差点内,規制なし,5,4,車両相互,25～34歳,75歳以上,乗用車－普通車,軽車両－駆動補助機付自転車,自家用,対象外当事者,乗用車,対象外当事者,指定の速度規制なし等,対象外当事者,12,43,小破,小破,その他,対象外当事者,その他,対象外当事者,損傷なし,死亡,水,その他,32.816042,131.101863,2019-11-06,11:35,red,,,,,,,,,,,,
本票,熊本,小樽,0205,死亡,1,0,00030,下,0000,213,昼－昼,晴,非市街地,舗装－乾燥,交差点－その他,環状交差点以外 環状交差点以外をいう。,点灯－３灯式,09,22,00,23,15,9,交差点内,規制なし,5,2,人対車両,25～34歳,75歳以上,貨物車－中型車,歩行者,事業用,対象外当事者,貨物車,対象外当事者,50㎞／ｈ以下,対象外当事者,10,00,小破,対象外当事者,その他,対象外当事者,その他,対象外当事者,損傷なし,死亡,日,その他,32.598184,130.702539,2019-11-17,08:08,red,,,,,,,,,,,,
本票,熊本,伊達,0039,死亡,1,0,30000,対象外,0000,205,昼－昼,晴,市街地－人口集中,舗装－乾燥,交差点－その他,環状交差点以外 環状交差点以外をいう。,施設なし,09,22,00,23,15,3,交差点内,規制なし,4,3,車両単独,65～74歳,不明,貨物車－軽自動車,物件等,自家用,対象外当事者,貨物車,対象外当事者,30㎞／ｈ以下,対象外当事者,88,00,中破,対象外当事者,その他,対象外当事者,その他,対象外当事者,死亡,対象外当事者,日,その他,32.201097,130.389783,2019-11-10,12:45,red,,,,,,,,,,,,
本票,熊本,苫小牧,0016,死亡,1,0,10480,対象外,0000,514,昼－昼,雨,市街地－その他,舗装－湿潤,交差点－その他,環状交差点以外 環状交差点以外をいう。,点灯－３灯式,09,22,09,22,15,9,交差点内,規制なし,4,2,車両相互,55～64歳,55～64歳,貨物車－軽自動車,二輪車－原付自転車,自家用,自家用,貨物車,対象外当事者,40㎞／ｈ以下,30㎞／ｈ以下,51,14,小破,大破,その他,対象外当事者,その他,対象外当事者,損傷なし,死亡,金,前日,32.242063,130.933485,2019-11-22,15:25,red,,,,,,,,,,,,
本票,熊本,静内,0030,死亡,1,0,22900,対象外,0000,212,夜－夜,晴,非市街地,舗装－乾燥,単路－その他,環状交差点以外 環状交差点以外をいう。,施設なし,00,23,00,23,03,9,単路（交差点付近を含む）,規制なし,4,3,車両相互,75歳以上,55～64歳,乗用車－普通車,貨物車－普通車,自家用,自家用,乗用車,貨物車,40㎞／ｈ以下,40㎞／ｈ以下,81,80,中破,小破,装備あり 作動,その他,装備あり 作動,その他,死亡,損傷なし,金,その他,32.492508,130.395218,2019-11-29,05:30,red,,,,,,,,,,,,
本票,熊本,北,0696,死亡,1,0,30000,対象外,0000,102,昼－昼,晴,市街地－人口集中,舗装－乾燥,交差点－その他,環状交差点以外 環状交差点以外をいう。,点灯－押ボタン式,09,21,01,21,15,9,交差点内,規制なし,4,4,車両相互,25～34歳,0～24歳,貨物車－準中型車,二輪車－原付自転車,自家用,自家用,貨物車,対象外当事者,40㎞／ｈ以下,20㎞／ｈ以下,20,10,小破,中破,その他,対象外当事者,その他,対象外当事者,損傷なし,死亡,土,当日,32.792988,130.750268,2019-11-23,16:00,red,,,,,,,,,,,,
本票,大分,滝川,0087,死亡,1,0,85000,対象外,0000,205,夜－夜,晴,非市街地,舗装－乾燥,単路－その他,環状交差点以外 環状交差点以外をいう。,施設なし,00,23,00,23,03,9,単路（交差点付近を含む）,規制なし,4,2,車両相互,55～64歳,65～74歳,貨物車－大型車,二輪車－原付自転車,事業用,自家用,貨物車,対象外当事者,指定の速度規制なし等,指定の速度規制なし等,30,10,小破,中破,その他,対象外当事者,その他,対象外当事者,損傷なし,死亡,木,その他,32.965256,131.921539,2019-11-07,04:40,red,,,,,,,,,,,,
本票,大分,倶知安,0283,死亡,1,0,00100,上,1514,201,昼－昼,晴,非市街地,舗装－乾燥,交差点－その他,環状交差点以外 環状交差点以外をいう。,点灯－３灯式,09,22,00,23,18,9,交差点内,規制なし,5,2,人対車両,35～44歳,75歳以上,貨物車－大型車,歩行者,事業用,対象外当事者,貨物車,対象外当事者,50㎞／ｈ以下,対象外当事者,10,00,小破,対象外当事者,その他,対象外当事者,その他,対象外当事者,損傷なし,死亡,金,その他,33.149522,131.657636,2019-11-01,10:10,red,,,,,,,,,,,,
本票,宮崎,西,0032,死亡,1,0,95000,対象外,0000,207,昼－昼,曇,非市街地,舗装－乾燥,単路－その他,環状交差点以外 環状交差点以外をいう。,施設なし,00,23,00,23,01,7,単路（交差点付近を含む）,規制なし,5,4,車両単独,75歳以上,不明,特殊車－小型－農耕作業用,相手なし,対象外当事者,対象外当事者,対象外当事者,対象外当事者,指定の速度規制なし等,対象外当事者,20,00,小破,対象外当事者,対象外当事者,対象外当事者,対象外当事者,対象外当事者,死亡,対象外当事者,日,その他,31.517281,131.245040,2019-10-20,10:00,red,,,,,,,,,,,,
本票,宮崎,西,0034,死亡,1,0,99000,対象外,0000,207,昼－昼,晴,非市街地,舗装－乾燥,一般交通の場所,環状交差点以外 環状交差点以外をいう。,施設なし,00,23,00,23,00,0,その他,規制なし,0,4,車両単独,75歳以上,不明,乗用車－普通車,相手なし,自家用,対象外当事者,乗用車,対象外当事者,指定の速度規制なし等,対象外当事者,80,00,小破,対象外当事者,装備あり 作動,対象外当事者,その他,対象外当事者,死亡,対象外当事者,火,その他,31.447814,131.207251,2019-11-05,09:38,red,,,,,,,,,,,,
本票,宮崎,西,0035,死亡,1,0,02200,下,0839,207,夜－夜,晴,市街地－その他,舗装－乾燥,交差点付近－その他,環状交差点以外 環状交差点以外をいう。,点灯－３灯式,00,23,00,23,04,9,単路（交差点付近を含む）,規制なし,4,3,人対車両,0～24歳,65～74歳,乗用車－軽自動車,歩行者,自家用,対象外当事者,乗用車,対象外当事者,40㎞／ｈ以下,対象外当事者,10,00,小破,対象外当事者,その他,対象外当事者,その他,対象外当事者,損傷なし,死亡,火,その他,31.461424,131.226996,2019-11-19,21:17,red,,,,,,,,,,,,
本票,宮崎,栗山,0140,死亡,1,0,10240,対象外,0001,208,夜－暮,曇,非市街地,舗装－乾燥,交差点付近－その他,環状交差点以外 環状交差点以外をいう。,施設なし,00,23,00,23,03,9,単路（交差点付近を含む）,規制なし,4,2,人対車両,65～74歳,65～74歳,乗用車－軽自動車,歩行者,自家用,対象外当事者,乗用車,対象外当事者,40㎞／ｈ以下,対象外当事者,80,00,中破,対象外当事者,その他,対象外当事者,その他,対象外当事者,損傷なし,死亡,火,その他,32.093961,131.397043,2019-11-26,17:40,red,,,,,,,,,,,,
本票,鹿児島,東,0463,死亡,1,0,30480,対象外,0000,201,夜－夜,曇,市街地－人口集中,舗装－乾燥,交差点付近－その他,環状交差点以外 環状交差点以外をいう。,点灯－押ボタン式,00,23,00,23,04,9,単路（交差点付近を含む）,規制なし,4,2,車両相互,35～44歳,75歳以上,乗用車－普通車,軽車両－自転車,自家用,対象外当事者,乗用車,対象外当事者,50㎞／ｈ以下,対象外当事者,50,30,小破,大破,その他,対象外当事者,その他,対象外当事者,損傷なし,死亡,月,その他,31.585945,130.538777,2019-11-11,23:41,red,,,,,,,,,,,,
本票,鹿児島,東,0473,死亡,1,0,39000,対象外,0000,201,昼－明,曇,非市街地,舗装－乾燥,単路－その他,環状交差点以外 環状交差点以外をいう。,施設なし,00,23,00,23,03,8,単路（交差点付近を含む）,規制なし,4,2,人対車両,45～54歳,75歳以上,貨物車－軽自動車,歩行者,事業用,対象外当事者,貨物車,対象外当事者,30㎞／ｈ以下,対象外当事者,10,00,小破,対象外当事者,その他,対象外当事者,その他,対象外当事者,損傷なし,死亡,火,その他,31.653384,130.543868,2019-11-19,07:22,red,,,,,,,,,,,,
本票,鹿児島,東,0475,死亡,1,0,10350,対象外,0000,201,昼－昼,晴,市街地－人口集中,舗装－乾燥,交差点－その他,環状交差点以外 環状交差点以外をいう。,点灯－３灯式,09,22,00,23,18,9,交差点内,規制なし,4,2,人対車両,45～54歳,0～24歳,貨物車－大型車,歩行者,事業用,対象外当事者,貨物車,対象外当事者,40㎞／ｈ以下,対象外当事者,80,00,小破,対象外当事者,その他,対象外当事者,その他,対象外当事者,損傷なし,死亡,水,その他,31.580623,130.456233,2019-11-20,13:47,red,,,,,,,,,,,,
本票,鹿児島,江別,0090,死亡,1,0,10270,対象外,0000,223,夜－夜,晴,非市街地,舗装－乾燥,交差点－その他,環状交差点以外 環状交差点以外をいう。,施設なし,09,22,00,23,15,9,交差点内,規制なし,4,2,人対車両,25～34歳,65～74歳,乗用車－軽自動車,歩行者,自家用,対象外当事者,乗用車,対象外当事者,50㎞／ｈ以下,対象外当事者,80,00,中破,対象外当事者,その他,対象外当事者,その他,対象外当事者,損傷なし,死亡,水,その他,31.357750,130.419266,2019-11-20,04:57,red,,,,,,,,,,,,
本票,鹿児島,美唄,0231,死亡,1,4,00030,上,3343,215,夜－夜,晴,市街地－その他,舗装－乾燥,単路－その他,環状交差点以外 環状交差点以外をいう。,施設なし,00,23,00,23,03,9,単路（交差点付近を含む）,規制なし,1,4,車両相互,65～74歳,65～74歳,乗用車－軽自動車,貨物車－軽自動車,自家用,自家用,乗用車,貨物車,60㎞／ｈ以下,60㎞／ｈ以下,15,84,大破,大破,装備あり 作動,その他,その他,その他,負傷,死亡,月,当日,31.788899,130.301559,2019-11-04,18:58,red,,,,,,,,,,,,
本票,鹿児島,豊平,0062,死亡,1,0,99000,対象外,0000,527,昼－昼,晴,非市街地,非舗装,一般交通の場所,環状交差点以外 環状交差点以外をいう。,施設なし,00,23,00,23,00,0,その他,規制なし,0,4,人対車両,55～64歳,75歳以上,乗用車－普通車,歩行者,自家用,対象外当事者,乗用車,対象外当事者,指定の速度規制なし等,対象外当事者,33,00,損壊なし,対象外当事者,その他,対象外当事者,その他,対象外当事者,損傷なし,死亡,水,その他,28.474813,129.609684,2019-09-25,17:10,red,,,,,,,,,,,,
本票,沖縄,栗山,0123,死亡,2,0,03290,下,0323,314,夜－夜,晴,市街地－その他,舗装－乾燥,単路－カーブ・屈折,環状交差点以外 環状交差点以外をいう。,施設なし,00,23,00,23,03,5,単路（交差点付近を含む）,規制なし,4,2,車両単独,0～24歳,不明,二輪車－自動二輪－原付二種－51～125cc,物件等,自家用,対象外当事者,対象外当事者,対象外当事者,50㎞／ｈ以下,対象外当事者,10,00,中破,対象外当事者,対象外当事者,対象外当事者,対象外当事者,対象外当事者,死亡,対象外当事者,木,その他,26.453789,127.857301,2019-11-07,02:07,red,,,,,,,,,,,,
本票,沖縄,美唄,0095,死亡,1,0,03900,対象外,0000,214,昼－暮,晴,市街地－その他,舗装－乾燥,単路－カーブ・屈折,環状交差点以外 環状交差点以外をいう。,施設なし,00,23,00,23,04,1,単路（交差点付近を含む）,規制なし,4,2,車両相互,35～44歳,75歳以上,貨物車－準中型車,軽車両－自転車,自家用,対象外当事者,貨物車,対象外当事者,40㎞／ｈ以下,対象外当事者,80,30,小破,大破,その他,対象外当事者,その他,対象外当事者,損傷なし,死亡,月,その他,24.798633,125.266429,2019-11-11,17:27,red,,,,,,,,,,,,
本票,沖縄,滝川,0203,死亡,1,0,33410,対象外,0000,212,昼－昼,曇,市街地－その他,舗装－乾燥,交差点－その他,環状交差点以外 環状交差点以外をいう。,施設なし,09,22,00,23,15,1,交差点内,規制なし,5,4,車両単独,55～64歳,不明,二輪車－自動二輪－軽二輪－126～250cc,物件等,自家用,対象外当事者,対象外当事者,対象外当事者,指定の速度規制なし等,対象外当事者,00,00,大破,対象外当事者,対象外当事者,対象外当事者,対象外当事者,対象外当事者,死亡,対象外当事者,金,その他,26.171241,127.696146,2019-11-29,12:30,red,,,,,,,,,,,,
本票,北海道（札幌方面）,高速道路交通警察隊,0054,死亡,1,0,40040,下,0000,225,夜－夜,雪,非市街地,舗装－積雪,単路－その他,環状交差点以外 環状交差点以外をいう。,施設なし,00,23,00,23,05,9,単路（交差点付近を含む）,規制なし,1,3,人対車両,45～54歳,0～24歳,貨物車－中型車,歩行者,事業用,対象外当事者,貨物車,対象外当事者,50㎞／ｈ以下,対象外当事者,10,00,小破,対象外当事者,その他,対象外当事者,その他,対象外当事者,損傷なし,死亡,日,その他,43.642799,141.991281,2019-12-15,02:07,red,891,東日本高速道路,走行車線－第一通行帯,完全分離－その他,直線,平坦・該当なし,,1,該当なし,あり－異常気象,50㎞/h以下,0
本票,北海道（札幌方面）,栗山,0049,死亡,1,0,02340,対象外,1650,429,夜－夜,曇,市街地－その他,舗装－湿潤,単路－その他,環状交差点以外 環状交差点以外をいう。,施設なし,00,23,00,23,03,9,単路（交差点付近を含む）,規制なし,4,2,人対車両,55～64歳,75歳以上,乗用車－普通車,歩行者,自家用,対象外当事者,乗用車,対象外当事者,50㎞／ｈ以下,対象外当事者,10,00,小破,対象外当事者,その他,対象外当事者,その他,対象外当事者,損傷なし,死亡,水,その他,43.063853,141.785697,2019-12-18,17:22,red,,,,,,,,,,,,
本票,北海道（札幌方面）,伊達,0061,死亡,1,2,04530,対象外,1114,575,夜－夜,晴,非市街地,舗装－乾燥,単路－その他,環状交差点以外 環状交差点以外をいう。,施設なし,00,23,00,23,03,9,単路（交差点付近を含む）,規制なし,4,2,車両相互,55～64歳,75歳以上,乗用車－軽自動車,乗用車－軽自動車,自家用,自家用,乗用車,乗用車,指定の速度規制なし等,指定の速度規制なし等,50,50,中破,中破,装備あり 作動,装備あり 作動,装備あり 作動,その他,負傷,負傷,木,その他,42.571123,140.926343,2019-12-19,17:22,red,,,,,,,,,,,,
本票,北海道（札幌方面）,南,0456,死亡,1,0,02300,対象外,0134,106,夜－暮,曇,市街地－人口集中,舗装－湿潤,単路－その他,環状交差点以外 環状交差点以外をいう。,施設なし,00,23,00,23,05,9,単路（交差点付近を含む）,規制なし,4,2,人対車両,55～64歳,65～74歳,乗用車－普通車,歩行者,自家用,対象外当事者,乗用車,対象外当事者,50㎞／ｈ以下,対象外当事者,50,00,小破,対象外当事者,その他,対象外当事者,その他,対象外当事者,損傷なし,死亡,火,その他,42.961403,141.302516,2019-12-24,16:31,red,,,,,,,,,,,,