資料区分,都道府県コード,警察署等コード,本票番号,事故内容,死者数,負傷者数,路線コード,上下線,地点コード,市区町村コード,昼夜,天候,地形,路面状態,道路形状,環状交差点の直径,信号機,一時停止規制　標識（当事者A）,一時停止規制　表示（当事者A）,一時停止規制　標識（当事者B）,一時停止規制　表示（当事者B）,車道幅員,道路線形,衝突地点,ゾーン規制,中央分離帯施設等,歩車道区分,事故類型,年齢（当事者A）,年齢（当事者B）,当事者種別（当事者A）,当事者種別（当事者B）,用途別（当事者A）,用途別（当事者B）,車両形状（当事者A）,車両形状（当事者B）,速度規制（指定のみ）（当事者A）,速度規制（指定のみ）（当事者B）,車両の衝突部位（当事者A）,車両の衝突部位（当事者B）,車両の損壊程度（当事者A）,車両の損壊程度（当事者B）,エアバッグの装備（当事者A）,エアバッグの装備（当事者B）,サイドエアバッグの装備（当事者A）,サイドエアバッグの装備（当事者B）,人身損傷程度（当事者A）,人身損傷程度（当事者B）,曜日(発生年月日),祝日(発生年月日),緯度,経度,発生日,発生時,color,発生地点,道路管理者区分,道路区分,道路構造,曲線半径,縦断勾配,トンネル番号,当事者車両台数,車両単独事故の対象物,臨時速度規制の有無,速度規制（臨時のみ）,トンネル延長距離
本票,北海道（札幌方面）,北,0793,死亡,1,0,39990,対象外,0000,235,夜－夜,晴,市街地－その他,舗装－凍結,交差点－その他,環状交差点以外 環状交差点以外をいう。,点灯－３灯式,09,22,09,22,15,9,交差点内,規制なし,4,2,車両相互,45～54歳,45～54歳,貨物車－中型車,乗用車－軽自動車,事業用,自家用,貨物車,乗用車,指定の速度規制なし等,指定の速度規制なし等,30,10,小破,大破,その他,その他,その他,その他,損傷なし,死亡,土,その他,43.155247,141.282631,2019-12-07,02:28,red,,,,,,,,,,,,
本票,北海道（札幌方面）,手稲,0231,死亡,1,0,39990,対象外,0000,109,夜－明,雨,市街地－人口集中,舗装－湿潤,交差点－その他,環状交差点以外 環状交差点以外をいう。,施設なし,09,22,00,23,17,9,交差点内,規制なし,4,2,人対車両,65～74歳,75歳以上,乗用車－軽自動車,歩行者,自家用,対象外当事者,乗用車,対象外当事者,50㎞／ｈ以下,対象外当事者,10,00,大破,対象外当事者,その他,対象外当事者,その他,対象外当事者,損傷なし,死亡,水,その他,43.131691,141.242545,2019-12-18,06:32,red,,,,,,,,,,,,
本票,北海道（函館方面）,松前,0007,死亡,1,0,02280,対象外,0492,331,夜－夜,晴,市街地－その他,舗装－乾燥,単路－その他,環状交差点以外 環状交差点以外をいう。,施設なし,00,23,00,23,04,9,単路（交差点付近を含む）,規制なし,4,2,人対車両,25～34歳,65～74歳,乗用車－普通車,歩行者,自家用,対象外当事者,乗用車,対象外当事者,50㎞／ｈ以下,対象外当事者,10,00,小破,対象外当事者,その他,対象外当事者,その他,対象外当事者,損傷なし,死亡,火,その他,41.425202,140.085286,2019-12-03,17:53,red,,,,,,,,,,,,
本票,北海道（旭川方面）,枝幸,0006,死亡,1,0,02380,対象外,1660,514,夜－夜,曇,非市街地,舗装－乾燥,単路－その他,環状交差点以外 環状交差点以外をいう。,施設なし,00,23,00,23,04,9,単路（交差点付近を含む）,規制なし,4,3,車両単独,35～44歳,不明,乗用車－軽自動車,物件等,自家用,対象外当事者,乗用車,対象外当事者,指定の速度規制なし等,対象外当事者,10,00,大破,対象外当事者,装備あり 作動,対象外当事者,その他,対象外当事者,死亡,対象外当事者,木,その他,44.686122,142.840259,2019-10-31,04:00,red,,,,,,,,,,,,
本票,北海道（旭川方面）,富良野,0050,死亡,1,0,29990,対象外,0000,229,夜－夜,雨,非市街地,舗装－湿潤,交差点付近－その他,環状交差点以外 環状交差点以外をいう。,施設なし,00,23,00,23,03,9,単路（交差点付近を含む）,規制なし,4,2,人対車両,45～54歳,75歳以上,乗用車－普通車,歩行者,自家用,対象外当事者,乗用車,対象外当事者,40㎞／ｈ以下,対象外当事者,80,00,小破,対象外当事者,その他,対象外当事者,その他,対象外当事者,損傷なし,死亡,水,その他,43.366687,142.384602,2019-12-18,05:58,red,,,,,,,,,,,,
本票,北海道（釧路方面）,帯広,0380,死亡,1,0,29990,対象外,0000,637,昼－明,晴,非市街地,舗装－凍結,単路－カーブ・屈折,環状交差点以外 環状交差点以外をいう。,施設なし,00,23,00,23,06,5,単路（交差点付近を含む）,規制なし,4,3,車両単独,35～44歳,不明,乗用車－普通車,物件等,自家用,対象外当事者,乗用車,対象外当事者,指定の速度規制なし等,対象外当事者,20,00,大破,対象外当事者,その他,対象外当事者,その他,対象外当事者,死亡,対象外当事者,金,その他,43.002350,143.037292,2019-12-06,07:30,red,,,,,,,,,,,,
本票,北海道（北見方面）,北見,0123,死亡,1,0,39990,対象外,0000,208,夜－夜,曇,市街地－人口集中,舗装－積雪,交差点－その他,環状交差点以外 環状交差点以外をいう。,施設なし,09,22,00,23,14,9,交差点内,規制なし,4,2,人対車両,45～54歳,55～64歳,乗用車－軽自動車,歩行者,自家用,対象外当事者,乗用車,対象外当事者,指定の速度規制なし等,対象外当事者,80,00,小破,対象外当事者,その他,対象外当事者,その他,対象外当事者,損傷なし,死亡,木,その他,43.803460,143.879657,2019-12-26,00:02,red,,,,,,,,,,,,
本票,北海道（北見方面）,網走,0035,死亡,1,0,00390,対象外,2020,564,夜－夜,曇,非市街地,舗装－凍結,交差点－その他,環状交差点以外 環状交差点以外をいう。,施設なし,09,22,00,23,14,9,交差点内,規制なし,4,2,車両単独,45～54歳,不明,乗用車－軽自動車,物件等,自家用,対象外当事者,乗用車,対象外当事者,指定の速度規制なし等,対象外当事者,40,00,大破,対象外当事者,装備あり 作動,対象外当事者,その他,対象外当事者,死亡,対象外当事者,木,その他,43.925102,144.191714,2019-12-19,02:05,red,,,,,,,,,,,,
本票,青森,白石,0395,死亡,1,0,20920,対象外,0002,202,夜－夜,曇,市街地－人口集中,舗装－湿潤,交差点－その他,環状交差点以外 環状交差点以外をいう。,施設なし,09,22,00,23,15,9,交差点内,規制なし,5,2,人対車両,25～34歳,65～74歳,乗用車－軽自動車,歩行者,自家用,対象外当事者,乗用車,対象外当事者,40㎞／ｈ以下,対象外当事者,10,00,中破,対象外当事者,その他,対象外当事者,その他,対象外当事者,損傷なし,死亡,水,その他,40.587234,140.458074,2019-12-11,20:00,red,,,,,,,,,,,,
本票,青森,岩見沢,0181,死亡,1,0,10040,対象外,0235,412,夜－暮,曇,市街地－その他,舗装－乾燥,交差点付近－その他,環状交差点以外 環状交差点以外をいう。,施設なし,00,23,00,23,03,9,単路（交差点付近を含む）,規制なし,4,2,人対車両,65～74歳,75歳以上,貨物車－軽自動車,歩行者,自家用,対象外当事者,貨物車,対象外当事者,40㎞／ｈ以下,対象外当事者,80,00,小破,対象外当事者,その他,対象外当事者,その他,対象外当事者,損傷なし,死亡,金,その他,40.658796,141.367033,2019-12-13,16:55,red,,,,,,,,,,,,
本票,青森,三戸,0041,死亡,1,0,01040,下,0175,445,昼－昼,曇,市街地－その他,舗装－乾燥,単路－カーブ・屈折,環状交差点以外 環状交差点以外をいう。,施設なし,00,23,00,23,03,3,単路（交差点付近を含む）,規制なし,4,2,車両単独,75歳以上,不明,貨物車－軽自動車,物件等,自家用,対象外当事者,貨物車,対象外当事者,50㎞／ｈ以下,対象外当事者,10,00,中破,対象外当事者,装備あり 作動,対象外当事者,その他,対象外当事者,死亡,対象外当事者,木,その他,40.447412,141.343498,2019-12-05,12:07,red,,,,,,,,,,,,
本票,宮城,仙台中央,0251,死亡,1,0,00450,対象外,0000,101,夜－夜,晴,市街地－人口集中,舗装－乾燥,交差点－その他,環状交差点以外 環状交差点以外をいう。,点灯－３灯式,09,22,00,23,18,9,交差点内,規制なし,5,2,人対車両,65～74歳,45～54歳,乗用車－普通車,歩行者,事業用,対象外当事者,乗用車,対象外当事者,40㎞／ｈ以下,対象外当事者,50,00,中破,対象外当事者,その他,対象外当事者,その他,対象外当事者,損傷なし,死亡,日,その他,38.266556,140.872987,2019-12-08,01:04,red,,,,,,,,,,,,
本票,宮城,西,0562,死亡,3,0,99000,対象外,0000,102,夜－夜,晴,非市街地,舗装－乾燥,一般交通の場所,環状交差点以外 環状交差点以外をいう。,施設なし,00,23,00,23,00,0,その他,規制なし,0,4,車両単独,45～54歳,不明,乗用車－軽自動車,相手なし,自家用,対象外当事者,乗用車,対象外当事者,指定の速度規制なし等,対象外当事者,10,00,小破,対象外当事者,その他,対象外当事者,その他,対象外当事者,死亡,対象外当事者,金,当日,38.273218,141.025419,2018-11-23,05:17,red,,,,,,,,,,,,
本票,宮城,東,0444,死亡,1,0,30000,対象外,0000,203,昼－暮,晴,市街地－人口集中,舗装－乾燥,単路－その他,環状交差点以外 環状交差点以外をいう。,施設なし,00,23,00,23,02,9,単路（交差点付近を含む）,規制なし,5,2,人対車両,75歳以上,75歳以上,乗用車－普通車,歩行者,自家用,対象外当事者,乗用車,対象外当事者,30㎞／ｈ以下,対象外当事者,10,00,中破,対象外当事者,その他,対象外当事者,その他,対象外当事者,損傷なし,死亡,火,その他,38.334595,141.032013,2019-12-24,15:25,red,,,,,,,,,,,,
本票,宮城,江別,0194,死亡,1,4,10090,対象外,0000,421,昼－昼,晴,非市街地,舗装－乾燥,交差点－その他,環状交差点以外 環状交差点以外をいう。,施設なし,01,21,09,22,15,9,その他,規制なし,4,2,車両相互,25～34歳,0～24歳,乗用車－普通車,貨物車－普通車,自家用,自家用,乗用車,貨物車,40㎞／ｈ以下,50㎞／ｈ以下,80,10,大破,中破,装備あり 作動,装備あり 作動,その他,その他,負傷,損傷なし,日,その他,38.424029,140.970673,2019-12-01,09:45,red,,,,,,,,,,,,
本票,宮城,野辺地,0085,死亡,1,0,30000,対象外,0000,206,夜－暮,晴,非市街地,舗装－乾燥,単路－その他,環状交差点以外 環状交差点以外をいう。,施設なし,00,23,00,23,02,9,単路（交差点付近を含む）,規制なし,5,4,車両単独,65～74歳,不明,軽車両－自転車,相手なし,対象外当事者,対象外当事者,対象外当事者,対象外当事者,対象外当事者,対象外当事者,00,00,小破,対象外当事者,対象外当事者,対象外当事者,対象外当事者,対象外当事者,死亡,対象外当事者,土,その他,37.991348,140.614696,2019-12-14,17:00,red,,,,,,,,,,,,
本票,宮城,砂川,0023,死亡,1,0,21970,対象外,0000,202,昼－昼,晴,非市街地,舗装－乾燥,単路－カーブ・屈折,環状交差点以外 環状交差点以外をいう。,施設なし,00,23,00,23,03,6,単路（交差点付近を含む）,規制なし,4,3,車両単独,45～54歳,不明,乗用車－普通車,相手なし,自家用,対象外当事者,乗用車,対象外当事者,50㎞／ｈ以下,対象外当事者,10,00,中破,対象外当事者,装備あり 作動,対象外当事者,その他,対象外当事者,死亡,対象外当事者,木,その他,38.527834,141.346578,2019-03-28,08:15,red,,,,,,,,,,,,
本票,宮城,静内,0079,死亡,1,0,01080,上,0200,501,夜－夜,曇,市街地－その他,舗装－乾燥,交差点付近－その他,環状交差点以外 環状交差点以外をいう。,施設なし,00,23,00,23,04,9,単路（交差点付近を含む）,規制なし,4,2,車両相互,45～54歳,0～24歳,貨物車－大型車,乗用車－普通車,事業用,自家用,貨物車,乗用車,指定の速度規制なし等,指定の速度規制なし等,10,10,中破,大破,その他,装備あり 作動,その他,その他,損傷なし,死亡,土,その他,38.531514,141.128148,2019-12-21,04:40,red,,,,,,,,,,,,
本票,秋田,美唄,0069,死亡,1,0,01010,対象外,0000,211,昼－昼,曇,非市街地,舗装－乾燥,単路－その他,環状交差点以外 環状交差点以外をいう。,施設なし,00,23,00,23,05,9,単路（交差点付近を含む）,規制なし,1,2,車両相互,65～74歳,65～74歳,乗用車－普通車,軽車両－自転車,自家用,対象外当事者,乗用車,対象外当事者,指定の速度規制なし等,対象外当事者,10,40,中破,大破,その他,対象外当事者,その他,対象外当事者,損傷なし,死亡,水,その他,39.881100,139.984287,2019-12-18,10:59,red,,,,,,,,,,,,
本票,秋田,伊達,0128,死亡,1,0,37000,対象外,0000,212,昼－明,晴,非市街地,舗装－湿潤,単路－その他,環状交差点以外 環状交差点以外をいう。,施設なし,00,23,00,23,03,9,単路（交差点付近を含む）,規制なし,4,2,車両相互,45～54歳,75歳以上,乗用車－普通車,貨物車－軽自動車,自家用,自家用,乗用車,貨物車,指定の速度規制なし等,指定の速度規制なし等,10,10,中破,中破,装備あり 作動,その他,その他,その他,損傷なし,死亡,水,その他,39.431181,140.432000,2019-12-11,07:40,red,,,,,,,,,,,,
本票,秋田,苫小牧,0141,死亡,1,0,37000,対象外,0000,203,夜－夜,曇,非市街地,舗装－乾燥,単路－カーブ・屈折,環状交差点以外 環状交差点以外をいう。,施設なし,00,23,00,23,03,3,その他,規制なし,4,2,車両単独,55～64歳,不明,貨物車－軽自動車,相手なし,自家用,対象外当事者,貨物車,対象外当事者,50㎞／ｈ以下,対象外当事者,10,00,中破,対象外当事者,その他,対象外当事者,その他,対象外当事者,死亡,対象外当事者,金,その他,39.228106,140.455870,2019-12-20,17:18,red,,,,,,,,,,,,
本票,山形,江別,0198,死亡,1,0,00130,上,1460,205,夜－夜,曇,市街地－人口集中,舗装－凍結,単路－その他,環状交差点以外 環状交差点以外をいう。,施設なし,00,23,00,23,03,9,単路（交差点付近を含む）,規制なし,4,2,人対車両,0～24歳,65～74歳,乗用車－普通車,歩行者,自家用,対象外当事者,乗用車,対象外当事者,指定の速度規制なし等,対象外当事者,10,00,小破,対象外当事者,その他,対象外当事者,その他,対象外当事者,損傷なし,死亡,木,その他,38.806111,140.321556,2019-12-12,20:55,red,,,,,,,,,,,,
本票,山形,つがる,0293,死亡,1,0,70000,対象外,0000,323,昼－暮,雨,非市街地,非舗装,交差点付近－その他,環状交差点以外 環状交差点以外をいう。,施設なし,00,23,00,23,01,8,その他,規制なし,5,4,車両単独,75歳以上,不明,貨物車－軽自動車,相手なし,自家用,対象外当事者,貨物車,対象外当事者,指定の速度規制なし等,対象外当事者,30,00,小破,対象外当事者,その他,対象外当事者,その他,対象外当事者,死亡,対象外当事者,木,その他,38.345583,140.153861,2019-12-26,16:00,red,,,,,,,,,,,,
本票,福島,白石,0157,死亡,1,0,00040,下,2876,303,昼－明,晴,市街地－その他,舗装－乾燥,交差点－その他,環状交差点以外 環状交差点以外をいう。,点灯－３灯式,09,22,00,23,19,9,交差点内,規制なし,5,2,人対車両,45～54歳,75歳以上,貨物車－大型車,歩行者,自家用,対象外当事者,貨物車,対象外当事者,指定の速度規制なし等,対象外当事者,10,00,小破,対象外当事者,その他,対象外当事者,その他,対象外当事者,損傷なし,死亡,金,その他,37.872532,140.544985,2019-12-13,07:04,red,,,,,,,,,,,,
本票,福島,野辺地,0180,死亡,1,0,02890,対象外,0000,205,昼－昼,晴,市街地－その他,舗装－乾燥,交差点－その他,環状交差点以外 環状交差点以外をいう。,点灯－３灯式,09,22,09,22,15,9,交差点内,規制なし,5,2,車両相互,45～54歳,75歳以上,貨物車－大型車,乗用車－軽自動車,事業用,自家用,貨物車,乗用車,指定の速度規制なし等,指定の速度規制なし等,30,10,小破,中破,その他,装備あり 作動,その他,その他,損傷なし,死亡,火,その他,37.097579,140.241829,2019-12-24,15:05,red,,,,,,,,,,,,
本票,福島,赤歌,0222,死亡,1,1,00490,下,1285,202,夜－暮,雨,市街地－人口集中,舗装－湿潤,交差点－その他,環状交差点以外 環状交差点以外をいう。,点灯－３灯式,09,22,09,22,19,7,交差点内,規制なし,5,2,車両相互,25～34歳,45～54歳,乗用車－普通車,乗用車－軽自動車,自家用,自家用,乗用車,乗用車,指定の速度規制なし等,指定の速度規制なし等,50,50,中破,中破,装備あり 作動,装備あり 作動,その他,その他,損傷なし,負傷,木,その他,37.517866,139.933149,2019-12-26,17:05,red,,,,,,,,,,,,
本票,福島,苫小牧,0200,死亡,1,0,10000,対象外,0000,204,夜－夜,雨,市街地－人口集中,舗装－湿潤,交差点－その他,環状交差点以外 環状交差点以外をいう。,施設なし,09,22,00,23,17,9,交差点内,規制なし,4,2,人対車両,25～34歳,75歳以上,乗用車－普通車,歩行者,自家用,対象外当事者,乗用車,対象外当事者,50㎞／ｈ以下,対象外当事者,10,00,小破,対象外当事者,その他,対象外当事者,その他,対象外当事者,損傷なし,死亡,日,その他,36.962956,140.904386,2019-12-22,20:52,red,,,,,,,,,,,,
本票,福島,厚別,0380,死亡,1,0,10000,対象外,0000,322,昼－昼,晴,非市街地,舗装－乾燥,単路－カーブ・屈折,環状交差点以外 環状交差点以外をいう。,施設なし,00,23,00,23,03,6,単路（交差点付近を含む）,規制なし,4,2,車両相互,55～64歳,55～64歳,乗用車－普通車,乗用車－軽自動車,自家用,自家用,乗用車,乗用車,50㎞／ｈ以下,50㎞／ｈ以下,50,50,中破,大破,装備あり 作動,装備あり 作動,その他,装備あり 作動,損傷なし,死亡,金,その他,37.540769,140.382837,2019-12-13,08:53,red,,,,,,,,,,,,
本票,福島,厚別,0387,死亡,1,1,30000,対象外,0000,203,夜－暮,曇,市街地－その他,舗装－湿潤,交差点－その他,環状交差点以外 環状交差点以外をいう。,施設なし,09,22,09,22,18,9,交差点内,規制なし,4,2,車両相互,45～54歳,0～24歳,貨物車－大型車,乗用車－軽自動車,事業用,自家用,貨物車,乗用車,指定の速度規制なし等,指定の速度規制なし等,10,40,小破,大破,その他,装備あり 作動,その他,その他,損傷なし,負傷,火,その他,37.447768,140.323542,2019-12-17,16:33,red,,,,,,,,,,,,
本票,東京,白石,0139,死亡,1,0,20090,対象外,0000,101,夜－夜,雨,市街地－人口集中,舗装－湿潤,交差点付近－その他,環状交差点以外 環状交差点以外をいう。,施設なし,00,23,00,23,06,8,単路（交差点付近を含む）,規制なし,4,1,人対車両,75歳以上,35～44歳,乗用車－普通車,歩行者,事業用,対象外当事者,乗用車,対象外当事者,指定の速度規制なし等,対象外当事者,10,00,中破,対象外当事者,その他,対象外当事者,その他,対象外当事者,損傷なし,死亡,金,その他,35.689009,139.768676,2019-12-27,02:50,red,,,,,,,,,,,,
本票,東京,新宿,0271,死亡,1,0,20000,対象外,0000,104,夜－夜,晴,市街地－人口集中,舗装－乾燥,交差点－その他,環状交差点以外 環状交差点以外をいう。,点灯－３灯式,09,22,00,23,19,9,交差点内,規制なし,1,1,人対車両,35～44歳,45～54歳,乗用車－大型車,歩行者,事業用,対象外当事者,乗用車,対象外当事者,50㎞／ｈ以下,対象外当事者,10,00,大破,対象外当事者,その他,対象外当事者,その他,対象外当事者,損傷なし,死亡,水,その他,35.690018,139.690647,2019-12-04,18:36,red,,,,,,,,,,,,
本票,東京,高井戸,0382,死亡,1,0,30000,対象外,0000,115,夜－夜,晴,市街地－人口集中,舗装－乾燥,交差点－その他,環状交差点以外 環状交差点以外をいう。,点灯－３灯式,09,22,09,22,14,9,交差点内,規制なし,5,1,車両相互,35～44歳,45～54歳,貨物車－軽自動車,軽車両－自転車,自家用,対象外当事者,貨物車,対象外当事者,40㎞／ｈ以下,対象外当事者,10,40,中破,小破,その他,対象外当事者,その他,対象外当事者,損傷なし,死亡,木,その他,35.682818,139.648111,2019-12-05,19:20,red,,,,,,,,,,,,
本票,東京,高井戸,0383,死亡,1,0,20270,対象外,0000,115,昼－昼,晴,市街地－人口集中,舗装－乾燥,交差点－その他,環状交差点以外 環状交差点以外をいう。,点灯－３灯式,09,22,00,23,14,9,交差点内,規制なし,4,1,人対車両,55～64歳,65～74歳,貨物車－準中型車,歩行者,自家用,対象外当事者,貨物車,対象外当事者,40㎞／ｈ以下,対象外当事者,10,00,小破,対象外当事者,その他,対象外当事者,その他,対象外当事者,損傷なし,死亡,金,その他,35.679556,139.637119,2019-12-20,09:33,red,,,,,,,,,,,,
本票,東京,荻窪,0272,死亡,1,0,10200,対象外,0000,115,昼－昼,晴,市街地－人口集中,舗装－乾燥,交差点－その他,環状交差点以外 環状交差点以外をいう。,点灯－３灯式,09,22,09,22,17,9,交差点内,規制なし,1,2,車両相互,35～44歳,35～44歳,乗用車－普通車,二輪車－自動二輪－軽二輪－126～250cc,自家用,自家用,乗用車,対象外当事者,指定の速度規制なし等,指定の速度規制なし等,30,10,小破,中破,その他,対象外当事者,その他,対象外当事者,損傷なし,死亡,日,その他,35.712391,139.614699,2019-12-15,15:18,red,,,,,,,,,,,,
本票,東京,本富士,0075,死亡,1,0,00170,上,0043,105,昼－明,曇,市街地－人口集中,舗装－乾燥,単路－その他,環状交差点以外 環状交差点以外をいう。,点灯－３灯式,00,23,00,23,04,9,単路（交差点付近を含む）,規制なし,4,1,人対車両,55～64歳,0～24歳,軽車両－自転車,歩行者,対象外当事者,対象外当事者,対象外当事者,対象外当事者,対象外当事者,対象外当事者,20,00,小破,対象外当事者,対象外当事者,対象外当事者,対象外当事者,対象外当事者,死亡,損傷なし,水,その他,35.716618,139.756912,2019-12-11,07:33,red,,,,,,,,,,,,
本票,東京,本富士,0076,死亡,1,0,20400,対象外,0000,105,夜－夜,晴,市街地－人口集中,舗装－乾燥,交差点－その他,環状交差点以外 環状交差点以外をいう。,点灯－押ボタン式,09,22,00,23,17,9,交差点内,規制なし,5,1,人対車両,45～54歳,65～74歳,貨物車－普通車,歩行者,自家用,対象外当事者,貨物車,対象外当事者,50㎞／ｈ以下,対象外当事者,10,00,小破,対象外当事者,その他,対象外当事者,その他,対象外当事者,損傷なし,死亡,火,その他,35.719395,139.756976,2019-12-17,00:18,red,,,,,,,,,,,,
本票,東京,目白,0157,死亡,1,0,30000,対象外,0000,116,夜－夜,晴,市街地－人口集中,舗装－乾燥,踏切－第一種,環状交差点以外 環状交差点以外をいう。,施設なし,00,23,00,23,04,9,その他,規制なし,5,4,列車,25～34歳,75歳以上,列車,歩行者,対象外当事者,対象外当事者,対象外当事者,対象外当事者,対象外当事者,対象外当事者,10,00,大破,対象外当事者,対象外当事者,対象外当事者,対象外当事者,対象外当事者,損傷なし,死亡,日,その他,35.727376,139.690527,2019-11-24,22:49,red,,,,,,,,,,,,
本票,東京,赤羽,0166,死亡,1,0,30370,対象外,0000,117,夜－夜,晴,市街地－人口集中,舗装－乾燥,単路－その他,環状交差点以外 環状交差点以外をいう。,施設なし,00,23,00,23,05,9,その他,規制なし,1,2,車両相互,45～54歳,55～64歳,乗用車－普通車,軽車両－自転車,事業用,対象外当事者,乗用車,対象外当事者,50㎞／ｈ以下,対象外当事者,10,30,小破,大破,その他,対象外当事者,その他,対象外当事者,損傷なし,死亡,金,その他,35.777217,139.723039,2019-12-20,21:14,red,,,,,,,,,,,,
本票,東京,石神井,0357,死亡,1,0,30000,対象外,0000,120,夜－夜,晴,市街地－人口集中,舗装－乾燥,単路－その他,環状交差点以外 環状交差点以外をいう。,施設なし,00,23,00,23,03,9,単路（交差点付近を含む）,規制なし,4,2,人対車両,75歳以上,75歳以上,乗用車－普通車,歩行者,自家用,対象外当事者,乗用車,対象外当事者,40㎞／ｈ以下,対象外当事者,80,00,小破,対象外当事者,その他,対象外当事者,その他,対象外当事者,損傷なし,死亡,火,その他,35.774090,139.594067,2019-12-17,17:30,red,,,,,,,,,,,,
本票,東京,南千住,0084,死亡,1,0,00040,下,0068,118,昼－昼,晴,市街地－人口集中,舗装－乾燥,交差点－その他,環状交差点以外 環状交差点以外をいう。,点灯－３灯式,09,22,09,22,19,9,交差点内,規制なし,1,2,車両相互,65～74歳,55～64歳,貨物車－軽自動車,軽車両－自転車,事業用,対象外当事者,貨物車,対象外当事者,指定の速度規制なし等,対象外当事者,10,20,小破,小破,その他,対象外当事者,その他,対象外当事者,損傷なし,死亡,金,その他,35.737709,139.796748,2019-12-27,09:46,red,,,,,,,,,,,,
本票,東京,西新井,0461,死亡,1,0,20000,対象外,0000,121,昼－昼,晴,市街地－人口集中,舗装－乾燥,交差点－その他,環状交差点以外 環状交差点以外をいう。,施設なし,09,22,00,23,14,9,交差点内,規制なし,5,4,人対車両,45～54歳,75歳以上,乗用車－普通車,歩行者,自家用,対象外当事者,乗用車,対象外当事者,指定の速度規制なし等,対象外当事者,10,00,小破,対象外当事者,その他,対象外当事者,その他,対象外当事者,損傷なし,死亡,土,その他,35.764631,139.777623,2019-12-14,15:02,red,,,,,,,,,,,,
本票,東京,綾瀬,0624,死亡,1,0,00040,上,0115,121,夜－夜,晴,市街地－人口集中,舗装－乾燥,単路－その他,環状交差点以外 環状交差点以外をいう。,施設なし,00,23,00,23,05,9,単路（交差点付近を含む）,規制なし,1,2,人対車両,55～64歳,35～44歳,貨物車－準中型車,歩行者,事業用,対象外当事者,貨物車,対象外当事者,指定の速度規制なし等,対象外当事者,10,00,小破,対象外当事者,その他,対象外当事者,その他,対象外当事者,損傷なし,死亡,火,その他,35.780486,139.803143,2019-12-24,05:13,red,,,,,,,,,,,,
本票,東京,青梅,0326,死亡,1,0,10240,対象外,0000,308,昼－昼,晴,市街地－その他,舗装－乾燥,単路－トンネル,環状交差点以外 環状交差点以外をいう。,施設なし,00,23,00,23,03,9,単路（交差点付近を含む）,規制なし,4,3,車両単独,35～44歳,不明,二輪車－自動二輪－軽二輪－126～250cc,相手なし,自家用,対象外当事者,対象外当事者,対象外当事者,40㎞／ｈ以下,対象外当事者,40,00,大破,対象外当事者,対象外当事者,対象外当事者,対象外当事者,対象外当事者,死亡,対象外当事者,土,その他,35.793599,139.072536,2019-12-28,12:15,red,,,,,,,,,,,,
本票,東京,八王子,0699,死亡,1,0,20000,対象外,0000,201,夜－夜,晴,市街地－人口集中,舗装－乾燥,単路－カーブ・屈折,環状交差点以外 環状交差点以外をいう。,施設なし,00,23,00,23,03,4,単路（交差点付近を含む）,規制なし,4,1,車両相互,55～64歳,0～24歳,貨物車－中型車,二輪車－自動二輪－軽二輪－126～250cc,自家用,自家用,貨物車,対象外当事者,40㎞／ｈ以下,40㎞／ｈ以下,10,10,中破,大破,その他,対象外当事者,その他,対象外当事者,損傷なし,死亡,木,その他,35.692024,139.322091,2019-12-26,02:10,red,,,,,,,,,,,,
本票,茨城,白石,0245,死亡,1,0,00500,下,1220,216,夜－夜,晴,非市街地,舗装－乾燥,単路－その他,環状交差点以外 環状交差点以外をいう。,施設なし,00,23,00,23,05,7,単路（交差点付近を含む）,規制なし,1,1,人対車両,55～64歳,65～74歳,貨物車－中型車,歩行者,事業用,対象外当事者,貨物車,対象外当事者,指定の速度規制なし等,対象外当事者,87,00,損壊なし,対象外当事者,その他,対象外当事者,その他,対象外当事者,損傷なし,死亡,金,その他,36.391956,140.243892,2019-12-06,18:05,red,,,,,,,,,,,,
本票,茨城,白石,0264,死亡,1,1,03550,対象外,0000,216,昼－暮,晴,非市街地,舗装－乾燥,交差点－その他,環状交差点以外 環状交差点以外をいう。,点灯－３灯式,09,22,09,22,15,9,交差点内,規制なし,4,2,車両相互,35～44歳,75歳以上,乗用車－普通車,乗用車－軽自動車,自家用,自家用,乗用車,乗用車,指定の速度規制なし等,指定の速度規制なし等,51,81,大破,大破,装備あり 作動,装備あり 作動,その他,その他,損傷なし,死亡,火,その他,36.367607,140.248464,2019-12-24,16:23,red,,,,,,,,,,,,
本票,茨城,美唄,0122,死亡,1,0,03540,対象外,0000,234,夜－夜,晴,非市街地,舗装－乾燥,単路－その他,環状交差点以外 環状交差点以外をいう。,施設なし,00,23,00,23,03,9,単路（交差点付近を含む）,規制なし,4,2,人対車両,25～34歳,75歳以上,乗用車－普通車,歩行者,自家用,対象外当事者,乗用車,対象外当事者,指定の速度規制なし等,対象外当事者,10,00,小破,対象外当事者,その他,対象外当事者,その他,対象外当事者,損傷なし,死亡,金,その他,36.117264,140.584164,2019-12-20,17:30,red,,,,,,,,,,,,