資料区分,都道府県コード,警察署等コード,本票番号,事故内容,死者数,負傷者数,路線コード,上下線,地点コード,市区町村コード,昼夜,天候,地形,路面状態,道路形状,環状交差点の直径,信号機,一時停止規制　標識（当事者A）,一時停止規制　表示（当事者A）,一時停止規制　標識（当事者B）,一時停止規制　表示（当事者B）,車道幅員,道路線形,衝突地点,ゾーン規制,中央分離帯施設等,歩車道区分,事故類型,年齢（当事者A）,年齢（当事者B）,当事者種別（当事者A）,当事者種別（当事者B）,用途別（当事者A）,用途別（当事者B）,車両形状（当事者A）,車両形状（当事者B）,速度規制（指定のみ）（当事者A）,速度規制（指定のみ）（当事者B）,車両の衝突部位（当事者A）,車両の衝突部位（当事者B）,車両の損壊程度（当事者A）,車両の損壊程度（当事者B）,エアバッグの装備（当事者A）,エアバッグの装備（当事者B）,サイドエアバッグの装備（当事者A）,サイドエアバッグの装備（当事者B）,人身損傷程度（当事者A）,人身損傷程度（当事者B）,曜日(発生年月日),祝日(発生年月日),緯度,経度,発生日,発生時,color,発生地点,道路管理者区分,道路区分,道路構造,曲線半径,縦断勾配,トンネル番号,当事者車両台数,車両単独事故の対象物,臨時速度規制の有無,速度規制（臨時のみ）,トンネル延長距離
本票,茨城,赤歌,0120,死亡,1,0,21010,対象外,0000,229,昼－昼,晴,非市街地,舗装－乾燥,単路－カーブ・屈折,環状交差点以外 環状交差点以外をいう。,施設なし,00,23,00,23,03,6,単路（交差点付近を含む）,規制なし,4,2,車両相互,35～44歳,0～24歳,貨物車－準中型車,二輪車－自動二輪－軽二輪－126～250cc,事業用,自家用,貨物車,対象外当事者,40㎞／ｈ以下,40㎞／ｈ以下,50,10,大破,大破,その他,対象外当事者,その他,対象外当事者,損傷なし,死亡,日,その他,35.910809,140.495241,2019-12-15,10:25,red,,,,,,,,,,,,
本票,茨城,芦別,0604,死亡,1,0,30000,対象外,0000,230,夜－夜,晴,非市街地,舗装－乾燥,単路－その他,環状交差点以外 環状交差点以外をいう。,施設なし,00,23,00,23,03,9,単路（交差点付近を含む）,規制なし,4,4,車両相互,0～24歳,45～54歳,乗用車－軽自動車,軽車両－自転車,自家用,対象外当事者,乗用車,対象外当事者,50㎞／ｈ以下,対象外当事者,11,33,大破,大破,その他,対象外当事者,その他,対象外当事者,損傷なし,死亡,水,その他,36.146455,140.257936,2019-12-18,22:50,red,,,,,,,,,,,,
本票,茨城,芦別,0606,死亡,1,0,10480,対象外,0000,203,夜－夜,曇,非市街地,舗装－乾燥,単路－その他,環状交差点以外 環状交差点以外をいう。,施設なし,00,23,00,23,05,8,単路（交差点付近を含む）,規制なし,1,2,人対車両,25～34歳,25～34歳,乗用車－普通車,歩行者,自家用,対象外当事者,乗用車,対象外当事者,指定の速度規制なし等,対象外当事者,80,00,小破,対象外当事者,その他,対象外当事者,その他,対象外当事者,損傷なし,死亡,金,その他,36.057811,140.196239,2019-12-20,02:30,red,,,,,,,,,,,,
本票,茨城,余市,0530,死亡,1,0,10190,対象外,0000,220,夜－夜,晴,非市街地,舗装－乾燥,単路－その他,環状交差点以外 環状交差点以外をいう。,施設なし,00,23,00,23,05,7,単路（交差点付近を含む）,規制なし,1,2,車両相互,35～44歳,45～54歳,乗用車－普通車,軽車両－自転車,自家用,対象外当事者,乗用車,対象外当事者,指定の速度規制なし等,対象外当事者,81,30,小破,大破,その他,対象外当事者,その他,対象外当事者,損傷なし,死亡,金,その他,36.026378,140.087284,2019-12-20,05:44,red,,,,,,,,,,,,
本票,茨城,倶知安,0092,死亡,1,1,10530,対象外,0000,220,昼－昼,晴,非市街地,舗装－乾燥,単路－カーブ・屈折,環状交差点以外 環状交差点以外をいう。,施設なし,00,23,00,23,03,6,単路（交差点付近を含む）,規制なし,4,2,車両相互,65～74歳,65～74歳,乗用車－普通車,乗用車－軽自動車,自家用,自家用,乗用車,乗用車,指定の速度規制なし等,指定の速度規制なし等,50,50,中破,大破,装備あり 作動,装備あり 作動,装備あり 作動,装備あり 作動,負傷,死亡,月,その他,36.147350,140.140429,2019-12-23,14:05,red,,,,,,,,,,,,
本票,茨城,岩内,0124,死亡,1,0,30000,対象外,0000,227,昼－昼,晴,非市街地,舗装－乾燥,交差点－その他,環状交差点以外 環状交差点以外をいう。,施設なし,09,22,09,22,15,9,交差点内,規制なし,4,2,車両相互,55～64歳,75歳以上,乗用車－普通車,乗用車－軽自動車,自家用,自家用,乗用車,乗用車,指定の速度規制なし等,指定の速度規制なし等,80,10,中破,中破,装備あり 作動,装備あり 作動,装備あり 作動,装備あり 作動,損傷なし,死亡,日,その他,36.293419,140.013028,2018-11-11,12:15,red,,,,,,,,,,,,
本票,茨城,南,0346,死亡,1,6,30000,対象外,0000,224,昼－昼,晴,市街地－その他,舗装－乾燥,交差点－その他,環状交差点以外 環状交差点以外をいう。,点灯－３灯式,09,22,09,22,18,9,交差点内,規制なし,4,2,車両相互,35～44歳,75歳以上,乗用車－普通車,乗用車－軽自動車,自家用,自家用,乗用車,乗用車,指定の速度規制なし等,40㎞／ｈ以下,15,42,中破,大破,その他,その他,その他,その他,損傷なし,死亡,土,その他,35.966836,139.958384,2019-12-14,09:22,red,,,,,,,,,,,,
本票,茨城,豊平,0504,死亡,1,0,30000,対象外,0000,221,夜－暮,曇,市街地－その他,舗装－乾燥,交差点－その他,環状交差点以外 環状交差点以外をいう。,施設なし,09,22,00,23,14,9,交差点内,規制なし,4,2,人対車両,75歳以上,75歳以上,乗用車－軽自動車,歩行者,自家用,対象外当事者,乗用車,対象外当事者,40㎞／ｈ以下,対象外当事者,10,00,小破,対象外当事者,その他,対象外当事者,その他,対象外当事者,損傷なし,死亡,火,その他,36.385679,140.545785,2019-12-10,16:43,red,,,,,,,,,,,,
本票,茨城,豊平,0524,死亡,1,0,00060,下,1116,221,夜－暮,曇,非市街地,舗装－乾燥,交差点－その他,環状交差点以外 環状交差点以外をいう。,施設なし,09,22,09,22,17,7,交差点内,規制なし,1,2,車両相互,45～54歳,65～74歳,乗用車－軽自動車,軽車両－自転車,自家用,対象外当事者,乗用車,対象外当事者,指定の速度規制なし等,対象外当事者,80,10,小破,小破,その他,対象外当事者,その他,対象外当事者,損傷なし,死亡,水,その他,36.391531,140.502998,2019-12-25,17:12,red,,,,,,,,,,,,
本票,栃木,白石,0378,死亡,1,0,23090,対象外,0000,203,夜－夜,晴,市街地－その他,舗装－乾燥,単路－その他,環状交差点以外 環状交差点以外をいう。,施設なし,00,23,00,23,03,9,単路（交差点付近を含む）,規制なし,1,2,車両単独,25～34歳,不明,貨物車－中型車,物件等,事業用,対象外当事者,貨物車,対象外当事者,50㎞／ｈ以下,対象外当事者,50,00,大破,対象外当事者,その他,対象外当事者,その他,対象外当事者,死亡,対象外当事者,木,その他,36.386254,139.718592,2019-12-05,23:30,red,,,,,,,,,,,,
本票,栃木,西,0355,死亡,1,0,30000,対象外,0000,202,昼－昼,晴,非市街地,舗装－乾燥,単路－その他,環状交差点以外 環状交差点以外をいう。,施設なし,00,23,00,23,03,9,単路（交差点付近を含む）,規制なし,4,2,車両相互,25～34歳,75歳以上,乗用車－軽自動車,軽車両－自転車,自家用,対象外当事者,乗用車,対象外当事者,指定の速度規制なし等,対象外当事者,11,33,小破,小破,その他,対象外当事者,その他,対象外当事者,損傷なし,死亡,火,その他,36.290277,139.461986,2019-12-03,09:26,red,,,,,,,,,,,,
本票,栃木,西,0371,死亡,1,0,10670,対象外,0000,202,夜－夜,雨,市街地－人口集中,舗装－湿潤,交差点－その他,環状交差点以外 環状交差点以外をいう。,点灯－押ボタン式,09,22,00,23,14,9,交差点内,規制なし,4,2,人対車両,25～34歳,65～74歳,乗用車－軽自動車,歩行者,自家用,対象外当事者,乗用車,対象外当事者,40㎞／ｈ以下,対象外当事者,10,00,中破,対象外当事者,その他,対象外当事者,その他,対象外当事者,損傷なし,死亡,日,その他,36.335634,139.448357,2019-12-22,22:20,red,,,,,,,,,,,,
本票,栃木,東,0328,死亡,1,0,20000,対象外,0000,204,昼－昼,晴,非市街地,舗装－乾燥,単路－その他,環状交差点以外 環状交差点以外をいう。,施設なし,00,23,00,23,03,9,単路（交差点付近を含む）,規制なし,4,2,車両相互,65～74歳,75歳以上,貨物車－準中型車,貨物車－軽自動車,自家用,自家用,貨物車,貨物車,40㎞／ｈ以下,40㎞／ｈ以下,10,10,中破,大破,その他,その他,その他,その他,損傷なし,死亡,金,その他,36.336893,139.555911,2019-12-27,10:55,red,,,,,,,,,,,,
本票,栃木,三戸,0155,死亡,1,0,20000,対象外,0000,214,夜－夜,曇,非市街地,舗装－乾燥,単路－カーブ・屈折,環状交差点以外 環状交差点以外をいう。,施設なし,00,23,00,23,02,1,その他,規制なし,5,4,車両単独,75歳以上,不明,貨物車－軽自動車,物件等,自家用,対象外当事者,貨物車,対象外当事者,60㎞／ｈ以下,対象外当事者,10,00,中破,対象外当事者,装備あり 作動,対象外当事者,その他,対象外当事者,死亡,対象外当事者,火,その他,36.729000,139.978164,2019-12-10,20:00,red,,,,,,,,,,,,
本票,栃木,滝川,0110,死亡,1,1,20000,対象外,0000,211,夜－夜,晴,非市街地,舗装－乾燥,単路－その他,環状交差点以外 環状交差点以外をいう。,施設なし,00,23,00,23,03,9,単路（交差点付近を含む）,規制なし,4,2,車両相互,45～54歳,25～34歳,貨物車－大型車,乗用車－普通車,事業用,自家用,貨物車,乗用車,50㎞／ｈ以下,50㎞／ｈ以下,50,50,中破,大破,その他,装備あり 作動,その他,装備あり 作動,負傷,死亡,金,その他,36.736444,139.953228,2019-12-27,19:34,red,,,,,,,,,,,,
本票,栃木,苫小牧,0374,死亡,1,0,30000,対象外,0000,201,夜－夜,晴,市街地－その他,舗装－乾燥,交差点－その他,環状交差点以外 環状交差点以外をいう。,点灯－３灯式,09,22,00,23,15,9,交差点内,規制なし,4,2,人対車両,35～44歳,75歳以上,貨物車－準中型車,歩行者,自家用,対象外当事者,貨物車,対象外当事者,指定の速度規制なし等,対象外当事者,10,00,中破,対象外当事者,その他,対象外当事者,その他,対象外当事者,損傷なし,死亡,金,その他,36.494534,139.879110,2019-12-06,05:15,red,,,,,,,,,,,,
本票,群馬,高速道路交通警察隊,0085,死亡,1,2,42020,下,1152,208,昼－昼,晴,非市街地,舗装－乾燥,単路－その他,環状交差点以外 環状交差点以外をいう。,施設なし,00,23,00,23,05,9,単路（交差点付近を含む）,規制なし,1,4,車両相互,65～74歳,75歳以上,乗用車－普通車,乗用車－軽自動車,自家用,自家用,乗用車,乗用車,80㎞／ｈ以下,80㎞／ｈ以下,10,10,大破,大破,装備あり 作動,装備あり 作動,装備あり 作動,その他,負傷,死亡,日,その他,36.571302,139.062862,2019-12-01,14:25,red,1152,東日本高速道路,追越車線,完全分離－切土,直線,平坦－２％以上,,2,該当なし,該当なし,該当なし,0
本票,群馬,西,3405,死亡,1,0,04060,対象外,0000,202,夜－暮,晴,非市街地,舗装－乾燥,単路－その他,環状交差点以外 環状交差点以外をいう。,施設なし,00,23,00,23,03,9,単路（交差点付近を含む）,規制なし,4,2,人対車両,55～64歳,75歳以上,乗用車－普通車,歩行者,自家用,対象外当事者,乗用車,対象外当事者,40㎞／ｈ以下,対象外当事者,50,00,小破,対象外当事者,その他,対象外当事者,その他,対象外当事者,損傷なし,死亡,土,その他,36.375122,138.894682,2019-12-07,16:52,red,,,,,,,,,,,,
本票,群馬,美唄,1560,死亡,1,0,23170,対象外,0000,205,夜－暮,晴,市街地－その他,舗装－乾燥,単路－その他,環状交差点以外 環状交差点以外をいう。,施設なし,00,23,00,23,03,9,単路（交差点付近を含む）,規制なし,4,3,人対車両,35～44歳,75歳以上,貨物車－軽自動車,歩行者,自家用,対象外当事者,貨物車,対象外当事者,40㎞／ｈ以下,対象外当事者,10,00,小破,対象外当事者,その他,対象外当事者,その他,対象外当事者,損傷なし,死亡,木,その他,36.251979,139.296194,2019-12-12,17:00,red,,,,,,,,,,,,
本票,群馬,美唄,1616,死亡,1,0,99000,対象外,0000,205,昼－昼,晴,市街地－その他,舗装－乾燥,一般交通の場所,環状交差点以外 環状交差点以外をいう。,施設なし,00,23,00,23,00,0,その他,規制なし,0,4,人対車両,75歳以上,65～74歳,乗用車－普通車,歩行者,自家用,対象外当事者,乗用車,対象外当事者,指定の速度規制なし等,対象外当事者,10,00,中破,対象外当事者,その他,対象外当事者,その他,対象外当事者,損傷なし,死亡,水,その他,36.314688,139.333970,2019-12-25,12:10,red,,,,,,,,,,,,
本票,群馬,芦別,0668,死亡,1,0,37000,対象外,0000,208,夜－夜,晴,市街地－その他,舗装－乾燥,交差点付近－その他,環状交差点以外 環状交差点以外をいう。,点灯－押ボタン式,00,23,00,23,03,9,単路（交差点付近を含む）,規制なし,4,3,人対車両,45～54歳,55～64歳,乗用車－軽自動車,歩行者,自家用,対象外当事者,乗用車,対象外当事者,30㎞／ｈ以下,対象外当事者,80,00,小破,対象外当事者,その他,対象外当事者,その他,対象外当事者,損傷なし,死亡,土,その他,36.486740,139.006362,2019-12-07,02:19,red,,,,,,,,,,,,
本票,群馬,小樽,0271,死亡,1,0,22090,対象外,0000,449,昼－昼,晴,非市街地,舗装－乾燥,単路－カーブ・屈折,環状交差点以外 環状交差点以外をいう。,施設なし,00,23,00,23,03,5,単路（交差点付近を含む）,規制なし,4,3,車両単独,75歳以上,不明,乗用車－普通車,物件等,自家用,対象外当事者,乗用車,対象外当事者,指定の速度規制なし等,対象外当事者,80,00,小破,対象外当事者,装備あり 作動,対象外当事者,その他,対象外当事者,死亡,対象外当事者,土,その他,36.733756,139.022240,2019-12-14,12:00,red,,,,,,,,,,,,
本票,群馬,倶知安,0088,死亡,1,1,02920,対象外,0000,424,昼－明,晴,非市街地,舗装－凍結,単路－カーブ・屈折,環状交差点以外 環状交差点以外をいう。,施設なし,00,23,00,23,03,5,単路（交差点付近を含む）,規制なし,4,2,車両相互,45～54歳,45～54歳,貨物車－普通車,乗用車－軽自動車,自家用,自家用,貨物車,乗用車,50㎞／ｈ以下,50㎞／ｈ以下,10,40,中破,大破,装備あり 作動,その他,その他,その他,負傷,死亡,火,その他,36.559118,138.607773,2019-12-03,07:28,red,,,,,,,,,,,,
本票,群馬,岩内,1331,死亡,1,0,00500,上,0000,201,昼－昼,曇,市街地－その他,舗装－乾燥,交差点－その他,環状交差点以外 環状交差点以外をいう。,施設なし,09,22,09,22,17,9,交差点内,規制なし,5,2,車両相互,25～34歳,75歳以上,乗用車－普通車,二輪車－原付自転車,自家用,自家用,乗用車,対象外当事者,指定の速度規制なし等,指定の速度規制なし等,80,20,小破,中破,その他,対象外当事者,その他,対象外当事者,損傷なし,死亡,月,その他,36.380513,139.106651,2019-12-30,13:46,red,,,,,,,,,,,,
本票,埼玉,中央,0587,死亡,1,0,35080,対象外,0000,108,夜－暮,晴,市街地－人口集中,舗装－乾燥,交差点－その他,環状交差点以外 環状交差点以外をいう。,点灯－３灯式,09,22,09,22,15,9,交差点内,規制なし,5,1,車両相互,45～54歳,45～54歳,乗用車－普通車,二輪車－自動二輪－原付二種－51～125cc,自家用,自家用,乗用車,対象外当事者,40㎞／ｈ以下,40㎞／ｈ以下,10,10,中破,大破,装備あり 作動,対象外当事者,その他,対象外当事者,損傷なし,死亡,水,その他,35.843084,139.660695,2019-12-25,17:32,red,,,,,,,,,,,,
本票,埼玉,千歳,0588,死亡,1,0,00171,上,0000,102,昼－昼,曇,市街地－人口集中,舗装－乾燥,交差点－その他,環状交差点以外 環状交差点以外をいう。,点灯－３灯式,09,22,00,23,18,9,交差点内,規制なし,1,2,人対車両,45～54歳,25～34歳,貨物車－大型車,歩行者,事業用,対象外当事者,貨物車,対象外当事者,30㎞／ｈ以下,対象外当事者,50,00,損壊なし,対象外当事者,その他,対象外当事者,その他,対象外当事者,損傷なし,死亡,日,その他,35.942540,139.604471,2019-12-22,11:04,red,,,,,,,,,,,,
本票,埼玉,岩見沢,0429,死亡,1,3,23080,対象外,0000,217,昼－昼,晴,非市街地,舗装－乾燥,単路－カーブ・屈折,環状交差点以外 環状交差点以外をいう。,施設なし,00,23,00,23,03,6,単路（交差点付近を含む）,規制なし,4,2,車両単独,0～24歳,不明,乗用車－普通車,物件等,自家用,対象外当事者,乗用車,対象外当事者,40㎞／ｈ以下,対象外当事者,84,00,大破,対象外当事者,装備あり 作動,対象外当事者,その他,対象外当事者,負傷,対象外当事者,金,その他,36.078848,139.534981,2019-12-13,12:20,red,,,,,,,,,,,,
本票,埼玉,つがる,0914,死亡,1,0,39990,対象外,0000,208,昼－昼,晴,市街地－人口集中,舗装－乾燥,交差点－その他,環状交差点以外 環状交差点以外をいう。,施設なし,09,22,09,22,11,9,交差点内,規制なし,5,4,車両相互,45～54歳,75歳以上,乗用車－普通車,軽車両－駆動補助機付自転車,自家用,対象外当事者,乗用車,対象外当事者,指定の速度規制なし等,対象外当事者,50,40,小破,小破,その他,対象外当事者,その他,対象外当事者,損傷なし,死亡,火,その他,35.786686,139.463334,2019-12-03,10:43,red,,,,,,,,,,,,
本票,埼玉,つがる,0945,死亡,1,0,04630,対象外,0010,208,昼－昼,曇,市街地－人口集中,舗装－乾燥,交差点－その他,環状交差点以外 環状交差点以外をいう。,点灯－３灯式,09,22,09,22,15,9,交差点内,規制なし,5,1,車両相互,25～34歳,75歳以上,貨物車－大型車,軽車両－自転車,事業用,対象外当事者,貨物車,対象外当事者,40㎞／ｈ以下,対象外当事者,40,10,小破,小破,その他,対象外当事者,その他,対象外当事者,損傷なし,死亡,金,その他,35.791012,139.459617,2019-12-13,08:49,red,,,,,,,,,,,,
本票,埼玉,野辺地,0694,死亡,1,0,39990,対象外,0000,215,夜－夜,晴,非市街地,舗装－乾燥,単路－その他,環状交差点以外 環状交差点以外をいう。,施設なし,00,23,00,23,02,9,単路（交差点付近を含む）,規制なし,5,3,人対車両,35～44歳,65～74歳,乗用車－軽自動車,歩行者,自家用,対象外当事者,乗用車,対象外当事者,30㎞／ｈ以下,対象外当事者,50,00,中破,対象外当事者,その他,対象外当事者,その他,対象外当事者,損傷なし,死亡,金,その他,35.835256,139.451800,2019-12-06,17:40,red,,,,,,,,,,,,
本票,埼玉,美唄,0688,死亡,1,0,39990,対象外,0000,239,夜－夜,晴,市街地－その他,舗装－乾燥,踏切－第一種,環状交差点以外 環状交差点以外をいう。,施設なし,00,23,00,23,03,9,その他,規制なし,5,4,列車,45～54歳,65～74歳,列車,歩行者,対象外当事者,対象外当事者,対象外当事者,対象外当事者,対象外当事者,対象外当事者,50,00,小破,対象外当事者,対象外当事者,対象外当事者,対象外当事者,対象外当事者,損傷なし,死亡,日,その他,35.951442,139.405689,2019-12-15,22:14,red,,,,,,,,,,,,
本票,埼玉,滝川,0135,死亡,1,0,02541,対象外,0000,342,夜－夜,曇,市街地－その他,舗装－乾燥,単路－その他,環状交差点以外 環状交差点以外をいう。,施設なし,00,23,00,23,03,9,単路（交差点付近を含む）,規制なし,1,2,人対車両,25～34歳,65～74歳,乗用車－普通車,歩行者,自家用,対象外当事者,乗用車,対象外当事者,指定の速度規制なし等,対象外当事者,50,00,中破,対象外当事者,その他,対象外当事者,その他,対象外当事者,損傷なし,死亡,木,その他,36.041472,139.315813,2019-12-19,19:13,red,,,,,,,,,,,,
本票,埼玉,赤歌,0251,死亡,1,0,39990,対象外,0000,207,夜－夜,晴,市街地－その他,舗装－乾燥,踏切－第一種,環状交差点以外 環状交差点以外をいう。,施設なし,00,23,00,23,02,9,その他,規制なし,5,4,列車,45～54歳,65～74歳,列車,歩行者,対象外当事者,対象外当事者,対象外当事者,対象外当事者,対象外当事者,対象外当事者,10,00,小破,対象外当事者,対象外当事者,対象外当事者,対象外当事者,対象外当事者,損傷なし,死亡,水,その他,35.994967,139.084653,2019-12-11,20:50,red,,,,,,,,,,,,
本票,埼玉,伊達,0171,死亡,1,0,10300,対象外,0000,408,夜－暮,曇,非市街地,舗装－乾燥,交差点－その他,環状交差点以外 環状交差点以外をいう。,施設なし,09,22,00,23,14,9,交差点内,規制なし,4,3,人対車両,0～24歳,75歳以上,乗用車－普通車,歩行者,自家用,対象外当事者,乗用車,対象外当事者,40㎞／ｈ以下,対象外当事者,80,00,小破,対象外当事者,その他,対象外当事者,その他,対象外当事者,損傷なし,死亡,木,その他,36.119249,139.181703,2019-12-26,17:16,red,,,,,,,,,,,,
本票,埼玉,南,0837,死亡,1,0,23800,対象外,0000,222,夜－夜,晴,市街地－その他,舗装－乾燥,交差点－その他,環状交差点以外 環状交差点以外をいう。,施設なし,09,22,00,23,14,9,交差点内,規制なし,4,2,人対車両,25～34歳,75歳以上,乗用車－普通車,歩行者,自家用,対象外当事者,乗用車,対象外当事者,40㎞／ｈ以下,対象外当事者,80,00,小破,対象外当事者,その他,対象外当事者,その他,対象外当事者,損傷なし,死亡,月,その他,35.865440,139.798190,2019-12-09,02:16,red,,,,,,,,,,,,
本票,埼玉,南,0846,死亡,1,0,00040,上,0000,222,夜－夜,晴,市街地－その他,舗装－乾燥,単路－その他,環状交差点以外 環状交差点以外をいう。,施設なし,00,23,00,23,04,9,単路（交差点付近を含む）,規制なし,4,2,人対車両,25～34歳,75歳以上,乗用車－軽自動車,歩行者,自家用,対象外当事者,乗用車,対象外当事者,50㎞／ｈ以下,対象外当事者,10,00,小破,対象外当事者,その他,対象外当事者,その他,対象外当事者,損傷なし,死亡,金,その他,35.936932,139.777323,2019-12-13,20:47,red,,,,,,,,,,,,
本票,埼玉,東入間,0546,死亡,1,1,23340,対象外,0000,235,昼－明,晴,市街地－人口集中,舗装－乾燥,交差点－その他,環状交差点以外 環状交差点以外をいう。,施設なし,09,21,09,22,14,9,交差点内,規制なし,5,2,車両相互,45～54歳,45～54歳,二輪車－自動二輪－原付二種－51～125cc,二輪車－自動二輪－原付二種－51～125cc,自家用,自家用,対象外当事者,対象外当事者,40㎞／ｈ以下,40㎞／ｈ以下,14,12,大破,小破,対象外当事者,対象外当事者,対象外当事者,対象外当事者,死亡,負傷,水,その他,35.842904,139.540130,2019-12-04,07:21,red,,,,,,,,,,,,
本票,埼玉,浦和東,0403,死亡,1,0,39990,対象外,0000,109,昼－昼,晴,市街地－人口集中,舗装－乾燥,交差点－その他,環状交差点以外 環状交差点以外をいう。,点灯－３灯式,09,22,00,23,15,9,交差点内,規制なし,4,2,人対車両,75歳以上,75歳以上,乗用車－軽自動車,歩行者,自家用,対象外当事者,乗用車,対象外当事者,40㎞／ｈ以下,対象外当事者,15,00,小破,対象外当事者,その他,対象外当事者,その他,対象外当事者,損傷なし,死亡,金,その他,35.861952,139.667184,2019-12-27,11:25,red,,,,,,,,,,,,
本票,千葉,中央,0772,死亡,1,0,30000,対象外,0000,101,夜－夜,曇,市街地－その他,舗装－乾燥,単路－カーブ・屈折,環状交差点以外 環状交差点以外をいう。,施設なし,00,23,00,23,03,3,単路（交差点付近を含む）,規制なし,4,2,人対車両,0～24歳,45～54歳,乗用車－軽自動車,歩行者,自家用,対象外当事者,乗用車,対象外当事者,40㎞／ｈ以下,対象外当事者,10,00,小破,対象外当事者,その他,対象外当事者,その他,対象外当事者,損傷なし,死亡,金,その他,35.566668,140.141337,2019-12-27,02:37,red,,,,,,,,,,,,
本票,千葉,東,0777,死亡,1,0,10080,対象外,0000,204,昼－昼,雨,市街地－人口集中,舗装－湿潤,単路－その他,環状交差点以外 環状交差点以外をいう。,施設なし,00,23,00,23,05,8,単路（交差点付近を含む）,規制なし,1,2,車両単独,0～24歳,不明,二輪車－自動二輪－軽二輪－126～250cc,物件等,自家用,対象外当事者,対象外当事者,対象外当事者,50㎞／ｈ以下,対象外当事者,42,00,小破,対象外当事者,対象外当事者,対象外当事者,対象外当事者,対象外当事者,死亡,対象外当事者,土,その他,35.699160,140.010460,2019-12-07,09:45,red,,,,,,,,,,,,
本票,千葉,東,0778,死亡,1,1,22880,対象外,0000,204,夜－夜,曇,非市街地,舗装－乾燥,交差点付近－その他,環状交差点以外 環状交差点以外をいう。,施設なし,00,23,00,23,03,9,単路（交差点付近を含む）,規制なし,4,2,車両相互,35～44歳,45～54歳,貨物車－大型車,貨物車－準中型車,自家用,自家用,貨物車,貨物車,50㎞／ｈ以下,50㎞／ｈ以下,30,10,大破,大破,その他,その他,その他,その他,負傷,損傷なし,土,その他,35.730975,140.007743,2019-12-07,22:14,red,,,,,,,,,,,,
本票,千葉,江別,0696,死亡,1,0,22640,対象外,0000,203,夜－夜,晴,市街地－その他,舗装－乾燥,交差点－その他,環状交差点以外 環状交差点以外をいう。,点灯－３灯式,09,22,00,23,15,9,交差点内,規制なし,5,2,人対車両,35～44歳,75歳以上,乗用車－普通車,歩行者,自家用,対象外当事者,乗用車,対象外当事者,40㎞／ｈ以下,対象外当事者,10,00,小破,対象外当事者,その他,対象外当事者,その他,対象外当事者,損傷なし,死亡,木,その他,35.744325,139.928056,2019-12-05,05:14,red,,,,,,,,,,,,
本票,千葉,栗山,0394,死亡,1,0,21620,対象外,0000,208,夜－夜,晴,非市街地,舗装－乾燥,交差点－その他,環状交差点以外 環状交差点以外をいう。,施設なし,09,22,01,21,14,9,交差点内,規制なし,4,2,車両相互,45～54歳,0～24歳,貨物車－中型車,軽車両－自転車,事業用,対象外当事者,貨物車,対象外当事者,50㎞／ｈ以下,対象外当事者,10,20,中破,大破,その他,対象外当事者,その他,対象外当事者,損傷なし,死亡,水,その他,36.030295,139.836473,2019-12-18,18:14,red,,,,,,,,,,,,
本票,千葉,野辺地,0633,死亡,1,0,30000,対象外,0000,230,夜－暮,晴,市街地－人口集中,舗装－乾燥,単路－その他,環状交差点以外 環状交差点以外をいう。,施設なし,00,23,00,23,03,9,単路（交差点付近を含む）,規制なし,4,3,人対車両,45～54歳,75歳以上,乗用車－軽自動車,歩行者,自家用,対象外当事者,乗用車,対象外当事者,指定の速度規制なし等,対象外当事者,10,00,中破,対象外当事者,その他,対象外当事者,その他,対象外当事者,損傷なし,死亡,木,その他,35.678344,140.309728,2019-12-05,16:58,red,,,,,,,,,,,,
本票,千葉,砂川,0324,死亡,1,0,22800,対象外,0000,232,夜－夜,晴,市街地－その他,舗装－乾燥,単路－その他,環状交差点以外 環状交差点以外をいう。,施設なし,00,23,00,23,03,7,単路（交差点付近を含む）,規制なし,4,3,車両相互,65～74歳,0～24歳,貨物車－中型車,軽車両－自転車,事業用,対象外当事者,貨物車,対象外当事者,40㎞／ｈ以下,対象外当事者,84,10,小破,小破,その他,対象外当事者,その他,対象外当事者,損傷なし,死亡,土,その他,35.807999,140.038581,2019-11-30,18:40,red,,,,,,,,,,,,
本票,千葉,小樽,0186,死亡,1,2,30000,対象外,0000,215,夜－夜,曇,非市街地,舗装－湿潤,単路－カーブ・屈折,環状交差点以外 環状交差点以外をいう。,施設なし,00,23,00,23,03,3,単路（交差点付近を含む）,規制なし,4,4,車両相互,0～24歳,0～24歳,乗用車－軽自動車,貨物車－軽自動車,自家用,自家用,乗用車,貨物車,50㎞／ｈ以下,50㎞／ｈ以下,10,17,大破,大破,その他,装備あり 作動,その他,その他,死亡,負傷,日,その他,35.740664,140.598526,2019-12-01,22:26,red,,,,,,,,,,,,
本票,千葉,余市,0112,死亡,1,0,22990,対象外,0000,235,夜－夜,曇,非市街地,舗装－乾燥,単路－カーブ・屈折,環状交差点以外 環状交差点以外をいう。,施設なし,00,23,00,23,01,3,単路（交差点付近を含む）,規制なし,5,3,人対車両,25～34歳,75歳以上,乗用車－普通車,歩行者,自家用,対象外当事者,乗用車,対象外当事者,40㎞／ｈ以下,対象外当事者,50,00,小破,対象外当事者,その他,対象外当事者,その他,対象外当事者,損傷なし,死亡,月,その他,35.695171,140.590029,2019-12-30,04:08,red,,,,,,,,,,,,