資料区分,都道府県コード,警察署等コード,本票番号,事故内容,死者数,負傷者数,路線コード,上下線,地点コード,市区町村コード,昼夜,天候,地形,路面状態,道路形状,環状交差点の直径,信号機,一時停止規制　標識（当事者A）,一時停止規制　表示（当事者A）,一時停止規制　標識（当事者B）,一時停止規制　表示（当事者B）,車道幅員,道路線形,衝突地点,ゾーン規制,中央分離帯施設等,歩車道区分,事故類型,年齢（当事者A）,年齢（当事者B）,当事者種別（当事者A）,当事者種別（当事者B）,用途別（当事者A）,用途別（当事者B）,車両形状（当事者A）,車両形状（当事者B）,速度規制（指定のみ）（当事者A）,速度規制（指定のみ）（当事者B）,車両の衝突部位（当事者A）,車両の衝突部位（当事者B）,車両の損壊程度（当事者A）,車両の損壊程度（当事者B）,エアバッグの装備（当事者A）,エアバッグの装備（当事者B）,サイドエアバッグの装備（当事者A）,サイドエアバッグの装備（当事者B）,人身損傷程度（当事者A）,人身損傷程度（当事者B）,曜日(発生年月日),祝日(発生年月日),緯度,経度,発生日,発生時,color,発生地点,道路管理者区分,道路区分,道路構造,曲線半径,縦断勾配,トンネル番号,当事者車両台数,車両単独事故の対象物,臨時速度規制の有無,速度規制（臨時のみ）,トンネル延長距離
本票,千葉,倶知安,0223,死亡,1,0,10580,対象外,0000,237,昼－昼,晴,非市街地,舗装－乾燥,交差点－その他,環状交差点以外 環状交差点以外をいう。,点灯－３灯式,09,22,00,23,15,9,交差点内,規制なし,5,2,人対車両,55～64歳,75歳以上,乗用車－普通車,歩行者,自家用,対象外当事者,乗用車,対象外当事者,50㎞／ｈ以下,対象外当事者,50,00,小破,対象外当事者,その他,対象外当事者,その他,対象外当事者,損傷なし,死亡,日,その他,35.603093,140.495640,2019-12-08,07:50,red,,,,,,,,,,,,
本票,千葉,岩内,0338,死亡,2,2,30000,対象外,0000,403,昼－昼,晴,非市街地,舗装－乾燥,交差点－その他,環状交差点以外 環状交差点以外をいう。,施設なし,09,22,09,22,14,9,交差点内,規制なし,4,2,車両相互,75歳以上,65～74歳,乗用車－軽自動車,乗用車－軽自動車,自家用,自家用,乗用車,乗用車,指定の速度規制なし等,指定の速度規制なし等,46,10,中破,中破,その他,装備あり 作動,その他,その他,死亡,負傷,金,その他,35.524971,140.433498,2019-12-20,13:27,red,,,,,,,,,,,,
本票,千葉,伊達,0412,死亡,2,0,21230,対象外,0000,424,夜－明,晴,非市街地,舗装－乾燥,交差点－その他,環状交差点以外 環状交差点以外をいう。,点灯－３灯式,09,22,09,22,15,9,交差点内,規制なし,5,2,車両相互,45～54歳,0～24歳,乗用車－普通車,二輪車－原付自転車,自家用,自家用,乗用車,対象外当事者,40㎞／ｈ以下,指定の速度規制なし等,11,40,中破,大破,装備あり 作動,対象外当事者,その他,対象外当事者,損傷なし,死亡,火,その他,35.463262,140.388399,2019-12-03,05:38,red,,,,,,,,,,,,
本票,千葉,伊達,0436,死亡,1,0,01280,上,0000,210,昼－昼,晴,市街地－その他,舗装－乾燥,交差点－その他,環状交差点以外 環状交差点以外をいう。,施設なし,09,22,00,23,15,9,交差点内,規制なし,4,2,人対車両,75歳以上,75歳以上,乗用車－普通車,歩行者,自家用,対象外当事者,乗用車,対象外当事者,指定の速度規制なし等,対象外当事者,10,00,中破,対象外当事者,その他,対象外当事者,その他,対象外当事者,損傷なし,死亡,水,その他,35.446582,140.295076,2019-12-18,13:45,red,,,,,,,,,,,,
本票,千葉,浦河,0859,死亡,1,0,10810,対象外,0000,219,昼－昼,曇,市街地－その他,舗装－乾燥,単路－カーブ・屈折,環状交差点以外 環状交差点以外をいう。,施設なし,00,23,00,23,03,3,単路（交差点付近を含む）,規制なし,4,2,車両単独,75歳以上,不明,乗用車－軽自動車,物件等,自家用,対象外当事者,乗用車,対象外当事者,40㎞／ｈ以下,対象外当事者,41,00,大破,対象外当事者,装備あり 作動,対象外当事者,その他,対象外当事者,損傷なし,対象外当事者,金,その他,35.332845,140.145244,2019-12-06,13:07,red,,,,,,,,,,,,
本票,千葉,浦河,0873,死亡,1,0,02970,下,0000,219,夜－明,霧,市街地－人口集中,舗装－乾燥,単路－その他,環状交差点以外 環状交差点以外をいう。,施設なし,00,23,00,23,05,9,単路（交差点付近を含む）,規制なし,1,2,人対車両,65～74歳,65～74歳,貨物車－普通車,歩行者,自家用,対象外当事者,貨物車,対象外当事者,50㎞／ｈ以下,対象外当事者,80,00,中破,対象外当事者,その他,対象外当事者,その他,対象外当事者,損傷なし,死亡,木,その他,35.530587,140.117578,2019-12-12,06:10,red,,,,,,,,,,,,
本票,千葉,浦河,0888,死亡,1,0,30000,対象外,0000,219,夜－明,晴,市街地－その他,舗装－乾燥,交差点付近－その他,環状交差点以外 環状交差点以外をいう。,施設なし,00,23,00,23,03,9,単路（交差点付近を含む）,規制なし,4,2,人対車両,45～54歳,65～74歳,乗用車－軽自動車,歩行者,自家用,対象外当事者,乗用車,対象外当事者,40㎞／ｈ以下,対象外当事者,10,00,小破,対象外当事者,その他,対象外当事者,その他,対象外当事者,損傷なし,死亡,水,その他,35.542023,140.119484,2019-12-18,06:00,red,,,,,,,,,,,,
本票,千葉,北,0776,死亡,1,1,30000,対象外,0000,206,昼－昼,晴,市街地－人口集中,舗装－乾燥,交差点－その他,環状交差点以外 環状交差点以外をいう。,点灯－３灯式,09,22,00,23,18,9,交差点内,規制なし,5,2,車両単独,75歳以上,不明,乗用車－普通車,物件等,自家用,対象外当事者,乗用車,対象外当事者,指定の速度規制なし等,対象外当事者,50,00,大破,対象外当事者,装備あり 作動,対象外当事者,その他,対象外当事者,死亡,対象外当事者,火,その他,35.361269,139.946355,2019-12-31,11:18,red,,,,,,,,,,,,
本票,千葉,武南,0543,死亡,2,5,00140,上,0000,106,夜－夜,晴,市街地－人口集中,舗装－乾燥,単路－その他,環状交差点以外 環状交差点以外をいう。,施設なし,00,23,00,23,06,9,単路（交差点付近を含む）,規制なし,1,2,人対車両,35～44歳,45～54歳,貨物車－大型車,歩行者,事業用,対象外当事者,貨物車,対象外当事者,指定の速度規制なし等,対象外当事者,10,00,大破,対象外当事者,装備あり 作動,対象外当事者,その他,対象外当事者,損傷なし,死亡,水,その他,35.620959,140.095375,2019-12-11,02:11,red,,,,,,,,,,,,
本票,千葉,大宮西,0285,死亡,1,0,00060,上,0000,222,昼－暮,晴,非市街地,舗装－乾燥,交差点－その他,環状交差点以外 環状交差点以外をいう。,点灯－３灯式,09,22,09,22,19,9,交差点内,規制なし,5,2,車両相互,75歳以上,0～24歳,乗用車－普通車,二輪車－自動二輪－軽二輪－126～250cc,自家用,自家用,乗用車,対象外当事者,50㎞／ｈ以下,50㎞／ｈ以下,80,10,小破,大破,その他,対象外当事者,その他,対象外当事者,損傷なし,死亡,日,その他,35.877509,139.999067,2019-12-15,16:02,red,,,,,,,,,,,,
本票,千葉,浦和東,0415,死亡,1,0,30000,対象外,0000,207,夜－暮,晴,市街地－人口集中,舗装－乾燥,交差点－その他,環状交差点以外 環状交差点以外をいう。,施設なし,09,22,00,23,15,9,交差点内,規制なし,5,3,人対車両,75歳以上,75歳以上,貨物車－軽自動車,歩行者,自家用,対象外当事者,貨物車,対象外当事者,30㎞／ｈ以下,対象外当事者,10,00,小破,対象外当事者,その他,対象外当事者,その他,対象外当事者,損傷なし,死亡,土,その他,35.828943,139.936117,2019-11-30,17:10,red,,,,,,,,,,,,
本票,千葉,四街道,0222,死亡,1,0,10640,対象外,0000,228,夜－夜,晴,市街地－人口集中,舗装－乾燥,単路－その他,環状交差点以外 環状交差点以外をいう。,施設なし,00,23,00,23,03,9,単路（交差点付近を含む）,規制なし,4,2,車両相互,45～54歳,0～24歳,貨物車－準中型車,二輪車－原付自転車,事業用,自家用,貨物車,対象外当事者,40㎞／ｈ以下,指定の速度規制なし等,10,34,小破,小破,その他,対象外当事者,その他,対象外当事者,損傷なし,死亡,土,その他,35.678704,140.175350,2019-12-14,21:45,red,,,,,,,,,,,,
本票,神奈川,高速道路交通警察隊,0600,死亡,1,0,50070,上,0000,131,夜－夜,晴,非市街地,舗装－乾燥,単路－トンネル,環状交差点以外 環状交差点以外をいう。,施設なし,00,23,00,23,05,9,単路（交差点付近を含む）,規制なし,1,4,車両相互,45～54歳,55～64歳,乗用車－大型車,貨物車－大型車,事業用,事業用,乗用車,貨物車,80㎞／ｈ以下,80㎞／ｈ以下,31,10,大破,小破,その他,その他,その他,その他,死亡,損傷なし,火,その他,35.505840,139.774862,2019-12-17,23:10,red,347,首都高速道路,追越車線,完全分離－トンネル,直線,平坦・該当なし,釈迦内,2,該当なし,該当なし,該当なし,1953
本票,神奈川,千葉北,0340,死亡,1,0,30000,対象外,0000,113,夜－夜,晴,市街地－人口集中,舗装－乾燥,交差点－その他,環状交差点以外 環状交差点以外をいう。,施設なし,01,21,09,22,15,7,交差点内,規制なし,4,2,車両相互,0～24歳,0～24歳,乗用車－普通車,二輪車－原付自転車,自家用,自家用,乗用車,対象外当事者,指定の速度規制なし等,指定の速度規制なし等,50,10,小破,中破,その他,対象外当事者,その他,対象外当事者,損傷なし,死亡,日,その他,35.503998,139.569096,2019-12-08,20:58,red,,,,,,,,,,,,
本票,神奈川,港北,0527,死亡,1,0,30000,対象外,0000,109,昼－昼,晴,市街地－人口集中,舗装－乾燥,交差点付近－その他,環状交差点以外 環状交差点以外をいう。,施設なし,00,23,00,23,01,8,単路（交差点付近を含む）,規制なし,5,4,車両単独,55～64歳,不明,軽車両－自転車,相手なし,対象外当事者,対象外当事者,対象外当事者,対象外当事者,対象外当事者,対象外当事者,00,00,小破,対象外当事者,対象外当事者,対象外当事者,対象外当事者,対象外当事者,死亡,対象外当事者,金,その他,35.503757,139.632782,2019-11-29,12:40,red,,,,,,,,,,,,
本票,神奈川,泉,0294,死亡,1,0,30000,対象外,0000,116,夜－明,晴,市街地－その他,舗装－乾燥,交差点－その他,環状交差点以外 環状交差点以外をいう。,施設なし,09,22,00,23,15,9,交差点内,規制なし,5,1,人対車両,25～34歳,75歳以上,乗用車－普通車,歩行者,自家用,対象外当事者,乗用車,対象外当事者,40㎞／ｈ以下,対象外当事者,10,00,中破,対象外当事者,その他,対象外当事者,その他,対象外当事者,損傷なし,死亡,月,その他,35.443034,139.491438,2019-12-16,06:10,red,,,,,,,,,,,,
本票,神奈川,横須賀,0583,死亡,1,0,30000,対象外,0000,201,昼－昼,曇,市街地－その他,舗装－乾燥,単路－カーブ・屈折,環状交差点以外 環状交差点以外をいう。,施設なし,00,23,00,23,03,2,単路（交差点付近を含む）,規制なし,4,2,車両単独,35～44歳,不明,二輪車－自動二輪－原付二種－51～125cc,物件等,自家用,対象外当事者,対象外当事者,対象外当事者,40㎞／ｈ以下,対象外当事者,10,00,小破,対象外当事者,対象外当事者,対象外当事者,対象外当事者,対象外当事者,死亡,対象外当事者,火,その他,35.270121,139.641645,2019-12-10,14:39,red,,,,,,,,,,,,
本票,神奈川,藤沢,0617,死亡,1,0,30000,対象外,0000,205,夜－夜,晴,市街地－人口集中,舗装－乾燥,単路－橋,環状交差点以外 環状交差点以外をいう。,施設なし,00,23,00,23,03,9,単路（交差点付近を含む）,規制なし,4,1,車両単独,0～24歳,不明,二輪車－自動二輪－小型二輪－251～400cc,相手なし,自家用,対象外当事者,対象外当事者,対象外当事者,40㎞／ｈ以下,対象外当事者,10,00,中破,対象外当事者,対象外当事者,対象外当事者,対象外当事者,対象外当事者,死亡,対象外当事者,月,その他,35.338186,139.469423,2019-12-23,22:13,red,,,,,,,,,,,,
本票,神奈川,厚木,0888,死亡,1,1,30001,対象外,0000,401,夜－夜,曇,市街地－その他,舗装－乾燥,単路－その他,環状交差点以外 環状交差点以外をいう。,施設なし,00,23,00,23,03,7,単路（交差点付近を含む）,規制なし,4,1,車両単独,0～24歳,不明,乗用車－普通車,物件等,自家用,対象外当事者,乗用車,対象外当事者,30㎞／ｈ以下,対象外当事者,13,00,大破,対象外当事者,装備あり 作動,対象外当事者,装備あり 作動,対象外当事者,損傷なし,対象外当事者,月,その他,35.524519,139.324148,2019-12-02,02:20,red,,,,,,,,,,,,
本票,神奈川,厚木,0911,死亡,1,1,30000,対象外,0000,212,昼－昼,晴,非市街地,舗装－乾燥,交差点付近－その他,環状交差点以外 環状交差点以外をいう。,施設なし,00,23,00,23,03,6,単路（交差点付近を含む）,規制なし,4,2,車両単独,0～24歳,不明,乗用車－普通車,物件等,自家用,対象外当事者,乗用車,対象外当事者,50㎞／ｈ以下,対象外当事者,10,00,中破,対象外当事者,装備あり 作動,対象外当事者,その他,対象外当事者,負傷,対象外当事者,日,その他,35.466732,139.377802,2019-12-08,11:35,red,,,,,,,,,,,,
本票,新潟,高速道路交通警察隊,0050,死亡,2,2,41180,下,1840,223,昼－暮,曇,非市街地,舗装－乾燥,単路－トンネル,環状交差点以外 環状交差点以外をいう。,施設なし,00,23,00,23,03,3,単路（交差点付近を含む）,規制なし,6,4,車両単独,65～74歳,不明,貨物車－軽自動車,物件等,自家用,対象外当事者,貨物車,対象外当事者,70㎞／ｈ以下,対象外当事者,85,00,大破,対象外当事者,装備あり 作動,対象外当事者,その他,対象外当事者,死亡,対象外当事者,土,その他,37.740081,139.286136,2019-12-21,15:28,red,1840,東日本高速道路,走行車線－第一通行帯,非分離－トンネル,カーブ－1000m以上,平坦・該当なし,高岩山,5,防護柵－トンネル壁,該当なし,該当なし,213
本票,新潟,東,0098,死亡,1,0,01130,上,0623,581,昼－昼,曇,非市街地,舗装－乾燥,単路－カーブ・屈折,環状交差点以外 環状交差点以外をいう。,施設なし,00,23,00,23,04,4,単路（交差点付近を含む）,規制なし,4,2,車両相互,45～54歳,75歳以上,貨物車－大型車,貨物車－軽自動車,事業用,自家用,貨物車,貨物車,指定の速度規制なし等,指定の速度規制なし等,50,50,大破,大破,その他,その他,その他,その他,損傷なし,死亡,金,その他,38.075908,139.590842,2019-12-13,14:00,red,,,,,,,,,,,,
本票,新潟,東,0099,死亡,1,0,37810,対象外,0000,212,夜－暮,曇,市街地－人口集中,舗装－湿潤,単路－その他,環状交差点以外 環状交差点以外をいう。,施設なし,00,23,00,23,03,9,単路（交差点付近を含む）,規制なし,5,4,人対車両,65～74歳,75歳以上,乗用車－普通車,歩行者,自家用,対象外当事者,乗用車,対象外当事者,指定の速度規制なし等,対象外当事者,10,00,損壊なし,対象外当事者,その他,対象外当事者,その他,対象外当事者,損傷なし,死亡,日,その他,38.220781,139.460406,2019-12-15,16:50,red,,,,,,,,,,,,
本票,新潟,つがる,0015,死亡,1,0,37980,対象外,0000,385,夜－暮,晴,市街地－その他,舗装－乾燥,単路－その他,環状交差点以外 環状交差点以外をいう。,施設なし,00,23,00,23,03,9,単路（交差点付近を含む）,規制なし,5,3,車両相互,45～54歳,75歳以上,乗用車－軽自動車,軽車両－その他,自家用,対象外当事者,乗用車,対象外当事者,40㎞／ｈ以下,対象外当事者,18,30,小破,小破,その他,対象外当事者,その他,対象外当事者,損傷なし,死亡,水,その他,37.661917,139.474486,2019-12-25,17:20,red,,,,,,,,,,,,
本票,新潟,野辺地,0053,死亡,1,1,10170,対象外,0000,218,昼－明,晴,非市街地,舗装－乾燥,単路－カーブ・屈折,環状交差点以外 環状交差点以外をいう。,施設なし,00,23,00,23,03,4,単路（交差点付近を含む）,規制なし,4,2,車両相互,35～44歳,65～74歳,貨物車－大型車,貨物車－軽自動車,自家用,自家用,貨物車,貨物車,指定の速度規制なし等,指定の速度規制なし等,50,10,中破,大破,その他,その他,その他,その他,負傷,死亡,月,その他,37.681606,139.207261,2019-12-16,07:03,red,,,,,,,,,,,,
本票,新潟,赤歌,0151,死亡,1,0,37820,対象外,0000,213,夜－夜,曇,非市街地,舗装－湿潤,単路－その他,環状交差点以外 環状交差点以外をいう。,施設なし,00,23,00,23,03,9,その他,規制なし,5,2,車両単独,65～74歳,不明,軽車両－自転車,相手なし,対象外当事者,対象外当事者,対象外当事者,対象外当事者,対象外当事者,対象外当事者,10,00,小破,対象外当事者,対象外当事者,対象外当事者,対象外当事者,対象外当事者,死亡,対象外当事者,水,その他,37.678106,138.932583,2019-12-25,22:10,red,,,,,,,,,,,,
本票,新潟,伊達,0035,死亡,1,0,01160,下,0244,202,夜－暮,曇,非市街地,舗装－乾燥,交差点－その他,環状交差点以外 環状交差点以外をいう。,施設なし,09,22,01,21,14,9,交差点内,規制なし,5,2,車両相互,55～64歳,75歳以上,乗用車－軽自動車,軽車両－自転車,自家用,対象外当事者,乗用車,対象外当事者,指定の速度規制なし等,対象外当事者,10,40,中破,中破,その他,対象外当事者,その他,対象外当事者,損傷なし,死亡,木,その他,37.572956,138.745192,2019-12-19,16:56,red,,,,,,,,,,,,
本票,新潟,苫小牧,0030,死亡,1,0,37920,対象外,0000,225,昼－昼,曇,市街地－その他,舗装－乾燥,単路－その他,環状交差点以外 環状交差点以外をいう。,施設なし,00,23,00,23,02,9,単路（交差点付近を含む）,規制なし,5,4,人対車両,0～24歳,0～24歳,乗用車－普通車,歩行者,自家用,対象外当事者,乗用車,対象外当事者,指定の速度規制なし等,対象外当事者,50,00,小破,対象外当事者,その他,対象外当事者,その他,対象外当事者,損傷なし,死亡,土,その他,37.225553,138.965269,2019-12-14,12:20,red,,,,,,,,,,,,
本票,新潟,浦河,0070,死亡,1,0,25810,対象外,0000,504,夜－暮,雨,非市街地,舗装－湿潤,交差点付近－その他,環状交差点以外 環状交差点以外をいう。,施設なし,00,23,00,23,04,9,単路（交差点付近を含む）,規制なし,4,2,人対車両,0～24歳,45～54歳,乗用車－軽自動車,歩行者,自家用,対象外当事者,乗用車,対象外当事者,40㎞／ｈ以下,対象外当事者,10,00,小破,対象外当事者,その他,対象外当事者,その他,対象外当事者,損傷なし,死亡,金,その他,37.412422,138.609144,2019-12-27,17:28,red,,,,,,,,,,,,
本票,新潟,厚別,0026,死亡,1,0,14630,対象外,0000,217,昼－昼,曇,非市街地,舗装－乾燥,交差点－その他,環状交差点以外 環状交差点以外をいう。,施設なし,09,22,00,23,15,9,交差点内,規制なし,5,2,人対車両,65～74歳,75歳以上,貨物車－軽自動車,歩行者,自家用,対象外当事者,貨物車,対象外当事者,指定の速度規制なし等,対象外当事者,50,00,小破,対象外当事者,その他,対象外当事者,その他,対象外当事者,損傷なし,死亡,水,その他,37.060342,138.245633,2019-12-11,12:30,red,,,,,,,,,,,,
本票,新潟,上尾,0037,死亡,1,0,25730,対象外,0000,216,昼－明,晴,非市街地,舗装－乾燥,単路－その他,環状交差点以外 環状交差点以外をいう。,施設なし,00,23,00,23,03,9,単路（交差点付近を含む）,規制なし,4,3,車両相互,45～54歳,75歳以上,乗用車－普通車,二輪車－原付自転車,自家用,自家用,乗用車,対象外当事者,40㎞／ｈ以下,指定の速度規制なし等,10,20,小破,大破,その他,対象外当事者,その他,対象外当事者,損傷なし,死亡,月,その他,37.043889,137.918525,2019-12-16,07:28,red,,,,,,,,,,,,
本票,新潟,新座,0244,死亡,1,0,10170,対象外,0000,102,夜－暮,雨,非市街地,舗装－湿潤,交差点付近－その他,環状交差点以外 環状交差点以外をいう。,点灯－３灯式,00,23,00,23,06,9,単路（交差点付近を含む）,規制なし,1,2,車両単独,75歳以上,不明,貨物車－軽自動車,物件等,自家用,対象外当事者,貨物車,対象外当事者,指定の速度規制なし等,対象外当事者,15,00,大破,対象外当事者,その他,対象外当事者,その他,対象外当事者,死亡,対象外当事者,水,その他,37.932875,139.133319,2019-12-04,16:50,red,,,,,,,,,,,,
本票,新潟,大宮西,0004,死亡,1,0,37880,対象外,0000,224,夜－夜,曇,非市街地,舗装－湿潤,単路－カーブ・屈折,環状交差点以外 環状交差点以外をいう。,施設なし,00,23,00,23,02,3,その他,規制なし,5,4,車両単独,75歳以上,不明,貨物車－軽自動車,相手なし,自家用,対象外当事者,貨物車,対象外当事者,指定の速度規制なし等,対象外当事者,50,00,小破,対象外当事者,その他,対象外当事者,その他,対象外当事者,死亡,対象外当事者,水,その他,37.903347,138.471411,2019-12-11,00:01,red,,,,,,,,,,,,
本票,山梨,東,0399,死亡,1,0,00520,下,0858,210,夜－夜,晴,市街地－人口集中,舗装－乾燥,単路－その他,環状交差点以外 環状交差点以外をいう。,施設なし,00,23,00,23,03,9,単路（交差点付近を含む）,規制なし,4,2,人対車両,65～74歳,75歳以上,乗用車－普通車,歩行者,事業用,対象外当事者,乗用車,対象外当事者,40㎞／ｈ以下,対象外当事者,80,00,小破,対象外当事者,その他,対象外当事者,その他,対象外当事者,損傷なし,死亡,金,その他,35.663343,138.527792,2019-12-06,02:08,red,,,,,,,,,,,,
本票,山梨,滝川,0132,死亡,1,0,04130,対象外,0000,422,夜－夜,曇,非市街地,舗装－湿潤,単路－その他,環状交差点以外 環状交差点以外をいう。,施設なし,00,23,00,23,03,9,単路（交差点付近を含む）,規制なし,4,3,人対車両,45～54歳,75歳以上,乗用車－軽自動車,歩行者,自家用,対象外当事者,乗用車,対象外当事者,40㎞／ｈ以下,対象外当事者,80,00,小破,対象外当事者,その他,対象外当事者,その他,対象外当事者,損傷なし,死亡,月,その他,35.527516,139.033345,2019-12-30,19:09,red,,,,,,,,,,,,
本票,長野,中央,0719,死亡,1,0,10370,対象外,0000,201,昼－暮,晴,市街地－その他,舗装－乾燥,交差点－その他,環状交差点以外 環状交差点以外をいう。,施設なし,09,22,09,22,17,9,交差点内,規制なし,4,2,車両相互,35～44歳,65～74歳,乗用車－普通車,乗用車－軽自動車,自家用,自家用,乗用車,乗用車,50㎞／ｈ以下,指定の速度規制なし等,00,00,大破,大破,装備あり 作動,装備あり 作動,その他,その他,損傷なし,死亡,水,その他,36.672971,138.198828,2019-12-11,16:30,red,,,,,,,,,,,,
本票,長野,中央,0744,死亡,1,0,37000,対象外,0000,201,夜－夜,晴,非市街地,舗装－乾燥,単路－その他,環状交差点以外 環状交差点以外をいう。,施設なし,00,23,00,23,02,9,単路（交差点付近を含む）,規制なし,5,4,車両相互,35～44歳,45～54歳,貨物車－準中型車,貨物車－普通車,自家用,自家用,貨物車,貨物車,40㎞／ｈ以下,40㎞／ｈ以下,00,10,小破,大破,その他,その他,その他,その他,損傷なし,死亡,金,その他,36.652048,138.258866,2019-12-20,19:00,red,,,,,,,,,,,,
本票,長野,江別,0359,死亡,1,0,10770,対象外,0000,201,夜－夜,晴,市街地－人口集中,舗装－乾燥,単路－その他,環状交差点以外 環状交差点以外をいう。,施設なし,00,23,00,23,04,9,単路（交差点付近を含む）,規制なし,4,2,人対車両,35～44歳,75歳以上,乗用車－軽自動車,歩行者,自家用,対象外当事者,乗用車,対象外当事者,50㎞／ｈ以下,対象外当事者,10,00,中破,対象外当事者,その他,対象外当事者,その他,対象外当事者,損傷なし,死亡,木,その他,36.608200,138.167268,2019-12-19,21:35,red,,,,,,,,,,,,
本票,長野,野辺地,0627,死亡,1,0,10790,対象外,0000,219,昼－昼,晴,非市街地,舗装－乾燥,単路－その他,環状交差点以外 環状交差点以外をいう。,施設なし,00,23,00,23,04,9,単路（交差点付近を含む）,規制なし,4,2,車両相互,65～74歳,45～54歳,乗用車－軽自動車,二輪車－自動二輪－小型二輪－401～750ｃｃ,自家用,自家用,乗用車,対象外当事者,50㎞／ｈ以下,50㎞／ｈ以下,40,10,中破,大破,その他,対象外当事者,その他,対象外当事者,損傷なし,死亡,日,その他,36.355770,138.375612,2019-12-01,15:05,red,,,,,,,,,,,,
本票,長野,野辺地,0670,死亡,1,2,01420,対象外,0000,350,夜－暮,曇,非市街地,舗装－乾燥,単路－カーブ・屈折,環状交差点以外 環状交差点以外をいう。,施設なし,00,23,00,23,04,5,単路（交差点付近を含む）,規制なし,4,3,車両相互,65～74歳,65～74歳,乗用車－普通車,貨物車－軽自動車,自家用,自家用,乗用車,貨物車,50㎞／ｈ以下,50㎞／ｈ以下,50,50,中破,大破,装備あり 作動,装備あり 作動,その他,その他,負傷,死亡,土,その他,36.164181,138.173837,2019-12-21,17:30,red,,,,,,,,,,,,
本票,長野,野辺地,0680,死亡,1,0,01430,対象外,0000,203,夜－明,晴,市街地－その他,舗装－乾燥,交差点－その他,環状交差点以外 環状交差点以外をいう。,施設なし,09,22,00,23,14,9,交差点内,規制なし,4,2,人対車両,0～24歳,45～54歳,乗用車－軽自動車,歩行者,自家用,対象外当事者,乗用車,対象外当事者,40㎞／ｈ以下,対象外当事者,50,00,小破,対象外当事者,その他,対象外当事者,その他,対象外当事者,損傷なし,死亡,水,その他,36.390422,138.218501,2019-12-25,06:10,red,,,,,,,,,,,,
本票,長野,苫小牧,0200,死亡,1,0,10190,対象外,0000,383,夜－夜,晴,非市街地,舗装－乾燥,単路－その他,環状交差点以外 環状交差点以外をいう。,施設なし,00,23,00,23,03,8,単路（交差点付近を含む）,規制なし,4,4,人対車両,25～34歳,55～64歳,乗用車－軽自動車,歩行者,自家用,対象外当事者,乗用車,対象外当事者,50㎞／ｈ以下,対象外当事者,80,00,中破,対象外当事者,その他,対象外当事者,その他,対象外当事者,損傷なし,死亡,月,その他,35.889665,137.996460,2019-12-16,04:00,red,,,,,,,,,,,,
本票,長野,手稲,0203,死亡,1,0,37000,対象外,0000,215,夜－暮,曇,非市街地,舗装－乾燥,交差点－その他,環状交差点以外 環状交差点以外をいう。,施設なし,09,22,00,23,14,9,交差点内,規制なし,4,2,人対車両,75歳以上,75歳以上,乗用車－軽自動車,歩行者,自家用,対象外当事者,乗用車,対象外当事者,指定の速度規制なし等,対象外当事者,10,00,中破,対象外当事者,装備あり 作動,対象外当事者,その他,対象外当事者,損傷なし,死亡,金,その他,36.118375,137.911240,2019-12-13,17:05,red,,,,,,,,,,,,
本票,静岡,高速道路交通警察隊,0388,死亡,1,0,42810,上,0000,136,夜－夜,晴,非市街地,舗装－乾燥,単路－その他,環状交差点以外 環状交差点以外をいう。,施設なし,00,23,00,23,06,9,単路（交差点付近を含む）,規制なし,1,3,車両単独,65～74歳,不明,乗用車－普通車,相手なし,自家用,対象外当事者,乗用車,対象外当事者,指定の速度規制なし等,対象外当事者,00,00,損壊なし,対象外当事者,その他,対象外当事者,その他,対象外当事者,損傷なし,対象外当事者,木,その他,34.839174,137.785421,2019-11-14,20:48,red,1851,中日本高速道路,走行車線－第二通行帯以上,完全分離－高架・橋梁,直線,平坦・該当なし,,5,その他,該当なし,該当なし,0
本票,静岡,中央,0275,死亡,1,0,10140,対象外,0000,302,昼－昼,曇,市街地－その他,舗装－乾燥,単路－その他,環状交差点以外 環状交差点以外をいう。,施設なし,00,23,00,23,02,9,単路（交差点付近を含む）,規制なし,4,2,車両相互,35～44歳,75歳以上,貨物車－軽自動車,軽車両－自転車,自家用,対象外当事者,貨物車,対象外当事者,40㎞／ｈ以下,対象外当事者,80,30,中破,大破,その他,対象外当事者,その他,対象外当事者,損傷なし,死亡,土,その他,34.752924,138.986669,2019-12-28,10:32,red,,,,,,,,,,,,
本票,静岡,西,0451,死亡,1,0,69780,対象外,0065,222,昼－昼,晴,非市街地,舗装－乾燥,単路－カーブ・屈折,環状交差点以外 環状交差点以外をいう。,施設なし,00,23,00,23,03,5,単路（交差点付近を含む）,規制なし,4,3,車両単独,35～44歳,不明,二輪車－自動二輪－小型二輪－751ｃｃ以上,相手なし,自家用,対象外当事者,対象外当事者,対象外当事者,40㎞／ｈ以下,対象外当事者,20,00,大破,対象外当事者,対象外当事者,対象外当事者,対象外当事者,対象外当事者,死亡,対象外当事者,日,その他,34.956955,138.841436,2019-12-29,11:39,red,,,,,,,,,,,,