資料区分,都道府県コード,警察署等コード,本票番号,事故内容,死者数,負傷者数,路線コード,上下線,地点コード,市区町村コード,昼夜,天候,地形,路面状態,道路形状,環状交差点の直径,信号機,一時停止規制　標識（当事者A）,一時停止規制　表示（当事者A）,一時停止規制　標識（当事者B）,一時停止規制　表示（当事者B）,車道幅員,道路線形,衝突地点,ゾーン規制,中央分離帯施設等,歩車道区分,事故類型,年齢（当事者A）,年齢（当事者B）,当事者種別（当事者A）,当事者種別（当事者B）,用途別（当事者A）,用途別（当事者B）,車両形状（当事者A）,車両形状（当事者B）,速度規制（指定のみ）（当事者A）,速度規制（指定のみ）（当事者B）,車両の衝突部位（当事者A）,車両の衝突部位（当事者B）,車両の損壊程度（当事者A）,車両の損壊程度（当事者B）,エアバッグの装備（当事者A）,エアバッグの装備（当事者B）,サイドエアバッグの装備（当事者A）,サイドエアバッグの装備（当事者B）,人身損傷程度（当事者A）,人身損傷程度（当事者B）,曜日(発生年月日),祝日(発生年月日),緯度,経度,発生日,発生時,color,発生地点,道路管理者区分,道路区分,道路構造,曲線半径,縦断勾配,トンネル番号,当事者車両台数,車両単独事故の対象物,臨時速度規制の有無,速度規制（臨時のみ）,トンネル延長距離
本票,三重,野辺地,0280,死亡,1,0,30000,対象外,0000,205,昼－昼,晴,市街地－人口集中,舗装－乾燥,交差点－その他,環状交差点以外 環状交差点以外をいう。,施設なし,09,22,00,23,14,9,交差点内,規制なし,4,4,人対車両,75歳以上,75歳以上,乗用車－普通車,歩行者,自家用,対象外当事者,乗用車,対象外当事者,指定の速度規制なし等,対象外当事者,50,00,損壊なし,対象外当事者,その他,対象外当事者,その他,対象外当事者,損傷なし,死亡,日,その他,35.061980,136.696100,2019-12-29,09:20,red,,,,,,,,,,,,
本票,三重,美唄,0093,死亡,1,0,30000,対象外,0000,214,昼－昼,晴,非市街地,舗装－乾燥,交差点－その他,環状交差点以外 環状交差点以外をいう。,施設なし,09,22,09,22,14,9,交差点内,規制なし,4,3,車両相互,25～34歳,0～24歳,乗用車－普通車,軽車両－自転車,自家用,対象外当事者,乗用車,対象外当事者,40㎞／ｈ以下,対象外当事者,10,20,小破,小破,その他,対象外当事者,その他,対象外当事者,損傷なし,死亡,月,その他,35.086320,136.550000,2019-12-23,15:28,red,,,,,,,,,,,,
本票,三重,伊達,0417,死亡,1,1,00230,上,0034,207,昼－昼,雨,市街地－その他,舗装－湿潤,交差点－その他,環状交差点以外 環状交差点以外をいう。,点灯－３灯式,09,22,09,22,18,9,交差点内,規制なし,1,2,車両相互,65～74歳,75歳以上,乗用車－普通車,乗用車－軽自動車,自家用,自家用,乗用車,乗用車,指定の速度規制なし等,指定の速度規制なし等,10,80,中破,中破,その他,その他,その他,その他,負傷,死亡,月,その他,34.833530,136.585000,2019-12-30,09:18,red,,,,,,,,,,,,
本票,三重,上尾,0301,死亡,1,0,30000,対象外,0000,203,昼－昼,晴,非市街地,舗装－乾燥,交差点－その他,環状交差点以外 環状交差点以外をいう。,施設なし,01,21,09,22,11,9,交差点内,規制なし,5,3,車両相互,25～34歳,75歳以上,乗用車－普通車,二輪車－自動二輪－原付二種－51～125cc,自家用,自家用,乗用車,対象外当事者,指定の速度規制なし等,指定の速度規制なし等,10,40,大破,大破,装備あり 作動,対象外当事者,その他,対象外当事者,損傷なし,死亡,木,その他,34.492550,136.667800,2019-12-05,11:19,red,,,,,,,,,,,,
本票,三重,東入間,0101,死亡,1,0,30000,対象外,0000,215,昼－暮,晴,市街地－その他,舗装－乾燥,単路－その他,環状交差点以外 環状交差点以外をいう。,施設なし,00,23,00,23,01,8,その他,規制なし,5,4,人対車両,45～54歳,65～74歳,乗用車－普通車,歩行者,自家用,対象外当事者,乗用車,対象外当事者,指定の速度規制なし等,対象外当事者,10,00,小破,対象外当事者,その他,対象外当事者,その他,対象外当事者,損傷なし,死亡,火,その他,34.326390,136.826000,2019-12-24,16:02,red,,,,,,,,,,,,
本票,三重,鎌ケ谷,0017,死亡,1,0,00420,上,2447,212,夜－夜,晴,市街地－その他,舗装－乾燥,単路－その他,環状交差点以外 環状交差点以外をいう。,施設なし,00,23,00,23,03,9,単路（交差点付近を含む）,規制なし,4,3,車両相互,65～74歳,55～64歳,乗用車－普通車,二輪車－自動二輪－原付二種－51～125cc,自家用,自家用,乗用車,対象外当事者,50㎞／ｈ以下,50㎞／ｈ以下,80,10,小破,中破,その他,対象外当事者,その他,対象外当事者,損傷なし,死亡,水,その他,33.878180,136.091900,2019-12-25,02:00,red,,,,,,,,,,,,
本票,滋賀,白石,0867,死亡,1,0,37990,対象外,0000,206,夜－夜,雨,市街地－その他,舗装－湿潤,単路－その他,環状交差点以外 環状交差点以外をいう。,施設なし,00,23,00,23,03,9,単路（交差点付近を含む）,規制なし,5,4,人対車両,45～54歳,65～74歳,乗用車－軽自動車,歩行者,自家用,対象外当事者,乗用車,対象外当事者,指定の速度規制なし等,対象外当事者,10,00,小破,対象外当事者,その他,対象外当事者,その他,対象外当事者,損傷なし,死亡,木,その他,35.009318,135.976969,2019-12-26,19:38,red,,,,,,,,,,,,
本票,滋賀,江別,0288,死亡,1,0,70000,対象外,0000,384,昼－昼,晴,非市街地,舗装－乾燥,交差点付近－その他,環状交差点以外 環状交差点以外をいう。,施設なし,00,23,00,23,01,9,その他,規制なし,5,4,車両単独,55～64歳,不明,特殊車－小型－農耕作業用,相手なし,対象外当事者,対象外当事者,対象外当事者,対象外当事者,指定の速度規制なし等,対象外当事者,00,00,小破,対象外当事者,対象外当事者,対象外当事者,対象外当事者,対象外当事者,死亡,対象外当事者,日,その他,35.052169,136.122168,2019-12-01,15:30,red,,,,,,,,,,,,
本票,滋賀,つがる,0398,死亡,1,0,14010,対象外,0000,202,夜－暮,晴,非市街地,舗装－乾燥,単路－その他,環状交差点以外 環状交差点以外をいう。,施設なし,00,23,00,23,03,9,単路（交差点付近を含む）,規制なし,4,2,人対車両,45～54歳,75歳以上,乗用車－普通車,歩行者,自家用,対象外当事者,乗用車,対象外当事者,50㎞／ｈ以下,対象外当事者,50,00,小破,対象外当事者,その他,対象外当事者,その他,対象外当事者,損傷なし,死亡,火,その他,35.234498,136.218281,2019-12-24,17:40,red,,,,,,,,,,,,
本票,京都,栗山,0285,死亡,1,0,03670,上,0000,103,昼－昼,晴,市街地－その他,舗装－乾燥,単路－カーブ・屈折,環状交差点以外 環状交差点以外をいう。,施設なし,00,23,00,23,03,5,単路（交差点付近を含む）,規制なし,4,4,車両相互,35～44歳,0～24歳,乗用車－普通車,二輪車－自動二輪－小型二輪－251～400cc,自家用,自家用,乗用車,対象外当事者,40㎞／ｈ以下,40㎞／ｈ以下,20,20,小破,小破,その他,対象外当事者,その他,対象外当事者,損傷なし,死亡,水,その他,35.096869,135.820362,2019-12-25,10:29,red,,,,,,,,,,,,
本票,京都,野辺地,0331,死亡,1,0,00010,上,4897,110,夜－夜,曇,市街地－人口集中,舗装－乾燥,単路－その他,環状交差点以外 環状交差点以外をいう。,施設なし,00,23,00,23,05,9,単路（交差点付近を含む）,規制なし,4,1,車両相互,25～34歳,45～54歳,乗用車－普通車,二輪車－自動二輪－原付二種－51～125cc,自家用,自家用,乗用車,対象外当事者,50㎞／ｈ以下,50㎞／ｈ以下,20,10,小破,中破,その他,対象外当事者,その他,対象外当事者,損傷なし,死亡,火,その他,34.985888,135.827763,2019-12-24,00:12,red,,,,,,,,,,,,
本票,京都,伊達,0256,死亡,1,0,38880,対象外,0000,101,夜－夜,曇,市街地－その他,舗装－乾燥,交差点－その他,環状交差点以外 環状交差点以外をいう。,施設なし,09,22,00,23,11,9,交差点内,規制なし,5,2,人対車両,55～64歳,45～54歳,乗用車－普通車,歩行者,自家用,対象外当事者,乗用車,対象外当事者,40㎞／ｈ以下,対象外当事者,10,00,小破,対象外当事者,その他,対象外当事者,その他,対象外当事者,損傷なし,死亡,土,その他,35.054343,135.763292,2019-12-07,23:10,red,,,,,,,,,,,,
本票,京都,伊達,0276,死亡,1,0,15080,対象外,0000,101,昼－昼,曇,市街地－人口集中,舗装－乾燥,交差点－その他,環状交差点以外 環状交差点以外をいう。,点灯－３灯式,09,22,09,22,17,9,交差点内,規制なし,5,2,車両相互,0～24歳,45～54歳,貨物車－軽自動車,二輪車－原付自転車,自家用,自家用,貨物車,対象外当事者,50㎞／ｈ以下,指定の速度規制なし等,10,12,小破,大破,その他,対象外当事者,その他,対象外当事者,損傷なし,死亡,月,その他,35.040856,135.738644,2019-12-23,09:08,red,,,,,,,,,,,,
本票,京都,八幡,0095,死亡,1,0,00010,上,5150,210,昼－昼,曇,市街地－その他,舗装－乾燥,交差点－その他,環状交差点以外 環状交差点以外をいう。,点灯－３灯式,09,22,09,22,17,8,交差点内,規制なし,4,2,車両相互,35～44歳,75歳以上,貨物車－大型車,乗用車－軽自動車,事業用,自家用,貨物車,乗用車,50㎞／ｈ以下,50㎞／ｈ以下,10,14,中破,大破,その他,装備あり 作動,その他,その他,損傷なし,死亡,土,その他,34.852566,135.704545,2019-12-07,09:27,red,,,,,,,,,,,,
本票,京都,葉山,0062,死亡,1,0,39990,対象外,0000,205,昼－暮,曇,市街地－人口集中,舗装－乾燥,踏切－第一種,環状交差点以外 環状交差点以外をいう。,施設なし,00,23,00,23,03,9,その他,規制なし,5,4,列車,55～64歳,55～64歳,列車,歩行者,対象外当事者,対象外当事者,対象外当事者,対象外当事者,対象外当事者,対象外当事者,10,00,損壊なし,対象外当事者,対象外当事者,対象外当事者,対象外当事者,対象外当事者,損傷なし,死亡,木,その他,35.541562,135.208986,2019-12-19,16:40,red,,,,,,,,,,,,
本票,京都,藤沢,0072,死亡,1,0,14170,対象外,0000,212,夜－夜,雨,非市街地,舗装－湿潤,単路－カーブ・屈折,環状交差点以外 環状交差点以外をいう。,施設なし,00,23,00,23,03,2,単路（交差点付近を含む）,規制なし,4,3,車両単独,45～54歳,不明,乗用車－軽自動車,物件等,自家用,対象外当事者,乗用車,対象外当事者,40㎞／ｈ以下,対象外当事者,10,00,大破,対象外当事者,装備あり 作動,対象外当事者,その他,対象外当事者,死亡,対象外当事者,土,その他,35.637929,135.054416,2019-12-28,02:35,red,,,,,,,,,,,,
本票,大阪,高速道路交通警察隊,0850,死亡,2,3,52020,対象外,0000,106,夜－夜,晴,市街地－人口集中,舗装－乾燥,単路－橋,環状交差点以外 環状交差点以外をいう。,施設なし,00,23,00,23,05,6,単路（交差点付近を含む）,規制なし,1,4,車両相互,25～34歳,25～34歳,乗用車－普通車,乗用車－軽自動車,自家用,自家用,乗用車,乗用車,50㎞／ｈ以下,50㎞／ｈ以下,10,10,大破,大破,装備あり 作動,装備あり 作動,その他,その他,負傷,負傷,金,その他,34.692571,135.496175,2019-12-27,22:25,red,1,阪神高速道路,走行車線－第二通行帯以上,完全分離－その他,カーブ－100m未満,平坦・該当なし,,2,該当なし,該当なし,該当なし,0
本票,大阪,美唄,0590,死亡,1,0,15040,対象外,0024,128,昼－昼,曇,市街地－人口集中,舗装－乾燥,交差点－その他,環状交差点以外 環状交差点以外をいう。,施設なし,09,22,09,22,18,9,交差点内,規制なし,5,1,車両相互,55～64歳,65～74歳,乗用車－普通車,軽車両－自転車,自家用,対象外当事者,乗用車,対象外当事者,50㎞／ｈ以下,対象外当事者,80,20,小破,大破,その他,対象外当事者,その他,対象外当事者,損傷なし,死亡,土,その他,34.672358,135.511690,2019-12-07,08:42,red,,,,,,,,,,,,
本票,大阪,余市,0459,死亡,1,0,30990,対象外,0000,116,夜－夜,晴,市街地－人口集中,舗装－乾燥,交差点付近－その他,環状交差点以外 環状交差点以外をいう。,施設なし,00,23,00,23,04,9,単路（交差点付近を含む）,規制なし,4,4,人対車両,0～24歳,65～74歳,乗用車－軽自動車,歩行者,自家用,対象外当事者,乗用車,対象外当事者,30㎞／ｈ以下,対象外当事者,50,00,中破,対象外当事者,その他,対象外当事者,その他,対象外当事者,損傷なし,死亡,木,その他,34.641358,135.544970,2019-12-12,03:00,red,,,,,,,,,,,,
本票,大阪,岩内,0467,死亡,1,1,10050,対象外,0011,118,夜－夜,晴,市街地－人口集中,舗装－乾燥,交差点－その他,環状交差点以外 環状交差点以外をいう。,施設なし,09,22,00,23,17,9,交差点内,規制なし,4,1,人対車両,65～74歳,55～64歳,二輪車－自動二輪－原付二種－51～125cc,歩行者,自家用,対象外当事者,対象外当事者,対象外当事者,50㎞／ｈ以下,対象外当事者,10,00,小破,対象外当事者,対象外当事者,対象外当事者,対象外当事者,対象外当事者,死亡,負傷,月,その他,34.701811,135.559305,2019-12-30,23:10,red,,,,,,,,,,,,
本票,大阪,苫小牧,0367,死亡,1,0,00250,上,9123,121,昼－昼,晴,市街地－人口集中,舗装－乾燥,交差点－その他,環状交差点以外 環状交差点以外をいう。,点灯－３灯式,09,22,09,22,18,9,交差点内,規制なし,5,2,車両相互,45～54歳,65～74歳,乗用車－普通車,軽車両－自転車,自家用,対象外当事者,乗用車,対象外当事者,指定の速度規制なし等,対象外当事者,50,40,小破,小破,その他,対象外当事者,その他,対象外当事者,損傷なし,死亡,日,その他,34.639969,135.532322,2019-12-29,13:35,red,,,,,,,,,,,,
本票,大阪,静内,0354,死亡,1,0,30990,対象外,0000,122,昼－昼,晴,市街地－人口集中,舗装－乾燥,交差点付近－その他,環状交差点以外 環状交差点以外をいう。,点灯－３灯式,00,23,00,23,04,9,単路（交差点付近を含む）,規制なし,5,3,車両相互,65～74歳,75歳以上,乗用車－普通車,軽車両－自転車,自家用,対象外当事者,乗用車,対象外当事者,40㎞／ｈ以下,対象外当事者,50,40,小破,中破,その他,対象外当事者,その他,対象外当事者,損傷なし,死亡,金,その他,34.624830,135.495081,2019-12-20,15:34,red,,,,,,,,,,,,
本票,大阪,北,0435,死亡,1,0,30990,対象外,0000,125,夜－夜,晴,市街地－人口集中,舗装－乾燥,交差点－その他,環状交差点以外 環状交差点以外をいう。,施設なし,09,22,00,23,15,9,交差点内,ゾーン30,4,2,人対車両,45～54歳,65～74歳,乗用車－普通車,歩行者,事業用,対象外当事者,乗用車,対象外当事者,40㎞／ｈ以下,対象外当事者,10,00,小破,対象外当事者,その他,対象外当事者,その他,対象外当事者,損傷なし,死亡,土,その他,34.617257,135.481832,2019-11-30,20:29,red,,,,,,,,,,,,
本票,大阪,北,0446,死亡,1,0,10090,対象外,0111,125,夜－夜,晴,市街地－人口集中,舗装－乾燥,交差点－その他,環状交差点以外 環状交差点以外をいう。,点灯－３灯式,09,22,09,22,18,9,交差点内,規制なし,5,1,車両相互,0～24歳,65～74歳,乗用車－普通車,軽車両－自転車,自家用,対象外当事者,乗用車,対象外当事者,60㎞／ｈ以下,対象外当事者,50,40,小破,小破,その他,対象外当事者,その他,対象外当事者,損傷なし,死亡,日,その他,34.607873,135.473141,2019-12-08,02:23,red,,,,,,,,,,,,
本票,大阪,北,0473,死亡,1,0,00260,上,0099,125,昼－昼,雨,市街地－人口集中,舗装－湿潤,交差点－その他,環状交差点以外 環状交差点以外をいう。,点灯－３灯式,09,22,00,23,17,9,交差点内,規制なし,5,2,人対車両,25～34歳,75歳以上,貨物車－軽自動車,歩行者,事業用,対象外当事者,貨物車,対象外当事者,50㎞／ｈ以下,対象外当事者,10,00,小破,対象外当事者,その他,対象外当事者,その他,対象外当事者,損傷なし,死亡,月,その他,34.610206,135.486200,2019-12-30,10:54,red,,,,,,,,,,,,
本票,大阪,函館西,0828,死亡,1,0,10360,対象外,0280,211,昼－明,曇,市街地－人口集中,舗装－湿潤,交差点付近－その他,環状交差点以外 環状交差点以外をいう。,施設なし,00,23,00,23,03,9,単路（交差点付近を含む）,規制なし,4,4,人対車両,0～24歳,45～54歳,乗用車－普通車,歩行者,自家用,対象外当事者,乗用車,対象外当事者,30㎞／ｈ以下,対象外当事者,80,00,中破,対象外当事者,その他,対象外当事者,その他,対象外当事者,損傷なし,死亡,木,その他,34.812902,135.572398,2019-12-12,07:33,red,,,,,,,,,,,,
本票,大阪,森,0793,死亡,1,0,04790,対象外,0050,205,夜－暮,晴,市街地－人口集中,舗装－乾燥,単路－その他,環状交差点以外 環状交差点以外をいう。,施設なし,00,23,00,23,05,9,単路（交差点付近を含む）,規制なし,4,2,車両単独,45～54歳,不明,二輪車－自動二輪－小型二輪－401～750ｃｃ,物件等,自家用,対象外当事者,対象外当事者,対象外当事者,50㎞／ｈ以下,対象外当事者,10,00,大破,対象外当事者,対象外当事者,対象外当事者,対象外当事者,対象外当事者,死亡,対象外当事者,木,その他,34.753476,135.524011,2019-12-05,17:23,red,,,,,,,,,,,,
本票,大阪,森,0822,死亡,1,1,04790,対象外,0044,205,昼－昼,曇,市街地－人口集中,舗装－乾燥,交差点付近－その他,環状交差点以外 環状交差点以外をいう。,点灯－３灯式,00,23,00,23,05,6,単路（交差点付近を含む）,規制なし,4,2,車両相互,35～44歳,75歳以上,貨物車－普通車,貨物車－軽自動車,自家用,自家用,貨物車,貨物車,50㎞／ｈ以下,50㎞／ｈ以下,50,50,大破,大破,装備あり 作動,装備あり 作動,その他,その他,負傷,死亡,火,その他,34.757928,135.520189,2019-12-17,09:51,red,,,,,,,,,,,,
本票,大阪,江差,0638,死亡,1,0,00260,下,0153,141,昼－昼,晴,市街地－人口集中,舗装－乾燥,交差点－その他,環状交差点以外 環状交差点以外をいう。,点灯－３灯式,09,22,00,23,18,9,交差点内,規制なし,5,1,人対車両,0～24歳,75歳以上,貨物車－準中型車,歩行者,事業用,対象外当事者,貨物車,対象外当事者,60㎞／ｈ以下,対象外当事者,80,00,小破,対象外当事者,その他,対象外当事者,その他,対象外当事者,損傷なし,死亡,金,その他,34.570393,135.473400,2019-12-13,12:34,red,,,,,,,,,,,,
本票,大阪,貝塚,0344,死亡,1,1,30990,対象外,0000,208,夜－夜,曇,市街地－その他,舗装－湿潤,交差点付近－その他,環状交差点以外 環状交差点以外をいう。,施設なし,00,23,00,23,03,9,単路（交差点付近を含む）,規制なし,4,2,車両相互,55～64歳,65～74歳,乗用車－軽自動車,乗用車－軽自動車,自家用,自家用,乗用車,乗用車,30㎞／ｈ以下,30㎞／ｈ以下,50,10,中破,中破,装備あり 作動,装備あり 作動,その他,その他,死亡,負傷,月,その他,34.438220,135.371755,2019-12-30,20:59,red,,,,,,,,,,,,
本票,大阪,蒲田,0614,死亡,1,0,10020,対象外,0238,227,夜－暮,晴,市街地－その他,舗装－乾燥,単路－その他,環状交差点以外 環状交差点以外をいう。,施設なし,00,23,00,23,05,9,単路（交差点付近を含む）,規制なし,1,2,人対車両,45～54歳,75歳以上,二輪車－自動二輪－軽二輪－126～250cc,歩行者,自家用,対象外当事者,対象外当事者,対象外当事者,50㎞／ｈ以下,対象外当事者,10,00,中破,対象外当事者,対象外当事者,対象外当事者,対象外当事者,対象外当事者,損傷なし,死亡,水,その他,34.697379,135.592701,2019-12-11,17:11,red,,,,,,,,,,,,
本票,大阪,池上,0839,死亡,1,0,30990,対象外,0000,227,昼－昼,晴,市街地－その他,舗装－乾燥,交差点－その他,環状交差点以外 環状交差点以外をいう。,点灯－３灯式,09,22,00,23,15,9,交差点内,規制なし,5,2,人対車両,75歳以上,75歳以上,乗用車－軽自動車,歩行者,自家用,対象外当事者,乗用車,対象外当事者,30㎞／ｈ以下,対象外当事者,50,00,損壊なし,対象外当事者,その他,対象外当事者,その他,対象外当事者,損傷なし,死亡,水,その他,34.664260,135.578177,2019-12-04,11:13,red,,,,,,,,,,,,
本票,大阪,八幡,0802,死亡,1,0,30990,対象外,0000,210,夜－夜,晴,市街地－人口集中,舗装－乾燥,交差点付近－その他,環状交差点以外 環状交差点以外をいう。,施設なし,00,23,00,23,02,9,単路（交差点付近を含む）,規制なし,5,3,人対車両,25～34歳,75歳以上,乗用車－軽自動車,歩行者,自家用,対象外当事者,乗用車,対象外当事者,20㎞／ｈ以下,対象外当事者,10,00,小破,対象外当事者,その他,対象外当事者,その他,対象外当事者,損傷なし,死亡,木,その他,34.840057,135.682033,2019-12-12,21:20,red,,,,,,,,,,,,
本票,大阪,守口,0505,死亡,1,0,01630,上,0078,209,夜－夜,晴,市街地－人口集中,舗装－乾燥,交差点－その他,環状交差点以外 環状交差点以外をいう。,点灯－３灯式,09,22,00,23,18,9,交差点内,規制なし,5,2,人対車両,65～74歳,75歳以上,貨物車－普通車,歩行者,自家用,対象外当事者,貨物車,対象外当事者,50㎞／ｈ以下,対象外当事者,50,00,小破,対象外当事者,その他,対象外当事者,その他,対象外当事者,損傷なし,死亡,水,その他,34.717986,135.568641,2019-12-11,19:43,red,,,,,,,,,,,,
本票,大阪,交野,0591,死亡,1,9,00011,下,0134,210,夜－夜,晴,市街地－人口集中,舗装－乾燥,単路－橋,環状交差点以外 環状交差点以外をいう。,施設なし,00,23,00,23,06,9,単路（交差点付近を含む）,規制なし,1,1,車両相互,0～24歳,75歳以上,乗用車－普通車,乗用車－軽自動車,自家用,自家用,乗用車,乗用車,50㎞／ｈ以下,50㎞／ｈ以下,51,78,大破,大破,装備あり 作動,装備あり 作動,その他,その他,損傷なし,負傷,土,その他,34.814609,135.716952,2019-12-07,19:13,red,,,,,,,,,,,,
本票,兵庫,高速道路交通警察隊,0776,死亡,1,0,45020,下,0420,215,夜－夜,晴,非市街地,舗装－乾燥,単路－その他,環状交差点以外 環状交差点以外をいう。,施設なし,00,23,00,23,05,9,単路（交差点付近を含む）,規制なし,1,3,人対車両,45～54歳,75歳以上,貨物車－大型車,歩行者,事業用,対象外当事者,貨物車,対象外当事者,80㎞／ｈ以下,対象外当事者,88,00,中破,対象外当事者,その他,対象外当事者,その他,対象外当事者,損傷なし,死亡,水,その他,34.892882,135.148168,2019-12-11,02:43,red,410,西日本高速道路,走行車線－第一通行帯,完全分離－切土,直線,平坦・該当なし,,1,該当なし,該当なし,該当なし,0
本票,兵庫,高速道路交通警察隊,0782,死亡,1,0,45020,下,0668,220,夜－夜,曇,非市街地,舗装－湿潤,単路－カーブ・屈折,環状交差点以外 環状交差点以外をいう。,施設なし,00,23,00,23,05,3,その他,規制なし,1,3,車両単独,0～24歳,不明,乗用車－普通車,物件等,自家用,対象外当事者,乗用車,対象外当事者,50㎞／ｈ以下,対象外当事者,52,00,大破,対象外当事者,その他,対象外当事者,その他,対象外当事者,死亡,対象外当事者,日,その他,34.928990,134.899292,2019-12-15,02:05,red,658,西日本高速道路,追越車線,完全分離－盛土,カーブ－1000m以上,平坦・該当なし,,2,中央分離帯－ガードレール,あり－その他,50㎞/h以下,0
本票,兵庫,高速道路交通警察隊,0797,死亡,1,2,45020,下,1120,227,夜－夜,晴,非市街地,舗装－乾燥,単路－カーブ・屈折,環状交差点以外 環状交差点以外をいう。,施設なし,00,23,00,23,05,3,単路（交差点付近を含む）,規制なし,1,3,車両単独,35～44歳,不明,乗用車－普通車,物件等,自家用,対象外当事者,乗用車,対象外当事者,50㎞／ｈ以下,対象外当事者,55,00,大破,対象外当事者,装備あり 作動,対象外当事者,装備あり 作動,対象外当事者,死亡,対象外当事者,木,その他,35.041990,134.448144,2019-12-19,22:25,red,1110,西日本高速道路,追越車線,完全分離－盛土,カーブ－400m以上,平坦－２％以上,,1,その他,あり－工事等,50㎞/h以下,0
本票,兵庫,美唄,0435,死亡,1,0,00430,上,0287,102,夜－夜,曇,市街地－人口集中,舗装－乾燥,単路－その他,環状交差点以外 環状交差点以外をいう。,施設なし,00,23,00,23,06,9,単路（交差点付近を含む）,規制なし,1,2,人対車両,0～24歳,35～44歳,乗用車－普通車,歩行者,自家用,対象外当事者,乗用車,対象外当事者,40㎞／ｈ以下,対象外当事者,70,00,小破,対象外当事者,その他,対象外当事者,その他,対象外当事者,損傷なし,死亡,日,その他,34.707039,135.236035,2019-12-15,05:04,red,,,,,,,,,,,,
本票,兵庫,余市,0188,死亡,1,0,85020,対象外,0044,110,夜－明,晴,市街地－人口集中,舗装－乾燥,単路－カーブ・屈折,環状交差点以外 環状交差点以外をいう。,施設なし,00,23,00,23,05,3,単路（交差点付近を含む）,規制なし,1,3,車両単独,0～24歳,不明,二輪車－自動二輪－軽二輪－126～250cc,物件等,自家用,対象外当事者,対象外当事者,対象外当事者,60㎞／ｈ以下,対象外当事者,40,00,中破,対象外当事者,対象外当事者,対象外当事者,対象外当事者,対象外当事者,死亡,対象外当事者,木,その他,34.692772,135.212039,2019-12-05,06:44,red,,,,,,,,,,,,
本票,兵庫,伊達,0363,死亡,1,0,04280,下,0081,109,夜－暮,晴,市街地－人口集中,舗装－乾燥,単路－その他,環状交差点以外 環状交差点以外をいう。,施設なし,00,23,00,23,04,7,単路（交差点付近を含む）,規制なし,4,2,車両相互,45～54歳,45～54歳,貨物車－普通車,二輪車－自動二輪－原付二種－51～125cc,自家用,自家用,貨物車,対象外当事者,40㎞／ｈ以下,40㎞／ｈ以下,20,10,小破,中破,その他,対象外当事者,その他,対象外当事者,損傷なし,死亡,水,その他,34.734470,135.158892,2019-12-25,17:39,red,,,,,,,,,,,,
本票,兵庫,手稲,1305,死亡,1,0,39990,対象外,0000,204,夜－夜,晴,市街地－人口集中,舗装－乾燥,交差点－その他,環状交差点以外 環状交差点以外をいう。,施設なし,09,22,00,23,14,9,交差点内,規制なし,5,2,人対車両,55～64歳,75歳以上,乗用車－普通車,歩行者,自家用,対象外当事者,乗用車,対象外当事者,40㎞／ｈ以下,対象外当事者,10,00,小破,対象外当事者,その他,対象外当事者,その他,対象外当事者,損傷なし,死亡,火,その他,34.751134,135.319107,2019-12-03,20:48,red,,,,,,,,,,,,
本票,兵庫,上尾,0353,死亡,1,1,39990,対象外,0000,204,夜－夜,晴,市街地－人口集中,舗装－乾燥,交差点－その他,環状交差点以外 環状交差点以外をいう。,施設なし,01,21,09,22,18,9,交差点内,規制なし,4,2,車両相互,25～34歳,35～44歳,乗用車－軽自動車,乗用車－軽自動車,自家用,自家用,乗用車,乗用車,40㎞／ｈ以下,50㎞／ｈ以下,80,40,中破,中破,その他,その他,その他,その他,損傷なし,負傷,月,その他,34.727995,135.362290,2019-12-09,19:04,red,,,,,,,,,,,,
本票,兵庫,新座,0635,死亡,1,0,39990,対象外,0000,202,昼－昼,晴,市街地－人口集中,舗装－乾燥,交差点－その他,環状交差点以外 環状交差点以外をいう。,施設なし,09,22,01,21,11,9,交差点内,規制なし,5,3,車両相互,25～34歳,55～64歳,貨物車－準中型車,軽車両－自転車,自家用,対象外当事者,貨物車,対象外当事者,40㎞／ｈ以下,対象外当事者,80,20,中破,大破,その他,対象外当事者,その他,対象外当事者,損傷なし,死亡,木,その他,34.753666,135.411941,2019-12-19,13:56,red,,,,,,,,,,,,
本票,兵庫,大宮西,0887,死亡,1,0,01710,上,0457,207,夜－暮,晴,市街地－人口集中,舗装－乾燥,交差点付近－その他,環状交差点以外 環状交差点以外をいう。,施設なし,00,23,00,23,03,9,その他,規制なし,1,3,車両単独,65～74歳,不明,乗用車－普通車,物件等,自家用,対象外当事者,乗用車,対象外当事者,50㎞／ｈ以下,対象外当事者,10,00,大破,対象外当事者,装備あり 作動,対象外当事者,その他,対象外当事者,死亡,対象外当事者,日,その他,34.799087,135.420816,2019-11-10,17:25,red,,,,,,,,,,,,
本票,兵庫,大宮西,0951,死亡,1,0,39990,対象外,0000,207,昼－昼,晴,市街地－人口集中,舗装－乾燥,交差点－その他,環状交差点以外 環状交差点以外をいう。,点灯－３灯式,09,22,00,23,15,9,交差点内,規制なし,5,1,人対車両,35～44歳,65～74歳,貨物車－軽自動車,歩行者,自家用,対象外当事者,貨物車,対象外当事者,40㎞／ｈ以下,対象外当事者,10,00,小破,対象外当事者,その他,対象外当事者,その他,対象外当事者,損傷なし,死亡,日,その他,34.765738,135.398775,2019-12-01,12:55,red,,,,,,,,,,,,