資料区分,都道府県コード,警察署等コード,本票番号,事故内容,死者数,負傷者数,路線コード,上下線,地点コード,市区町村コード,昼夜,天候,地形,路面状態,道路形状,環状交差点の直径,信号機,一時停止規制　標識（当事者A）,一時停止規制　表示（当事者A）,一時停止規制　標識（当事者B）,一時停止規制　表示（当事者B）,車道幅員,道路線形,衝突地点,ゾーン規制,中央分離帯施設等,歩車道区分,事故類型,年齢（当事者A）,年齢（当事者B）,当事者種別（当事者A）,当事者種別（当事者B）,用途別（当事者A）,用途別（当事者B）,車両形状（当事者A）,車両形状（当事者B）,速度規制（指定のみ）（当事者A）,速度規制（指定のみ）（当事者B）,車両の衝突部位（当事者A）,車両の衝突部位（当事者B）,車両の損壊程度（当事者A）,車両の損壊程度（当事者B）,エアバッグの装備（当事者A）,エアバッグの装備（当事者B）,サイドエアバッグの装備（当事者A）,サイドエアバッグの装備（当事者B）,人身損傷程度（当事者A）,人身損傷程度（当事者B）,曜日(発生年月日),祝日(発生年月日),緯度,経度,発生日,発生時,color,発生地点,道路管理者区分,道路区分,道路構造,曲線半径,縦断勾配,トンネル番号,当事者車両台数,車両単独事故の対象物,臨時速度規制の有無,速度規制（臨時のみ）,トンネル延長距離
本票,兵庫,大宮西,1042,死亡,1,0,39990,対象外,0000,207,昼－昼,晴,市街地－人口集中,舗装－乾燥,単路－その他,環状交差点以外 環状交差点以外をいう。,施設なし,00,23,00,23,03,9,その他,規制なし,4,1,車両単独,75歳以上,不明,軽車両－駆動補助機付自転車,相手なし,対象外当事者,対象外当事者,対象外当事者,対象外当事者,対象外当事者,対象外当事者,10,00,小破,対象外当事者,対象外当事者,対象外当事者,対象外当事者,対象外当事者,死亡,対象外当事者,日,その他,34.787090,135.385574,2019-12-29,09:49,red,,,,,,,,,,,,
本票,兵庫,浦和東,0738,死亡,1,0,14100,対象外,0115,217,夜－夜,晴,市街地－人口集中,舗装－乾燥,単路－その他,環状交差点以外 環状交差点以外をいう。,施設なし,00,23,00,23,06,9,単路（交差点付近を含む）,規制なし,1,2,人対車両,0～24歳,55～64歳,乗用車－普通車,歩行者,自家用,対象外当事者,乗用車,対象外当事者,50㎞／ｈ以下,対象外当事者,50,00,小破,対象外当事者,その他,対象外当事者,その他,対象外当事者,損傷なし,死亡,土,その他,34.814452,135.411407,2019-12-21,22:54,red,,,,,,,,,,,,
本票,兵庫,千葉北,0144,死亡,1,0,01750,下,0883,223,昼－昼,曇,非市街地,舗装－乾燥,単路－カーブ・屈折,環状交差点以外 環状交差点以外をいう。,施設なし,00,23,00,23,03,6,単路（交差点付近を含む）,規制なし,4,2,車両単独,65～74歳,不明,貨物車－中型車,物件等,自家用,対象外当事者,貨物車,対象外当事者,50㎞／ｈ以下,対象外当事者,80,00,中破,対象外当事者,その他,対象外当事者,その他,対象外当事者,死亡,対象外当事者,月,その他,35.099263,134.997022,2019-12-02,14:45,red,,,,,,,,,,,,
本票,兵庫,千葉北,0146,死亡,1,1,25680,対象外,0000,223,昼－昼,曇,非市街地,舗装－乾燥,交差点付近－その他,環状交差点以外 環状交差点以外をいう。,施設なし,00,23,00,23,03,7,単路（交差点付近を含む）,規制なし,4,2,車両相互,45～54歳,75歳以上,貨物車－大型車,貨物車－軽自動車,事業用,事業用,貨物車,貨物車,50㎞／ｈ以下,50㎞／ｈ以下,50,10,中破,大破,その他,装備あり 作動,その他,その他,負傷,死亡,土,その他,35.250794,135.162598,2019-12-07,13:08,red,,,,,,,,,,,,
本票,兵庫,伊賀,1298,死亡,1,0,00020,上,0545,203,夜－夜,晴,市街地－人口集中,舗装－乾燥,交差点付近－その他,環状交差点以外 環状交差点以外をいう。,点灯－３灯式,00,23,00,23,05,9,単路（交差点付近を含む）,規制なし,1,2,車両相互,35～44歳,55～64歳,乗用車－普通車,軽車両－自転車,自家用,対象外当事者,乗用車,対象外当事者,50㎞／ｈ以下,対象外当事者,10,10,小破,中破,その他,対象外当事者,その他,対象外当事者,損傷なし,死亡,土,その他,34.649983,134.981856,2019-11-30,19:16,red,,,,,,,,,,,,
本票,兵庫,伊賀,1321,死亡,1,0,00280,下,0006,203,夜－夜,曇,市街地－人口集中,舗装－乾燥,交差点－その他,環状交差点以外 環状交差点以外をいう。,点灯－３灯式,09,22,00,23,15,9,交差点内,規制なし,5,1,人対車両,45～54歳,75歳以上,乗用車－軽自動車,歩行者,自家用,対象外当事者,乗用車,対象外当事者,40㎞／ｈ以下,対象外当事者,10,00,中破,対象外当事者,その他,対象外当事者,その他,対象外当事者,損傷なし,死亡,土,その他,34.644098,135.011450,2019-12-07,05:39,red,,,,,,,,,,,,
本票,兵庫,高砂,0574,死亡,1,0,39990,対象外,0000,216,夜－夜,晴,市街地－人口集中,舗装－乾燥,交差点－その他,環状交差点以外 環状交差点以外をいう。,施設なし,09,22,00,23,14,9,交差点内,規制なし,5,2,人対車両,45～54歳,75歳以上,乗用車－軽自動車,歩行者,自家用,対象外当事者,乗用車,対象外当事者,40㎞／ｈ以下,対象外当事者,50,00,中破,対象外当事者,その他,対象外当事者,その他,対象外当事者,損傷なし,死亡,水,その他,34.747352,134.802943,2019-12-11,05:47,red,,,,,,,,,,,,
本票,兵庫,姫路,1646,死亡,1,0,27240,対象外,0021,201,夜－明,曇,市街地－人口集中,舗装－湿潤,交差点－その他,環状交差点以外 環状交差点以外をいう。,施設なし,09,22,00,23,15,9,交差点内,規制なし,4,2,人対車両,25～34歳,75歳以上,乗用車－普通車,歩行者,自家用,対象外当事者,乗用車,対象外当事者,50㎞／ｈ以下,対象外当事者,10,00,中破,対象外当事者,その他,対象外当事者,その他,対象外当事者,損傷なし,死亡,月,その他,34.862552,134.638243,2019-12-23,06:36,red,,,,,,,,,,,,
本票,兵庫,飾磨,1272,死亡,1,0,39990,対象外,0000,201,夜－明,晴,市街地－その他,舗装－乾燥,単路－その他,環状交差点以外 環状交差点以外をいう。,施設なし,00,23,00,23,02,9,単路（交差点付近を含む）,規制なし,4,3,人対車両,65～74歳,75歳以上,乗用車－軽自動車,歩行者,自家用,対象外当事者,乗用車,対象外当事者,40㎞／ｈ以下,対象外当事者,10,00,中破,対象外当事者,その他,対象外当事者,その他,対象外当事者,損傷なし,死亡,月,その他,34.808891,134.724649,2019-12-09,06:36,red,,,,,,,,,,,,
本票,兵庫,飾磨,1296,死亡,1,1,29990,対象外,0000,201,夜－夜,晴,市街地－その他,舗装－乾燥,単路－その他,環状交差点以外 環状交差点以外をいう。,施設なし,00,23,00,23,02,9,単路（交差点付近を含む）,規制なし,4,3,人対車両,25～34歳,75歳以上,乗用車－軽自動車,歩行者,自家用,対象外当事者,乗用車,対象外当事者,40㎞／ｈ以下,対象外当事者,80,00,中破,対象外当事者,その他,対象外当事者,その他,対象外当事者,損傷なし,死亡,土,その他,34.816640,134.709661,2019-12-14,05:45,red,,,,,,,,,,,,
本票,兵庫,福崎,0166,死亡,1,0,39990,対象外,0000,442,夜－夜,晴,市街地－その他,舗装－乾燥,単路－その他,環状交差点以外 環状交差点以外をいう。,施設なし,00,23,00,23,03,9,その他,規制なし,4,2,車両単独,55～64歳,不明,軽車両－自転車,相手なし,対象外当事者,対象外当事者,対象外当事者,対象外当事者,対象外当事者,対象外当事者,10,00,小破,対象外当事者,対象外当事者,対象外当事者,対象外当事者,対象外当事者,死亡,対象外当事者,金,その他,34.996119,134.754511,2019-12-13,22:20,red,,,,,,,,,,,,
本票,兵庫,淡路,0176,死亡,1,0,85000,対象外,0000,226,昼－昼,曇,非市街地,舗装－乾燥,交差点付近－その他,環状交差点以外 環状交差点以外をいう。,施設なし,00,23,00,23,02,9,その他,規制なし,5,4,車両単独,75歳以上,不明,貨物車－軽自動車,相手なし,自家用,対象外当事者,貨物車,対象外当事者,指定の速度規制なし等,対象外当事者,10,00,大破,対象外当事者,その他,対象外当事者,その他,対象外当事者,死亡,対象外当事者,火,その他,34.467542,134.830720,2019-12-17,15:10,red,,,,,,,,,,,,
本票,兵庫,南あわじ,0158,死亡,1,0,00280,下,0542,224,夜－夜,晴,市街地－その他,舗装－乾燥,交差点－その他,環状交差点以外 環状交差点以外をいう。,点灯－３灯式,09,22,09,22,15,9,交差点内,規制なし,5,1,車両相互,35～44歳,75歳以上,乗用車－普通車,乗用車－軽自動車,自家用,自家用,乗用車,乗用車,50㎞／ｈ以下,50㎞／ｈ以下,50,80,大破,大破,装備あり 作動,装備あり 作動,装備あり 作動,装備あり 作動,損傷なし,死亡,日,その他,34.303356,134.806091,2019-12-08,18:52,red,,,,,,,,,,,,
本票,奈良,白石,0188,死亡,1,0,01680,対象外,0000,209,夜－夜,晴,市街地－人口集中,舗装－乾燥,交差点－その他,環状交差点以外 環状交差点以外をいう。,点灯－３灯式,09,22,00,23,15,9,交差点内,規制なし,5,2,人対車両,55～64歳,75歳以上,乗用車－普通車,歩行者,自家用,対象外当事者,乗用車,対象外当事者,50㎞／ｈ以下,対象外当事者,10,00,小破,対象外当事者,その他,対象外当事者,その他,対象外当事者,損傷なし,死亡,月,その他,34.701646,135.707635,2019-12-09,05:50,red,,,,,,,,,,,,
本票,奈良,東,0316,死亡,1,0,70000,対象外,0000,201,昼－昼,晴,非市街地,舗装－乾燥,単路－その他,環状交差点以外 環状交差点以外をいう。,施設なし,00,23,00,23,03,7,単路（交差点付近を含む）,規制なし,4,4,車両単独,55～64歳,不明,乗用車－普通車,物件等,自家用,対象外当事者,乗用車,対象外当事者,50㎞／ｈ以下,対象外当事者,10,00,大破,対象外当事者,装備あり 作動,対象外当事者,その他,対象外当事者,損傷なし,対象外当事者,月,その他,34.579988,135.956448,2019-12-16,08:13,red,,,,,,,,,,,,
本票,奈良,余市,0255,死亡,1,0,37990,対象外,0000,426,夜－夜,晴,市街地－その他,舗装－乾燥,交差点－その他,環状交差点以外 環状交差点以外をいう。,施設なし,09,22,00,23,11,9,その他,規制なし,5,4,車両単独,65～74歳,不明,二輪車－原付自転車,相手なし,自家用,対象外当事者,対象外当事者,対象外当事者,指定の速度規制なし等,対象外当事者,20,00,小破,対象外当事者,対象外当事者,対象外当事者,対象外当事者,対象外当事者,死亡,対象外当事者,金,その他,34.562309,135.753802,2019-09-13,21:23,red,,,,,,,,,,,,
本票,和歌山,千歳,0065,死亡,1,0,03700,対象外,0000,202,夜－夜,晴,非市街地,舗装－乾燥,交差点－その他,環状交差点以外 環状交差点以外をいう。,施設なし,09,22,00,23,17,9,交差点内,規制なし,5,2,人対車両,25～34歳,65～74歳,乗用車－普通車,歩行者,自家用,対象外当事者,乗用車,対象外当事者,指定の速度規制なし等,対象外当事者,80,00,小破,対象外当事者,その他,対象外当事者,その他,対象外当事者,損傷なし,死亡,火,その他,34.158579,135.264119,2019-12-03,18:05,red,,,,,,,,,,,,
本票,和歌山,野辺地,0180,死亡,1,0,30140,対象外,0000,206,昼－昼,曇,市街地－人口集中,舗装－湿潤,交差点－その他,環状交差点以外 環状交差点以外をいう。,施設なし,09,22,00,23,14,9,交差点内,規制なし,5,2,人対車両,55～64歳,75歳以上,貨物車－中型車,歩行者,自家用,対象外当事者,貨物車,対象外当事者,40㎞／ｈ以下,対象外当事者,10,00,小破,対象外当事者,その他,対象外当事者,その他,対象外当事者,損傷なし,死亡,月,その他,33.729523,135.373436,2019-12-02,09:58,red,,,,,,,,,,,,
本票,和歌山,野辺地,0185,死亡,1,0,10330,対象外,0000,206,夜－夜,晴,非市街地,舗装－乾燥,単路－カーブ・屈折,環状交差点以外 環状交差点以外をいう。,施設なし,00,23,00,23,03,3,単路（交差点付近を含む）,規制なし,4,2,車両単独,0～24歳,不明,二輪車－自動二輪－軽二輪－126～250cc,物件等,自家用,対象外当事者,対象外当事者,対象外当事者,指定の速度規制なし等,対象外当事者,10,00,中破,対象外当事者,対象外当事者,対象外当事者,対象外当事者,対象外当事者,死亡,対象外当事者,月,その他,33.702286,135.394866,2019-12-09,01:45,red,,,,,,,,,,,,
本票,和歌山,美唄,0023,死亡,1,1,30000,対象外,0000,424,夜－暮,晴,非市街地,舗装－乾燥,単路－カーブ・屈折,環状交差点以外 環状交差点以外をいう。,施設なし,00,23,00,23,02,4,単路（交差点付近を含む）,規制なし,5,4,車両単独,55～64歳,不明,貨物車－軽自動車,相手なし,自家用,対象外当事者,貨物車,対象外当事者,指定の速度規制なし等,対象外当事者,10,00,大破,対象外当事者,その他,対象外当事者,その他,対象外当事者,死亡,対象外当事者,日,その他,33.623629,135.703045,2019-12-15,17:00,red,,,,,,,,,,,,
本票,和歌山,滝川,0194,死亡,1,0,10070,対象外,0000,201,夜－夜,晴,市街地－その他,舗装－乾燥,交差点－その他,環状交差点以外 環状交差点以外をいう。,施設なし,09,22,00,23,14,9,交差点内,規制なし,5,2,人対車両,65～74歳,45～54歳,乗用車－普通車,歩行者,事業用,対象外当事者,乗用車,対象外当事者,50㎞／ｈ以下,対象外当事者,50,00,小破,対象外当事者,その他,対象外当事者,その他,対象外当事者,損傷なし,死亡,日,その他,34.261291,135.103879,2019-12-15,00:40,red,,,,,,,,,,,,
本票,和歌山,滝川,0195,死亡,1,0,99000,対象外,0000,201,昼－明,晴,市街地－その他,舗装－乾燥,一般交通の場所,環状交差点以外 環状交差点以外をいう。,施設なし,00,23,00,23,00,0,その他,規制なし,0,4,車両単独,55～64歳,不明,乗用車－普通車,相手なし,自家用,対象外当事者,乗用車,対象外当事者,指定の速度規制なし等,対象外当事者,10,00,小破,対象外当事者,その他,対象外当事者,その他,対象外当事者,死亡,対象外当事者,月,その他,34.275998,135.069718,2019-12-16,07:45,red,,,,,,,,,,,,
本票,鳥取,千歳,0111,死亡,1,2,20330,対象外,0000,203,昼－暮,晴,市街地－その他,舗装－乾燥,交差点－その他,環状交差点以外 環状交差点以外をいう。,施設なし,09,22,09,22,15,9,交差点内,規制なし,4,2,車両相互,0～24歳,65～74歳,乗用車－軽自動車,貨物車－軽自動車,自家用,自家用,乗用車,貨物車,50㎞／ｈ以下,50㎞／ｈ以下,10,10,大破,大破,装備あり 作動,装備あり 作動,その他,その他,負傷,死亡,月,その他,35.459806,133.838777,2019-12-16,16:38,red,,,,,,,,,,,,
本票,島根,高速道路交通警察隊,0014,死亡,1,0,50130,上,4583,202,夜－夜,雨,非市街地,舗装－湿潤,単路－カーブ・屈折,環状交差点以外 環状交差点以外をいう。,施設なし,00,23,00,23,03,2,単路（交差点付近を含む）,規制なし,1,4,車両相互,0～24歳,0～24歳,乗用車－普通車,乗用車－普通車,自家用,自家用,乗用車,乗用車,70㎞／ｈ以下,70㎞／ｈ以下,40,20,大破,小破,装備あり 作動,その他,装備あり 作動,その他,死亡,損傷なし,月,その他,34.892395,132.079032,2019-12-02,01:39,red,4583,国土交通省,走行車線－第二通行帯以上,完全分離－盛土,カーブ－1000m以上,平坦・該当なし,,2,該当なし,該当なし,該当なし,0
本票,島根,中央,0303,死亡,1,0,04310,対象外,0000,201,夜－夜,曇,非市街地,舗装－乾燥,交差点－その他,環状交差点以外 環状交差点以外をいう。,施設なし,09,22,00,23,18,9,交差点内,規制なし,4,2,人対車両,35～44歳,75歳以上,貨物車－普通車,歩行者,自家用,対象外当事者,貨物車,対象外当事者,指定の速度規制なし等,対象外当事者,80,00,小破,対象外当事者,その他,対象外当事者,その他,対象外当事者,損傷なし,死亡,水,その他,35.514834,133.121424,2019-12-04,22:11,red,,,,,,,,,,,,
本票,島根,余市,0042,死亡,1,1,10190,対象外,0000,209,夜－暮,曇,非市街地,舗装－乾燥,単路－カーブ・屈折,環状交差点以外 環状交差点以外をいう。,施設なし,00,23,00,23,03,1,単路（交差点付近を含む）,規制なし,4,4,車両単独,0～24歳,不明,乗用車－軽自動車,物件等,自家用,対象外当事者,乗用車,対象外当事者,指定の速度規制なし等,対象外当事者,10,00,大破,対象外当事者,装備あり 作動,対象外当事者,その他,対象外当事者,負傷,対象外当事者,日,その他,35.268181,132.983589,2019-12-01,17:12,red,,,,,,,,,,,,
本票,岡山,中央,0545,死亡,1,0,10280,対象外,0000,102,昼－暮,晴,市街地－人口集中,舗装－乾燥,交差点－その他,環状交差点以外 環状交差点以外をいう。,施設なし,09,22,09,22,14,9,交差点内,規制なし,4,3,車両相互,55～64歳,55～64歳,乗用車－普通車,軽車両－自転車,事業用,対象外当事者,乗用車,対象外当事者,30㎞／ｈ以下,対象外当事者,00,20,損壊なし,小破,その他,対象外当事者,その他,対象外当事者,損傷なし,死亡,土,その他,34.657949,133.933824,2019-12-07,16:12,red,,,,,,,,,,,,
本票,岡山,白石,0594,死亡,1,0,30000,対象外,0000,101,昼－暮,晴,市街地－人口集中,舗装－乾燥,交差点－その他,環状交差点以外 環状交差点以外をいう。,点灯－３灯式,09,22,09,22,14,9,交差点内,規制なし,4,2,車両相互,45～54歳,75歳以上,乗用車－普通車,乗用車－普通車,事業用,自家用,乗用車,乗用車,40㎞／ｈ以下,40㎞／ｈ以下,10,31,小破,小破,その他,その他,その他,その他,損傷なし,損傷なし,月,その他,34.652313,133.921357,2019-12-23,16:04,red,,,,,,,,,,,,
本票,岡山,美唄,0263,死亡,1,0,30000,対象外,0000,202,夜－暮,曇,非市街地,舗装－乾燥,交差点－その他,環状交差点以外 環状交差点以外をいう。,施設なし,09,22,00,23,14,9,交差点内,規制なし,5,3,車両単独,65～74歳,不明,軽車両－自転車,相手なし,対象外当事者,対象外当事者,対象外当事者,対象外当事者,対象外当事者,対象外当事者,10,00,小破,対象外当事者,対象外当事者,対象外当事者,対象外当事者,対象外当事者,死亡,対象外当事者,月,その他,34.575427,133.699422,2019-12-23,17:48,red,,,,,,,,,,,,
本票,岡山,浦河,0031,死亡,1,1,01800,対象外,0000,210,夜－暮,曇,非市街地,舗装－湿潤,単路－カーブ・屈折,環状交差点以外 環状交差点以外をいう。,施設なし,00,23,00,23,03,6,単路（交差点付近を含む）,規制なし,4,3,車両単独,0～24歳,不明,乗用車－普通車,物件等,自家用,対象外当事者,乗用車,対象外当事者,50㎞／ｈ以下,対象外当事者,58,00,大破,対象外当事者,装備あり 作動,対象外当事者,その他,対象外当事者,死亡,対象外当事者,月,その他,34.937456,133.492019,2019-12-30,17:40,red,,,,,,,,,,,,
本票,岡山,厚別,0050,死亡,1,0,03740,対象外,0000,666,昼－暮,晴,非市街地,舗装－乾燥,単路－その他,環状交差点以外 環状交差点以外をいう。,施設なし,00,23,00,23,03,9,単路（交差点付近を含む）,規制なし,4,2,車両単独,75歳以上,不明,二輪車－原付自転車,物件等,自家用,対象外当事者,対象外当事者,対象外当事者,30㎞／ｈ以下,対象外当事者,40,00,小破,対象外当事者,対象外当事者,対象外当事者,対象外当事者,対象外当事者,死亡,対象外当事者,木,その他,34.923534,134.102622,2019-12-12,16:45,red,,,,,,,,,,,,
本票,広島,高速道路交通警察隊,0103,死亡,1,2,54110,上,2441,205,夜－暮,晴,非市街地,舗装－乾燥,単路－その他,環状交差点以外 環状交差点以外をいう。,施設なし,00,23,00,23,05,8,単路（交差点付近を含む）,規制なし,1,3,車両単独,65～74歳,不明,乗用車－軽自動車,物件等,自家用,対象外当事者,乗用車,対象外当事者,60㎞／ｈ以下,対象外当事者,10,00,大破,対象外当事者,装備あり 作動,対象外当事者,装備あり 作動,対象外当事者,負傷,対象外当事者,月,その他,34.448917,133.233139,2019-12-16,17:15,red,2441,国土交通省,路肩,完全分離－高架・橋梁,直線,平坦・該当なし,,1,防護柵－その他,該当なし,該当なし,0
本票,広島,白石,0471,死亡,1,0,21640,対象外,0000,101,夜－夜,曇,市街地－人口集中,舗装－乾燥,交差点付近－その他,環状交差点以外 環状交差点以外をいう。,点灯－３灯式,00,23,00,23,06,9,その他,規制なし,4,2,人対車両,45～54歳,65～74歳,路面電車,歩行者,対象外当事者,対象外当事者,対象外当事者,対象外当事者,対象外当事者,対象外当事者,80,00,損壊なし,対象外当事者,対象外当事者,対象外当事者,対象外当事者,対象外当事者,損傷なし,死亡,木,その他,34.393361,132.465111,2019-12-19,22:23,red,,,,,,,,,,,,
本票,広島,西,0272,死亡,1,0,00020,下,3329,103,夜－夜,晴,市街地－人口集中,舗装－乾燥,交差点付近－その他,環状交差点以外 環状交差点以外をいう。,施設なし,00,23,00,23,05,9,単路（交差点付近を含む）,規制なし,1,2,人対車両,45～54歳,75歳以上,乗用車－軽自動車,歩行者,自家用,対象外当事者,乗用車,対象外当事者,50㎞／ｈ以下,対象外当事者,50,00,中破,対象外当事者,その他,対象外当事者,その他,対象外当事者,損傷なし,死亡,金,その他,34.379542,132.487083,2019-12-06,01:52,red,,,,,,,,,,,,
本票,広島,東,0199,死亡,1,0,37040,対象外,0000,202,昼－昼,曇,非市街地,舗装－乾燥,単路－カーブ・屈折,環状交差点以外 環状交差点以外をいう。,施設なし,00,23,00,23,01,6,その他,規制なし,5,4,車両単独,65～74歳,不明,乗用車－軽自動車,相手なし,自家用,対象外当事者,乗用車,対象外当事者,指定の速度規制なし等,対象外当事者,50,00,小破,対象外当事者,その他,対象外当事者,その他,対象外当事者,死亡,対象外当事者,日,その他,34.079522,132.551667,2019-12-01,08:49,red,,,,,,,,,,,,
本票,広島,東,0205,死亡,1,0,14660,対象外,0000,202,夜－夜,晴,市街地－人口集中,舗装－乾燥,単路－その他,環状交差点以外 環状交差点以外をいう。,施設なし,00,23,00,23,03,9,単路（交差点付近を含む）,規制なし,4,2,人対車両,45～54歳,75歳以上,乗用車－軽自動車,歩行者,自家用,対象外当事者,乗用車,対象外当事者,50㎞／ｈ以下,対象外当事者,10,00,小破,対象外当事者,その他,対象外当事者,その他,対象外当事者,損傷なし,死亡,日,その他,34.294639,132.563194,2019-12-15,18:39,red,,,,,,,,,,,,
本票,広島,栗山,0193,死亡,1,0,14300,対象外,0000,213,昼－昼,晴,市街地－人口集中,舗装－乾燥,交差点付近－その他,環状交差点以外 環状交差点以外をいう。,施設なし,00,23,00,23,03,9,単路（交差点付近を含む）,規制なし,4,2,人対車両,65～74歳,75歳以上,乗用車－軽自動車,歩行者,自家用,対象外当事者,乗用車,対象外当事者,50㎞／ｈ以下,対象外当事者,10,00,小破,対象外当事者,その他,対象外当事者,その他,対象外当事者,損傷なし,死亡,木,その他,34.344797,132.305672,2019-12-12,11:05,red,,,,,,,,,,,,
本票,広島,砂川,0500,死亡,1,0,37120,対象外,0000,212,夜－夜,雨,市街地－その他,舗装－湿潤,単路－その他,環状交差点以外 環状交差点以外をいう。,施設なし,00,23,00,23,03,9,その他,規制なし,5,4,車両単独,55～64歳,不明,軽車両－自転車,相手なし,対象外当事者,対象外当事者,対象外当事者,対象外当事者,対象外当事者,対象外当事者,10,00,小破,対象外当事者,対象外当事者,対象外当事者,対象外当事者,対象外当事者,死亡,対象外当事者,木,その他,34.432500,132.732389,2019-08-22,22:00,red,,,,,,,,,,,,
本票,広島,砂川,0501,死亡,1,2,01850,上,0309,212,夜－夜,曇,非市街地,舗装－乾燥,単路－カーブ・屈折,環状交差点以外 環状交差点以外をいう。,施設なし,00,23,00,23,03,6,単路（交差点付近を含む）,規制なし,4,3,車両単独,35～44歳,不明,乗用車－普通車,物件等,自家用,対象外当事者,乗用車,対象外当事者,50㎞／ｈ以下,対象外当事者,50,00,中破,対象外当事者,装備あり 作動,対象外当事者,その他,対象外当事者,負傷,対象外当事者,火,その他,34.299917,132.794960,2019-12-24,06:10,red,,,,,,,,,,,,
本票,広島,赤歌,0035,死亡,1,0,14370,対象外,0000,214,夜－暮,晴,非市街地,舗装－乾燥,単路－その他,環状交差点以外 環状交差点以外をいう。,施設なし,00,23,00,23,03,9,単路（交差点付近を含む）,規制なし,4,2,人対車両,35～44歳,75歳以上,乗用車－軽自動車,歩行者,自家用,対象外当事者,乗用車,対象外当事者,50㎞／ｈ以下,対象外当事者,10,00,中破,対象外当事者,その他,対象外当事者,その他,対象外当事者,損傷なし,死亡,日,その他,34.653000,132.736472,2019-12-08,17:40,red,,,,,,,,,,,,
本票,広島,伊達,0873,死亡,1,2,37210,対象外,0000,207,夜－夜,晴,市街地－人口集中,舗装－乾燥,交差点－その他,環状交差点以外 環状交差点以外をいう。,点滅－３灯式,09,22,09,22,15,9,交差点内,規制なし,5,2,車両相互,25～34歳,75歳以上,乗用車－普通車,乗用車－軽自動車,自家用,自家用,乗用車,乗用車,30㎞／ｈ以下,30㎞／ｈ以下,80,50,大破,大破,装備あり 作動,装備あり 作動,その他,その他,負傷,死亡,日,その他,34.492782,133.371542,2019-12-22,03:50,red,,,,,,,,,,,,
本票,広島,室蘭,0098,死亡,1,0,37220,対象外,0000,208,昼－暮,晴,非市街地,舗装－乾燥,単路－その他,環状交差点以外 環状交差点以外をいう。,施設なし,00,23,00,23,02,9,その他,規制なし,5,4,車両単独,75歳以上,不明,軽車両－自転車,相手なし,対象外当事者,対象外当事者,対象外当事者,対象外当事者,対象外当事者,対象外当事者,10,00,小破,対象外当事者,対象外当事者,対象外当事者,対象外当事者,対象外当事者,死亡,対象外当事者,木,その他,34.569139,133.229597,2019-10-31,17:00,red,,,,,,,,,,,,
本票,山口,高速道路交通警察隊,0087,死亡,1,0,45020,下,5291,201,夜－夜,曇,非市街地,舗装－乾燥,単路－カーブ・屈折,環状交差点以外 環状交差点以外をいう。,施設なし,00,23,00,23,05,3,単路（交差点付近を含む）,規制なし,1,3,人対車両,45～54歳,65～74歳,乗用車－普通車,歩行者,自家用,対象外当事者,乗用車,対象外当事者,80㎞／ｈ以下,対象外当事者,10,00,中破,対象外当事者,その他,対象外当事者,その他,対象外当事者,損傷なし,死亡,土,その他,34.050219,131.003967,2019-12-14,19:00,red,5291,西日本高速道路,走行車線－第一通行帯,完全分離－その他,カーブ－1000m以上,平坦・該当なし,,2,該当なし,該当なし,該当なし,0
本票,山口,つがる,0309,死亡,2,2,00020,上,4447,215,昼－昼,晴,市街地－その他,舗装－乾燥,単路－その他,環状交差点以外 環状交差点以外をいう。,施設なし,00,23,00,23,05,9,単路（交差点付近を含む）,規制なし,1,2,車両相互,45～54歳,75歳以上,貨物車－中型車,乗用車－軽自動車,自家用,自家用,貨物車,乗用車,指定の速度規制なし等,指定の速度規制なし等,10,10,大破,大破,装備あり 作動,装備あり 作動,その他,その他,損傷なし,死亡,月,その他,34.076306,131.685423,2019-12-16,14:01,red,,,,,,,,,,,,
本票,山口,美唄,0289,死亡,1,0,37340,対象外,0000,206,夜－夜,雨,市街地－人口集中,舗装－湿潤,交差点－その他,環状交差点以外 環状交差点以外をいう。,点灯－３灯式,09,22,00,23,15,9,交差点内,規制なし,5,2,人対車両,0～24歳,65～74歳,乗用車－軽自動車,歩行者,自家用,対象外当事者,乗用車,対象外当事者,60㎞／ｈ以下,対象外当事者,50,00,小破,対象外当事者,その他,対象外当事者,その他,対象外当事者,損傷なし,死亡,日,その他,34.056436,131.575288,2019-12-22,18:21,red,,,,,,,,,,,,
本票,山口,三戸,0133,死亡,1,0,37000,対象外,0000,203,夜－明,雨,非市街地,舗装－湿潤,交差点－その他,環状交差点以外 環状交差点以外をいう。,施設なし,09,22,00,23,14,9,交差点内,規制なし,5,2,車両単独,75歳以上,不明,乗用車－軽自動車,物件等,自家用,対象外当事者,乗用車,対象外当事者,指定の速度規制なし等,対象外当事者,10,00,中破,対象外当事者,装備あり 作動,対象外当事者,その他,対象外当事者,死亡,対象外当事者,木,その他,34.090140,131.425114,2019-12-26,07:04,red,,,,,,,,,,,,
本票,山口,岩内,0028,死亡,1,0,37000,対象外,0000,211,夜－夜,曇,非市街地,舗装－乾燥,交差点－その他,環状交差点以外 環状交差点以外をいう。,施設なし,09,22,00,23,14,9,交差点内,規制なし,5,4,車両単独,65～74歳,不明,軽車両－駆動補助機付自転車,相手なし,対象外当事者,対象外当事者,対象外当事者,対象外当事者,対象外当事者,対象外当事者,00,00,小破,対象外当事者,対象外当事者,対象外当事者,対象外当事者,対象外当事者,死亡,対象外当事者,土,その他,34.393686,131.103063,2019-12-07,21:00,red,,,,,,,,,,,,