資料区分,都道府県コード,警察署等コード,本票番号,事故内容,死者数,負傷者数,路線コード,上下線,地点コード,市区町村コード,昼夜,天候,地形,路面状態,道路形状,環状交差点の直径,信号機,一時停止規制　標識（当事者A）,一時停止規制　表示（当事者A）,一時停止規制　標識（当事者B）,一時停止規制　表示（当事者B）,車道幅員,道路線形,衝突地点,ゾーン規制,中央分離帯施設等,歩車道区分,事故類型,年齢（当事者A）,年齢（当事者B）,当事者種別（当事者A）,当事者種別（当事者B）,用途別（当事者A）,用途別（当事者B）,車両形状（当事者A）,車両形状（当事者B）,速度規制（指定のみ）（当事者A）,速度規制（指定のみ）（当事者B）,車両の衝突部位（当事者A）,車両の衝突部位（当事者B）,車両の損壊程度（当事者A）,車両の損壊程度（当事者B）,エアバッグの装備（当事者A）,エアバッグの装備（当事者B）,サイドエアバッグの装備（当事者A）,サイドエアバッグの装備（当事者B）,人身損傷程度（当事者A）,人身損傷程度（当事者B）,曜日(発生年月日),祝日(発生年月日),緯度,経度,発生日,発生時,color,発生地点,道路管理者区分,道路区分,道路構造,曲線半径,縦断勾配,トンネル番号,当事者車両台数,車両単独事故の対象物,臨時速度規制の有無,速度規制（臨時のみ）,トンネル延長距離
本票,鹿児島,西,0093,死亡,1,0,22420,対象外,0000,210,夜－明,晴,市街地－人口集中,舗装－湿潤,交差点付近－その他,環状交差点以外 環状交差点以外をいう。,施設なし,00,23,00,23,03,9,単路（交差点付近を含む）,規制なし,5,2,人対車両,65～74歳,65～74歳,貨物車－軽自動車,歩行者,自家用,対象外当事者,貨物車,対象外当事者,40㎞／ｈ以下,対象外当事者,18,00,中破,対象外当事者,その他,対象外当事者,その他,対象外当事者,損傷なし,死亡,火,その他,31.179996,130.557884,2019-12-17,06:12,red,,,,,,,,,,,,
本票,鹿児島,岩見沢,0072,死亡,2,1,02260,上,0000,220,昼－明,晴,市街地－その他,舗装－乾燥,単路－カーブ・屈折,環状交差点以外 環状交差点以外をいう。,施設なし,00,23,00,23,03,5,単路（交差点付近を含む）,規制なし,4,4,車両相互,45～54歳,75歳以上,貨物車－中型車,貨物車－軽自動車,自家用,自家用,貨物車,貨物車,50㎞／ｈ以下,50㎞／ｈ以下,15,15,中破,大破,その他,装備あり 作動,その他,その他,負傷,死亡,土,その他,31.422300,130.270940,2019-12-28,08:10,red,,,,,,,,,,,,
本票,鹿児島,滝川,0064,死亡,4,0,99000,対象外,0000,206,昼－明,晴,市街地－その他,舗装－乾燥,一般交通の場所,環状交差点以外 環状交差点以外をいう。,施設なし,00,23,00,23,00,0,その他,規制なし,0,4,車両単独,35～44歳,不明,乗用車－普通車,相手なし,自家用,対象外当事者,乗用車,対象外当事者,指定の速度規制なし等,対象外当事者,30,00,大破,対象外当事者,その他,対象外当事者,その他,対象外当事者,死亡,対象外当事者,月,その他,32.018874,130.191530,2019-05-13,05:30,red,,,,,,,,,,,,
本票,鹿児島,門別,0356,死亡,1,0,10730,対象外,0000,203,夜－夜,晴,市街地－その他,舗装－乾燥,単路－その他,環状交差点以外 環状交差点以外をいう。,施設なし,00,23,00,23,03,8,単路（交差点付近を含む）,規制なし,4,2,人対車両,0～24歳,75歳以上,二輪車－原付自転車,歩行者,自家用,対象外当事者,対象外当事者,対象外当事者,指定の速度規制なし等,対象外当事者,10,00,小破,対象外当事者,対象外当事者,対象外当事者,対象外当事者,対象外当事者,損傷なし,死亡,金,その他,31.393725,130.958681,2019-12-20,22:30,red,,,,,,,,,,,,
本票,沖縄,中央,0922,死亡,1,0,00580,上,1185,201,夜－夜,晴,市街地－人口集中,舗装－乾燥,単路－その他,環状交差点以外 環状交差点以外をいう。,施設なし,00,23,00,23,06,9,単路（交差点付近を含む）,規制なし,1,2,人対車両,55～64歳,55～64歳,乗用車－普通車,歩行者,事業用,対象外当事者,乗用車,対象外当事者,50㎞／ｈ以下,対象外当事者,10,00,中破,対象外当事者,その他,対象外当事者,その他,対象外当事者,損傷なし,死亡,土,その他,26.231665,127.685746,2019-12-28,23:59,red,,,,,,,,,,,,
本票,沖縄,西,0284,死亡,1,0,33480,対象外,0000,348,昼－暮,晴,市街地－人口集中,舗装－乾燥,単路－カーブ・屈折,環状交差点以外 環状交差点以外をいう。,施設なし,00,23,00,23,03,6,単路（交差点付近を含む）,規制なし,4,2,車両相互,45～54歳,0～24歳,貨物車－軽自動車,二輪車－自動二輪－小型二輪－251～400cc,自家用,自家用,貨物車,対象外当事者,40㎞／ｈ以下,40㎞／ｈ以下,20,14,小破,大破,その他,対象外当事者,その他,対象外当事者,損傷なし,死亡,土,その他,26.195195,127.769696,2019-12-28,17:11,red,,,,,,,,,,,,
本票,沖縄,東,0320,死亡,1,0,25340,対象外,0000,205,夜－夜,晴,市街地－人口集中,舗装－乾燥,単路－その他,環状交差点以外 環状交差点以外をいう。,施設なし,00,23,00,23,04,8,単路（交差点付近を含む）,規制なし,4,2,人対車両,35～44歳,35～44歳,乗用車－軽自動車,歩行者,自家用,対象外当事者,乗用車,対象外当事者,40㎞／ｈ以下,対象外当事者,10,00,小破,対象外当事者,その他,対象外当事者,その他,対象外当事者,損傷なし,死亡,土,その他,26.257389,127.750592,2019-12-28,22:34,red,,,,,,,,,,,,
本票,沖縄,岩見沢,0158,死亡,1,0,10750,対象外,0000,213,夜－夜,晴,非市街地,舗装－乾燥,単路－カーブ・屈折,環状交差点以外 環状交差点以外をいう。,施設なし,00,23,00,23,03,5,単路（交差点付近を含む）,規制なし,6,2,車両単独,0～24歳,不明,貨物車－軽自動車,相手なし,自家用,対象外当事者,貨物車,対象外当事者,40㎞／ｈ以下,対象外当事者,20,00,大破,対象外当事者,その他,対象外当事者,その他,対象外当事者,死亡,対象外当事者,火,その他,26.405248,127.843884,2019-12-10,00:36,red,,,,,,,,,,,,
本票,沖縄,つがる,0170,死亡,1,0,10710,対象外,0000,209,昼－昼,晴,非市街地,舗装－乾燥,単路－カーブ・屈折,環状交差点以外 環状交差点以外をいう。,施設なし,00,23,00,23,03,6,単路（交差点付近を含む）,規制なし,4,2,車両相互,35～44歳,65～74歳,乗用車－大型車,貨物車－軽自動車,事業用,自家用,乗用車,貨物車,40㎞／ｈ以下,40㎞／ｈ以下,50,10,中破,大破,その他,装備あり 作動,その他,その他,損傷なし,死亡,水,その他,26.629230,128.003803,2019-12-04,10:37,red,,,,,,,,,,,,
本票,沖縄,つがる,0173,死亡,1,0,00580,上,0528,209,夜－夜,晴,市街地－その他,舗装－乾燥,単路－カーブ・屈折,環状交差点以外 環状交差点以外をいう。,施設なし,00,23,00,23,04,5,単路（交差点付近を含む）,規制なし,1,2,車両相互,0～24歳,75歳以上,乗用車－軽自動車,軽車両－駆動補助機付自転車,自家用,対象外当事者,乗用車,対象外当事者,50㎞／ｈ以下,対象外当事者,10,30,中破,中破,その他,対象外当事者,その他,対象外当事者,損傷なし,死亡,月,その他,26.609646,128.000771,2019-12-09,00:45,red,,,,,,,,,,,,
本票,沖縄,滝川,0207,死亡,1,0,33410,対象外,0000,212,夜－夜,晴,非市街地,舗装－乾燥,単路－カーブ・屈折,環状交差点以外 環状交差点以外をいう。,施設なし,00,23,00,23,03,6,単路（交差点付近を含む）,規制なし,4,2,車両単独,0～24歳,不明,二輪車－自動二輪－小型二輪－251～400cc,物件等,自家用,対象外当事者,対象外当事者,対象外当事者,指定の速度規制なし等,対象外当事者,10,00,中破,対象外当事者,対象外当事者,対象外当事者,対象外当事者,対象外当事者,死亡,対象外当事者,水,その他,26.176491,127.642878,2019-12-04,01:46,red,,,,,,,,,,,,
本票,北海道（札幌方面）,岩内,0001,死亡,1,0,02760,対象外,1910,401,昼－昼,曇,市街地－その他,舗装－湿潤,単路－その他,環状交差点以外 環状交差点以外をいう。,施設なし,00,23,00,23,04,8,単路（交差点付近を含む）,規制なし,4,2,人対車両,45～54歳,65～74歳,乗用車－軽自動車,歩行者,自家用,対象外当事者,乗用車,対象外当事者,50㎞／ｈ以下,対象外当事者,10,00,小破,対象外当事者,その他,対象外当事者,その他,対象外当事者,損傷なし,死亡,金,その他,42.980742,140.647761,2020-01-03,14:37,red,,,,,,,,,,,,
本票,北海道（旭川方面）,旭川中央,0007,死亡,1,0,00122,対象外,1395,204,昼－昼,晴,市街地－その他,舗装－乾燥,単路－その他,環状交差点以外 環状交差点以外をいう。,施設なし,00,23,00,23,06,9,単路（交差点付近を含む）,規制なし,1,2,車両相互,55～64歳,55～64歳,貨物車－大型車,貨物車－大型車,事業用,事業用,貨物車,貨物車,指定の速度規制なし等,指定の速度規制なし等,51,48,大破,小破,装備あり 作動,その他,その他,その他,死亡,損傷なし,金,その他,43.815766,142.372343,2020-01-10,10:48,red,,,,,,,,,,,,
本票,北海道（旭川方面）,深川,0001,死亡,1,0,10470,対象外,0000,228,夜－夜,晴,市街地－その他,舗装－凍結,交差点－その他,環状交差点以外 環状交差点以外をいう。,点灯－３灯式,09,22,00,23,18,9,交差点内,規制なし,5,2,人対車両,35～44歳,65～74歳,乗用車－軽自動車,歩行者,自家用,対象外当事者,乗用車,対象外当事者,40㎞／ｈ以下,対象外当事者,10,00,小破,対象外当事者,その他,対象外当事者,その他,対象外当事者,損傷なし,死亡,木,その他,43.717614,142.038504,2020-01-30,19:20,red,,,,,,,,,,,,
本票,北海道（釧路方面）,釧路,0018,死亡,1,1,39990,対象外,0000,206,夜－夜,晴,市街地－人口集中,舗装－凍結,交差点－その他,環状交差点以外 環状交差点以外をいう。,点灯－３灯式,09,22,00,23,15,9,交差点内,規制なし,5,2,人対車両,25～34歳,55～64歳,乗用車－普通車,歩行者,自家用,対象外当事者,乗用車,対象外当事者,40㎞／ｈ以下,対象外当事者,80,00,小破,対象外当事者,その他,対象外当事者,その他,対象外当事者,損傷なし,死亡,土,その他,43.006343,144.369642,2020-01-25,21:08,red,,,,,,,,,,,,
本票,北海道（釧路方面）,釧路,0023,死亡,1,0,02400,対象外,0540,206,昼－昼,雪,非市街地,舗装－凍結,単路－カーブ・屈折,環状交差点以外 環状交差点以外をいう。,施設なし,00,23,00,23,03,5,単路（交差点付近を含む）,規制なし,4,3,車両単独,45～54歳,不明,乗用車－普通車,物件等,自家用,対象外当事者,乗用車,対象外当事者,指定の速度規制なし等,対象外当事者,10,00,大破,対象外当事者,装備あり 作動,対象外当事者,装備あり 作動,対象外当事者,死亡,対象外当事者,木,その他,43.397484,144.137743,2020-01-30,14:20,red,,,,,,,,,,,,
本票,北海道（北見方面）,北見,0001,死亡,1,0,20220,対象外,0000,208,夜－夜,雪,非市街地,舗装－凍結,単路－カーブ・屈折,環状交差点以外 環状交差点以外をいう。,施設なし,00,23,00,23,04,2,単路（交差点付近を含む）,規制なし,4,3,車両単独,25～34歳,不明,乗用車－普通車,物件等,自家用,対象外当事者,乗用車,対象外当事者,50㎞／ｈ以下,対象外当事者,87,00,中破,対象外当事者,装備あり 作動,対象外当事者,その他,対象外当事者,死亡,対象外当事者,火,その他,43.757287,143.922708,2020-01-07,00:05,red,,,,,,,,,,,,
本票,北海道（北見方面）,遠軽,0001,死亡,1,0,38880,対象外,0000,559,昼－昼,晴,非市街地,舗装－凍結,単路－橋,環状交差点以外 環状交差点以外をいう。,施設なし,00,23,00,23,03,9,単路（交差点付近を含む）,規制なし,4,4,車両単独,75歳以上,不明,貨物車－軽自動車,相手なし,自家用,対象外当事者,貨物車,対象外当事者,指定の速度規制なし等,対象外当事者,15,00,小破,対象外当事者,その他,対象外当事者,その他,対象外当事者,死亡,対象外当事者,水,その他,44.055856,143.727216,2020-01-29,12:25,red,,,,,,,,,,,,
本票,岩手,中央,0025,死亡,1,0,03960,対象外,0000,201,夜－夜,雨,市街地－その他,舗装－湿潤,交差点－その他,環状交差点以外 環状交差点以外をいう。,点灯－押ボタン式,09,22,00,23,18,9,交差点内,規制なし,1,2,人対車両,55～64歳,75歳以上,乗用車－普通車,歩行者,自家用,対象外当事者,乗用車,対象外当事者,指定の速度規制なし等,対象外当事者,10,00,中破,対象外当事者,その他,対象外当事者,その他,対象外当事者,損傷なし,死亡,火,その他,39.665522,141.171688,2020-01-28,19:00,red,,,,,,,,,,,,
本票,岩手,栗山,0005,死亡,1,0,30000,対象外,0000,209,夜－夜,曇,市街地－その他,舗装－乾燥,単路－その他,環状交差点以外 環状交差点以外をいう。,施設なし,00,23,00,23,03,9,単路（交差点付近を含む）,規制なし,4,4,人対車両,55～64歳,35～44歳,乗用車－普通車,歩行者,事業用,対象外当事者,乗用車,対象外当事者,30㎞／ｈ以下,対象外当事者,10,00,小破,対象外当事者,その他,対象外当事者,その他,対象外当事者,損傷なし,死亡,土,その他,38.919243,141.132806,2020-01-11,01:20,red,,,,,,,,,,,,
本票,宮城,白石,0033,死亡,1,0,00040,下,3466,104,夜－夜,晴,市街地－その他,舗装－乾燥,単路－その他,環状交差点以外 環状交差点以外をいう。,施設なし,00,23,00,23,06,9,単路（交差点付近を含む）,規制なし,5,2,車両相互,35～44歳,65～74歳,乗用車－普通車,軽車両－自転車,自家用,対象外当事者,乗用車,対象外当事者,指定の速度規制なし等,対象外当事者,10,40,小破,大破,その他,対象外当事者,その他,対象外当事者,損傷なし,死亡,月,その他,38.219857,140.895752,2020-01-20,19:25,red,,,,,,,,,,,,
本票,宮城,千歳,0003,死亡,1,1,10390,対象外,0000,207,夜－明,雨,非市街地,舗装－湿潤,単路－カーブ・屈折,環状交差点以外 環状交差点以外をいう。,施設なし,00,23,00,23,03,6,単路（交差点付近を含む）,規制なし,4,2,車両相互,45～54歳,65～74歳,乗用車－普通車,貨物車－軽自動車,自家用,自家用,乗用車,貨物車,40㎞／ｈ以下,40㎞／ｈ以下,10,10,大破,大破,装備あり 作動,装備あり 作動,その他,その他,負傷,死亡,木,その他,38.168951,140.851772,2020-01-09,05:54,red,,,,,,,,,,,,
本票,宮城,美唄,0008,死亡,1,0,03980,対象外,0000,202,夜－暮,晴,市街地－人口集中,舗装－乾燥,交差点－その他,環状交差点以外 環状交差点以外をいう。,施設なし,09,22,00,23,14,9,交差点内,規制なし,4,2,人対車両,55～64歳,65～74歳,乗用車－普通車,歩行者,自家用,対象外当事者,乗用車,対象外当事者,40㎞／ｈ以下,対象外当事者,50,00,小破,対象外当事者,その他,対象外当事者,その他,対象外当事者,損傷なし,死亡,日,前日,38.430176,141.274733,2020-01-12,17:26,red,,,,,,,,,,,,
本票,宮城,倶知安,0009,死亡,1,0,03470,対象外,0000,215,昼－昼,晴,市街地－その他,舗装－乾燥,交差点付近－その他,環状交差点以外 環状交差点以外をいう。,施設なし,00,23,00,23,03,9,単路（交差点付近を含む）,規制なし,4,2,人対車両,65～74歳,65～74歳,乗用車－普通車,歩行者,自家用,対象外当事者,乗用車,対象外当事者,40㎞／ｈ以下,対象外当事者,10,00,小破,対象外当事者,その他,対象外当事者,その他,対象外当事者,損傷なし,死亡,火,その他,38.574174,140.944061,2020-01-14,09:30,red,,,,,,,,,,,,
本票,宮城,倶知安,0015,死亡,1,0,30000,対象外,0000,215,夜－明,晴,非市街地,舗装－凍結,単路－カーブ・屈折,環状交差点以外 環状交差点以外をいう。,施設なし,00,23,00,23,03,5,単路（交差点付近を含む）,規制なし,4,4,車両相互,45～54歳,25～34歳,乗用車－大型車,乗用車－普通車,事業用,自家用,乗用車,乗用車,50㎞／ｈ以下,50㎞／ｈ以下,10,40,大破,大破,装備あり 作動,装備あり 作動,その他,その他,損傷なし,死亡,金,その他,38.618912,141.060915,2020-01-17,06:40,red,,,,,,,,,,,,
本票,宮城,倶知安,0019,死亡,1,0,10150,対象外,0000,215,夜－明,雨,市街地－その他,舗装－湿潤,単路－その他,環状交差点以外 環状交差点以外をいう。,施設なし,00,23,00,23,03,9,単路（交差点付近を含む）,規制なし,4,3,人対車両,55～64歳,75歳以上,貨物車－準中型車,歩行者,事業用,対象外当事者,貨物車,対象外当事者,40㎞／ｈ以下,対象外当事者,80,00,小破,対象外当事者,その他,対象外当事者,その他,対象外当事者,損傷なし,死亡,月,その他,38.606113,141.109805,2020-01-20,06:20,red,,,,,,,,,,,,
本票,秋田,滝川,0010,死亡,1,0,00070,上,2048,214,夜－暮,曇,市街地－その他,舗装－湿潤,交差点付近－その他,環状交差点以外 環状交差点以外をいう。,点灯－押ボタン式,00,23,00,23,03,9,単路（交差点付近を含む）,規制なし,4,2,人対車両,55～64歳,75歳以上,乗用車－軽自動車,歩行者,自家用,対象外当事者,乗用車,対象外当事者,50㎞／ｈ以下,対象外当事者,10,00,中破,対象外当事者,その他,対象外当事者,その他,対象外当事者,損傷なし,死亡,火,その他,39.200708,139.904911,2020-01-28,17:36,red,,,,,,,,,,,,
本票,秋田,小樽,0010,死亡,2,0,99000,対象外,0000,201,夜－夜,曇,市街地－人口集中,舗装－乾燥,一般交通の場所,環状交差点以外 環状交差点以外をいう。,施設なし,00,23,00,23,00,0,その他,規制なし,0,4,車両単独,35～44歳,不明,乗用車－普通車,相手なし,自家用,対象外当事者,乗用車,対象外当事者,指定の速度規制なし等,対象外当事者,10,00,大破,対象外当事者,装備あり 作動,対象外当事者,その他,対象外当事者,死亡,対象外当事者,火,その他,39.756396,140.056889,2017-04-18,19:30,red,,,,,,,,,,,,
本票,秋田,小樽,0011,死亡,1,0,25990,対象外,0000,201,昼－明,曇,市街地－人口集中,舗装－乾燥,交差点付近－その他,環状交差点以外 環状交差点以外をいう。,点灯－３灯式,00,23,00,23,02,9,単路（交差点付近を含む）,規制なし,5,3,人対車両,25～34歳,75歳以上,乗用車－軽自動車,歩行者,自家用,対象外当事者,乗用車,対象外当事者,30㎞／ｈ以下,対象外当事者,10,00,小破,対象外当事者,その他,対象外当事者,その他,対象外当事者,損傷なし,死亡,金,その他,39.767182,140.079107,2020-01-24,07:20,red,,,,,,,,,,,,
本票,秋田,伊達,0003,死亡,1,0,14200,対象外,0000,212,昼－昼,曇,非市街地,舗装－湿潤,交差点－その他,環状交差点以外 環状交差点以外をいう。,点灯－３灯式,09,22,09,22,15,9,交差点内,規制なし,5,4,車両相互,65～74歳,75歳以上,貨物車－大型車,乗用車－軽自動車,事業用,自家用,貨物車,乗用車,指定の速度規制なし等,指定の速度規制なし等,10,20,小破,中破,その他,装備あり 作動,その他,その他,損傷なし,死亡,月,その他,39.649532,140.340268,2020-01-06,11:18,red,,,,,,,,,,,,
本票,山形,中央,0079,死亡,1,0,01120,下,0103,201,夜－暮,曇,市街地－人口集中,舗装－湿潤,交差点－その他,環状交差点以外 環状交差点以外をいう。,施設なし,09,21,00,23,14,9,交差点内,規制なし,4,2,人対車両,25～34歳,75歳以上,乗用車－普通車,歩行者,自家用,対象外当事者,乗用車,対象外当事者,40㎞／ｈ以下,対象外当事者,50,00,小破,対象外当事者,その他,対象外当事者,その他,対象外当事者,損傷なし,死亡,金,その他,38.288167,140.304194,2020-01-24,17:36,red,,,,,,,,,,,,
本票,山形,西,0020,死亡,1,0,03440,下,0490,204,夜－暮,雨,市街地－その他,舗装－湿潤,交差点－その他,環状交差点以外 環状交差点以外をいう。,点灯－押ボタン式,09,21,00,23,14,9,交差点内,規制なし,4,2,人対車両,65～74歳,75歳以上,貨物車－軽自動車,歩行者,自家用,対象外当事者,貨物車,対象外当事者,指定の速度規制なし等,対象外当事者,10,00,小破,対象外当事者,その他,対象外当事者,その他,対象外当事者,損傷なし,死亡,金,その他,38.965306,139.930417,2020-01-10,17:24,red,,,,,,,,,,,,
本票,山形,美唄,0001,死亡,1,0,30000,対象外,0000,207,昼－昼,曇,非市街地,舗装－乾燥,踏切－第一種,環状交差点以外 環状交差点以外をいう。,施設なし,00,23,00,23,03,9,その他,規制なし,5,2,列車,75歳以上,25～34歳,貨物車－軽自動車,列車,自家用,対象外当事者,貨物車,対象外当事者,指定の速度規制なし等,対象外当事者,40,10,大破,小破,その他,対象外当事者,その他,対象外当事者,死亡,損傷なし,金,その他,38.139444,140.268778,2020-01-03,11:22,red,,,,,,,,,,,,
本票,山形,小樽,0002,死亡,1,0,30000,対象外,0000,401,夜－暮,雨,非市街地,舗装－湿潤,単路－その他,環状交差点以外 環状交差点以外をいう。,施設なし,00,23,00,23,03,9,その他,規制なし,5,4,車両単独,65～74歳,不明,乗用車－普通車,相手なし,自家用,対象外当事者,乗用車,対象外当事者,指定の速度規制なし等,対象外当事者,10,00,大破,対象外当事者,装備あり 作動,対象外当事者,その他,対象外当事者,死亡,対象外当事者,木,その他,37.986000,139.775750,2020-01-30,17:52,red,,,,,,,,,,,,
本票,福島,つがる,0009,死亡,1,0,01180,対象外,0000,207,夜－夜,雨,非市街地,舗装－湿潤,交差点－その他,環状交差点以外 環状交差点以外をいう。,点灯－３灯式,09,22,09,22,18,9,交差点内,規制なし,5,2,車両相互,45～54歳,55～64歳,乗用車－軽自動車,二輪車－自動二輪－原付二種－51～125cc,自家用,自家用,乗用車,対象外当事者,指定の速度規制なし等,指定の速度規制なし等,10,20,小破,中破,その他,対象外当事者,その他,対象外当事者,損傷なし,死亡,水,その他,37.266723,140.387484,2020-01-29,02:04,red,,,,,,,,,,,,
本票,福島,伊達,0014,死亡,1,0,00490,下,0059,204,夜－暮,晴,市街地－その他,舗装－乾燥,交差点－その他,環状交差点以外 環状交差点以外をいう。,点灯－３灯式,09,22,09,22,19,9,交差点内,規制なし,5,2,車両相互,35～44歳,45～54歳,乗用車－軽自動車,二輪車－自動二輪－小型二輪－251～400cc,自家用,自家用,乗用車,対象外当事者,指定の速度規制なし等,指定の速度規制なし等,80,10,中破,中破,その他,対象外当事者,その他,対象外当事者,損傷なし,死亡,土,その他,37.061250,140.854004,2020-01-11,16:49,red,,,,,,,,,,,,
本票,福島,厚別,0004,死亡,1,0,30000,対象外,0000,203,夜－暮,晴,市街地－その他,舗装－乾燥,交差点－その他,環状交差点以外 環状交差点以外をいう。,施設なし,09,22,09,22,14,1,交差点内,規制なし,4,2,車両相互,35～44歳,75歳以上,貨物車－軽自動車,軽車両－その他,自家用,対象外当事者,貨物車,対象外当事者,指定の速度規制なし等,対象外当事者,10,00,中破,中破,その他,対象外当事者,その他,対象外当事者,損傷なし,死亡,月,その他,37.441226,140.378990,2020-01-06,17:31,red,,,,,,,,,,,,
本票,東京,高速道路交通警察隊,0001,死亡,1,0,50130,上,0000,103,昼－昼,晴,市街地－人口集中,舗装－乾燥,単路－その他,環状交差点以外 環状交差点以外をいう。,施設なし,00,23,00,23,04,9,単路（交差点付近を含む）,規制なし,1,4,車両単独,0～24歳,不明,二輪車－自動二輪－小型二輪－251～400cc,物件等,自家用,対象外当事者,対象外当事者,対象外当事者,60㎞／ｈ以下,対象外当事者,10,00,小破,対象外当事者,対象外当事者,対象外当事者,対象外当事者,対象外当事者,死亡,対象外当事者,火,その他,35.678880,139.733186,2020-01-21,15:03,red,0,東日本高速道路,走行車線－第二通行帯以上,その他,該当なし,平坦・該当なし,,1,中央分離帯－その他,該当なし,該当なし,0
本票,東京,中央,0001,死亡,1,0,10630,対象外,0000,101,夜－夜,雨,市街地－人口集中,舗装－湿潤,交差点－その他,環状交差点以外 環状交差点以外をいう。,点灯－３灯式,09,22,00,23,19,9,交差点内,規制なし,5,2,人対車両,45～54歳,75歳以上,貨物車－普通車,歩行者,自家用,対象外当事者,貨物車,対象外当事者,50㎞／ｈ以下,対象外当事者,10,00,大破,対象外当事者,その他,対象外当事者,その他,対象外当事者,損傷なし,死亡,土,その他,35.671846,139.752694,2020-01-18,18:05,red,,,,,,,,,,,,
本票,東京,蒲田,0001,死亡,1,0,30000,対象外,0000,111,夜－夜,晴,市街地－人口集中,舗装－乾燥,踏切－第一種,環状交差点以外 環状交差点以外をいう。,施設なし,00,23,00,23,03,9,その他,規制なし,5,3,列車,25～34歳,75歳以上,列車,歩行者,対象外当事者,対象外当事者,対象外当事者,対象外当事者,対象外当事者,対象外当事者,50,00,損壊なし,対象外当事者,対象外当事者,対象外当事者,対象外当事者,対象外当事者,損傷なし,死亡,金,その他,35.547326,139.709780,2020-01-03,18:17,red,,,,,,,,,,,,
本票,東京,蒲田,0002,死亡,1,0,30000,対象外,0000,111,夜－夜,晴,市街地－人口集中,舗装－乾燥,交差点－その他,環状交差点以外 環状交差点以外をいう。,点灯－３灯式,09,22,00,23,15,9,交差点内,規制なし,5,2,人対車両,45～54歳,75歳以上,貨物車－準中型車,歩行者,自家用,対象外当事者,貨物車,対象外当事者,30㎞／ｈ以下,対象外当事者,50,00,小破,対象外当事者,その他,対象外当事者,その他,対象外当事者,損傷なし,死亡,日,その他,35.546315,139.722751,2020-01-19,18:25,red,,,,,,,,,,,,
本票,東京,高井戸,0001,死亡,1,0,99000,対象外,0000,115,夜－夜,晴,市街地－人口集中,舗装－乾燥,一般交通の場所,環状交差点以外 環状交差点以外をいう。,施設なし,00,23,00,23,00,0,その他,規制なし,0,4,人対車両,65～74歳,75歳以上,乗用車－普通車,歩行者,自家用,対象外当事者,乗用車,対象外当事者,指定の速度規制なし等,対象外当事者,10,00,小破,対象外当事者,その他,対象外当事者,その他,対象外当事者,損傷なし,死亡,水,その他,35.684816,139.614727,2020-01-08,17:55,red,,,,,,,,,,,,
本票,東京,西新井,0001,死亡,1,0,00040,下,0110,121,夜－明,晴,市街地－人口集中,舗装－乾燥,交差点－その他,環状交差点以外 環状交差点以外をいう。,点灯－３灯式,09,22,00,23,19,9,交差点内,規制なし,5,1,人対車両,55～64歳,55～64歳,乗用車－普通車,歩行者,事業用,対象外当事者,乗用車,対象外当事者,指定の速度規制なし等,対象外当事者,40,00,小破,対象外当事者,その他,対象外当事者,その他,対象外当事者,損傷なし,死亡,木,その他,35.775422,139.803228,2020-01-02,06:39,red,,,,,,,,,,,,
本票,東京,竹の塚,0001,死亡,1,0,30000,対象外,0000,121,昼－昼,晴,市街地－人口集中,舗装－乾燥,交差点－その他,環状交差点以外 環状交差点以外をいう。,点灯－３灯式,09,22,00,23,15,9,交差点内,規制なし,5,2,人対車両,55～64歳,75歳以上,貨物車－大型車,歩行者,自家用,対象外当事者,貨物車,対象外当事者,40㎞／ｈ以下,対象外当事者,10,00,小破,対象外当事者,その他,対象外当事者,その他,対象外当事者,損傷なし,死亡,火,その他,35.793527,139.819609,2020-01-21,09:40,red,,,,,,,,,,,,
本票,東京,深川,0001,死亡,1,0,10040,対象外,0000,108,夜－夜,晴,市街地－人口集中,舗装－乾燥,交差点－その他,環状交差点以外 環状交差点以外をいう。,点灯－３灯式,09,22,00,23,19,9,交差点内,規制なし,5,1,人対車両,65～74歳,55～64歳,乗用車－普通車,歩行者,自家用,対象外当事者,乗用車,対象外当事者,50㎞／ｈ以下,対象外当事者,10,00,小破,対象外当事者,その他,対象外当事者,その他,対象外当事者,損傷なし,死亡,火,その他,35.672242,139.795100,2020-01-21,20:51,red,,,,,,,,,,,,
本票,東京,葛西,0001,死亡,1,0,10350,対象外,0000,123,昼－明,晴,市街地－人口集中,舗装－凍結,単路－橋,環状交差点以外 環状交差点以外をいう。,施設なし,00,23,00,23,03,8,単路（交差点付近を含む）,規制なし,5,1,人対車両,65～74歳,55～64歳,貨物車－普通車,歩行者,自家用,対象外当事者,貨物車,対象外当事者,50㎞／ｈ以下,対象外当事者,10,00,小破,対象外当事者,その他,対象外当事者,その他,対象外当事者,損傷なし,死亡,日,その他,35.665466,139.886749,2020-01-05,06:56,red,,,,,,,,,,,,