資料区分,都道府県コード,警察署等コード,本票番号,事故内容,死者数,負傷者数,路線コード,上下線,地点コード,市区町村コード,昼夜,天候,地形,路面状態,道路形状,環状交差点の直径,信号機,一時停止規制　標識（当事者A）,一時停止規制　表示（当事者A）,一時停止規制　標識（当事者B）,一時停止規制　表示（当事者B）,車道幅員,道路線形,衝突地点,ゾーン規制,中央分離帯施設等,歩車道区分,事故類型,年齢（当事者A）,年齢（当事者B）,当事者種別（当事者A）,当事者種別（当事者B）,用途別（当事者A）,用途別（当事者B）,車両形状（当事者A）,車両形状（当事者B）,速度規制（指定のみ）（当事者A）,速度規制（指定のみ）（当事者B）,車両の衝突部位（当事者A）,車両の衝突部位（当事者B）,車両の損壊程度（当事者A）,車両の損壊程度（当事者B）,エアバッグの装備（当事者A）,エアバッグの装備（当事者B）,サイドエアバッグの装備（当事者A）,サイドエアバッグの装備（当事者B）,人身損傷程度（当事者A）,人身損傷程度（当事者B）,曜日(発生年月日),祝日(発生年月日),緯度,経度,発生日,発生時,color,発生地点,道路管理者区分,道路区分,道路構造,曲線半径,縦断勾配,トンネル番号,当事者車両台数,車両単独事故の対象物,臨時速度規制の有無,速度規制（臨時のみ）,トンネル延長距離
本票,東京,東村山,0001,死亡,1,0,30000,対象外,0000,221,夜－夜,晴,市街地－人口集中,舗装－乾燥,単路－その他,環状交差点以外 環状交差点以外をいう。,施設なし,00,23,00,23,03,9,その他,規制なし,4,2,人対車両,25～34歳,65～74歳,乗用車－普通車,歩行者,自家用,対象外当事者,乗用車,対象外当事者,30㎞／ｈ以下,対象外当事者,10,00,小破,対象外当事者,その他,対象外当事者,その他,対象外当事者,損傷なし,死亡,月,その他,35.771544,139.510052,2020-01-20,04:55,red,,,,,,,,,,,,
本票,東京,調布,0001,死亡,1,0,10750,対象外,0000,208,夜－夜,晴,市街地－人口集中,舗装－乾燥,単路－その他,環状交差点以外 環状交差点以外をいう。,施設なし,00,23,00,23,03,9,単路（交差点付近を含む）,規制なし,5,2,車両相互,75歳以上,65～74歳,乗用車－普通車,軽車両－自転車,自家用,対象外当事者,乗用車,対象外当事者,指定の速度規制なし等,対象外当事者,10,10,中破,中破,その他,対象外当事者,その他,対象外当事者,損傷なし,死亡,月,その他,35.681794,139.546038,2020-01-06,00:25,red,,,,,,,,,,,,
本票,茨城,中央,0045,死亡,1,0,30000,対象外,0000,201,夜－夜,晴,市街地－その他,舗装－乾燥,単路－その他,環状交差点以外 環状交差点以外をいう。,施設なし,00,23,00,23,03,9,単路（交差点付近を含む）,規制なし,4,2,車両相互,65～74歳,75歳以上,乗用車－普通車,軽車両－自転車,自家用,対象外当事者,乗用車,対象外当事者,40㎞／ｈ以下,対象外当事者,10,40,小破,中破,その他,対象外当事者,その他,対象外当事者,損傷なし,死亡,土,その他,36.405946,140.424328,2020-01-18,17:53,red,,,,,,,,,,,,
本票,茨城,江別,0001,死亡,1,2,01180,対象外,0000,226,昼－昼,雨,非市街地,舗装－湿潤,単路－カーブ・屈折,環状交差点以外 環状交差点以外をいう。,施設なし,00,23,00,23,03,6,単路（交差点付近を含む）,規制なし,4,2,車両相互,65～74歳,55～64歳,乗用車－普通車,乗用車－普通車,自家用,自家用,乗用車,乗用車,50㎞／ｈ以下,50㎞／ｈ以下,10,18,大破,大破,装備あり 作動,装備あり 作動,その他,その他,負傷,負傷,水,その他,36.468050,140.452008,2020-01-08,10:20,red,,,,,,,,,,,,
本票,茨城,美唄,0001,死亡,1,1,00510,上,0893,234,昼－明,晴,非市街地,舗装－乾燥,単路－その他,環状交差点以外 環状交差点以外をいう。,施設なし,00,23,00,23,03,9,単路（交差点付近を含む）,規制なし,4,2,車両相互,65～74歳,75歳以上,貨物車－準中型車,貨物車－軽自動車,自家用,自家用,貨物車,貨物車,指定の速度規制なし等,指定の速度規制なし等,51,51,中破,大破,装備あり 作動,装備あり 作動,その他,その他,負傷,死亡,木,その他,36.104859,140.593635,2020-01-02,06:50,red,,,,,,,,,,,,
本票,茨城,滝川,0012,死亡,1,0,22430,対象外,0000,208,夜－明,晴,市街地－その他,舗装－乾燥,単路－その他,環状交差点以外 環状交差点以外をいう。,施設なし,00,23,00,23,05,9,単路（交差点付近を含む）,規制なし,3,2,人対車両,0～24歳,75歳以上,乗用車－普通車,歩行者,自家用,対象外当事者,乗用車,対象外当事者,指定の速度規制なし等,対象外当事者,10,00,中破,対象外当事者,その他,対象外当事者,その他,対象外当事者,損傷なし,死亡,金,その他,35.929548,140.205439,2020-01-17,06:10,red,,,,,,,,,,,,
本票,茨城,滝川,0016,死亡,1,1,10050,対象外,0000,208,昼－昼,晴,市街地－その他,舗装－乾燥,単路－カーブ・屈折,環状交差点以外 環状交差点以外をいう。,施設なし,00,23,00,23,03,6,単路（交差点付近を含む）,規制なし,4,2,車両相互,65～74歳,65～74歳,乗用車－普通車,乗用車－普通車,自家用,自家用,乗用車,乗用車,50㎞／ｈ以下,50㎞／ｈ以下,50,50,大破,大破,装備あり 作動,装備あり 作動,その他,その他,死亡,負傷,金,その他,35.906813,140.191802,2020-01-24,14:00,red,,,,,,,,,,,,
本票,茨城,赤歌,0005,死亡,1,0,10490,対象外,0000,229,夜－夜,雨,市街地－その他,舗装－湿潤,単路－その他,環状交差点以外 環状交差点以外をいう。,施設なし,00,23,00,23,03,9,単路（交差点付近を含む）,規制なし,4,2,車両単独,65～74歳,不明,乗用車－軽自動車,物件等,自家用,対象外当事者,乗用車,対象外当事者,50㎞／ｈ以下,対象外当事者,10,00,大破,対象外当事者,装備あり 作動,対象外当事者,その他,対象外当事者,死亡,対象外当事者,水,その他,35.957411,140.316789,2020-01-15,05:10,red,,,,,,,,,,,,
本票,茨城,芦別,0007,死亡,1,0,10640,対象外,0000,203,夜－暮,晴,非市街地,舗装－乾燥,単路－その他,環状交差点以外 環状交差点以外をいう。,施設なし,00,23,00,23,03,7,単路（交差点付近を含む）,規制なし,5,4,人対車両,75歳以上,55～64歳,貨物車－普通車,歩行者,自家用,対象外当事者,貨物車,対象外当事者,指定の速度規制なし等,対象外当事者,80,00,小破,対象外当事者,その他,対象外当事者,その他,対象外当事者,損傷なし,死亡,金,その他,36.117553,140.209387,2020-01-10,17:10,red,,,,,,,,,,,,
本票,茨城,岩内,0015,死亡,1,0,30000,対象外,0000,227,昼－昼,曇,非市街地,舗装－湿潤,単路－その他,環状交差点以外 環状交差点以外をいう。,施設なし,00,23,00,23,02,9,その他,規制なし,5,4,車両単独,0～24歳,不明,乗用車－軽自動車,相手なし,自家用,対象外当事者,乗用車,対象外当事者,指定の速度規制なし等,対象外当事者,85,00,中破,対象外当事者,その他,対象外当事者,その他,対象外当事者,死亡,対象外当事者,水,その他,36.222744,140.009225,2020-01-29,08:00,red,,,,,,,,,,,,
本票,茨城,岩内,0016,死亡,1,0,10070,対象外,0000,227,昼－昼,晴,非市街地,舗装－乾燥,交差点－その他,環状交差点以外 環状交差点以外をいう。,施設なし,09,22,01,21,14,9,交差点内,規制なし,4,2,車両相互,0～24歳,65～74歳,乗用車－普通車,軽車両－自転車,自家用,対象外当事者,乗用車,対象外当事者,50㎞／ｈ以下,対象外当事者,81,40,小破,小破,その他,対象外当事者,その他,対象外当事者,損傷なし,死亡,水,その他,36.303627,140.003703,2020-01-29,15:50,red,,,,,,,,,,,,
本票,茨城,静内,0002,死亡,1,0,30000,対象外,0000,204,夜－暮,晴,市街地－人口集中,舗装－乾燥,交差点－その他,環状交差点以外 環状交差点以外をいう。,施設なし,09,22,09,22,15,9,交差点内,規制なし,5,4,車両相互,65～74歳,0～24歳,乗用車－普通車,軽車両－自転車,自家用,対象外当事者,乗用車,対象外当事者,指定の速度規制なし等,対象外当事者,51,40,小破,小破,その他,対象外当事者,その他,対象外当事者,損傷なし,死亡,木,その他,36.199402,139.737483,2020-01-09,16:50,red,,,,,,,,,,,,
本票,茨城,南,0013,死亡,1,0,22290,対象外,0000,217,夜－暮,晴,市街地－その他,舗装－乾燥,交差点－その他,環状交差点以外 環状交差点以外をいう。,施設なし,09,22,00,23,14,9,その他,規制なし,4,2,車両単独,65～74歳,不明,軽車両－自転車,相手なし,対象外当事者,対象外当事者,対象外当事者,対象外当事者,対象外当事者,対象外当事者,12,00,小破,対象外当事者,対象外当事者,対象外当事者,対象外当事者,対象外当事者,死亡,対象外当事者,水,その他,35.908440,140.089486,2020-01-15,17:20,red,,,,,,,,,,,,
本票,茨城,豊平,0024,死亡,1,0,30000,対象外,0000,221,夜－夜,晴,市街地－その他,舗装－乾燥,交差点付近－その他,環状交差点以外 環状交差点以外をいう。,点灯－押ボタン式,00,23,00,23,04,9,単路（交差点付近を含む）,規制なし,4,2,人対車両,45～54歳,75歳以上,乗用車－普通車,歩行者,自家用,対象外当事者,乗用車,対象外当事者,50㎞／ｈ以下,対象外当事者,10,00,小破,対象外当事者,その他,対象外当事者,その他,対象外当事者,損傷なし,死亡,火,その他,36.418871,140.541947,2020-01-21,21:00,red,,,,,,,,,,,,
本票,栃木,高速道路交通警察隊,0001,死亡,1,0,41020,下,0984,201,夜－夜,晴,非市街地,舗装－湿潤,単路－その他,環状交差点以外 環状交差点以外をいう。,施設なし,00,23,00,23,05,9,単路（交差点付近を含む）,規制なし,1,4,人対車両,35～44歳,75歳以上,貨物車－準中型車,歩行者,事業用,対象外当事者,貨物車,対象外当事者,100㎞/h以下,対象外当事者,84,00,小破,対象外当事者,その他,対象外当事者,その他,対象外当事者,損傷なし,死亡,水,その他,36.579036,139.830552,2020-01-15,20:30,red,984,東日本高速道路,走行車線－第一通行帯,完全分離－盛土,直線,平坦・該当なし,,1,該当なし,該当なし,該当なし,0
本票,栃木,東,0005,死亡,1,0,22700,対象外,0000,204,夜－暮,晴,市街地－その他,舗装－乾燥,単路－その他,環状交差点以外 環状交差点以外をいう。,施設なし,00,23,00,23,05,9,単路（交差点付近を含む）,規制なし,1,2,人対車両,65～74歳,75歳以上,乗用車－軽自動車,歩行者,自家用,対象外当事者,乗用車,対象外当事者,50㎞／ｈ以下,対象外当事者,51,00,小破,対象外当事者,その他,対象外当事者,その他,対象外当事者,損傷なし,死亡,月,その他,36.321110,139.565035,2020-01-06,17:34,red,,,,,,,,,,,,
本票,栃木,東,0018,死亡,1,0,21280,対象外,0000,204,昼－暮,晴,非市街地,舗装－乾燥,交差点－その他,環状交差点以外 環状交差点以外をいう。,施設なし,09,22,00,23,14,9,その他,規制なし,4,2,車両単独,75歳以上,不明,軽車両－自転車,相手なし,対象外当事者,対象外当事者,対象外当事者,対象外当事者,対象外当事者,対象外当事者,00,00,小破,対象外当事者,対象外当事者,対象外当事者,対象外当事者,対象外当事者,死亡,対象外当事者,水,当日,36.300997,139.535075,2020-01-01,16:05,red,,,,,,,,,,,,
本票,栃木,東,0036,死亡,1,0,30000,対象外,0000,204,昼－昼,晴,非市街地,舗装－乾燥,交差点－その他,環状交差点以外 環状交差点以外をいう。,施設なし,01,21,00,23,11,9,その他,規制なし,5,4,車両単独,75歳以上,不明,乗用車－普通車,相手なし,自家用,対象外当事者,乗用車,対象外当事者,指定の速度規制なし等,対象外当事者,10,00,小破,対象外当事者,その他,対象外当事者,その他,対象外当事者,損傷なし,対象外当事者,水,その他,36.282100,139.570605,2020-01-29,14:20,red,,,,,,,,,,,,
本票,栃木,江別,0012,死亡,1,0,22680,対象外,0000,205,夜－夜,晴,市街地－その他,舗装－乾燥,単路－カーブ・屈折,環状交差点以外 環状交差点以外をいう。,施設なし,00,23,00,23,03,3,単路（交差点付近を含む）,規制なし,4,4,人対車両,0～24歳,75歳以上,貨物車－準中型車,歩行者,自家用,対象外当事者,貨物車,対象外当事者,50㎞／ｈ以下,対象外当事者,80,00,小破,対象外当事者,その他,対象外当事者,その他,対象外当事者,損傷なし,死亡,金,その他,36.567941,139.784334,2020-01-31,19:50,red,,,,,,,,,,,,
本票,栃木,千歳,0013,死亡,1,0,04080,対象外,0000,209,夜－夜,曇,市街地－その他,舗装－乾燥,単路－その他,環状交差点以外 環状交差点以外をいう。,施設なし,00,23,00,23,05,9,単路（交差点付近を含む）,規制なし,4,2,車両相互,65～74歳,65～74歳,貨物車－中型車,軽車両－自転車,事業用,対象外当事者,貨物車,対象外当事者,50㎞／ｈ以下,対象外当事者,80,30,中破,大破,その他,対象外当事者,その他,対象外当事者,損傷なし,死亡,月,その他,36.419800,139.964824,2020-01-27,00:12,red,,,,,,,,,,,,
本票,栃木,美唄,0009,死亡,1,0,30000,対象外,0000,213,夜－夜,曇,非市街地,舗装－乾燥,単路－その他,環状交差点以外 環状交差点以外をいう。,施設なし,00,23,00,23,03,9,単路（交差点付近を含む）,規制なし,4,3,人対車両,25～34歳,0～24歳,乗用車－軽自動車,歩行者,自家用,対象外当事者,乗用車,対象外当事者,40㎞／ｈ以下,対象外当事者,10,00,小破,対象外当事者,その他,対象外当事者,その他,対象外当事者,損傷なし,死亡,月,当日,36.970180,140.043506,2020-01-13,01:20,red,,,,,,,,,,,,
本票,栃木,三戸,0017,死亡,1,0,21140,対象外,0000,214,昼－昼,晴,非市街地,舗装－乾燥,交差点－その他,環状交差点以外 環状交差点以外をいう。,施設なし,09,22,09,22,17,7,交差点内,規制なし,5,2,車両相互,75歳以上,75歳以上,乗用車－普通車,軽車両－自転車,自家用,対象外当事者,乗用車,対象外当事者,40㎞／ｈ以下,対象外当事者,50,40,小破,小破,装備あり 作動,対象外当事者,その他,対象外当事者,損傷なし,死亡,土,その他,36.736336,140.023980,2020-01-25,10:52,red,,,,,,,,,,,,
本票,群馬,東,0013,死亡,1,0,10750,対象外,0000,209,昼－明,晴,市街地－人口集中,舗装－乾燥,交差点付近－その他,環状交差点以外 環状交差点以外をいう。,施設なし,00,23,00,23,03,9,単路（交差点付近を含む）,規制なし,4,3,人対車両,0～24歳,75歳以上,乗用車－普通車,歩行者,自家用,対象外当事者,乗用車,対象外当事者,40㎞／ｈ以下,対象外当事者,80,00,小破,対象外当事者,その他,対象外当事者,その他,対象外当事者,損傷なし,死亡,月,当日,36.250003,139.075381,2020-01-13,07:40,red,,,,,,,,,,,,
本票,埼玉,江別,0052,死亡,1,0,21160,対象外,0000,234,昼－昼,晴,市街地－その他,舗装－乾燥,単路－その他,環状交差点以外 環状交差点以外をいう。,施設なし,00,23,00,23,03,9,単路（交差点付近を含む）,規制なし,1,2,車両相互,45～54歳,75歳以上,貨物車－大型車,軽車両－駆動補助機付自転車,事業用,対象外当事者,貨物車,対象外当事者,40㎞／ｈ以下,対象外当事者,81,23,小破,大破,その他,対象外当事者,その他,対象外当事者,損傷なし,死亡,金,その他,35.815554,139.846482,2020-01-24,12:03,red,,,,,,,,,,,,
本票,埼玉,倶知安,0019,死亡,1,6,39990,対象外,0000,202,夜－明,晴,非市街地,舗装－乾燥,交差点付近－その他,環状交差点以外 環状交差点以外をいう。,施設なし,00,23,00,23,03,9,単路（交差点付近を含む）,規制なし,4,2,車両単独,35～44歳,不明,貨物車－普通車,物件等,自家用,対象外当事者,貨物車,対象外当事者,指定の速度規制なし等,対象外当事者,80,00,中破,対象外当事者,装備あり 作動,対象外当事者,その他,対象外当事者,負傷,対象外当事者,月,当日,36.085896,139.420412,2020-01-13,06:13,red,,,,,,,,,,,,
本票,埼玉,倶知安,0020,死亡,1,1,39990,対象外,0000,202,昼－昼,晴,非市街地,舗装－乾燥,交差点－その他,環状交差点以外 環状交差点以外をいう。,施設なし,09,22,00,23,18,9,交差点内,規制なし,4,2,車両単独,75歳以上,不明,乗用車－軽自動車,物件等,自家用,対象外当事者,乗用車,対象外当事者,40㎞／ｈ以下,対象外当事者,10,00,中破,対象外当事者,装備あり 作動,対象外当事者,その他,対象外当事者,負傷,対象外当事者,月,当日,36.158618,139.405677,2020-01-13,13:53,red,,,,,,,,,,,,
本票,埼玉,静内,0028,死亡,1,1,01221,対象外,0000,238,昼－昼,晴,非市街地,舗装－乾燥,交差点付近－その他,環状交差点以外 環状交差点以外をいう。,施設なし,00,23,00,23,05,9,単路（交差点付近を含む）,規制なし,1,2,車両相互,35～44歳,45～54歳,貨物車－中型車,貨物車－準中型車,自家用,自家用,貨物車,貨物車,指定の速度規制なし等,指定の速度規制なし等,30,10,小破,中破,その他,装備あり 作動,その他,その他,負傷,死亡,金,その他,36.028658,139.631020,2020-01-24,13:05,red,,,,,,,,,,,,
本票,埼玉,厚別,0018,死亡,1,0,39990,対象外,0000,464,昼－昼,曇,非市街地,非舗装,単路－その他,環状交差点以外 環状交差点以外をいう。,施設なし,00,23,00,23,01,9,その他,規制なし,5,4,車両単独,75歳以上,不明,軽車両－自転車,相手なし,対象外当事者,対象外当事者,対象外当事者,対象外当事者,対象外当事者,対象外当事者,10,00,小破,対象外当事者,対象外当事者,対象外当事者,対象外当事者,対象外当事者,死亡,対象外当事者,水,その他,36.033655,139.742026,2020-01-22,15:00,red,,,,,,,,,,,,
本票,埼玉,手稲,0026,死亡,1,0,39990,対象外,0000,237,昼－昼,晴,市街地－人口集中,舗装－乾燥,交差点－その他,環状交差点以外 環状交差点以外をいう。,点灯－３灯式,09,22,09,22,15,9,交差点内,規制なし,4,2,車両相互,45～54歳,75歳以上,貨物車－大型車,軽車両－自転車,自家用,対象外当事者,貨物車,対象外当事者,40㎞／ｈ以下,対象外当事者,80,20,小破,大破,その他,対象外当事者,その他,対象外当事者,損傷なし,死亡,月,その他,35.849896,139.876693,2020-01-20,10:45,red,,,,,,,,,,,,
本票,埼玉,武南,0018,死亡,1,0,02980,上,0000,203,夜－夜,晴,市街地－その他,舗装－乾燥,交差点－その他,環状交差点以外 環状交差点以外をいう。,点灯－３灯式,09,22,00,23,18,9,交差点内,規制なし,5,2,人対車両,45～54歳,65～74歳,貨物車－大型車,歩行者,事業用,対象外当事者,貨物車,対象外当事者,指定の速度規制なし等,対象外当事者,10,00,小破,対象外当事者,その他,対象外当事者,その他,対象外当事者,損傷なし,死亡,土,その他,35.850467,139.758477,2020-01-25,03:20,red,,,,,,,,,,,,
本票,千葉,岩見沢,0001,死亡,1,0,30000,対象外,0000,207,昼－昼,晴,市街地－その他,舗装－乾燥,交差点－その他,環状交差点以外 環状交差点以外をいう。,施設なし,01,21,09,22,14,7,交差点内,規制なし,5,3,車両相互,65～74歳,65～74歳,乗用車－軽自動車,軽車両－自転車,自家用,対象外当事者,乗用車,対象外当事者,指定の速度規制なし等,対象外当事者,10,40,小破,小破,その他,対象外当事者,その他,対象外当事者,損傷なし,死亡,日,その他,35.801481,139.902075,2020-01-05,10:22,red,,,,,,,,,,,,
本票,千葉,岩見沢,0011,死亡,1,0,30000,対象外,0000,207,昼－昼,晴,市街地－人口集中,舗装－乾燥,交差点付近－その他,環状交差点以外 環状交差点以外をいう。,施設なし,00,23,00,23,03,9,単路（交差点付近を含む）,規制なし,4,2,車両相互,65～74歳,75歳以上,貨物車－軽自動車,軽車両－自転車,自家用,対象外当事者,貨物車,対象外当事者,40㎞／ｈ以下,対象外当事者,11,30,小破,大破,その他,対象外当事者,その他,対象外当事者,損傷なし,死亡,金,その他,35.794032,139.965381,2020-01-10,11:59,red,,,,,,,,,,,,
本票,千葉,美唄,0029,死亡,1,0,30000,対象外,0000,329,昼－昼,雨,市街地－その他,舗装－湿潤,交差点付近－その他,環状交差点以外 環状交差点以外をいう。,施設なし,00,23,00,23,03,9,単路（交差点付近を含む）,規制なし,4,2,車両単独,75歳以上,不明,乗用車－普通車,物件等,自家用,対象外当事者,乗用車,対象外当事者,40㎞／ｈ以下,対象外当事者,10,00,大破,対象外当事者,装備あり 作動,対象外当事者,装備あり 作動,対象外当事者,損傷なし,対象外当事者,水,その他,35.845931,140.245237,2020-01-15,08:26,red,,,,,,,,,,,,
本票,千葉,芦別,0014,死亡,1,1,01260,上,0000,202,昼－明,雨,非市街地,舗装－湿潤,単路－その他,環状交差点以外 環状交差点以外をいう。,施設なし,00,23,00,23,03,8,単路（交差点付近を含む）,規制なし,4,3,車両相互,35～44歳,65～74歳,乗用車－大型車,乗用車－軽自動車,事業用,自家用,乗用車,乗用車,50㎞／ｈ以下,50㎞／ｈ以下,50,51,大破,大破,その他,装備あり 作動,その他,その他,負傷,死亡,日,その他,35.718312,140.800621,2020-01-26,06:45,red,,,,,,,,,,,,
本票,千葉,小樽,0003,死亡,1,0,22660,対象外,0000,215,夜－夜,晴,非市街地,舗装－乾燥,交差点付近－その他,環状交差点以外 環状交差点以外をいう。,施設なし,00,23,00,23,03,9,単路（交差点付近を含む）,規制なし,4,2,人対車両,45～54歳,45～54歳,乗用車－普通車,歩行者,自家用,対象外当事者,乗用車,対象外当事者,40㎞／ｈ以下,対象外当事者,10,00,小破,対象外当事者,その他,対象外当事者,その他,対象外当事者,損傷なし,死亡,月,その他,35.740509,140.660661,2020-01-06,01:33,red,,,,,,,,,,,,
本票,千葉,伊達,0001,死亡,1,0,30000,対象外,0000,424,昼－昼,曇,非市街地,舗装－乾燥,交差点－その他,環状交差点以外 環状交差点以外をいう。,施設なし,09,22,00,23,14,9,交差点内,規制なし,5,4,車両単独,45～54歳,不明,貨物車－軽自動車,物件等,自家用,対象外当事者,貨物車,対象外当事者,指定の速度規制なし等,対象外当事者,50,00,中破,対象外当事者,装備あり 作動,対象外当事者,その他,対象外当事者,死亡,対象外当事者,木,その他,35.437135,140.361490,2020-01-02,15:05,red,,,,,,,,,,,,
本票,千葉,浦和西,0006,死亡,1,0,30000,対象外,0000,221,昼－昼,晴,市街地－その他,舗装－乾燥,交差点－その他,環状交差点以外 環状交差点以外をいう。,施設なし,09,22,00,23,15,9,交差点内,規制なし,4,2,車両単独,75歳以上,不明,乗用車－普通車,物件等,自家用,対象外当事者,乗用車,対象外当事者,40㎞／ｈ以下,対象外当事者,80,00,中破,対象外当事者,装備あり 作動,対象外当事者,装備あり 作動,対象外当事者,損傷なし,対象外当事者,土,その他,35.728447,140.130635,2020-01-11,14:33,red,,,,,,,,,,,,
本票,千葉,新座,0002,死亡,1,0,30000,対象外,0000,204,夜－夜,曇,市街地－人口集中,舗装－乾燥,交差点－その他,環状交差点以外 環状交差点以外をいう。,施設なし,09,22,00,23,15,9,交差点内,規制なし,4,2,人対車両,55～64歳,55～64歳,乗用車－普通車,歩行者,自家用,対象外当事者,乗用車,対象外当事者,40㎞／ｈ以下,対象外当事者,80,00,中破,対象外当事者,その他,対象外当事者,その他,対象外当事者,損傷なし,死亡,木,その他,35.732074,140.036583,2020-01-02,22:35,red,,,,,,,,,,,,
本票,千葉,四街道,0007,死亡,1,0,30000,対象外,0000,228,夜－暮,晴,非市街地,舗装－乾燥,交差点－その他,環状交差点以外 環状交差点以外をいう。,点灯－３灯式,09,22,09,22,15,3,交差点内,規制なし,5,2,車両相互,45～54歳,65～74歳,貨物車－普通車,軽車両－自転車,自家用,対象外当事者,貨物車,対象外当事者,40㎞／ｈ以下,対象外当事者,10,20,中破,中破,その他,対象外当事者,その他,対象外当事者,損傷なし,死亡,火,その他,35.695830,140.157535,2020-01-14,17:33,red,,,,,,,,,,,,
本票,千葉,四街道,0010,死亡,1,0,10660,対象外,0000,228,昼－昼,晴,市街地－人口集中,舗装－乾燥,交差点付近－その他,環状交差点以外 環状交差点以外をいう。,施設なし,00,23,00,23,03,9,単路（交差点付近を含む）,規制なし,4,3,人対車両,25～34歳,75歳以上,乗用車－普通車,歩行者,自家用,対象外当事者,乗用車,対象外当事者,30㎞／ｈ以下,対象外当事者,11,00,大破,対象外当事者,その他,対象外当事者,その他,対象外当事者,損傷なし,死亡,金,その他,35.662330,140.167970,2020-01-17,10:43,red,,,,,,,,,,,,
本票,神奈川,東入間,0016,死亡,1,0,30000,対象外,0000,107,夜－夜,晴,市街地－人口集中,舗装－乾燥,単路－その他,環状交差点以外 環状交差点以外をいう。,施設なし,00,23,00,23,04,8,単路（交差点付近を含む）,規制なし,1,1,人対車両,45～54歳,35～44歳,乗用車－大型車,歩行者,事業用,対象外当事者,乗用車,対象外当事者,40㎞／ｈ以下,対象外当事者,50,00,小破,対象外当事者,その他,対象外当事者,その他,対象外当事者,損傷なし,死亡,月,その他,35.380162,139.594624,2020-01-20,22:20,red,,,,,,,,,,,,
本票,神奈川,武南,0006,死亡,1,0,00160,上,0217,108,夜－暮,雨,市街地－その他,舗装－湿潤,単路－その他,環状交差点以外 環状交差点以外をいう。,施設なし,00,23,00,23,03,9,単路（交差点付近を含む）,規制なし,4,1,人対車両,45～54歳,75歳以上,貨物車－普通車,歩行者,自家用,対象外当事者,貨物車,対象外当事者,40㎞／ｈ以下,対象外当事者,10,00,小破,対象外当事者,その他,対象外当事者,その他,対象外当事者,損傷なし,死亡,火,その他,35.372344,139.629447,2020-01-07,17:32,red,,,,,,,,,,,,
本票,神奈川,武南,0009,死亡,1,1,30000,対象外,0000,108,夜－夜,晴,市街地－人口集中,舗装－乾燥,単路－その他,環状交差点以外 環状交差点以外をいう。,施設なし,00,23,00,23,05,9,単路（交差点付近を含む）,規制なし,1,1,車両相互,35～44歳,0～24歳,貨物車－準中型車,二輪車－自動二輪－小型二輪－751ｃｃ以上,自家用,自家用,貨物車,対象外当事者,40㎞／ｈ以下,40㎞／ｈ以下,30,10,小破,大破,その他,対象外当事者,その他,対象外当事者,負傷,死亡,金,その他,35.363575,139.646296,2020-01-10,01:15,red,,,,,,,,,,,,
本票,神奈川,大宮西,0011,死亡,1,0,00010,下,0310,103,夜－夜,晴,市街地－人口集中,舗装－乾燥,単路－カーブ・屈折,環状交差点以外 環状交差点以外をいう。,施設なし,00,23,00,23,06,6,単路（交差点付近を含む）,規制なし,1,1,車両単独,35～44歳,不明,二輪車－自動二輪－軽二輪－126～250cc,相手なし,自家用,対象外当事者,対象外当事者,対象外当事者,50㎞／ｈ以下,対象外当事者,10,00,中破,対象外当事者,対象外当事者,対象外当事者,対象外当事者,対象外当事者,死亡,対象外当事者,木,その他,35.465567,139.624012,2020-01-16,23:57,red,,,,,,,,,,,,
本票,神奈川,浦和東,0005,死亡,1,0,10120,対象外,0000,102,夜－夜,晴,市街地－人口集中,舗装－乾燥,交差点－その他,環状交差点以外 環状交差点以外をいう。,点灯－３灯式,09,22,00,23,18,9,交差点内,規制なし,5,2,人対車両,45～54歳,75歳以上,乗用車－普通車,歩行者,自家用,対象外当事者,乗用車,対象外当事者,40㎞／ｈ以下,対象外当事者,10,00,小破,対象外当事者,その他,対象外当事者,その他,対象外当事者,損傷なし,死亡,火,その他,35.486826,139.625828,2020-01-07,02:57,red,,,,,,,,,,,,
本票,神奈川,大宮東,0019,死亡,1,0,30000,対象外,0000,101,昼－昼,晴,市街地－人口集中,舗装－乾燥,単路－その他,環状交差点以外 環状交差点以外をいう。,施設なし,00,23,00,23,05,9,単路（交差点付近を含む）,規制なし,4,2,車両単独,55～64歳,不明,貨物車－普通車,物件等,自家用,対象外当事者,貨物車,対象外当事者,40㎞／ｈ以下,対象外当事者,10,00,大破,対象外当事者,その他,対象外当事者,その他,対象外当事者,死亡,対象外当事者,土,その他,35.507658,139.682858,2020-01-11,12:10,red,,,,,,,,,,,,
本票,神奈川,旭,0009,死亡,1,0,30630,対象外,0000,112,夜－夜,晴,市街地－人口集中,舗装－乾燥,交差点－その他,環状交差点以外 環状交差点以外をいう。,施設なし,09,22,00,23,15,5,交差点内,規制なし,4,2,人対車両,25～34歳,45～54歳,乗用車－普通車,歩行者,自家用,対象外当事者,乗用車,対象外当事者,30㎞／ｈ以下,対象外当事者,50,00,小破,対象外当事者,その他,対象外当事者,その他,対象外当事者,損傷なし,死亡,日,前日,35.480375,139.548629,2020-01-12,02:37,red,,,,,,,,,,,,
本票,神奈川,瀬谷,0027,死亡,1,0,24010,対象外,0000,114,昼－明,曇,市街地－人口集中,舗装－乾燥,交差点－その他,環状交差点以外 環状交差点以外をいう。,施設なし,09,22,00,23,15,9,交差点内,規制なし,4,2,人対車両,25～34歳,75歳以上,乗用車－普通車,歩行者,自家用,対象外当事者,乗用車,対象外当事者,40㎞／ｈ以下,対象外当事者,10,00,中破,対象外当事者,その他,対象外当事者,その他,対象外当事者,損傷なし,死亡,金,その他,35.451480,139.502823,2020-01-24,07:19,red,,,,,,,,,,,,