資料区分,都道府県コード,警察署等コード,本票番号,事故内容,死者数,負傷者数,路線コード,上下線,地点コード,市区町村コード,昼夜,天候,地形,路面状態,道路形状,環状交差点の直径,信号機,一時停止規制　標識（当事者A）,一時停止規制　表示（当事者A）,一時停止規制　標識（当事者B）,一時停止規制　表示（当事者B）,車道幅員,道路線形,衝突地点,ゾーン規制,中央分離帯施設等,歩車道区分,事故類型,年齢（当事者A）,年齢（当事者B）,当事者種別（当事者A）,当事者種別（当事者B）,用途別（当事者A）,用途別（当事者B）,車両形状（当事者A）,車両形状（当事者B）,速度規制（指定のみ）（当事者A）,速度規制（指定のみ）（当事者B）,車両の衝突部位（当事者A）,車両の衝突部位（当事者B）,車両の損壊程度（当事者A）,車両の損壊程度（当事者B）,エアバッグの装備（当事者A）,エアバッグの装備（当事者B）,サイドエアバッグの装備（当事者A）,サイドエアバッグの装備（当事者B）,人身損傷程度（当事者A）,人身損傷程度（当事者B）,曜日(発生年月日),祝日(発生年月日),緯度,経度,発生日,発生時,color,発生地点,道路管理者区分,道路区分,道路構造,曲線半径,縦断勾配,トンネル番号,当事者車両台数,車両単独事故の対象物,臨時速度規制の有無,速度規制（臨時のみ）,トンネル延長距離
本票,神奈川,都筑,0008,死亡,1,0,30000,対象外,0000,118,夜－夜,晴,市街地－人口集中,舗装－乾燥,単路－その他,環状交差点以外 環状交差点以外をいう。,施設なし,00,23,00,23,05,7,単路（交差点付近を含む）,規制なし,1,2,人対車両,45～54歳,65～74歳,乗用車－軽自動車,歩行者,自家用,対象外当事者,乗用車,対象外当事者,50㎞／ｈ以下,対象外当事者,80,00,小破,対象外当事者,その他,対象外当事者,その他,対象外当事者,損傷なし,死亡,日,その他,35.543605,139.570532,2020-01-05,18:46,red,,,,,,,,,,,,
本票,神奈川,川崎,0019,死亡,1,0,30800,対象外,0000,131,昼－明,雨,市街地－人口集中,舗装－湿潤,交差点－その他,環状交差点以外 環状交差点以外をいう。,施設なし,09,22,09,22,14,3,交差点内,規制なし,4,1,車両相互,45～54歳,65～74歳,貨物車－普通車,軽車両－自転車,自家用,対象外当事者,貨物車,対象外当事者,50㎞／ｈ以下,対象外当事者,10,20,中破,中破,その他,対象外当事者,その他,対象外当事者,損傷なし,死亡,木,その他,35.525423,139.711288,2020-01-23,06:55,red,,,,,,,,,,,,
本票,神奈川,高津,0017,死亡,1,0,30960,対象外,0000,134,夜－夜,曇,市街地－人口集中,舗装－乾燥,単路－カーブ・屈折,環状交差点以外 環状交差点以外をいう。,施設なし,00,23,00,23,03,6,単路（交差点付近を含む）,規制なし,4,2,人対車両,45～54歳,75歳以上,貨物車－軽自動車,歩行者,自家用,対象外当事者,貨物車,対象外当事者,40㎞／ｈ以下,対象外当事者,10,00,中破,対象外当事者,その他,対象外当事者,その他,対象外当事者,損傷なし,死亡,木,その他,35.585529,139.611552,2020-01-16,05:27,red,,,,,,,,,,,,
本票,神奈川,浦賀,0008,死亡,1,0,30000,対象外,0000,201,夜－明,晴,市街地－人口集中,舗装－乾燥,単路－その他,環状交差点以外 環状交差点以外をいう。,施設なし,00,23,00,23,04,8,単路（交差点付近を含む）,規制なし,4,2,車両相互,45～54歳,0～24歳,貨物車－準中型車,二輪車－原付自転車,事業用,自家用,貨物車,対象外当事者,40㎞／ｈ以下,指定の速度規制なし等,80,10,小破,小破,その他,対象外当事者,その他,対象外当事者,損傷なし,死亡,金,その他,35.220502,139.668181,2020-01-10,06:45,red,,,,,,,,,,,,
本票,神奈川,鎌倉,0006,死亡,1,0,30000,対象外,0000,204,夜－夜,晴,市街地－その他,舗装－乾燥,踏切－第一種,環状交差点以外 環状交差点以外をいう。,施設なし,00,23,00,23,02,9,その他,規制なし,5,4,人対車両,25～34歳,75歳以上,路面電車,歩行者,対象外当事者,対象外当事者,対象外当事者,対象外当事者,対象外当事者,対象外当事者,00,00,損壊なし,対象外当事者,対象外当事者,対象外当事者,対象外当事者,対象外当事者,損傷なし,死亡,土,その他,35.303888,139.518817,2020-01-11,19:57,red,,,,,,,,,,,,
本票,神奈川,藤沢,0031,死亡,1,0,30000,対象外,0000,205,昼－昼,晴,市街地－その他,舗装－乾燥,交差点－その他,環状交差点以外 環状交差点以外をいう。,施設なし,09,22,00,23,15,9,交差点内,規制なし,5,2,人対車両,65～74歳,75歳以上,乗用車－普通車,歩行者,自家用,対象外当事者,乗用車,対象外当事者,40㎞／ｈ以下,対象外当事者,10,00,小破,対象外当事者,その他,対象外当事者,その他,対象外当事者,損傷なし,死亡,火,その他,35.331628,139.466662,2020-01-21,12:00,red,,,,,,,,,,,,
本票,神奈川,小田原,0001,死亡,1,1,60030,対象外,0000,206,夜－暮,晴,非市街地,舗装－乾燥,単路－カーブ・屈折,環状交差点以外 環状交差点以外をいう。,施設なし,00,23,00,23,04,5,単路（交差点付近を含む）,規制なし,4,4,車両単独,45～54歳,不明,貨物車－普通車,物件等,自家用,対象外当事者,貨物車,対象外当事者,50㎞／ｈ以下,対象外当事者,50,00,中破,対象外当事者,装備あり 作動,対象外当事者,その他,対象外当事者,負傷,対象外当事者,金,その他,35.241282,139.129566,2020-01-03,17:34,red,,,,,,,,,,,,
本票,神奈川,松田,0004,死亡,1,0,10720,対象外,0000,362,夜－夜,雨,市街地－人口集中,舗装－湿潤,単路－カーブ・屈折,環状交差点以外 環状交差点以外をいう。,施設なし,00,23,00,23,03,3,単路（交差点付近を含む）,規制なし,4,1,車両単独,0～24歳,不明,軽車両－自転車,相手なし,対象外当事者,対象外当事者,対象外当事者,対象外当事者,対象外当事者,対象外当事者,20,00,小破,対象外当事者,対象外当事者,対象外当事者,対象外当事者,対象外当事者,死亡,対象外当事者,火,その他,35.323066,139.163218,2020-01-07,20:57,red,,,,,,,,,,,,
本票,神奈川,松田,0013,死亡,1,0,27111,対象外,0000,362,夜－暮,晴,市街地－その他,舗装－乾燥,交差点－その他,環状交差点以外 環状交差点以外をいう。,施設なし,09,22,09,22,15,9,交差点内,規制なし,5,2,車両相互,55～64歳,75歳以上,乗用車－普通車,軽車両－駆動補助機付自転車,自家用,対象外当事者,乗用車,対象外当事者,50㎞／ｈ以下,対象外当事者,80,10,小破,中破,その他,対象外当事者,その他,対象外当事者,損傷なし,死亡,木,その他,35.329745,139.144000,2020-01-16,17:50,red,,,,,,,,,,,,
本票,神奈川,相模原,0065,死亡,1,0,10630,対象外,0000,152,昼－昼,晴,市街地－人口集中,舗装－乾燥,交差点－その他,環状交差点以外 環状交差点以外をいう。,点灯－３灯式,08,22,00,23,15,9,交差点内,規制なし,5,3,人対車両,25～34歳,75歳以上,貨物車－準中型車,歩行者,事業用,対象外当事者,貨物車,対象外当事者,30㎞／ｈ以下,対象外当事者,50,00,小破,対象外当事者,その他,対象外当事者,その他,対象外当事者,損傷なし,死亡,水,その他,35.555288,139.336940,2020-01-29,11:53,red,,,,,,,,,,,,
本票,神奈川,座間,0030,死亡,1,0,30000,対象外,0000,216,夜－夜,曇,市街地－人口集中,舗装－乾燥,交差点付近－その他,環状交差点以外 環状交差点以外をいう。,施設なし,00,23,00,23,03,8,単路（交差点付近を含む）,規制なし,5,4,人対車両,45～54歳,75歳以上,乗用車－普通車,歩行者,自家用,対象外当事者,乗用車,対象外当事者,40㎞／ｈ以下,対象外当事者,00,00,損壊なし,対象外当事者,その他,対象外当事者,その他,対象外当事者,損傷なし,死亡,水,その他,35.479042,139.418954,2020-01-22,18:58,red,,,,,,,,,,,,
本票,新潟,東,0005,死亡,1,0,37810,対象外,0000,212,昼－昼,曇,非市街地,舗装－湿潤,単路－カーブ・屈折,環状交差点以外 環状交差点以外をいう。,施設なし,00,23,00,23,02,6,単路（交差点付近を含む）,規制なし,5,4,車両単独,75歳以上,不明,貨物車－軽自動車,相手なし,自家用,対象外当事者,貨物車,対象外当事者,指定の速度規制なし等,対象外当事者,20,00,小破,対象外当事者,その他,対象外当事者,その他,対象外当事者,死亡,対象外当事者,金,その他,38.283133,139.521806,2020-01-10,08:31,red,,,,,,,,,,,,
本票,新潟,東,0008,死亡,1,0,00070,上,0481,212,夜－夜,晴,非市街地,舗装－乾燥,単路－その他,環状交差点以外 環状交差点以外をいう。,施設なし,00,23,00,23,04,9,単路（交差点付近を含む）,規制なし,4,2,人対車両,55～64歳,75歳以上,乗用車－普通車,歩行者,自家用,対象外当事者,乗用車,対象外当事者,指定の速度規制なし等,対象外当事者,80,00,小破,対象外当事者,その他,対象外当事者,その他,対象外当事者,損傷なし,死亡,日,その他,38.103786,139.445939,2020-01-26,18:05,red,,,,,,,,,,,,
本票,新潟,倶知安,0010,死亡,2,0,02900,対象外,0000,202,昼－昼,曇,非市街地,舗装－湿潤,単路－カーブ・屈折,環状交差点以外 環状交差点以外をいう。,施設なし,00,23,00,23,03,5,単路（交差点付近を含む）,規制なし,4,3,車両相互,55～64歳,75歳以上,貨物車－大型車,乗用車－軽自動車,事業用,自家用,貨物車,乗用車,50㎞／ｈ以下,50㎞／ｈ以下,50,50,中破,大破,その他,装備あり 作動,その他,その他,損傷なし,死亡,火,その他,37.521572,139.014431,2020-01-14,11:31,red,,,,,,,,,,,,
本票,新潟,苫小牧,0004,死亡,1,0,02520,対象外,0000,225,夜－夜,曇,市街地－その他,舗装－乾燥,交差点－その他,環状交差点以外 環状交差点以外をいう。,施設なし,09,22,00,23,15,9,交差点内,規制なし,4,3,人対車両,45～54歳,65～74歳,乗用車－普通車,歩行者,自家用,対象外当事者,乗用車,対象外当事者,40㎞／ｈ以下,対象外当事者,80,00,中破,対象外当事者,その他,対象外当事者,その他,対象外当事者,損傷なし,死亡,火,その他,37.295136,138.991719,2020-01-28,18:23,red,,,,,,,,,,,,
本票,新潟,浦河,0006,死亡,1,1,02910,対象外,0000,205,昼－昼,雨,非市街地,舗装－湿潤,単路－カーブ・屈折,環状交差点以外 環状交差点以外をいう。,施設なし,00,23,00,23,03,5,単路（交差点付近を含む）,規制なし,4,3,車両相互,55～64歳,75歳以上,乗用車－普通車,乗用車－軽自動車,自家用,自家用,乗用車,乗用車,50㎞／ｈ以下,50㎞／ｈ以下,50,50,中破,大破,装備あり 作動,装備あり 作動,その他,その他,負傷,死亡,水,その他,37.337289,138.667278,2020-01-29,11:40,red,,,,,,,,,,,,
本票,山梨,東,0020,死亡,1,0,14040,対象外,0000,210,夜－夜,晴,非市街地,舗装－乾燥,交差点－その他,環状交差点以外 環状交差点以外をいう。,点灯－３灯式,09,22,09,22,19,9,交差点内,規制なし,4,2,車両相互,35～44歳,0～24歳,乗用車－軽自動車,二輪車－原付自転車,自家用,自家用,乗用車,対象外当事者,50㎞／ｈ以下,30㎞／ｈ以下,50,10,小破,小破,その他,対象外当事者,その他,対象外当事者,損傷なし,死亡,土,その他,35.640014,138.529722,2020-01-25,22:15,red,,,,,,,,,,,,
本票,山梨,野辺地,0004,死亡,1,0,30000,対象外,0000,205,夜－夜,晴,非市街地,舗装－乾燥,単路－その他,環状交差点以外 環状交差点以外をいう。,施設なし,00,23,00,23,03,9,単路（交差点付近を含む）,規制なし,4,3,人対車両,35～44歳,75歳以上,乗用車－軽自動車,歩行者,自家用,対象外当事者,乗用車,対象外当事者,40㎞／ｈ以下,対象外当事者,50,00,小破,対象外当事者,その他,対象外当事者,その他,対象外当事者,損傷なし,死亡,水,その他,35.688890,138.705285,2020-01-29,18:55,red,,,,,,,,,,,,
本票,長野,中央,0004,死亡,1,0,37000,対象外,0000,201,夜－夜,曇,市街地－その他,舗装－乾燥,単路－その他,環状交差点以外 環状交差点以外をいう。,施設なし,00,23,00,23,01,9,その他,規制なし,5,4,車両単独,65～74歳,不明,軽車両－駆動補助機付自転車,相手なし,対象外当事者,対象外当事者,対象外当事者,対象外当事者,対象外当事者,対象外当事者,20,00,損壊なし,対象外当事者,対象外当事者,対象外当事者,対象外当事者,対象外当事者,死亡,対象外当事者,土,その他,36.652300,138.245424,2020-01-04,00:00,red,,,,,,,,,,,,
本票,長野,三戸,0009,死亡,1,0,00180,下,0000,208,夜－夜,晴,非市街地,舗装－乾燥,単路－その他,環状交差点以外 環状交差点以外をいう。,施設なし,00,23,00,23,04,9,単路（交差点付近を含む）,規制なし,4,2,車両単独,25～34歳,不明,乗用車－軽自動車,物件等,自家用,対象外当事者,乗用車,対象外当事者,50㎞／ｈ以下,対象外当事者,10,00,大破,対象外当事者,装備あり 作動,対象外当事者,その他,対象外当事者,死亡,対象外当事者,土,その他,36.337358,138.409884,2020-01-25,01:05,red,,,,,,,,,,,,
本票,長野,北,0015,死亡,1,0,99000,対象外,0000,214,夜－夜,晴,市街地－その他,舗装－乾燥,一般交通の場所,環状交差点以外 環状交差点以外をいう。,施設なし,00,23,00,23,00,0,その他,規制なし,0,4,人対車両,65～74歳,75歳以上,貨物車－軽自動車,歩行者,自家用,対象外当事者,貨物車,対象外当事者,指定の速度規制なし等,対象外当事者,80,00,小破,対象外当事者,その他,対象外当事者,その他,対象外当事者,損傷なし,死亡,土,その他,35.986680,138.152285,2020-01-25,18:30,red,,,,,,,,,,,,
本票,長野,厚別,0002,死亡,1,0,39000,対象外,0000,425,昼－昼,雪,非市街地,舗装－積雪,単路－その他,環状交差点以外 環状交差点以外をいう。,施設なし,00,23,00,23,03,9,その他,規制なし,5,4,車両単独,65～74歳,不明,乗用車－軽自動車,相手なし,自家用,対象外当事者,乗用車,対象外当事者,40㎞／ｈ以下,対象外当事者,10,00,中破,対象外当事者,その他,対象外当事者,その他,対象外当事者,死亡,対象外当事者,木,その他,35.968915,137.753434,2020-01-23,08:10,red,,,,,,,,,,,,
本票,長野,上尾,0033,死亡,1,0,37260,対象外,0000,202,昼－昼,曇,市街地－人口集中,舗装－乾燥,交差点－その他,環状交差点以外 環状交差点以外をいう。,点灯－３灯式,09,22,09,22,15,9,交差点内,規制なし,5,2,車両相互,55～64歳,55～64歳,貨物車－中型車,乗用車－軽自動車,自家用,自家用,貨物車,乗用車,40㎞／ｈ以下,40㎞／ｈ以下,20,10,中破,大破,その他,装備あり 作動,その他,その他,損傷なし,死亡,土,その他,36.218897,137.979728,2020-01-18,09:00,red,,,,,,,,,,,,
本票,長野,武南,0006,死亡,1,0,01480,対象外,0000,485,夜－夜,晴,非市街地,舗装－乾燥,単路－その他,環状交差点以外 環状交差点以外をいう。,施設なし,00,23,00,23,03,9,単路（交差点付近を含む）,規制なし,4,2,人対車両,45～54歳,75歳以上,乗用車－普通車,歩行者,自家用,対象外当事者,乗用車,対象外当事者,50㎞／ｈ以下,対象外当事者,10,00,小破,対象外当事者,その他,対象外当事者,その他,対象外当事者,損傷なし,死亡,金,その他,36.676813,137.852973,2020-01-10,18:43,red,,,,,,,,,,,,
本票,静岡,高速道路交通警察隊,0018,死亡,1,0,42810,対象外,0000,210,夜－夜,晴,非市街地,舗装－乾燥,単路－その他,環状交差点以外 環状交差点以外をいう。,施設なし,00,23,00,23,06,9,単路（交差点付近を含む）,規制なし,1,3,車両相互,65～74歳,75歳以上,貨物車－大型車,乗用車－軽自動車,事業用,自家用,貨物車,乗用車,指定の速度規制なし等,指定の速度規制なし等,10,30,大破,大破,その他,装備あり 作動,その他,その他,損傷なし,死亡,火,その他,35.202585,138.661361,2020-01-21,01:13,red,868,中日本高速道路,走行車線－第二通行帯以上,完全分離－高架・橋梁,直線,平坦・該当なし,,4,該当なし,該当なし,該当なし,0
本票,静岡,岩見沢,0031,死亡,1,0,37000,対象外,0000,203,昼－昼,晴,非市街地,舗装－乾燥,交差点付近－その他,環状交差点以外 環状交差点以外をいう。,施設なし,00,23,00,23,01,9,その他,規制なし,5,4,車両単独,65～74歳,不明,軽車両－自転車,相手なし,対象外当事者,対象外当事者,対象外当事者,対象外当事者,対象外当事者,対象外当事者,10,00,小破,対象外当事者,対象外当事者,対象外当事者,対象外当事者,対象外当事者,死亡,対象外当事者,木,その他,34.999720,138.778861,2020-01-09,09:43,red,,,,,,,,,,,,
本票,静岡,余市,0022,死亡,1,0,03620,対象外,0000,429,昼－明,晴,非市街地,舗装－凍結,単路－カーブ・屈折,環状交差点以外 環状交差点以外をいう。,施設なし,00,23,00,23,03,2,単路（交差点付近を含む）,規制なし,4,3,車両単独,55～64歳,不明,貨物車－準中型車,物件等,自家用,対象外当事者,貨物車,対象外当事者,指定の速度規制なし等,対象外当事者,14,00,小破,対象外当事者,その他,対象外当事者,その他,対象外当事者,損傷なし,対象外当事者,水,その他,35.089290,138.186952,2020-01-15,07:27,red,,,,,,,,,,,,
本票,静岡,室蘭,0056,死亡,1,0,10390,対象外,0000,213,昼－昼,晴,市街地－その他,舗装－乾燥,交差点付近－その他,環状交差点以外 環状交差点以外をいう。,点灯－３灯式,00,23,00,23,05,9,単路（交差点付近を含む）,規制なし,6,2,車両相互,25～34歳,75歳以上,貨物車－大型車,二輪車－原付自転車,事業用,自家用,貨物車,対象外当事者,50㎞／ｈ以下,30㎞／ｈ以下,40,20,小破,小破,その他,対象外当事者,その他,対象外当事者,損傷なし,死亡,木,その他,34.785634,138.013019,2020-01-30,11:05,red,,,,,,,,,,,,
本票,静岡,南,0157,死亡,1,0,10480,対象外,0000,131,昼－昼,晴,市街地－人口集中,舗装－乾燥,交差点－その他,環状交差点以外 環状交差点以外をいう。,施設なし,09,22,00,23,14,9,交差点内,規制なし,4,2,人対車両,25～34歳,75歳以上,貨物車－軽自動車,歩行者,自家用,対象外当事者,貨物車,対象外当事者,40㎞／ｈ以下,対象外当事者,10,00,小破,対象外当事者,その他,対象外当事者,その他,対象外当事者,損傷なし,死亡,金,その他,34.727438,137.691517,2020-01-31,10:40,red,,,,,,,,,,,,
本票,静岡,北,0062,死亡,1,2,01500,対象外,0000,134,夜－暮,晴,市街地－人口集中,舗装－乾燥,交差点－その他,環状交差点以外 環状交差点以外をいう。,施設なし,09,22,09,22,14,9,交差点内,規制なし,4,3,車両相互,75歳以上,0～24歳,乗用車－軽自動車,二輪車－自動二輪－小型二輪－751ｃｃ以上,自家用,自家用,乗用車,対象外当事者,40㎞／ｈ以下,40㎞／ｈ以下,40,42,小破,中破,その他,対象外当事者,その他,対象外当事者,負傷,死亡,水,その他,34.694263,137.761561,2020-01-15,17:12,red,,,,,,,,,,,,
本票,静岡,厚別,0019,死亡,1,0,03620,対象外,0000,135,昼－明,晴,非市街地,舗装－乾燥,単路－その他,環状交差点以外 環状交差点以外をいう。,施設なし,00,23,00,23,03,9,単路（交差点付近を含む）,規制なし,4,3,車両相互,0～24歳,75歳以上,乗用車－普通車,軽車両－その他,自家用,対象外当事者,乗用車,対象外当事者,40㎞／ｈ以下,対象外当事者,10,40,中破,小破,その他,対象外当事者,その他,対象外当事者,損傷なし,死亡,木,その他,34.793752,137.619067,2020-01-16,07:47,red,,,,,,,,,,,,
本票,静岡,東入間,0019,死亡,1,0,00010,上,2659,133,昼－昼,晴,非市街地,舗装－乾燥,交差点－その他,環状交差点以外 環状交差点以外をいう。,施設なし,09,22,00,23,11,9,交差点内,規制なし,5,2,人対車両,45～54歳,75歳以上,貨物車－準中型車,歩行者,自家用,対象外当事者,貨物車,対象外当事者,50㎞／ｈ以下,対象外当事者,80,00,小破,対象外当事者,その他,対象外当事者,その他,対象外当事者,損傷なし,死亡,火,その他,34.680576,137.667862,2020-01-14,11:24,red,,,,,,,,,,,,
本票,静岡,東入間,0021,死亡,1,0,00010,下,2657,133,昼－明,曇,非市街地,舗装－湿潤,交差点付近－その他,環状交差点以外 環状交差点以外をいう。,点灯－３灯式,00,23,00,23,05,9,単路（交差点付近を含む）,規制なし,1,1,車両単独,55～64歳,不明,二輪車－自動二輪－小型二輪－751ｃｃ以上,相手なし,自家用,対象外当事者,対象外当事者,対象外当事者,60㎞／ｈ以下,対象外当事者,20,00,大破,対象外当事者,対象外当事者,対象外当事者,対象外当事者,対象外当事者,死亡,対象外当事者,水,その他,34.678896,137.674996,2020-01-15,07:46,red,,,,,,,,,,,,
本票,富山,静内,0004,死亡,1,1,37000,対象外,0000,211,昼－昼,雨,非市街地,舗装－湿潤,交差点－その他,環状交差点以外 環状交差点以外をいう。,施設なし,01,21,09,22,15,9,交差点内,規制なし,4,2,車両相互,0～24歳,65～74歳,乗用車－軽自動車,乗用車－軽自動車,自家用,自家用,乗用車,乗用車,30㎞／ｈ以下,40㎞／ｈ以下,50,80,中破,中破,装備あり 作動,装備あり 作動,その他,その他,損傷なし,死亡,水,その他,36.694454,137.090457,2020-01-15,12:40,red,,,,,,,,,,,,
本票,富山,静内,0006,死亡,1,0,25630,対象外,0000,202,夜－暮,曇,市街地－その他,舗装－乾燥,交差点－その他,環状交差点以外 環状交差点以外をいう。,施設なし,09,22,00,23,17,9,交差点内,規制なし,4,2,人対車両,25～34歳,75歳以上,乗用車－普通車,歩行者,自家用,対象外当事者,乗用車,対象外当事者,50㎞／ｈ以下,対象外当事者,80,00,中破,対象外当事者,その他,対象外当事者,その他,対象外当事者,損傷なし,死亡,木,その他,36.768561,137.088670,2020-01-16,17:10,red,,,,,,,,,,,,
本票,富山,武南,0005,死亡,1,0,37000,対象外,0000,210,夜－暮,雨,市街地－その他,舗装－湿潤,交差点－その他,環状交差点以外 環状交差点以外をいう。,施設なし,09,22,00,23,14,9,交差点内,規制なし,4,2,人対車両,0～24歳,75歳以上,乗用車－普通車,歩行者,自家用,対象外当事者,乗用車,対象外当事者,50㎞／ｈ以下,対象外当事者,81,00,中破,対象外当事者,その他,対象外当事者,その他,対象外当事者,損傷なし,死亡,水,その他,36.563051,136.870859,2020-01-29,17:55,red,,,,,,,,,,,,
本票,石川,西,0003,死亡,1,0,10080,対象外,0000,201,夜－夜,雨,市街地－人口集中,舗装－湿潤,交差点－その他,環状交差点以外 環状交差点以外をいう。,施設なし,09,22,00,23,19,9,交差点内,規制なし,5,2,人対車両,45～54歳,75歳以上,乗用車－軽自動車,歩行者,自家用,対象外当事者,乗用車,対象外当事者,指定の速度規制なし等,対象外当事者,10,00,中破,対象外当事者,その他,対象外当事者,その他,対象外当事者,損傷なし,死亡,火,その他,36.603579,136.604738,2020-01-07,19:00,red,,,,,,,,,,,,
本票,石川,東,0005,死亡,1,0,00080,上,0000,206,昼－昼,曇,市街地－その他,舗装－乾燥,交差点－その他,環状交差点以外 環状交差点以外をいう。,点灯－３灯式,09,22,09,22,18,9,その他,規制なし,5,2,車両相互,35～44歳,25～34歳,乗用車－軽自動車,乗用車－軽自動車,自家用,自家用,乗用車,乗用車,指定の速度規制なし等,指定の速度規制なし等,80,00,大破,損壊なし,装備あり 作動,装備あり 作動,その他,その他,死亡,損傷なし,木,その他,36.322432,136.403519,2020-01-16,09:20,red,,,,,,,,,,,,
本票,石川,江別,0001,死亡,1,1,30000,対象外,0000,203,昼－昼,曇,非市街地,舗装－乾燥,単路－その他,環状交差点以外 環状交差点以外をいう。,施設なし,00,23,00,23,04,9,単路（交差点付近を含む）,規制なし,4,3,車両相互,25～34歳,35～44歳,乗用車－普通車,乗用車－軽自動車,自家用,自家用,乗用車,乗用車,50㎞／ｈ以下,50㎞／ｈ以下,10,10,大破,大破,装備あり 作動,装備あり 作動,その他,その他,負傷,死亡,火,その他,36.394991,136.426556,2020-01-07,08:25,red,,,,,,,,,,,,
本票,石川,江別,0020,死亡,1,2,20070,対象外,0000,203,昼－昼,曇,市街地－その他,舗装－湿潤,交差点－その他,環状交差点以外 環状交差点以外をいう。,施設なし,09,22,01,21,15,9,交差点内,規制なし,4,3,車両相互,65～74歳,45～54歳,貨物車－準中型車,貨物車－軽自動車,自家用,自家用,貨物車,貨物車,指定の速度規制なし等,30㎞／ｈ以下,24,10,小破,小破,その他,その他,その他,その他,負傷,損傷なし,金,その他,36.340416,136.418032,2020-01-31,09:08,red,,,,,,,,,,,,
本票,石川,岩見沢,0001,死亡,1,0,30000,対象外,0000,212,夜－明,曇,市街地－その他,舗装－乾燥,交差点付近－その他,環状交差点以外 環状交差点以外をいう。,施設なし,00,23,00,23,05,9,単路（交差点付近を含む）,規制なし,4,2,人対車両,25～34歳,75歳以上,貨物車－普通車,歩行者,自家用,対象外当事者,貨物車,対象外当事者,指定の速度規制なし等,対象外当事者,80,00,小破,対象外当事者,その他,対象外当事者,その他,対象外当事者,損傷なし,死亡,月,その他,36.546862,136.596225,2020-01-06,06:15,red,,,,,,,,,,,,
本票,石川,岩見沢,0012,死亡,1,0,20060,対象外,0000,212,夜－夜,曇,市街地－人口集中,舗装－乾燥,交差点付近－その他,環状交差点以外 環状交差点以外をいう。,点灯－３灯式,00,23,00,23,04,9,単路（交差点付近を含む）,規制なし,4,2,人対車両,45～54歳,75歳以上,貨物車－普通車,歩行者,自家用,対象外当事者,貨物車,対象外当事者,40㎞／ｈ以下,対象外当事者,80,00,小破,対象外当事者,その他,対象外当事者,その他,対象外当事者,損傷なし,死亡,火,その他,36.537671,136.615284,2020-01-14,20:50,red,,,,,,,,,,,,
本票,石川,岩見沢,0022,死亡,1,0,01570,上,0000,212,夜－夜,曇,非市街地,舗装－湿潤,単路－その他,環状交差点以外 環状交差点以外をいう。,施設なし,00,23,00,23,05,9,単路（交差点付近を含む）,規制なし,4,2,車両相互,45～54歳,35～44歳,貨物車－普通車,二輪車－原付自転車,自家用,自家用,貨物車,対象外当事者,50㎞／ｈ以下,指定の速度規制なし等,10,30,小破,大破,その他,対象外当事者,その他,対象外当事者,損傷なし,死亡,金,その他,36.538536,136.620079,2020-01-24,02:05,red,,,,,,,,,,,,
本票,福井,岩見沢,0003,死亡,1,0,10110,対象外,0000,210,昼－昼,曇,市街地－その他,舗装－湿潤,交差点付近－その他,環状交差点以外 環状交差点以外をいう。,施設なし,00,23,00,23,03,9,単路（交差点付近を含む）,規制なし,4,3,人対車両,55～64歳,75歳以上,乗用車－普通車,歩行者,自家用,対象外当事者,乗用車,対象外当事者,40㎞／ｈ以下,対象外当事者,80,00,小破,対象外当事者,その他,対象外当事者,その他,対象外当事者,損傷なし,死亡,日,前日,36.212291,136.149671,2020-01-12,12:10,red,,,,,,,,,,,,
本票,福井,つがる,0010,死亡,1,0,37000,対象外,9999,207,夜－暮,曇,市街地－その他,舗装－乾燥,交差点－その他,環状交差点以外 環状交差点以外をいう。,施設なし,09,22,00,23,15,9,交差点内,規制なし,4,2,人対車両,25～34歳,65～74歳,乗用車－軽自動車,歩行者,自家用,対象外当事者,乗用車,対象外当事者,40㎞／ｈ以下,対象外当事者,10,00,小破,対象外当事者,その他,対象外当事者,その他,対象外当事者,損傷なし,死亡,金,その他,35.970736,136.189459,2020-01-24,17:43,red,,,,,,,,,,,,
本票,福井,美唄,0005,死亡,1,0,21220,対象外,0000,209,夜－暮,晴,非市街地,舗装－乾燥,交差点－その他,環状交差点以外 環状交差点以外をいう。,施設なし,09,22,00,23,14,9,交差点内,規制なし,4,2,人対車両,65～74歳,75歳以上,乗用車－軽自動車,歩行者,自家用,対象外当事者,乗用車,対象外当事者,50㎞／ｈ以下,対象外当事者,10,00,小破,対象外当事者,その他,対象外当事者,その他,対象外当事者,損傷なし,死亡,土,その他,35.884481,136.275019,2020-01-25,17:33,red,,,,,,,,,,,,
本票,岐阜,白石,0001,死亡,1,0,21830,対象外,0000,201,夜－明,晴,市街地－人口集中,舗装－乾燥,交差点－その他,環状交差点以外 環状交差点以外をいう。,施設なし,09,22,00,23,14,9,交差点内,規制なし,4,2,人対車両,25～34歳,65～74歳,乗用車－普通車,歩行者,自家用,対象外当事者,乗用車,対象外当事者,50㎞／ｈ以下,対象外当事者,50,00,小破,対象外当事者,装備あり 作動,対象外当事者,その他,対象外当事者,損傷なし,死亡,土,その他,35.385447,136.754382,2020-01-18,06:05,red,,,,,,,,,,,,