資料区分,都道府県コード,警察署等コード,本票番号,事故内容,死者数,負傷者数,路線コード,上下線,地点コード,市区町村コード,昼夜,天候,地形,路面状態,道路形状,環状交差点の直径,信号機,一時停止規制　標識（当事者A）,一時停止規制　表示（当事者A）,一時停止規制　標識（当事者B）,一時停止規制　表示（当事者B）,車道幅員,道路線形,衝突地点,ゾーン規制,中央分離帯施設等,歩車道区分,事故類型,年齢（当事者A）,年齢（当事者B）,当事者種別（当事者A）,当事者種別（当事者B）,用途別（当事者A）,用途別（当事者B）,車両形状（当事者A）,車両形状（当事者B）,速度規制（指定のみ）（当事者A）,速度規制（指定のみ）（当事者B）,車両の衝突部位（当事者A）,車両の衝突部位（当事者B）,車両の損壊程度（当事者A）,車両の損壊程度（当事者B）,エアバッグの装備（当事者A）,エアバッグの装備（当事者B）,サイドエアバッグの装備（当事者A）,サイドエアバッグの装備（当事者B）,人身損傷程度（当事者A）,人身損傷程度（当事者B）,曜日(発生年月日),祝日(発生年月日),緯度,経度,発生日,発生時,color,発生地点,道路管理者区分,道路区分,道路構造,曲線半径,縦断勾配,トンネル番号,当事者車両台数,車両単独事故の対象物,臨時速度規制の有無,速度規制（臨時のみ）,トンネル延長距離
本票,高知,砂川,0001,死亡,1,0,23880,対象外,0000,206,昼－昼,晴,市街地－その他,舗装－乾燥,交差点－その他,環状交差点以外 環状交差点以外をいう。,施設なし,09,22,01,21,14,9,交差点内,規制なし,4,2,車両相互,65～74歳,65～74歳,貨物車－準中型車,軽車両－自転車,自家用,対象外当事者,貨物車,対象外当事者,50㎞／ｈ以下,対象外当事者,10,40,小破,小破,その他,対象外当事者,その他,対象外当事者,損傷なし,死亡,木,その他,33.413089,133.291777,2020-01-09,12:08,red,,,,,,,,,,,,
本票,高知,小樽,0008,死亡,1,1,30000,対象外,0000,344,昼－昼,晴,非市街地,舗装－乾燥,単路－カーブ・屈折,環状交差点以外 環状交差点以外をいう。,施設なし,00,23,00,23,01,2,単路（交差点付近を含む）,規制なし,5,4,車両単独,75歳以上,不明,乗用車－軽自動車,相手なし,自家用,対象外当事者,乗用車,対象外当事者,指定の速度規制なし等,対象外当事者,40,00,大破,対象外当事者,その他,対象外当事者,その他,対象外当事者,負傷,対象外当事者,土,その他,33.750448,133.666099,2020-01-18,13:45,red,,,,,,,,,,,,
本票,福岡,白石,0215,死亡,1,0,25350,対象外,0000,132,夜－暮,雨,市街地－人口集中,舗装－湿潤,交差点付近－その他,環状交差点以外 環状交差点以外をいう。,施設なし,00,23,00,23,03,9,単路（交差点付近を含む）,規制なし,4,2,人対車両,0～24歳,65～74歳,乗用車－ミニカー,歩行者,自家用,対象外当事者,乗用車,対象外当事者,30㎞／ｈ以下,対象外当事者,11,00,小破,対象外当事者,その他,対象外当事者,その他,対象外当事者,損傷なし,死亡,水,その他,33.585514,130.410151,2020-01-29,18:45,red,,,,,,,,,,,,
本票,福岡,西,0038,死亡,1,0,00030,上,0766,131,昼－昼,晴,市街地－人口集中,舗装－乾燥,交差点－その他,環状交差点以外 環状交差点以外をいう。,点灯－３灯式,09,22,00,23,18,9,交差点内,規制なし,5,2,人対車両,65～74歳,75歳以上,乗用車－普通車,歩行者,自家用,対象外当事者,乗用車,対象外当事者,30㎞／ｈ以下,対象外当事者,10,00,損壊なし,対象外当事者,その他,対象外当事者,その他,対象外当事者,損傷なし,死亡,金,その他,33.618754,130.417457,2020-01-10,12:14,red,,,,,,,,,,,,
本票,福岡,芦別,0159,死亡,1,0,14190,対象外,0000,218,昼－昼,曇,市街地－人口集中,舗装－湿潤,単路－その他,環状交差点以外 環状交差点以外をいう。,点灯－押ボタン式,00,23,00,23,04,9,単路（交差点付近を含む）,規制なし,4,2,人対車両,55～64歳,65～74歳,貨物車－準中型車,歩行者,事業用,対象外当事者,貨物車,対象外当事者,40㎞／ｈ以下,対象外当事者,10,00,小破,対象外当事者,その他,対象外当事者,その他,対象外当事者,損傷なし,死亡,水,その他,33.543810,130.448131,2020-01-29,10:28,red,,,,,,,,,,,,
本票,福岡,八雲,0002,死亡,1,0,14460,対象外,0000,108,昼－昼,晴,市街地－人口集中,舗装－乾燥,交差点－その他,環状交差点以外 環状交差点以外をいう。,点灯－３灯式,09,22,00,23,19,9,交差点内,規制なし,5,2,人対車両,45～54歳,75歳以上,乗用車－普通車,歩行者,自家用,対象外当事者,乗用車,対象外当事者,50㎞／ｈ以下,対象外当事者,10,00,小破,対象外当事者,その他,対象外当事者,その他,対象外当事者,損傷なし,死亡,土,その他,33.866661,130.804529,2020-01-04,08:38,red,,,,,,,,,,,,
本票,福岡,寿都,0039,死亡,1,0,95000,対象外,0000,107,夜－明,晴,市街地－人口集中,非舗装,踏切－第一種,環状交差点以外 環状交差点以外をいう。,施設なし,00,23,00,23,02,9,その他,規制なし,5,4,列車,55～64歳,65～74歳,列車,歩行者,対象外当事者,対象外当事者,対象外当事者,対象外当事者,対象外当事者,対象外当事者,10,00,小破,対象外当事者,対象外当事者,対象外当事者,対象外当事者,対象外当事者,損傷なし,死亡,木,その他,33.836112,130.892695,2020-01-09,06:30,red,,,,,,,,,,,,
本票,福岡,名寄,0047,死亡,1,0,10900,対象外,0000,421,夜－明,晴,市街地－その他,舗装－乾燥,交差点付近－その他,環状交差点以外 環状交差点以外をいう。,施設なし,00,23,00,23,03,9,単路（交差点付近を含む）,規制なし,4,2,人対車両,55～64歳,75歳以上,貨物車－準中型車,歩行者,自家用,対象外当事者,貨物車,対象外当事者,40㎞／ｈ以下,対象外当事者,10,00,小破,対象外当事者,その他,対象外当事者,その他,対象外当事者,損傷なし,死亡,月,当日,33.570123,130.686476,2020-01-13,06:29,red,,,,,,,,,,,,
本票,福岡,田川,0007,死亡,1,0,02010,下,0505,601,夜－夜,曇,非市街地,舗装－乾燥,単路－その他,環状交差点以外 環状交差点以外をいう。,施設なし,00,23,00,23,05,9,単路（交差点付近を含む）,規制なし,4,2,車両相互,55～64歳,0～24歳,貨物車－大型車,乗用車－軽自動車,事業用,自家用,貨物車,乗用車,指定の速度規制なし等,指定の速度規制なし等,10,10,中破,大破,その他,装備あり 作動,その他,その他,損傷なし,死亡,火,その他,33.674456,130.850262,2020-01-07,02:18,red,,,,,,,,,,,,
本票,佐賀,東,0030,死亡,1,0,14210,対象外,0245,203,夜－暮,雨,市街地－その他,舗装－湿潤,単路－カーブ・屈折,環状交差点以外 環状交差点以外をいう。,施設なし,00,23,00,23,03,6,単路（交差点付近を含む）,規制なし,4,2,人対車両,45～54歳,65～74歳,乗用車－軽自動車,歩行者,自家用,対象外当事者,乗用車,対象外当事者,50㎞／ｈ以下,対象外当事者,10,00,中破,対象外当事者,その他,対象外当事者,その他,対象外当事者,損傷なし,死亡,土,その他,33.373571,130.490446,2020-01-25,18:15,red,,,,,,,,,,,,
本票,佐賀,滝川,0010,死亡,1,1,02070,下,0205,425,昼－昼,曇,非市街地,舗装－乾燥,交差点付近－その他,環状交差点以外 環状交差点以外をいう。,施設なし,00,23,00,23,05,9,単路（交差点付近を含む）,規制なし,4,2,車両相互,45～54歳,45～54歳,貨物車－準中型車,貨物車－軽自動車,事業用,自家用,貨物車,貨物車,指定の速度規制なし等,指定の速度規制なし等,70,50,小破,大破,その他,装備あり 作動,その他,その他,負傷,死亡,土,その他,33.133743,130.117451,2020-01-25,10:22,red,,,,,,,,,,,,
本票,佐賀,赤歌,0015,死亡,1,0,14300,対象外,1751,207,夜－夜,晴,市街地－人口集中,舗装－乾燥,単路－その他,環状交差点以外 環状交差点以外をいう。,施設なし,00,23,00,23,03,9,単路（交差点付近を含む）,規制なし,4,3,人対車両,0～24歳,75歳以上,乗用車－軽自動車,歩行者,自家用,対象外当事者,乗用車,対象外当事者,40㎞／ｈ以下,対象外当事者,80,00,小破,対象外当事者,その他,対象外当事者,その他,対象外当事者,損傷なし,死亡,金,その他,33.109969,130.090983,2020-01-17,19:35,red,,,,,,,,,,,,
本票,佐賀,小樽,0013,死亡,1,0,14200,対象外,1106,201,昼－昼,晴,非市街地,舗装－乾燥,交差点－その他,環状交差点以外 環状交差点以外をいう。,点灯－３灯式,09,22,00,23,15,9,交差点内,規制なし,5,2,人対車両,55～64歳,75歳以上,貨物車－軽自動車,歩行者,自家用,対象外当事者,貨物車,対象外当事者,50㎞／ｈ以下,対象外当事者,10,00,小破,対象外当事者,その他,対象外当事者,その他,対象外当事者,損傷なし,死亡,水,その他,33.219403,130.313280,2020-01-08,09:10,red,,,,,,,,,,,,
本票,長崎,高速道路交通警察隊,0001,死亡,1,0,47110,上,1134,201,昼－明,晴,市街地－その他,舗装－乾燥,単路－カーブ・屈折,環状交差点以外 環状交差点以外をいう。,施設なし,00,23,00,23,04,3,単路（交差点付近を含む）,規制なし,1,3,車両相互,45～54歳,75歳以上,貨物車－大型車,乗用車－軽自動車,事業用,自家用,貨物車,乗用車,80㎞／ｈ以下,80㎞／ｈ以下,80,60,小破,大破,その他,その他,その他,その他,損傷なし,死亡,月,その他,32.783163,129.941563,2020-01-06,07:40,red,1134,西日本高速道路,走行車線－第二通行帯以上,完全分離－高架・橋梁,カーブ－1000m以上,平坦－１％以上,,2,該当なし,該当なし,該当なし,0
本票,長崎,美唄,0009,死亡,1,0,02510,対象外,0000,203,夜－夜,晴,市街地－その他,舗装－乾燥,単路－その他,環状交差点以外 環状交差点以外をいう。,施設なし,00,23,00,23,04,9,単路（交差点付近を含む）,規制なし,4,2,人対車両,55～64歳,75歳以上,乗用車－軽自動車,歩行者,自家用,対象外当事者,乗用車,対象外当事者,50㎞／ｈ以下,対象外当事者,10,00,中破,対象外当事者,その他,対象外当事者,その他,対象外当事者,損傷なし,死亡,金,その他,32.814849,130.356806,2020-01-31,21:03,red,,,,,,,,,,,,
本票,熊本,栗山,0002,死亡,1,0,99000,対象外,0000,208,昼－昼,曇,非市街地,舗装－乾燥,一般交通の場所,環状交差点以外 環状交差点以外をいう。,施設なし,00,23,00,23,00,0,その他,規制なし,0,4,車両単独,75歳以上,不明,乗用車－普通車,物件等,自家用,対象外当事者,乗用車,対象外当事者,指定の速度規制なし等,対象外当事者,10,00,中破,対象外当事者,その他,対象外当事者,その他,対象外当事者,損傷なし,対象外当事者,土,その他,33.054678,130.796930,2020-01-18,12:35,red,,,,,,,,,,,,
本票,熊本,滝川,0007,死亡,1,0,30000,対象外,0000,443,夜－夜,晴,市街地－その他,舗装－乾燥,交差点－その他,環状交差点以外 環状交差点以外をいう。,施設なし,01,22,00,23,11,8,交差点内,規制なし,5,1,車両単独,0～24歳,不明,軽車両－自転車,物件等,対象外当事者,対象外当事者,対象外当事者,対象外当事者,対象外当事者,対象外当事者,10,00,小破,対象外当事者,対象外当事者,対象外当事者,対象外当事者,対象外当事者,死亡,対象外当事者,月,当日,32.784507,130.792252,2020-01-13,01:30,red,,,,,,,,,,,,
本票,熊本,余市,0009,死亡,1,0,30000,対象外,0000,202,夜－夜,晴,非市街地,舗装－乾燥,単路－その他,環状交差点以外 環状交差点以外をいう。,施設なし,00,23,00,23,01,9,その他,規制なし,5,4,車両単独,25～34歳,不明,軽車両－自転車,相手なし,対象外当事者,対象外当事者,対象外当事者,対象外当事者,対象外当事者,対象外当事者,20,00,小破,対象外当事者,対象外当事者,対象外当事者,対象外当事者,対象外当事者,死亡,対象外当事者,日,その他,32.515504,130.566343,2020-01-19,21:00,red,,,,,,,,,,,,
本票,熊本,余市,0019,死亡,1,0,30000,対象外,0000,202,昼－昼,雨,非市街地,舗装－湿潤,交差点－その他,環状交差点以外 環状交差点以外をいう。,施設なし,09,22,00,23,11,8,交差点内,規制なし,5,4,車両単独,75歳以上,不明,貨物車－普通車,物件等,自家用,対象外当事者,貨物車,対象外当事者,指定の速度規制なし等,対象外当事者,85,00,中破,対象外当事者,その他,対象外当事者,その他,対象外当事者,死亡,対象外当事者,土,その他,32.407745,130.583046,2020-01-25,15:20,red,,,,,,,,,,,,
本票,熊本,室蘭,0007,死亡,1,0,30000,対象外,0000,501,昼－昼,晴,市街地－人口集中,舗装－乾燥,交差点付近－その他,環状交差点以外 環状交差点以外をいう。,施設なし,00,23,00,23,03,9,単路（交差点付近を含む）,規制なし,4,2,人対車両,45～54歳,75歳以上,乗用車－軽自動車,歩行者,自家用,対象外当事者,乗用車,対象外当事者,30㎞／ｈ以下,対象外当事者,50,00,小破,対象外当事者,その他,対象外当事者,その他,対象外当事者,損傷なし,死亡,月,その他,32.198873,130.841382,2020-01-20,11:20,red,,,,,,,,,,,,
本票,熊本,北,0005,死亡,1,0,22260,対象外,0000,102,昼－暮,晴,市街地－その他,舗装－乾燥,交差点－その他,環状交差点以外 環状交差点以外をいう。,施設なし,01,21,00,23,15,7,交差点内,規制なし,4,2,人対車両,55～64歳,75歳以上,乗用車－軽自動車,歩行者,自家用,対象外当事者,乗用車,対象外当事者,30㎞／ｈ以下,対象外当事者,80,00,損壊なし,対象外当事者,その他,対象外当事者,その他,対象外当事者,損傷なし,死亡,水,当日,32.766163,130.769031,2020-01-01,16:48,red,,,,,,,,,,,,
本票,大分,白石,0003,死亡,2,0,30000,対象外,0000,202,夜－夜,曇,市街地－人口集中,舗装－湿潤,単路－カーブ・屈折,環状交差点以外 環状交差点以外をいう。,施設なし,00,23,00,23,03,2,単路（交差点付近を含む）,規制なし,4,3,車両単独,0～24歳,不明,乗用車－普通車,相手なし,自家用,対象外当事者,乗用車,対象外当事者,30㎞／ｈ以下,対象外当事者,50,00,大破,対象外当事者,その他,対象外当事者,その他,対象外当事者,死亡,対象外当事者,火,その他,33.312411,131.497665,2020-01-07,02:05,red,,,,,,,,,,,,
本票,大分,千歳,0001,死亡,1,0,02130,下,0882,209,夜－夜,晴,市街地－その他,舗装－乾燥,単路－カーブ・屈折,環状交差点以外 環状交差点以外をいう。,施設なし,00,23,00,23,03,6,単路（交差点付近を含む）,規制なし,4,2,人対車両,25～34歳,75歳以上,貨物車－準中型車,歩行者,自家用,対象外当事者,貨物車,対象外当事者,50㎞／ｈ以下,対象外当事者,50,00,小破,対象外当事者,その他,対象外当事者,その他,対象外当事者,損傷なし,死亡,金,その他,33.567541,131.439966,2020-01-10,18:33,red,,,,,,,,,,,,
本票,大分,岩見沢,0003,死亡,1,0,10320,対象外,0000,211,昼－暮,晴,非市街地,舗装－乾燥,交差点－その他,環状交差点以外 環状交差点以外をいう。,施設なし,09,22,09,22,15,9,交差点内,規制なし,5,1,車両相互,55～64歳,65～74歳,乗用車－軽自動車,軽車両－自転車,自家用,対象外当事者,乗用車,対象外当事者,40㎞／ｈ以下,対象外当事者,10,40,小破,中破,その他,対象外当事者,その他,対象外当事者,損傷なし,死亡,水,その他,33.532609,131.323142,2020-01-08,17:00,red,,,,,,,,,,,,
本票,大分,野辺地,0001,死亡,1,0,02100,上,0785,461,昼－昼,曇,非市街地,舗装－乾燥,単路－橋,環状交差点以外 環状交差点以外をいう。,施設なし,00,23,00,23,03,2,単路（交差点付近を含む）,規制なし,2,1,車両単独,75歳以上,不明,乗用車－軽自動車,物件等,自家用,対象外当事者,乗用車,対象外当事者,50㎞／ｈ以下,対象外当事者,10,00,中破,対象外当事者,装備あり 作動,対象外当事者,その他,対象外当事者,死亡,対象外当事者,水,その他,33.226140,131.197146,2020-01-15,16:02,red,,,,,,,,,,,,
本票,大分,倶知安,0001,死亡,1,0,00100,上,1451,201,昼－昼,晴,市街地－その他,舗装－乾燥,交差点－その他,環状交差点以外 環状交差点以外をいう。,点灯－３灯式,09,22,00,23,18,9,交差点内,規制なし,5,1,人対車両,45～54歳,65～74歳,特殊車－大型－その他,歩行者,対象外当事者,対象外当事者,対象外当事者,対象外当事者,50㎞／ｈ以下,対象外当事者,10,00,小破,対象外当事者,対象外当事者,対象外当事者,対象外当事者,対象外当事者,損傷なし,死亡,火,その他,33.187395,131.615259,2020-01-07,13:15,red,,,,,,,,,,,,
本票,宮崎,西,0002,死亡,1,0,30000,対象外,0000,207,夜－夜,雨,非市街地,舗装－湿潤,単路－カーブ・屈折,環状交差点以外 環状交差点以外をいう。,施設なし,00,23,00,23,03,1,単路（交差点付近を含む）,規制なし,4,2,車両単独,65～74歳,不明,乗用車－軽自動車,物件等,自家用,対象外当事者,乗用車,対象外当事者,50㎞／ｈ以下,対象外当事者,10,00,大破,対象外当事者,装備あり 作動,対象外当事者,その他,対象外当事者,死亡,対象外当事者,月,その他,31.477193,131.230745,2020-01-27,02:14,red,,,,,,,,,,,,
本票,宮崎,東,0018,死亡,1,0,30000,対象外,0000,202,夜－夜,曇,市街地－その他,舗装－乾燥,交差点－その他,環状交差点以外 環状交差点以外をいう。,施設なし,09,22,00,23,11,9,交差点内,規制なし,5,4,車両単独,75歳以上,不明,乗用車－軽自動車,物件等,自家用,対象外当事者,乗用車,対象外当事者,指定の速度規制なし等,対象外当事者,20,00,小破,対象外当事者,その他,対象外当事者,その他,対象外当事者,死亡,対象外当事者,水,その他,31.723868,131.087813,2020-01-08,06:00,red,,,,,,,,,,,,
本票,鹿児島,第二交通機動隊,0001,死亡,1,0,47020,下,0000,225,昼－明,晴,非市街地,舗装－乾燥,単路－その他,環状交差点以外 環状交差点以外をいう。,施設なし,00,23,00,23,03,9,単路（交差点付近を含む）,規制なし,1,3,車両相互,45～54歳,25～34歳,貨物車－中型車,二輪車－自動二輪－小型二輪－751ｃｃ以上,自家用,自家用,貨物車,対象外当事者,80㎞／ｈ以下,80㎞／ｈ以下,60,12,小破,大破,その他,対象外当事者,その他,対象外当事者,損傷なし,死亡,月,その他,31.746646,130.644131,2020-01-06,07:32,red,3200,西日本高速道路,追越車線,完全分離－切土,直線,平坦・該当なし,,2,該当なし,該当なし,該当なし,0
本票,鹿児島,中央,0001,死亡,1,0,99000,対象外,0000,201,夜－夜,晴,市街地－人口集中,舗装－乾燥,一般交通の場所,環状交差点以外 環状交差点以外をいう。,施設なし,00,23,00,23,00,0,その他,規制なし,0,4,人対車両,45～54歳,0～24歳,貨物車－中型車,歩行者,事業用,対象外当事者,貨物車,対象外当事者,指定の速度規制なし等,対象外当事者,47,00,小破,対象外当事者,その他,対象外当事者,その他,対象外当事者,損傷なし,死亡,金,その他,31.656806,130.568534,2020-01-03,03:47,red,,,,,,,,,,,,
本票,鹿児島,白石,0001,死亡,1,0,39000,対象外,0000,201,夜－夜,晴,市街地－人口集中,舗装－乾燥,交差点－その他,環状交差点以外 環状交差点以外をいう。,施設なし,09,22,00,23,14,9,交差点内,規制なし,4,2,人対車両,0～24歳,75歳以上,乗用車－軽自動車,歩行者,自家用,対象外当事者,乗用車,対象外当事者,40㎞／ｈ以下,対象外当事者,10,00,小破,対象外当事者,その他,対象外当事者,その他,対象外当事者,損傷なし,死亡,金,その他,31.519073,130.510709,2020-01-03,18:45,red,,,,,,,,,,,,
本票,鹿児島,西,0005,死亡,1,1,02260,対象外,0000,210,夜－夜,曇,市街地－その他,舗装－乾燥,単路－カーブ・屈折,環状交差点以外 環状交差点以外をいう。,施設なし,00,23,00,23,03,6,単路（交差点付近を含む）,規制なし,4,2,車両相互,25～34歳,75歳以上,乗用車－普通車,貨物車－軽自動車,自家用,自家用,乗用車,貨物車,40㎞／ｈ以下,40㎞／ｈ以下,51,51,大破,大破,装備あり 作動,その他,装備あり 作動,その他,負傷,死亡,水,その他,31.303755,130.585323,2020-01-22,19:00,red,,,,,,,,,,,,
本票,鹿児島,美唄,0004,死亡,1,0,00030,上,3304,215,昼－昼,晴,非市街地,舗装－乾燥,交差点付近－その他,環状交差点以外 環状交差点以外をいう。,点灯－３灯式,00,23,00,23,04,8,単路（交差点付近を含む）,規制なし,4,2,車両相互,55～64歳,65～74歳,乗用車－普通車,二輪車－自動二輪－原付二種－51～125cc,自家用,自家用,乗用車,対象外当事者,50㎞／ｈ以下,50㎞／ｈ以下,36,11,中破,大破,その他,対象外当事者,その他,対象外当事者,損傷なし,死亡,日,その他,31.858058,130.231720,2020-01-05,15:38,red,,,,,,,,,,,,
本票,鹿児島,倶知安,0027,死亡,1,1,10560,対象外,0000,218,昼－昼,雨,市街地－その他,舗装－湿潤,単路－カーブ・屈折,環状交差点以外 環状交差点以外をいう。,施設なし,00,23,00,23,03,5,単路（交差点付近を含む）,規制なし,4,3,車両相互,35～44歳,75歳以上,乗用車－普通車,貨物車－軽自動車,自家用,自家用,乗用車,貨物車,50㎞／ｈ以下,50㎞／ｈ以下,50,50,大破,大破,装備あり 作動,装備あり 作動,その他,その他,負傷,死亡,金,その他,31.819189,130.710637,2020-01-17,09:43,red,,,,,,,,,,,,
本票,沖縄,白石,0001,死亡,1,0,10820,対象外,0000,210,夜－夜,晴,非市街地,舗装－乾燥,交差点－その他,環状交差点以外 環状交差点以外をいう。,点灯－３灯式,09,22,09,22,19,9,交差点内,規制なし,5,2,車両相互,35～44歳,0～24歳,乗用車－軽自動車,二輪車－自動二輪－小型二輪－251～400cc,自家用,自家用,乗用車,対象外当事者,50㎞／ｈ以下,50㎞／ｈ以下,50,12,中破,中破,その他,対象外当事者,その他,対象外当事者,損傷なし,死亡,木,その他,26.155033,127.697583,2020-01-02,00:12,red,,,,,,,,,,,,
本票,北海道（札幌方面）,岩見沢,0020,死亡,1,3,10330,対象外,0000,210,昼－昼,雪,市街地－その他,舗装－積雪,単路－その他,環状交差点以外 環状交差点以外をいう。,施設なし,00,23,00,23,03,9,単路（交差点付近を含む）,規制なし,4,2,車両相互,25～34歳,35～44歳,乗用車－普通車,乗用車－軽自動車,自家用,自家用,乗用車,乗用車,50㎞／ｈ以下,50㎞／ｈ以下,80,70,中破,大破,装備あり 作動,その他,装備あり 作動,その他,負傷,負傷,日,当日,43.163634,141.813948,2020-02-23,10:30,red,,,,,,,,,,,,
本票,北海道（札幌方面）,栗山,0005,死亡,1,0,04520,対象外,0061,209,夜－明,晴,市街地－その他,舗装－凍結,交差点付近－その他,環状交差点以外 環状交差点以外をいう。,施設なし,00,23,00,23,04,9,単路（交差点付近を含む）,規制なし,4,2,人対車両,45～54歳,55～64歳,乗用車－普通車,歩行者,自家用,対象外当事者,乗用車,対象外当事者,50㎞／ｈ以下,対象外当事者,10,00,小破,対象外当事者,その他,対象外当事者,その他,対象外当事者,損傷なし,死亡,金,その他,42.981652,142.006257,2020-02-14,05:50,red,,,,,,,,,,,,
本票,北海道（札幌方面）,苫小牧,0044,死亡,1,1,02340,対象外,0490,585,夜－暮,晴,非市街地,舗装－凍結,単路－その他,環状交差点以外 環状交差点以外をいう。,施設なし,00,23,00,23,03,9,単路（交差点付近を含む）,規制なし,4,2,車両相互,35～44歳,45～54歳,貨物車－大型車,貨物車－普通車,事業用,自家用,貨物車,貨物車,指定の速度規制なし等,指定の速度規制なし等,15,10,中破,中破,その他,その他,その他,その他,負傷,損傷なし,火,その他,42.796372,141.836430,2020-02-04,17:07,red,,,,,,,,,,,,
本票,北海道（札幌方面）,苫小牧,0058,死亡,1,0,00360,対象外,0360,213,昼－昼,晴,市街地－その他,舗装－湿潤,交差点－その他,環状交差点以外 環状交差点以外をいう。,点灯－３灯式,09,22,00,23,19,9,交差点内,規制なし,1,2,人対車両,35～44歳,75歳以上,乗用車－軽自動車,歩行者,自家用,対象外当事者,乗用車,対象外当事者,指定の速度規制なし等,対象外当事者,10,00,小破,対象外当事者,その他,対象外当事者,その他,対象外当事者,損傷なし,死亡,木,その他,42.616443,141.535424,2020-02-13,15:20,red,,,,,,,,,,,,
本票,北海道（札幌方面）,北,0091,死亡,1,0,00050,対象外,1001,102,昼－昼,曇,市街地－人口集中,舗装－湿潤,交差点－その他,環状交差点以外 環状交差点以外をいう。,点灯－３灯式,09,22,00,23,18,9,交差点内,規制なし,1,2,人対車両,35～44歳,75歳以上,貨物車－中型車,歩行者,事業用,対象外当事者,貨物車,対象外当事者,40㎞／ｈ以下,対象外当事者,10,00,小破,対象外当事者,その他,対象外当事者,その他,対象外当事者,損傷なし,死亡,土,その他,43.100206,141.332581,2020-02-15,12:00,red,,,,,,,,,,,,
本票,北海道（釧路方面）,釧路,0035,死亡,1,0,85000,対象外,0000,206,昼－昼,晴,非市街地,舗装－乾燥,単路－その他,環状交差点以外 環状交差点以外をいう。,施設なし,00,23,00,23,05,9,単路（交差点付近を含む）,規制なし,1,2,車両単独,35～44歳,不明,乗用車－軽自動車,物件等,自家用,対象外当事者,乗用車,対象外当事者,指定の速度規制なし等,対象外当事者,40,00,大破,対象外当事者,その他,対象外当事者,その他,対象外当事者,死亡,対象外当事者,土,その他,43.004537,144.320167,2020-02-15,08:00,red,,,,,,,,,,,,
本票,北海道（釧路方面）,帯広,0021,死亡,1,0,02360,対象外,0060,207,夜－暮,晴,市街地－人口集中,舗装－乾燥,交差点付近－その他,環状交差点以外 環状交差点以外をいう。,点灯－押ボタン式,00,23,00,23,05,9,単路（交差点付近を含む）,規制なし,1,2,人対車両,25～34歳,75歳以上,乗用車－普通車,歩行者,自家用,対象外当事者,乗用車,対象外当事者,指定の速度規制なし等,対象外当事者,00,00,損壊なし,対象外当事者,その他,対象外当事者,その他,対象外当事者,損傷なし,死亡,日,その他,42.892879,143.206644,2020-02-02,17:13,red,,,,,,,,,,,,
本票,北海道（北見方面）,北見,0019,死亡,1,0,03330,対象外,1080,208,昼－昼,曇,非市街地,舗装－凍結,単路－カーブ・屈折,環状交差点以外 環状交差点以外をいう。,施設なし,00,23,00,23,04,5,単路（交差点付近を含む）,規制なし,4,2,車両相互,25～34歳,25～34歳,貨物車－大型車,貨物車－普通車,事業用,自家用,貨物車,貨物車,指定の速度規制なし等,指定の速度規制なし等,10,40,小破,大破,その他,装備あり 作動,その他,その他,損傷なし,死亡,火,その他,43.871980,143.927227,2020-02-25,10:57,red,,,,,,,,,,,,
本票,北海道（北見方面）,紋別,0002,死亡,2,1,02380,対象外,1078,219,昼－昼,晴,非市街地,舗装－凍結,単路－その他,環状交差点以外 環状交差点以外をいう。,施設なし,00,23,00,23,04,7,単路（交差点付近を含む）,規制なし,4,2,車両相互,55～64歳,75歳以上,貨物車－大型車,貨物車－軽自動車,事業用,自家用,貨物車,貨物車,50㎞／ｈ以下,50㎞／ｈ以下,18,10,中破,大破,その他,その他,その他,その他,損傷なし,死亡,金,その他,44.353809,143.334809,2020-02-28,14:35,red,,,,,,,,,,,,
本票,青森,滝川,0013,死亡,1,0,30000,対象外,0000,402,昼－昼,曇,非市街地,舗装－湿潤,踏切－第一種,環状交差点以外 環状交差点以外をいう。,施設なし,00,23,00,23,03,9,その他,規制なし,5,4,列車,75歳以上,45～54歳,貨物車－軽自動車,列車,自家用,対象外当事者,貨物車,対象外当事者,指定の速度規制なし等,対象外当事者,12,40,大破,小破,その他,対象外当事者,その他,対象外当事者,死亡,損傷なし,水,その他,40.757143,141.231344,2020-02-26,13:00,red,,,,,,,,,,,,
本票,岩手,栗山,0013,死亡,1,1,00040,上,4449,402,昼－暮,曇,非市街地,舗装－凍結,単路－その他,環状交差点以外 環状交差点以外をいう。,施設なし,00,23,00,23,03,7,単路（交差点付近を含む）,規制なし,4,2,車両相互,45～54歳,65～74歳,貨物車－大型車,貨物車－軽自動車,事業用,自家用,貨物車,貨物車,50㎞／ｈ以下,50㎞／ｈ以下,10,10,小破,大破,その他,装備あり 作動,その他,その他,負傷,死亡,木,その他,38.961148,141.121497,2020-02-06,16:20,red,,,,,,,,,,,,
本票,岩手,栗山,0016,死亡,1,0,00040,下,4458,402,昼－昼,晴,市街地－その他,舗装－乾燥,単路－その他,環状交差点以外 環状交差点以外をいう。,施設なし,00,23,00,23,03,9,単路（交差点付近を含む）,規制なし,4,2,車両相互,45～54歳,75歳以上,貨物車－大型車,二輪車－原付自転車,事業用,自家用,貨物車,対象外当事者,50㎞／ｈ以下,指定の速度規制なし等,10,20,小破,中破,その他,対象外当事者,その他,対象外当事者,損傷なし,死亡,日,その他,38.968971,141.119116,2020-02-09,10:45,red,,,,,,,,,,,,