資料区分,都道府県コード,警察署等コード,本票番号,事故内容,死者数,負傷者数,路線コード,上下線,地点コード,市区町村コード,昼夜,天候,地形,路面状態,道路形状,環状交差点の直径,信号機,一時停止規制　標識（当事者A）,一時停止規制　表示（当事者A）,一時停止規制　標識（当事者B）,一時停止規制　表示（当事者B）,車道幅員,道路線形,衝突地点,ゾーン規制,中央分離帯施設等,歩車道区分,事故類型,年齢（当事者A）,年齢（当事者B）,当事者種別（当事者A）,当事者種別（当事者B）,用途別（当事者A）,用途別（当事者B）,車両形状（当事者A）,車両形状（当事者B）,速度規制（指定のみ）（当事者A）,速度規制（指定のみ）（当事者B）,車両の衝突部位（当事者A）,車両の衝突部位（当事者B）,車両の損壊程度（当事者A）,車両の損壊程度（当事者B）,エアバッグの装備（当事者A）,エアバッグの装備（当事者B）,サイドエアバッグの装備（当事者A）,サイドエアバッグの装備（当事者B）,人身損傷程度（当事者A）,人身損傷程度（当事者B）,曜日(発生年月日),祝日(発生年月日),緯度,経度,発生日,発生時,color,発生地点,道路管理者区分,道路区分,道路構造,曲線半径,縦断勾配,トンネル番号,当事者車両台数,車両単独事故の対象物,臨時速度規制の有無,速度規制（臨時のみ）,トンネル延長距離
本票,岩手,砂川,0009,死亡,1,0,30000,対象外,0000,211,夜－夜,雨,市街地－その他,舗装－湿潤,交差点－その他,環状交差点以外 環状交差点以外をいう。,施設なし,09,22,00,23,14,9,交差点内,規制なし,4,2,人対車両,55～64歳,75歳以上,乗用車－普通車,歩行者,自家用,対象外当事者,乗用車,対象外当事者,40㎞／ｈ以下,対象外当事者,10,00,小破,対象外当事者,その他,対象外当事者,その他,対象外当事者,損傷なし,死亡,日,その他,39.264715,141.845558,2020-02-16,18:58,red,,,,,,,,,,,,
本票,岩手,三戸,0004,死亡,1,0,01060,下,0014,202,昼－暮,雨,非市街地,舗装－湿潤,単路－カーブ・屈折,環状交差点以外 環状交差点以外をいう。,施設なし,00,23,00,23,03,3,その他,規制なし,4,4,車両単独,0～24歳,不明,乗用車－軽自動車,物件等,自家用,対象外当事者,乗用車,対象外当事者,指定の速度規制なし等,対象外当事者,10,00,大破,対象外当事者,その他,対象外当事者,その他,対象外当事者,損傷なし,対象外当事者,日,その他,39.628296,141.811789,2020-02-16,16:45,red,,,,,,,,,,,,
本票,岩手,赤歌,0010,死亡,1,2,00450,下,3814,507,昼－暮,曇,市街地－その他,舗装－湿潤,単路－その他,環状交差点以外 環状交差点以外をいう。,施設なし,00,23,00,23,03,9,単路（交差点付近を含む）,規制なし,5,2,車両相互,65～74歳,65～74歳,乗用車－普通車,貨物車－軽自動車,自家用,自家用,乗用車,貨物車,50㎞／ｈ以下,50㎞／ｈ以下,50,50,中破,大破,その他,その他,その他,その他,損傷なし,死亡,月,当日,40.368061,141.742139,2020-02-24,16:50,red,,,,,,,,,,,,
本票,宮城,西,0059,死亡,1,0,21410,対象外,0000,102,昼－昼,雨,市街地－人口集中,舗装－湿潤,単路－その他,環状交差点以外 環状交差点以外をいう。,施設なし,00,23,00,23,05,9,単路（交差点付近を含む）,規制なし,1,2,車両単独,55～64歳,不明,乗用車－普通車,物件等,自家用,対象外当事者,乗用車,対象外当事者,指定の速度規制なし等,対象外当事者,10,00,大破,対象外当事者,その他,対象外当事者,その他,対象外当事者,死亡,対象外当事者,日,当日,38.279081,140.969739,2020-02-23,10:21,red,,,,,,,,,,,,
本票,宮城,千歳,0022,死亡,1,4,30000,対象外,0000,207,夜－夜,晴,非市街地,舗装－乾燥,交差点－その他,環状交差点以外 環状交差点以外をいう。,点滅－３灯式,09,22,09,22,15,3,交差点内,規制なし,5,2,車両相互,35～44歳,75歳以上,乗用車－普通車,乗用車－軽自動車,自家用,自家用,乗用車,乗用車,50㎞／ｈ以下,50㎞／ｈ以下,10,10,中破,中破,装備あり 作動,装備あり 作動,その他,その他,負傷,死亡,金,その他,38.178930,140.863738,2020-01-31,21:50,red,,,,,,,,,,,,
本票,宮城,千歳,0033,死亡,1,0,00040,下,3346,211,夜－夜,晴,市街地－人口集中,舗装－乾燥,単路－カーブ・屈折,環状交差点以外 環状交差点以外をいう。,施設なし,00,23,00,23,05,6,単路（交差点付近を含む）,規制なし,1,2,人対車両,65～74歳,45～54歳,乗用車－軽自動車,歩行者,自家用,対象外当事者,乗用車,対象外当事者,指定の速度規制なし等,対象外当事者,10,00,小破,対象外当事者,その他,対象外当事者,その他,対象外当事者,損傷なし,死亡,土,その他,38.114551,140.876157,2020-02-08,04:43,red,,,,,,,,,,,,
本票,宮城,三戸,0009,死亡,1,1,00450,上,1083,205,夜－夜,晴,非市街地,舗装－乾燥,単路－カーブ・屈折,環状交差点以外 環状交差点以外をいう。,施設なし,00,23,00,23,04,4,単路（交差点付近を含む）,規制なし,1,3,車両単独,35～44歳,不明,乗用車－軽自動車,物件等,自家用,対象外当事者,乗用車,対象外当事者,70㎞／ｈ以下,対象外当事者,11,00,中破,対象外当事者,装備あり 作動,対象外当事者,装備あり 作動,対象外当事者,死亡,対象外当事者,金,その他,38.828905,141.557741,2020-02-14,19:35,red,,,,,,,,,,,,
本票,宮城,芦別,0018,死亡,1,0,30000,対象外,0000,212,夜－夜,晴,非市街地,舗装－乾燥,単路－その他,環状交差点以外 環状交差点以外をいう。,施設なし,00,23,00,23,02,9,単路（交差点付近を含む）,規制なし,5,4,車両単独,25～34歳,不明,乗用車－軽自動車,相手なし,自家用,対象外当事者,乗用車,対象外当事者,指定の速度規制なし等,対象外当事者,50,00,中破,対象外当事者,装備あり 作動,対象外当事者,その他,対象外当事者,死亡,対象外当事者,水,その他,38.624510,141.202432,2020-01-29,23:00,red,,,,,,,,,,,,
本票,秋田,江別,0015,死亡,1,0,01010,対象外,0000,349,昼－昼,曇,非市街地,舗装－湿潤,単路－橋,環状交差点以外 環状交差点以外をいう。,施設なし,00,23,00,23,03,9,単路（交差点付近を含む）,規制なし,4,3,車両単独,75歳以上,不明,貨物車－軽自動車,物件等,自家用,対象外当事者,貨物車,対象外当事者,50㎞／ｈ以下,対象外当事者,10,00,中破,対象外当事者,その他,対象外当事者,その他,対象外当事者,死亡,対象外当事者,月,その他,40.319936,140.032802,2020-02-17,08:54,red,,,,,,,,,,,,
本票,秋田,三戸,0028,死亡,1,0,14050,対象外,0000,201,昼－昼,曇,市街地－その他,舗装－積雪,単路－その他,環状交差点以外 環状交差点以外をいう。,施設なし,00,23,00,23,03,7,単路（交差点付近を含む）,規制なし,4,2,車両相互,35～44歳,75歳以上,乗用車－普通車,貨物車－軽自動車,自家用,自家用,乗用車,貨物車,指定の速度規制なし等,指定の速度規制なし等,50,80,大破,大破,装備あり 作動,その他,装備あり 作動,その他,損傷なし,死亡,月,前日,39.660153,140.073459,2020-02-10,10:40,red,,,,,,,,,,,,
本票,秋田,滝川,0014,死亡,1,0,37000,対象外,0000,210,昼－昼,雪,非市街地,舗装－積雪,単路－その他,環状交差点以外 環状交差点以外をいう。,施設なし,00,23,00,23,03,9,単路（交差点付近を含む）,規制なし,5,3,人対車両,35～44歳,75歳以上,乗用車－普通車,歩行者,自家用,対象外当事者,乗用車,対象外当事者,40㎞／ｈ以下,対象外当事者,40,00,中破,対象外当事者,装備あり 作動,対象外当事者,その他,対象外当事者,損傷なし,死亡,水,その他,39.335425,140.152606,2020-02-05,11:40,red,,,,,,,,,,,,
本票,秋田,余市,0014,死亡,1,0,00130,下,2919,201,昼－昼,雪,非市街地,舗装－積雪,単路－その他,環状交差点以外 環状交差点以外をいう。,施設なし,00,23,00,23,06,7,単路（交差点付近を含む）,規制なし,1,2,車両相互,65～74歳,75歳以上,貨物車－大型車,乗用車－軽自動車,自家用,自家用,貨物車,乗用車,指定の速度規制なし等,指定の速度規制なし等,80,36,小破,大破,その他,その他,その他,その他,損傷なし,死亡,月,その他,39.657064,140.201494,2020-02-03,13:55,red,,,,,,,,,,,,
本票,秋田,伊達,0032,死亡,1,0,37500,対象外,0000,434,夜－暮,晴,非市街地,舗装－乾燥,単路－その他,環状交差点以外 環状交差点以外をいう。,施設なし,00,23,00,23,03,9,単路（交差点付近を含む）,規制なし,4,2,人対車両,35～44歳,75歳以上,乗用車－普通車,歩行者,自家用,対象外当事者,乗用車,対象外当事者,指定の速度規制なし等,対象外当事者,10,00,中破,対象外当事者,その他,対象外当事者,その他,対象外当事者,損傷なし,死亡,土,その他,39.427140,140.550747,2020-02-15,17:44,red,,,,,,,,,,,,
本票,山形,千歳,0028,死亡,1,0,30000,対象外,0000,211,昼－昼,曇,非市街地,舗装－乾燥,単路－カーブ・屈折,環状交差点以外 環状交差点以外をいう。,施設なし,00,23,00,23,03,6,単路（交差点付近を含む）,規制なし,5,4,車両相互,75歳以上,35～44歳,貨物車－軽自動車,二輪車－自動二輪－原付二種－51～125cc,自家用,自家用,貨物車,対象外当事者,指定の速度規制なし等,指定の速度規制なし等,50,10,小破,大破,その他,対象外当事者,その他,対象外当事者,損傷なし,死亡,火,その他,38.444972,140.382444,2020-02-25,12:49,red,,,,,,,,,,,,
本票,福島,中央,0057,死亡,1,0,00040,対象外,2660,201,夜－夜,晴,非市街地,舗装－乾燥,交差点－その他,環状交差点以外 環状交差点以外をいう。,点灯－３灯式,09,22,00,23,19,8,交差点内,規制なし,5,2,人対車両,45～54歳,55～64歳,乗用車－軽自動車,歩行者,自家用,対象外当事者,乗用車,対象外当事者,指定の速度規制なし等,対象外当事者,50,00,小破,対象外当事者,その他,対象外当事者,その他,対象外当事者,損傷なし,死亡,水,その他,37.711406,140.466650,2020-02-12,20:31,red,,,,,,,,,,,,
本票,福島,東,0008,死亡,1,0,03490,対象外,0000,213,昼－昼,晴,市街地－人口集中,舗装－乾燥,交差点－その他,環状交差点以外 環状交差点以外をいう。,施設なし,09,22,00,23,14,9,交差点内,規制なし,5,2,人対車両,45～54歳,75歳以上,貨物車－普通車,歩行者,自家用,対象外当事者,貨物車,対象外当事者,40㎞／ｈ以下,対象外当事者,10,00,小破,対象外当事者,その他,対象外当事者,その他,対象外当事者,損傷なし,死亡,水,その他,37.857774,140.607765,2020-02-19,16:10,red,,,,,,,,,,,,
本票,福島,つがる,0015,死亡,1,0,30000,対象外,0000,207,夜－夜,曇,非市街地,舗装－湿潤,交差点付近－その他,環状交差点以外 環状交差点以外をいう。,点滅－３灯式,00,23,00,23,03,9,単路（交差点付近を含む）,規制なし,4,2,車両単独,35～44歳,不明,貨物車－普通車,物件等,自家用,対象外当事者,貨物車,対象外当事者,50㎞／ｈ以下,対象外当事者,62,00,大破,対象外当事者,その他,対象外当事者,その他,対象外当事者,死亡,対象外当事者,月,前日,37.277793,140.334091,2020-02-10,23:34,red,,,,,,,,,,,,
本票,福島,北,0011,死亡,1,1,10000,対象外,0000,212,夜－夜,晴,非市街地,舗装－乾燥,単路－その他,環状交差点以外 環状交差点以外をいう。,施設なし,00,23,00,23,03,9,単路（交差点付近を含む）,規制なし,4,4,車両相互,0～24歳,65～74歳,乗用車－普通車,乗用車－軽自動車,自家用,自家用,乗用車,乗用車,50㎞／ｈ以下,50㎞／ｈ以下,50,50,大破,大破,装備あり 作動,装備あり 作動,その他,その他,負傷,死亡,火,その他,37.621293,140.933734,2020-02-18,18:24,red,,,,,,,,,,,,
本票,東京,高速道路交通警察隊,0055,死亡,1,1,50290,上,0000,109,昼－昼,晴,市街地－人口集中,舗装－乾燥,単路－トンネル,環状交差点以外 環状交差点以外をいう。,施設なし,00,23,00,23,04,9,単路（交差点付近を含む）,規制なし,1,4,車両単独,25～34歳,不明,貨物車－軽自動車,物件等,自家用,対象外当事者,貨物車,対象外当事者,60㎞／ｈ以下,対象外当事者,80,00,大破,対象外当事者,その他,対象外当事者,その他,対象外当事者,負傷,対象外当事者,日,当日,35.617007,139.744845,2020-02-23,15:21,red,26,首都高速道路,走行車線－第一通行帯,完全分離－トンネル,直線,平坦・該当なし,常磐,1,防護柵－トンネル壁,該当なし,60㎞/h以下,11216
本票,東京,高速道路交通警察隊,0056,死亡,1,0,50050,上,0000,111,昼－昼,晴,市街地－人口集中,舗装－乾燥,単路－カーブ・屈折,環状交差点以外 環状交差点以外をいう。,施設なし,00,23,00,23,05,6,単路（交差点付近を含む）,規制なし,1,4,車両単独,35～44歳,不明,二輪車－自動二輪－軽二輪－126～250cc,物件等,自家用,対象外当事者,対象外当事者,対象外当事者,60㎞／ｈ以下,対象外当事者,40,00,小破,対象外当事者,対象外当事者,対象外当事者,対象外当事者,対象外当事者,死亡,対象外当事者,月,当日,35.555108,139.748238,2020-02-24,08:58,red,0,首都高速道路,走行車線－第一通行帯,完全分離－その他,カーブ－100m以上,平坦・該当なし,,1,防護柵－コンクリート,該当なし,該当なし,0
本票,東京,仙台中央,0015,死亡,1,1,02460,上,0000,101,夜－夜,晴,市街地－人口集中,舗装－凍結,単路－その他,環状交差点以外 環状交差点以外をいう。,施設なし,00,23,00,23,06,9,単路（交差点付近を含む）,規制なし,1,1,車両相互,35～44歳,0～24歳,貨物車－大型車,乗用車－普通車,事業用,自家用,貨物車,乗用車,指定の速度規制なし等,指定の速度規制なし等,30,10,中破,大破,その他,装備あり 作動,その他,その他,負傷,死亡,火,その他,35.679158,139.741441,2020-02-04,05:11,red,,,,,,,,,,,,
本票,東京,栗山,0022,死亡,1,0,21180,対象外,0000,103,昼－昼,晴,市街地－人口集中,舗装－乾燥,交差点－その他,環状交差点以外 環状交差点以外をいう。,点灯－３灯式,09,22,00,23,19,9,交差点内,規制なし,1,1,人対車両,45～54歳,0～24歳,貨物車－普通車,歩行者,自家用,対象外当事者,貨物車,対象外当事者,50㎞／ｈ以下,対象外当事者,80,00,小破,対象外当事者,その他,対象外当事者,その他,対象外当事者,損傷なし,死亡,火,その他,35.667906,139.748157,2020-02-04,07:55,red,,,,,,,,,,,,
本票,東京,栗山,0023,死亡,1,0,21180,対象外,0000,103,夜－夜,曇,市街地－人口集中,舗装－乾燥,単路－カーブ・屈折,環状交差点以外 環状交差点以外をいう。,施設なし,00,23,00,23,03,1,単路（交差点付近を含む）,規制なし,1,4,車両単独,0～24歳,不明,二輪車－自動二輪－小型二輪－751ｃｃ以上,物件等,自家用,対象外当事者,対象外当事者,対象外当事者,50㎞／ｈ以下,対象外当事者,40,00,小破,対象外当事者,対象外当事者,対象外当事者,対象外当事者,対象外当事者,死亡,対象外当事者,日,その他,35.666809,139.748905,2020-02-16,02:55,red,,,,,,,,,,,,
本票,東京,大井,0020,死亡,1,0,00150,上,0099,109,夜－暮,晴,市街地－人口集中,舗装－乾燥,交差点－その他,環状交差点以外 環状交差点以外をいう。,点灯－３灯式,09,22,00,23,18,6,交差点内,規制なし,1,2,車両単独,55～64歳,不明,二輪車－自動二輪－小型二輪－751ｃｃ以上,物件等,自家用,対象外当事者,対象外当事者,対象外当事者,指定の速度規制なし等,対象外当事者,10,00,小破,対象外当事者,対象外当事者,対象外当事者,対象外当事者,対象外当事者,死亡,対象外当事者,土,その他,35.606658,139.743116,2020-02-29,18:05,red,,,,,,,,,,,,
本票,東京,世田谷,0030,死亡,1,0,10210,対象外,0000,112,夜－夜,晴,市街地－人口集中,舗装－乾燥,交差点付近－その他,環状交差点以外 環状交差点以外をいう。,施設なし,00,23,00,23,04,9,単路（交差点付近を含む）,規制なし,4,2,人対車両,75歳以上,45～54歳,乗用車－普通車,歩行者,自家用,対象外当事者,乗用車,対象外当事者,40㎞／ｈ以下,対象外当事者,10,00,小破,対象外当事者,その他,対象外当事者,その他,対象外当事者,損傷なし,死亡,土,その他,35.642073,139.656828,2020-02-08,01:49,red,,,,,,,,,,,,
本票,東京,世田谷,0031,死亡,1,0,02460,上,0078,112,夜－夜,晴,市街地－人口集中,舗装－乾燥,単路－その他,環状交差点以外 環状交差点以外をいう。,施設なし,00,23,00,23,06,9,単路（交差点付近を含む）,規制なし,1,1,人対車両,65～74歳,35～44歳,乗用車－普通車,歩行者,事業用,対象外当事者,乗用車,対象外当事者,指定の速度規制なし等,対象外当事者,10,00,小破,対象外当事者,その他,対象外当事者,その他,対象外当事者,損傷なし,死亡,水,その他,35.644718,139.673413,2020-02-19,03:50,red,,,,,,,,,,,,
本票,東京,目白,0007,死亡,1,0,20420,対象外,0000,116,夜－夜,曇,市街地－人口集中,舗装－乾燥,交差点－その他,環状交差点以外 環状交差点以外をいう。,点灯－３灯式,09,22,00,23,17,9,交差点内,規制なし,5,2,人対車両,45～54歳,75歳以上,乗用車－普通車,歩行者,自家用,対象外当事者,乗用車,対象外当事者,指定の速度規制なし等,対象外当事者,10,00,小破,対象外当事者,その他,対象外当事者,その他,対象外当事者,損傷なし,死亡,土,その他,35.738719,139.688929,2020-01-25,05:03,red,,,,,,,,,,,,
本票,東京,目白,0008,死亡,1,0,10160,対象外,0000,116,夜－暮,晴,市街地－人口集中,舗装－乾燥,交差点－その他,環状交差点以外 環状交差点以外をいう。,施設なし,09,22,09,22,17,9,交差点内,規制なし,1,1,車両相互,45～54歳,45～54歳,乗用車－軽自動車,二輪車－自動二輪－軽二輪－126～250cc,自家用,自家用,乗用車,対象外当事者,指定の速度規制なし等,指定の速度規制なし等,40,10,小破,小破,その他,対象外当事者,その他,対象外当事者,損傷なし,死亡,水,その他,35.731892,139.698651,2020-02-12,18:17,red,,,,,,,,,,,,
本票,東京,練馬,0033,死亡,1,0,30000,対象外,0000,120,夜－夜,雨,市街地－人口集中,舗装－乾燥,踏切－第一種,環状交差点以外 環状交差点以外をいう。,施設なし,00,23,00,23,03,9,その他,規制なし,5,3,列車,35～44歳,75歳以上,列車,歩行者,対象外当事者,対象外当事者,対象外当事者,対象外当事者,対象外当事者,対象外当事者,10,00,小破,対象外当事者,対象外当事者,対象外当事者,対象外当事者,対象外当事者,損傷なし,死亡,火,その他,35.738022,139.671032,2020-01-28,20:50,red,,,,,,,,,,,,
本票,東京,綾瀬,0045,死亡,1,0,30000,対象外,0000,121,夜－明,晴,市街地－人口集中,舗装－乾燥,交差点－その他,環状交差点以外 環状交差点以外をいう。,点灯－３灯式,09,22,00,23,14,9,交差点内,規制なし,5,1,車両単独,55～64歳,不明,乗用車－普通車,相手なし,自家用,対象外当事者,乗用車,対象外当事者,30㎞／ｈ以下,対象外当事者,50,00,大破,対象外当事者,装備あり 作動,対象外当事者,装備あり 作動,対象外当事者,死亡,対象外当事者,水,その他,35.794847,139.843983,2020-02-05,06:00,red,,,,,,,,,,,,
本票,東京,綾瀬,0046,死亡,1,0,30000,対象外,0000,121,夜－夜,晴,市街地－人口集中,舗装－乾燥,単路－その他,環状交差点以外 環状交差点以外をいう。,施設なし,00,23,00,23,04,9,単路（交差点付近を含む）,規制なし,4,2,人対車両,55～64歳,35～44歳,乗用車－普通車,歩行者,自家用,対象外当事者,乗用車,対象外当事者,40㎞／ｈ以下,対象外当事者,10,00,小破,対象外当事者,その他,対象外当事者,その他,対象外当事者,損傷なし,死亡,日,当日,35.761538,139.824198,2020-02-23,01:04,red,,,,,,,,,,,,
本票,東京,葛飾,0017,死亡,1,0,10290,対象外,0000,122,夜－明,晴,市街地－人口集中,舗装－乾燥,単路－その他,環状交差点以外 環状交差点以外をいう。,施設なし,00,23,00,23,05,9,単路（交差点付近を含む）,規制なし,1,1,車両相互,25～34歳,55～64歳,乗用車－普通車,軽車両－自転車,自家用,対象外当事者,乗用車,対象外当事者,50㎞／ｈ以下,対象外当事者,80,30,小破,大破,その他,対象外当事者,その他,対象外当事者,損傷なし,死亡,金,その他,35.713688,139.849325,2020-02-21,06:02,red,,,,,,,,,,,,
本票,東京,田無,0056,死亡,1,0,10250,対象外,0000,229,夜－夜,晴,市街地－人口集中,舗装－乾燥,交差点－その他,環状交差点以外 環状交差点以外をいう。,点灯－３灯式,09,22,00,23,18,9,交差点内,規制なし,5,2,人対車両,45～54歳,75歳以上,貨物車－軽自動車,歩行者,自家用,対象外当事者,貨物車,対象外当事者,50㎞／ｈ以下,対象外当事者,10,00,小破,対象外当事者,その他,対象外当事者,その他,対象外当事者,損傷なし,死亡,金,その他,35.731895,139.540483,2020-02-21,04:56,red,,,,,,,,,,,,
本票,茨城,白石,0024,死亡,1,0,03550,対象外,0000,216,昼－昼,曇,非市街地,舗装－乾燥,交差点－その他,環状交差点以外 環状交差点以外をいう。,施設なし,09,22,09,22,14,9,交差点内,規制なし,4,2,車両相互,45～54歳,75歳以上,貨物車－中型車,軽車両－自転車,事業用,対象外当事者,貨物車,対象外当事者,指定の速度規制なし等,対象外当事者,50,20,小破,小破,その他,対象外当事者,その他,対象外当事者,損傷なし,死亡,土,その他,36.368153,140.246643,2020-02-15,09:15,red,,,,,,,,,,,,
本票,茨城,芦別,0085,死亡,1,0,30000,対象外,0000,203,夜－暮,雨,市街地－人口集中,舗装－湿潤,交差点－その他,環状交差点以外 環状交差点以外をいう。,施設なし,09,22,00,23,15,9,交差点内,規制なし,4,2,人対車両,55～64歳,75歳以上,貨物車－軽自動車,歩行者,事業用,対象外当事者,貨物車,対象外当事者,50㎞／ｈ以下,対象外当事者,80,00,小破,対象外当事者,その他,対象外当事者,その他,対象外当事者,損傷なし,死亡,火,その他,36.065709,140.189776,2020-02-25,18:05,red,,,,,,,,,,,,
本票,茨城,芦別,0092,死亡,1,0,21180,対象外,0000,230,夜－暮,晴,非市街地,舗装－乾燥,単路－その他,環状交差点以外 環状交差点以外をいう。,施設なし,00,23,00,23,03,9,単路（交差点付近を含む）,規制なし,4,2,車両相互,65～74歳,75歳以上,乗用車－普通車,特殊車－小型－農耕作業用,自家用,対象外当事者,乗用車,対象外当事者,40㎞／ｈ以下,40㎞／ｈ以下,18,30,大破,大破,その他,対象外当事者,その他,対象外当事者,損傷なし,死亡,金,その他,36.123278,140.312769,2020-02-28,18:30,red,,,,,,,,,,,,
本票,茨城,北,0034,死亡,1,0,00060,上,0500,219,夜－夜,曇,市街地－人口集中,舗装－乾燥,交差点付近－その他,環状交差点以外 環状交差点以外をいう。,施設なし,00,23,00,23,04,9,単路（交差点付近を含む）,規制なし,4,2,車両相互,55～64歳,45～54歳,貨物車－大型車,軽車両－自転車,事業用,対象外当事者,貨物車,対象外当事者,50㎞／ｈ以下,対象外当事者,40,20,損壊なし,小破,その他,対象外当事者,その他,対象外当事者,損傷なし,死亡,土,その他,35.992333,140.146114,2020-02-01,20:55,red,,,,,,,,,,,,
本票,茨城,北,0070,死亡,1,0,01250,対象外,0000,443,夜－夜,曇,市街地－その他,舗装－乾燥,交差点付近－その他,環状交差点以外 環状交差点以外をいう。,点灯－３灯式,00,23,00,23,05,9,単路（交差点付近を含む）,規制なし,3,2,車両相互,35～44歳,75歳以上,貨物車－中型車,軽車両－自転車,事業用,対象外当事者,貨物車,対象外当事者,指定の速度規制なし等,対象外当事者,80,30,小破,小破,その他,対象外当事者,その他,対象外当事者,損傷なし,死亡,土,その他,36.034199,140.223948,2020-02-29,02:45,red,,,,,,,,,,,,
本票,茨城,豊平,0053,死亡,1,0,30000,対象外,0000,221,昼－昼,晴,市街地－その他,舗装－乾燥,交差点－その他,環状交差点以外 環状交差点以外をいう。,点灯－歩車分式,09,22,00,23,15,9,交差点内,規制なし,4,2,人対車両,55～64歳,75歳以上,乗用車－軽自動車,歩行者,自家用,対象外当事者,乗用車,対象外当事者,40㎞／ｈ以下,対象外当事者,50,00,小破,対象外当事者,その他,対象外当事者,その他,対象外当事者,損傷なし,死亡,木,その他,36.386810,140.531056,2020-02-06,08:43,red,,,,,,,,,,,,
本票,栃木,高速道路交通警察隊,0007,死亡,1,0,41020,下,1372,213,夜－夜,曇,非市街地,舗装－乾燥,単路－その他,環状交差点以外 環状交差点以外をいう。,施設なし,00,23,00,23,05,9,単路（交差点付近を含む）,規制なし,1,3,車両相互,55～64歳,55～64歳,貨物車－大型車,乗用車－普通車,事業用,自家用,貨物車,乗用車,指定の速度規制なし等,指定の速度規制なし等,10,30,小破,大破,その他,装備あり 作動,その他,その他,損傷なし,死亡,火,その他,36.904491,139.930515,2020-02-25,04:37,red,1372,東日本高速道路,追越車線,完全分離－その他,直線,平坦・該当なし,,2,該当なし,該当なし,該当なし,0
本票,栃木,白石,0047,死亡,1,0,21530,対象外,0000,203,昼－昼,晴,市街地－人口集中,舗装－乾燥,交差点－その他,環状交差点以外 環状交差点以外をいう。,点灯－３灯式,09,22,00,23,14,9,交差点内,規制なし,4,2,人対車両,45～54歳,75歳以上,貨物車－大型車,歩行者,事業用,対象外当事者,貨物車,対象外当事者,40㎞／ｈ以下,対象外当事者,50,00,小破,対象外当事者,その他,対象外当事者,その他,対象外当事者,損傷なし,死亡,火,その他,36.373714,139.733629,2020-02-18,09:28,red,,,,,,,,,,,,
本票,栃木,東,0049,死亡,1,0,10160,対象外,0000,204,夜－夜,晴,市街地－その他,舗装－乾燥,交差点－その他,環状交差点以外 環状交差点以外をいう。,施設なし,09,22,09,22,14,9,交差点内,規制なし,4,2,車両相互,55～64歳,65～74歳,乗用車－普通車,軽車両－自転車,自家用,対象外当事者,乗用車,対象外当事者,50㎞／ｈ以下,対象外当事者,10,40,中破,大破,その他,対象外当事者,その他,対象外当事者,損傷なし,死亡,金,その他,36.320879,139.591295,2020-02-14,21:27,red,,,,,,,,,,,,
本票,栃木,江別,0021,死亡,1,0,01210,対象外,0000,205,夜－夜,晴,市街地－その他,舗装－乾燥,単路－その他,環状交差点以外 環状交差点以外をいう。,施設なし,00,23,00,23,04,9,単路（交差点付近を含む）,規制なし,5,2,車両単独,0～24歳,不明,乗用車－普通車,物件等,自家用,対象外当事者,乗用車,対象外当事者,40㎞／ｈ以下,対象外当事者,87,00,大破,対象外当事者,装備あり 作動,対象外当事者,その他,対象外当事者,損傷なし,対象外当事者,月,前日,36.521580,139.804461,2020-02-10,05:00,red,,,,,,,,,,,,
本票,栃木,岩見沢,0046,死亡,1,0,30000,対象外,0000,208,昼－昼,晴,市街地－人口集中,舗装－乾燥,単路－その他,環状交差点以外 環状交差点以外をいう。,施設なし,00,23,00,23,03,9,単路（交差点付近を含む）,規制なし,5,4,人対車両,65～74歳,0～24歳,乗用車－大型車,歩行者,自家用,対象外当事者,乗用車,対象外当事者,指定の速度規制なし等,対象外当事者,40,00,小破,対象外当事者,その他,対象外当事者,その他,対象外当事者,損傷なし,死亡,火,その他,36.278301,139.819243,2020-02-18,15:08,red,,,,,,,,,,,,
本票,栃木,栗山,0016,死亡,1,0,30000,対象外,0000,210,夜－夜,晴,非市街地,舗装－乾燥,交差点－その他,環状交差点以外 環状交差点以外をいう。,点灯－３灯式,09,22,09,22,15,9,交差点内,規制なし,4,2,車両相互,0～24歳,65～74歳,乗用車－普通車,乗用車－普通車,自家用,自家用,乗用車,乗用車,50㎞／ｈ以下,60㎞／ｈ以下,80,87,大破,大破,装備あり 作動,装備あり 作動,装備あり 作動,その他,損傷なし,死亡,火,その他,36.866503,140.097890,2020-02-18,22:30,red,,,,,,,,,,,,
本票,栃木,赤歌,0005,死亡,1,0,02930,対象外,0000,215,昼－昼,晴,非市街地,舗装－乾燥,交差点－その他,環状交差点以外 環状交差点以外をいう。,施設なし,09,22,00,23,14,9,交差点内,規制なし,4,2,人対車両,55～64歳,75歳以上,乗用車－軽自動車,歩行者,自家用,対象外当事者,乗用車,対象外当事者,50㎞／ｈ以下,対象外当事者,10,00,中破,対象外当事者,その他,対象外当事者,その他,対象外当事者,損傷なし,死亡,木,その他,36.734095,140.086236,2020-02-06,11:59,red,,,,,,,,,,,,
本票,栃木,芦別,0001,死亡,1,0,30000,対象外,0000,344,夜－暮,晴,非市街地,舗装－湿潤,単路－カーブ・屈折,環状交差点以外 環状交差点以外をいう。,施設なし,00,23,00,23,03,3,単路（交差点付近を含む）,規制なし,5,4,車両単独,75歳以上,不明,二輪車－原付自転車,物件等,自家用,対象外当事者,対象外当事者,対象外当事者,30㎞／ｈ以下,対象外当事者,10,00,中破,対象外当事者,対象外当事者,対象外当事者,対象外当事者,対象外当事者,死亡,対象外当事者,月,その他,36.532160,140.104846,2020-02-03,17:19,red,,,,,,,,,,,,