資料区分,都道府県コード,警察署等コード,本票番号,事故内容,死者数,負傷者数,路線コード,上下線,地点コード,市区町村コード,昼夜,天候,地形,路面状態,道路形状,環状交差点の直径,信号機,一時停止規制　標識（当事者A）,一時停止規制　表示（当事者A）,一時停止規制　標識（当事者B）,一時停止規制　表示（当事者B）,車道幅員,道路線形,衝突地点,ゾーン規制,中央分離帯施設等,歩車道区分,事故類型,年齢（当事者A）,年齢（当事者B）,当事者種別（当事者A）,当事者種別（当事者B）,用途別（当事者A）,用途別（当事者B）,車両形状（当事者A）,車両形状（当事者B）,速度規制（指定のみ）（当事者A）,速度規制（指定のみ）（当事者B）,車両の衝突部位（当事者A）,車両の衝突部位（当事者B）,車両の損壊程度（当事者A）,車両の損壊程度（当事者B）,エアバッグの装備（当事者A）,エアバッグの装備（当事者B）,サイドエアバッグの装備（当事者A）,サイドエアバッグの装備（当事者B）,人身損傷程度（当事者A）,人身損傷程度（当事者B）,曜日(発生年月日),祝日(発生年月日),緯度,経度,発生日,発生時,color,発生地点,道路管理者区分,道路区分,道路構造,曲線半径,縦断勾配,トンネル番号,当事者車両台数,車両単独事故の対象物,臨時速度規制の有無,速度規制（臨時のみ）,トンネル延長距離
本票,大阪,江別,0019,死亡,1,2,85000,対象外,0000,104,昼－昼,雨,市街地－人口集中,舗装－湿潤,交差点－その他,環状交差点以外 環状交差点以外をいう。,点灯－３灯式,09,22,09,22,18,9,交差点内,規制なし,5,2,車両相互,35～44歳,0～24歳,貨物車－大型車,乗用車－普通車,事業用,自家用,貨物車,乗用車,50㎞／ｈ以下,50㎞／ｈ以下,20,10,中破,大破,その他,装備あり 作動,その他,装備あり 作動,負傷,死亡,土,その他,34.677544,135.416127,2020-02-29,13:59,red,,,,,,,,,,,,
本票,大阪,赤歌,0066,死亡,1,0,30990,対象外,0000,123,昼－昼,晴,市街地－人口集中,舗装－乾燥,交差点－その他,環状交差点以外 環状交差点以外をいう。,点灯－３灯式,09,22,09,22,15,9,交差点内,規制なし,5,2,車両相互,45～54歳,45～54歳,貨物車－大型車,軽車両－自転車,事業用,対象外当事者,貨物車,対象外当事者,40㎞／ｈ以下,対象外当事者,80,20,小破,大破,その他,対象外当事者,その他,対象外当事者,損傷なし,死亡,金,その他,34.732515,135.494781,2020-02-21,09:08,red,,,,,,,,,,,,
本票,大阪,小樽,0040,死亡,1,0,15140,対象外,0082,115,昼－昼,晴,市街地－人口集中,舗装－乾燥,交差点付近－その他,環状交差点以外 環状交差点以外をいう。,点灯－３灯式,00,23,00,23,05,9,単路（交差点付近を含む）,規制なし,3,2,人対車両,35～44歳,75歳以上,乗用車－普通車,歩行者,自家用,対象外当事者,乗用車,対象外当事者,50㎞／ｈ以下,対象外当事者,80,00,小破,対象外当事者,その他,対象外当事者,その他,対象外当事者,損傷なし,死亡,火,その他,34.674522,135.536273,2020-02-18,15:54,red,,,,,,,,,,,,
本票,大阪,苫小牧,0046,死亡,1,0,10280,対象外,0037,121,夜－夜,晴,市街地－人口集中,舗装－乾燥,単路－その他,環状交差点以外 環状交差点以外をいう。,点灯－押ボタン式,00,23,00,23,04,9,単路（交差点付近を含む）,規制なし,5,2,車両相互,45～54歳,35～44歳,乗用車－普通車,軽車両－自転車,自家用,対象外当事者,乗用車,対象外当事者,指定の速度規制なし等,対象外当事者,10,40,大破,中破,装備あり 作動,対象外当事者,その他,対象外当事者,損傷なし,死亡,月,その他,34.610655,135.526978,2020-02-17,22:56,red,,,,,,,,,,,,
本票,大阪,函館中央,0101,死亡,1,0,01700,対象外,0006,207,夜－暮,晴,市街地－人口集中,舗装－乾燥,交差点付近－その他,環状交差点以外 環状交差点以外をいう。,点灯－３灯式,00,23,00,23,05,9,単路（交差点付近を含む）,規制なし,3,1,車両相互,45～54歳,25～34歳,貨物車－大型車,二輪車－自動二輪－原付二種－51～125cc,事業用,自家用,貨物車,対象外当事者,50㎞／ｈ以下,50㎞／ｈ以下,70,10,小破,大破,その他,対象外当事者,その他,対象外当事者,損傷なし,死亡,金,その他,34.845152,135.628349,2020-02-14,18:00,red,,,,,,,,,,,,
本票,大阪,函館西,0084,死亡,1,0,30990,対象外,0000,211,夜－夜,晴,市街地－その他,舗装－乾燥,交差点付近－その他,環状交差点以外 環状交差点以外をいう。,施設なし,00,23,00,23,04,9,単路（交差点付近を含む）,規制なし,4,1,人対車両,55～64歳,65～74歳,貨物車－準中型車,歩行者,事業用,対象外当事者,貨物車,対象外当事者,30㎞／ｈ以下,対象外当事者,80,00,中破,対象外当事者,その他,対象外当事者,その他,対象外当事者,損傷なし,死亡,土,その他,34.837005,135.576231,2020-02-15,05:32,red,,,,,,,,,,,,
本票,大阪,函館西,0099,死亡,1,0,10040,対象外,0148,211,夜－夜,晴,市街地－その他,舗装－乾燥,交差点－その他,環状交差点以外 環状交差点以外をいう。,点灯－３灯式,09,22,09,22,15,9,交差点内,規制なし,5,1,車両相互,25～34歳,35～44歳,乗用車－普通車,二輪車－原付自転車,自家用,自家用,乗用車,対象外当事者,40㎞／ｈ以下,指定の速度規制なし等,40,10,中破,中破,その他,対象外当事者,その他,対象外当事者,損傷なし,死亡,日,当日,34.819879,135.559564,2020-02-23,04:55,red,,,,,,,,,,,,
本票,大阪,せたな,0078,死亡,1,0,10070,対象外,0157,144,昼－明,曇,市街地－その他,舗装－乾燥,交差点－その他,環状交差点以外 環状交差点以外をいう。,点灯－３灯式,09,22,09,22,18,9,交差点内,規制なし,5,2,車両相互,45～54歳,75歳以上,貨物車－普通車,軽車両－自転車,自家用,対象外当事者,貨物車,対象外当事者,指定の速度規制なし等,対象外当事者,10,20,中破,中破,その他,対象外当事者,その他,対象外当事者,損傷なし,死亡,金,その他,34.539033,135.466552,2020-02-14,07:25,red,,,,,,,,,,,,
本票,大阪,品川,0019,死亡,1,1,30990,対象外,0000,228,夜－夜,晴,市街地－人口集中,舗装－乾燥,交差点付近－その他,環状交差点以外 環状交差点以外をいう。,施設なし,00,23,00,23,02,6,単路（交差点付近を含む）,ゾーン30,5,3,車両単独,45～54歳,不明,乗用車－軽自動車,物件等,自家用,対象外当事者,乗用車,対象外当事者,30㎞／ｈ以下,対象外当事者,80,00,中破,対象外当事者,装備あり 作動,対象外当事者,その他,対象外当事者,負傷,対象外当事者,土,その他,34.371104,135.276054,2020-02-01,05:22,red,,,,,,,,,,,,
本票,大阪,大井,0066,死亡,1,0,01701,対象外,0281,222,夜－夜,雨,市街地－人口集中,舗装－湿潤,交差点－その他,環状交差点以外 環状交差点以外をいう。,施設なし,09,22,00,23,14,9,交差点内,規制なし,4,2,人対車両,0～24歳,75歳以上,乗用車－軽自動車,歩行者,自家用,対象外当事者,乗用車,対象外当事者,40㎞／ｈ以下,対象外当事者,10,00,中破,対象外当事者,その他,対象外当事者,その他,対象外当事者,損傷なし,死亡,水,その他,34.543292,135.608752,2020-02-12,18:54,red,,,,,,,,,,,,
本票,大阪,蒲田,0048,死亡,1,0,20020,対象外,0057,227,夜－暮,晴,市街地－その他,舗装－乾燥,交差点－その他,環状交差点以外 環状交差点以外をいう。,点灯－３灯式,09,22,09,22,19,9,交差点内,規制なし,5,2,車両相互,45～54歳,0～24歳,乗用車－普通車,二輪車－自動二輪－小型二輪－251～400cc,自家用,自家用,乗用車,対象外当事者,40㎞／ｈ以下,40㎞／ｈ以下,70,40,小破,中破,その他,対象外当事者,その他,対象外当事者,損傷なし,死亡,月,その他,34.671357,135.624560,2020-02-03,17:32,red,,,,,,,,,,,,
本票,大阪,蒲田,0067,死亡,1,0,20050,対象外,0000,227,昼－暮,晴,市街地－その他,舗装－乾燥,交差点－その他,環状交差点以外 環状交差点以外をいう。,点灯－３灯式,09,22,09,22,18,9,交差点内,規制なし,5,2,車両相互,65～74歳,45～54歳,貨物車－中型車,二輪車－自動二輪－小型二輪－751ｃｃ以上,自家用,自家用,貨物車,対象外当事者,50㎞／ｈ以下,50㎞／ｈ以下,00,00,損壊なし,小破,その他,対象外当事者,その他,対象外当事者,損傷なし,死亡,月,前日,34.697058,135.631220,2020-02-10,17:13,red,,,,,,,,,,,,
本票,大阪,木津,0038,死亡,1,0,30990,対象外,0000,217,昼－昼,晴,市街地－人口集中,舗装－乾燥,踏切－第一種,環状交差点以外 環状交差点以外をいう。,施設なし,00,23,00,23,03,9,その他,規制なし,5,4,列車,45～54歳,45～54歳,乗用車－軽自動車,列車,自家用,対象外当事者,乗用車,対象外当事者,30㎞／ｈ以下,対象外当事者,20,10,大破,小破,その他,対象外当事者,その他,対象外当事者,死亡,損傷なし,日,その他,34.575171,135.545113,2020-02-09,16:08,red,,,,,,,,,,,,
本票,大阪,城陽,0023,死亡,1,0,30990,対象外,0000,221,昼－昼,晴,市街地－人口集中,舗装－乾燥,単路－橋,環状交差点以外 環状交差点以外をいう。,施設なし,00,23,00,23,01,5,その他,規制なし,5,4,車両単独,75歳以上,不明,軽車両－自転車,相手なし,対象外当事者,対象外当事者,対象外当事者,対象外当事者,対象外当事者,対象外当事者,10,00,小破,対象外当事者,対象外当事者,対象外当事者,対象外当事者,対象外当事者,死亡,対象外当事者,木,その他,34.583179,135.656411,2020-02-06,13:18,red,,,,,,,,,,,,
本票,大阪,箕面,0037,死亡,1,0,01710,下,3800,220,夜－夜,晴,市街地－人口集中,舗装－乾燥,交差点－その他,環状交差点以外 環状交差点以外をいう。,点灯－３灯式,09,22,09,22,19,9,交差点内,規制なし,5,1,車両相互,65～74歳,0～24歳,乗用車－普通車,軽車両－自転車,自家用,対象外当事者,乗用車,対象外当事者,50㎞／ｈ以下,対象外当事者,50,40,中破,小破,その他,対象外当事者,その他,対象外当事者,損傷なし,死亡,土,その他,34.811572,135.453786,2020-02-29,04:00,red,,,,,,,,,,,,
本票,大阪,交野,0092,死亡,1,1,30990,対象外,0000,210,夜－夜,晴,市街地－人口集中,舗装－乾燥,交差点－その他,環状交差点以外 環状交差点以外をいう。,点灯－３灯式,09,22,09,22,15,9,交差点内,規制なし,5,1,車両相互,65～74歳,0～24歳,乗用車－軽自動車,二輪車－自動二輪－小型二輪－751ｃｃ以上,自家用,自家用,乗用車,対象外当事者,40㎞／ｈ以下,40㎞／ｈ以下,80,10,中破,大破,その他,対象外当事者,その他,対象外当事者,負傷,死亡,水,その他,34.835767,135.698900,2020-02-19,23:47,red,,,,,,,,,,,,
本票,兵庫,美唄,0030,死亡,1,0,39990,対象外,0000,102,昼－昼,晴,市街地－人口集中,舗装－乾燥,交差点－その他,環状交差点以外 環状交差点以外をいう。,施設なし,09,22,00,23,15,9,交差点内,規制なし,5,2,車両単独,75歳以上,不明,乗用車－普通車,物件等,自家用,対象外当事者,乗用車,対象外当事者,40㎞／ｈ以下,対象外当事者,10,00,大破,対象外当事者,装備あり 作動,対象外当事者,その他,対象外当事者,死亡,対象外当事者,水,その他,34.712688,135.236412,2020-02-05,09:43,red,,,,,,,,,,,,
本票,兵庫,大宮西,0154,死亡,1,0,39990,対象外,0000,207,夜－夜,晴,市街地－人口集中,舗装－乾燥,交差点－その他,環状交差点以外 環状交差点以外をいう。,点灯－３灯式,09,22,00,23,15,9,交差点内,規制なし,5,1,人対車両,25～34歳,45～54歳,貨物車－大型車,歩行者,事業用,対象外当事者,貨物車,対象外当事者,40㎞／ｈ以下,対象外当事者,10,00,小破,対象外当事者,その他,対象外当事者,その他,対象外当事者,損傷なし,死亡,土,前日,34.778987,135.430685,2020-02-22,22:34,red,,,,,,,,,,,,
本票,兵庫,浦和東,0079,死亡,1,0,14100,対象外,0113,217,夜－夜,曇,市街地－人口集中,舗装－乾燥,単路－その他,環状交差点以外 環状交差点以外をいう。,施設なし,00,23,00,23,06,9,単路（交差点付近を含む）,規制なし,1,2,車両単独,45～54歳,不明,貨物車－大型車,物件等,事業用,対象外当事者,貨物車,対象外当事者,50㎞／ｈ以下,対象外当事者,80,00,中破,対象外当事者,その他,対象外当事者,その他,対象外当事者,損傷なし,対象外当事者,土,その他,34.812638,135.411029,2020-02-15,05:21,red,,,,,,,,,,,,
本票,兵庫,鎌ケ谷,0019,死亡,1,0,25590,対象外,0000,221,昼－昼,晴,市街地－その他,舗装－乾燥,交差点付近－その他,環状交差点以外 環状交差点以外をいう。,施設なし,00,23,00,23,02,6,単路（交差点付近を含む）,規制なし,4,3,車両相互,75歳以上,65～74歳,乗用車－軽自動車,二輪車－原付自転車,自家用,自家用,乗用車,対象外当事者,50㎞／ｈ以下,指定の速度規制なし等,40,20,小破,中破,その他,対象外当事者,その他,対象外当事者,損傷なし,死亡,木,その他,35.087345,135.190554,2020-02-13,13:04,red,,,,,,,,,,,,
本票,兵庫,伊賀,0125,死亡,1,0,39990,対象外,0000,203,昼－昼,晴,市街地－人口集中,舗装－乾燥,単路－その他,環状交差点以外 環状交差点以外をいう。,施設なし,00,23,00,23,03,9,単路（交差点付近を含む）,規制なし,4,2,車両相互,55～64歳,75歳以上,乗用車－普通車,軽車両－自転車,自家用,対象外当事者,乗用車,対象外当事者,40㎞／ｈ以下,対象外当事者,10,20,中破,中破,その他,対象外当事者,その他,対象外当事者,損傷なし,死亡,金,その他,34.690651,134.882690,2020-02-07,08:58,red,,,,,,,,,,,,
本票,兵庫,加西,0034,死亡,1,0,39990,対象外,0000,220,夜－暮,晴,市街地－人口集中,舗装－乾燥,単路－その他,環状交差点以外 環状交差点以外をいう。,施設なし,00,23,00,23,01,9,その他,規制なし,5,4,車両単独,75歳以上,不明,軽車両－自転車,相手なし,対象外当事者,対象外当事者,対象外当事者,対象外当事者,対象外当事者,対象外当事者,10,00,小破,対象外当事者,対象外当事者,対象外当事者,対象外当事者,対象外当事者,死亡,対象外当事者,金,その他,34.928396,134.832475,2020-02-14,18:30,red,,,,,,,,,,,,
本票,兵庫,姫路,0233,死亡,1,0,00290,上,0202,201,昼－昼,晴,市街地－人口集中,舗装－乾燥,交差点－その他,環状交差点以外 環状交差点以外をいう。,施設なし,09,22,00,23,14,3,交差点内,規制なし,4,1,人対車両,65～74歳,75歳以上,貨物車－準中型車,歩行者,自家用,対象外当事者,貨物車,対象外当事者,50㎞／ｈ以下,対象外当事者,80,00,小破,対象外当事者,その他,対象外当事者,その他,対象外当事者,損傷なし,死亡,月,当日,34.985426,134.592558,2020-02-24,14:15,red,,,,,,,,,,,,
本票,兵庫,網干,0039,死亡,1,1,39990,対象外,0000,201,昼－明,晴,市街地－人口集中,舗装－乾燥,交差点－その他,環状交差点以外 環状交差点以外をいう。,施設なし,09,22,00,23,15,9,交差点内,規制なし,4,1,車両単独,35～44歳,不明,乗用車－軽自動車,物件等,自家用,対象外当事者,乗用車,対象外当事者,40㎞／ｈ以下,対象外当事者,10,00,大破,対象外当事者,装備あり 作動,対象外当事者,その他,対象外当事者,負傷,対象外当事者,土,その他,34.797949,134.618071,2020-02-01,07:05,red,,,,,,,,,,,,
本票,兵庫,網干,0050,死亡,1,0,39990,対象外,0000,201,昼－昼,晴,市街地－人口集中,舗装－乾燥,交差点付近－その他,環状交差点以外 環状交差点以外をいう。,施設なし,00,23,00,23,01,9,その他,規制なし,5,4,車両単独,75歳以上,不明,軽車両－自転車,相手なし,対象外当事者,対象外当事者,対象外当事者,対象外当事者,対象外当事者,対象外当事者,10,00,小破,対象外当事者,対象外当事者,対象外当事者,対象外当事者,対象外当事者,死亡,対象外当事者,木,その他,34.789722,134.600472,2020-02-06,10:05,red,,,,,,,,,,,,
本票,兵庫,網干,0059,死亡,1,0,26430,対象外,0044,201,夜－明,曇,市街地－人口集中,舗装－乾燥,交差点付近－その他,環状交差点以外 環状交差点以外をいう。,施設なし,00,23,00,23,03,9,単路（交差点付近を含む）,規制なし,4,2,人対車両,35～44歳,75歳以上,乗用車－軽自動車,歩行者,自家用,対象外当事者,乗用車,対象外当事者,40㎞／ｈ以下,対象外当事者,10,00,中破,対象外当事者,その他,対象外当事者,その他,対象外当事者,損傷なし,死亡,土,その他,34.816526,134.598985,2020-02-15,06:15,red,,,,,,,,,,,,
本票,兵庫,淡路,0024,死亡,1,0,00280,上,0136,226,昼－昼,晴,市街地－その他,舗装－乾燥,単路－カーブ・屈折,環状交差点以外 環状交差点以外をいう。,施設なし,00,23,00,23,03,6,単路（交差点付近を含む）,規制なし,4,2,車両相互,55～64歳,75歳以上,貨物車－準中型車,軽車両－自転車,自家用,対象外当事者,貨物車,対象外当事者,50㎞／ｈ以下,対象外当事者,10,30,中破,大破,その他,対象外当事者,その他,対象外当事者,損傷なし,死亡,金,その他,34.577620,135.024387,2020-02-28,09:16,red,,,,,,,,,,,,
本票,奈良,東,0023,死亡,1,0,14510,対象外,0000,204,夜－暮,晴,市街地－その他,舗装－乾燥,交差点－その他,環状交差点以外 環状交差点以外をいう。,施設なし,09,22,00,23,15,7,交差点内,規制なし,5,2,人対車両,65～74歳,75歳以上,乗用車－軽自動車,歩行者,自家用,対象外当事者,乗用車,対象外当事者,指定の速度規制なし等,対象外当事者,80,00,小破,対象外当事者,その他,対象外当事者,その他,対象外当事者,損傷なし,死亡,日,その他,34.574306,135.845142,2020-02-02,18:20,red,,,,,,,,,,,,
本票,和歌山,江別,0048,死亡,1,0,85010,対象外,0000,201,夜－夜,晴,市街地－人口集中,舗装－乾燥,交差点－その他,環状交差点以外 環状交差点以外をいう。,点滅－３灯式,09,22,09,22,18,5,交差点内,規制なし,5,2,車両相互,45～54歳,25～34歳,貨物車－大型車,乗用車－普通車,事業用,自家用,貨物車,乗用車,指定の速度規制なし等,指定の速度規制なし等,60,10,小破,大破,その他,装備あり 作動,その他,その他,損傷なし,死亡,木,その他,34.217765,135.145845,2020-02-27,02:20,red,,,,,,,,,,,,
本票,和歌山,つがる,0021,死亡,1,0,10280,対象外,0000,390,夜－夜,曇,非市街地,舗装－乾燥,交差点－その他,環状交差点以外 環状交差点以外をいう。,施設なし,09,22,00,23,14,6,交差点内,規制なし,4,2,車両単独,65～74歳,不明,軽車両－自転車,物件等,対象外当事者,対象外当事者,対象外当事者,対象外当事者,対象外当事者,対象外当事者,14,00,小破,対象外当事者,対象外当事者,対象外当事者,対象外当事者,対象外当事者,死亡,対象外当事者,金,その他,33.827711,135.225020,2020-02-28,21:00,red,,,,,,,,,,,,
本票,鳥取,東,0001,死亡,1,0,30000,対象外,0000,201,昼－昼,雪,非市街地,舗装－積雪,単路－その他,環状交差点以外 環状交差点以外をいう。,施設なし,00,23,00,23,02,8,その他,規制なし,5,4,車両単独,45～54歳,不明,特殊車－大型－その他,相手なし,対象外当事者,対象外当事者,対象外当事者,対象外当事者,指定の速度規制なし等,対象外当事者,20,00,小破,対象外当事者,対象外当事者,対象外当事者,対象外当事者,対象外当事者,死亡,対象外当事者,木,その他,35.331438,134.124896,2020-02-06,13:10,red,,,,,,,,,,,,
本票,岡山,高速道路交通警察隊,0003,死亡,1,1,45190,上,0000,215,夜－夜,曇,非市街地,舗装－乾燥,単路－橋,環状交差点以外 環状交差点以外をいう。,施設なし,00,23,00,23,03,9,単路（交差点付近を含む）,規制なし,6,4,車両相互,55～64歳,45～54歳,貨物車－大型車,貨物車－大型車,事業用,事業用,貨物車,貨物車,50㎞／ｈ以下,50㎞／ｈ以下,50,50,大破,中破,装備あり 作動,装備あり 作動,その他,その他,死亡,負傷,月,その他,35.119042,134.332124,2020-02-03,22:43,red,117,国土交通省,走行車線－第一通行帯,非分離－高架・橋梁,直線,平坦・該当なし,,3,該当なし,あり－その他,50㎞/h以下,0
本票,岡山,白石,0072,死亡,1,3,01800,対象外,0000,101,夜－夜,曇,市街地－その他,舗装－乾燥,単路－その他,環状交差点以外 環状交差点以外をいう。,施設なし,00,23,00,23,03,9,単路（交差点付近を含む）,規制なし,4,2,車両相互,35～44歳,25～34歳,乗用車－普通車,乗用車－軽自動車,自家用,自家用,乗用車,乗用車,40㎞／ｈ以下,40㎞／ｈ以下,10,00,大破,損壊なし,装備あり 作動,その他,その他,その他,負傷,損傷なし,火,その他,34.672507,133.842465,2020-02-25,05:27,red,,,,,,,,,,,,
本票,岡山,美唄,0031,死亡,1,0,24300,対象外,0000,216,昼－昼,晴,非市街地,舗装－乾燥,交差点－その他,環状交差点以外 環状交差点以外をいう。,施設なし,09,22,01,21,15,9,交差点内,規制なし,5,2,車両相互,55～64歳,65～74歳,乗用車－普通車,乗用車－軽自動車,自家用,自家用,乗用車,乗用車,60㎞／ｈ以下,60㎞／ｈ以下,10,10,大破,大破,その他,その他,その他,その他,損傷なし,損傷なし,日,当日,34.529937,133.626231,2020-02-23,10:33,red,,,,,,,,,,,,
本票,岡山,門別,0007,死亡,1,0,03130,対象外,0000,207,昼－昼,晴,非市街地,舗装－乾燥,単路－その他,環状交差点以外 環状交差点以外をいう。,施設なし,00,23,00,23,03,8,その他,規制なし,4,3,車両単独,55～64歳,不明,貨物車－軽自動車,相手なし,自家用,対象外当事者,貨物車,対象外当事者,50㎞／ｈ以下,対象外当事者,10,00,中破,対象外当事者,装備あり 作動,対象外当事者,その他,対象外当事者,死亡,対象外当事者,火,その他,34.641229,133.442827,2020-02-04,11:44,red,,,,,,,,,,,,
本票,岡山,北,0036,死亡,1,0,80000,対象外,0000,203,昼－暮,雨,非市街地,舗装－湿潤,単路－カーブ・屈折,環状交差点以外 環状交差点以外をいう。,施設なし,00,23,00,23,03,2,その他,規制なし,5,4,車両単独,65～74歳,不明,貨物車－軽自動車,相手なし,自家用,対象外当事者,貨物車,対象外当事者,指定の速度規制なし等,対象外当事者,81,00,大破,対象外当事者,その他,対象外当事者,その他,対象外当事者,死亡,対象外当事者,水,その他,35.249182,134.101518,2020-02-26,17:00,red,,,,,,,,,,,,
本票,広島,西,0038,死亡,1,0,37030,対象外,0000,103,夜－夜,曇,市街地－人口集中,舗装－乾燥,交差点－その他,環状交差点以外 環状交差点以外をいう。,施設なし,09,22,09,22,15,9,交差点内,規制なし,5,2,車両相互,35～44歳,55～64歳,乗用車－普通車,軽車両－自転車,自家用,対象外当事者,乗用車,対象外当事者,40㎞／ｈ以下,対象外当事者,10,30,小破,大破,その他,対象外当事者,その他,対象外当事者,損傷なし,死亡,水,その他,34.378708,132.498100,2020-02-19,01:50,red,,,,,,,,,,,,
本票,広島,滝川,0039,死亡,1,0,37140,対象外,0000,106,夜－暮,晴,非市街地,舗装－乾燥,単路－カーブ・屈折,環状交差点以外 環状交差点以外をいう。,施設なし,00,23,00,23,03,5,単路（交差点付近を含む）,規制なし,4,2,人対車両,55～64歳,25～34歳,貨物車－準中型車,歩行者,自家用,対象外当事者,貨物車,対象外当事者,指定の速度規制なし等,対象外当事者,10,00,小破,対象外当事者,その他,対象外当事者,その他,対象外当事者,損傷なし,死亡,木,その他,34.514872,132.403686,2020-02-06,18:14,red,,,,,,,,,,,,
本票,広島,倶知安,0018,死亡,1,0,14550,対象外,0000,204,夜－暮,曇,市街地－人口集中,舗装－乾燥,交差点－その他,環状交差点以外 環状交差点以外をいう。,施設なし,09,22,00,23,14,9,交差点内,規制なし,4,2,人対車両,55～64歳,75歳以上,貨物車－軽自動車,歩行者,自家用,対象外当事者,貨物車,対象外当事者,40㎞／ｈ以下,対象外当事者,10,00,小破,対象外当事者,その他,対象外当事者,その他,対象外当事者,損傷なし,死亡,土,その他,34.413644,133.102417,2020-02-15,18:37,red,,,,,,,,,,,,
本票,広島,岩内,0054,死亡,1,0,85000,対象外,0000,207,夜－夜,晴,非市街地,舗装－乾燥,単路－その他,環状交差点以外 環状交差点以外をいう。,施設なし,00,23,00,23,03,9,単路（交差点付近を含む）,規制なし,5,4,車両単独,75歳以上,不明,乗用車－ミニカー,物件等,自家用,対象外当事者,乗用車,対象外当事者,指定の速度規制なし等,対象外当事者,00,00,小破,対象外当事者,その他,対象外当事者,その他,対象外当事者,死亡,対象外当事者,水,その他,34.432958,133.269365,2020-02-19,19:30,red,,,,,,,,,,,,
本票,広島,伊達,0073,死亡,1,1,00020,下,2308,207,夜－夜,晴,市街地－人口集中,舗装－乾燥,交差点付近－その他,環状交差点以外 環状交差点以外をいう。,施設なし,00,23,00,23,06,3,単路（交差点付近を含む）,規制なし,5,2,車両単独,25～34歳,不明,乗用車－普通車,物件等,自家用,対象外当事者,乗用車,対象外当事者,50㎞／ｈ以下,対象外当事者,51,00,大破,対象外当事者,装備あり 作動,対象外当事者,その他,対象外当事者,死亡,対象外当事者,月,その他,34.484792,133.361694,2020-02-03,01:11,red,,,,,,,,,,,,
本票,広島,伊達,0075,死亡,1,0,22440,対象外,0000,207,夜－夜,晴,市街地－人口集中,舗装－乾燥,交差点付近－その他,環状交差点以外 環状交差点以外をいう。,施設なし,00,23,00,23,05,9,単路（交差点付近を含む）,規制なし,1,2,車両単独,55～64歳,不明,乗用車－軽自動車,物件等,自家用,対象外当事者,乗用車,対象外当事者,50㎞／ｈ以下,対象外当事者,10,00,大破,対象外当事者,装備あり 作動,対象外当事者,その他,対象外当事者,死亡,対象外当事者,土,その他,34.480756,133.409587,2020-02-01,02:29,red,,,,,,,,,,,,
本票,広島,室蘭,0014,死亡,1,0,14240,対象外,0000,208,夜－夜,晴,非市街地,舗装－乾燥,単路－その他,環状交差点以外 環状交差点以外をいう。,施設なし,00,23,00,23,03,7,単路（交差点付近を含む）,規制なし,4,3,人対車両,25～34歳,65～74歳,乗用車－普通車,歩行者,自家用,対象外当事者,乗用車,対象外当事者,50㎞／ｈ以下,対象外当事者,50,00,中破,対象外当事者,その他,対象外当事者,その他,対象外当事者,損傷なし,死亡,月,前日,34.580579,133.194511,2020-02-10,23:33,red,,,,,,,,,,,,
本票,広島,浦河,0045,死亡,1,0,22690,対象外,0000,105,夜－夜,曇,市街地－人口集中,舗装－乾燥,交差点－その他,環状交差点以外 環状交差点以外をいう。,点滅－３灯式,09,22,00,23,15,9,交差点内,規制なし,5,2,人対車両,35～44歳,75歳以上,乗用車－普通車,歩行者,自家用,対象外当事者,乗用車,対象外当事者,40㎞／ｈ以下,対象外当事者,50,00,中破,対象外当事者,その他,対象外当事者,その他,対象外当事者,損傷なし,死亡,日,その他,34.467375,132.469944,2020-02-09,05:02,red,,,,,,,,,,,,
本票,広島,浦河,0058,死亡,1,2,24590,対象外,0000,105,夜－夜,晴,市街地－人口集中,舗装－乾燥,交差点付近－その他,環状交差点以外 環状交差点以外をいう。,施設なし,00,23,00,23,03,9,単路（交差点付近を含む）,規制なし,5,4,車両相互,0～24歳,0～24歳,二輪車－自動二輪－小型二輪－251～400cc,軽車両－自転車,自家用,対象外当事者,対象外当事者,対象外当事者,30㎞／ｈ以下,対象外当事者,40,20,大破,小破,対象外当事者,対象外当事者,対象外当事者,対象外当事者,死亡,負傷,土,前日,34.456560,132.475672,2020-02-22,20:45,red,,,,,,,,,,,,
本票,広島,豊平,0022,死亡,1,0,54910,上,3483,108,夜－夜,雨,市街地－人口集中,舗装－湿潤,単路－カーブ・屈折,環状交差点以外 環状交差点以外をいう。,施設なし,00,23,00,23,05,2,単路（交差点付近を含む）,規制なし,1,4,人対車両,25～34歳,0～24歳,乗用車－普通車,歩行者,自家用,対象外当事者,乗用車,対象外当事者,60㎞／ｈ以下,対象外当事者,10,00,小破,対象外当事者,その他,対象外当事者,その他,対象外当事者,損傷なし,死亡,土,その他,34.381986,132.351167,2020-02-15,22:58,red,3483,国土交通省,追越車線,完全分離－その他,カーブ－700m以上,上り・下り－３％以上,,1,該当なし,該当なし,該当なし,0
本票,山口,白石,0043,死亡,1,1,01880,対象外,0146,208,昼－昼,曇,非市街地,舗装－乾燥,単路－その他,環状交差点以外 環状交差点以外をいう。,施設なし,00,23,00,23,03,9,単路（交差点付近を含む）,規制なし,4,2,車両単独,65～74歳,不明,貨物車－軽自動車,物件等,自家用,対象外当事者,貨物車,対象外当事者,50㎞／ｈ以下,対象外当事者,10,00,大破,対象外当事者,装備あり 作動,対象外当事者,その他,対象外当事者,死亡,対象外当事者,月,その他,34.057732,132.207452,2020-02-17,14:03,red,,,,,,,,,,,,