資料区分,都道府県コード,警察署等コード,本票番号,事故内容,死者数,負傷者数,路線コード,上下線,地点コード,市区町村コード,昼夜,天候,地形,路面状態,道路形状,環状交差点の直径,信号機,一時停止規制　標識（当事者A）,一時停止規制　表示（当事者A）,一時停止規制　標識（当事者B）,一時停止規制　表示（当事者B）,車道幅員,道路線形,衝突地点,ゾーン規制,中央分離帯施設等,歩車道区分,事故類型,年齢（当事者A）,年齢（当事者B）,当事者種別（当事者A）,当事者種別（当事者B）,用途別（当事者A）,用途別（当事者B）,車両形状（当事者A）,車両形状（当事者B）,速度規制（指定のみ）（当事者A）,速度規制（指定のみ）（当事者B）,車両の衝突部位（当事者A）,車両の衝突部位（当事者B）,車両の損壊程度（当事者A）,車両の損壊程度（当事者B）,エアバッグの装備（当事者A）,エアバッグの装備（当事者B）,サイドエアバッグの装備（当事者A）,サイドエアバッグの装備（当事者B）,人身損傷程度（当事者A）,人身損傷程度（当事者B）,曜日(発生年月日),祝日(発生年月日),緯度,経度,発生日,発生時,color,発生地点,道路管理者区分,道路区分,道路構造,曲線半径,縦断勾配,トンネル番号,当事者車両台数,車両単独事故の対象物,臨時速度規制の有無,速度規制（臨時のみ）,トンネル延長距離
本票,北海道（札幌方面）,岩内,0009,死亡,1,1,00050,対象外,0980,401,昼－昼,晴,市街地－その他,舗装－乾燥,単路－カーブ・屈折,環状交差点以外 環状交差点以外をいう。,施設なし,00,23,00,23,03,6,単路（交差点付近を含む）,規制なし,4,2,車両相互,45～54歳,65～74歳,貨物車－中型車,乗用車－普通車,自家用,自家用,貨物車,乗用車,50㎞／ｈ以下,50㎞／ｈ以下,10,50,中破,大破,装備あり 作動,装備あり 作動,その他,その他,負傷,死亡,木,前日,42.973659,140.673031,2020-03-19,12:28,red,,,,,,,,,,,,
本票,北海道（札幌方面）,苫小牧,0109,死亡,1,0,36130,対象外,0000,213,夜－夜,曇,市街地－人口集中,舗装－乾燥,交差点付近－その他,環状交差点以外 環状交差点以外をいう。,点灯－３灯式,00,23,00,23,05,9,単路（交差点付近を含む）,規制なし,4,2,人対車両,55～64歳,45～54歳,乗用車－普通車,歩行者,事業用,対象外当事者,乗用車,対象外当事者,50㎞／ｈ以下,対象外当事者,10,00,中破,対象外当事者,その他,対象外当事者,その他,対象外当事者,損傷なし,死亡,土,その他,42.632407,141.594789,2020-03-28,03:26,red,,,,,,,,,,,,
本票,北海道（札幌方面）,北,0171,死亡,1,0,02310,対象外,0072,235,昼－昼,晴,市街地－その他,舗装－乾燥,交差点－その他,環状交差点以外 環状交差点以外をいう。,点灯－３灯式,09,22,09,22,18,9,交差点内,規制なし,5,2,車両相互,65～74歳,75歳以上,貨物車－大型車,貨物車－軽自動車,事業用,自家用,貨物車,貨物車,指定の速度規制なし等,50㎞／ｈ以下,10,50,中破,大破,その他,その他,その他,その他,損傷なし,死亡,木,前日,43.165254,141.349768,2020-03-19,14:17,red,,,,,,,,,,,,
本票,北海道（札幌方面）,豊平,0161,死亡,1,0,15190,対象外,0000,110,夜－暮,晴,市街地－人口集中,舗装－乾燥,単路－その他,環状交差点以外 環状交差点以外をいう。,施設なし,00,23,00,23,06,9,単路（交差点付近を含む）,規制なし,1,2,車両相互,45～54歳,75歳以上,乗用車－軽自動車,軽車両－自転車,自家用,対象外当事者,乗用車,対象外当事者,指定の速度規制なし等,対象外当事者,10,20,小破,小破,その他,対象外当事者,その他,対象外当事者,損傷なし,死亡,水,その他,42.990188,141.438858,2020-03-18,18:30,red,,,,,,,,,,,,
本票,北海道（函館方面）,函館中央,0088,死亡,1,0,55230,上,0015,202,昼－昼,晴,市街地－人口集中,舗装－乾燥,単路－その他,環状交差点以外 環状交差点以外をいう。,施設なし,00,23,00,23,06,8,単路（交差点付近を含む）,規制なし,1,3,車両相互,45～54歳,45～54歳,乗用車－普通車,二輪車－自動二輪－小型二輪－751ｃｃ以上,自家用,自家用,乗用車,対象外当事者,80㎞／ｈ以下,80㎞／ｈ以下,00,00,損壊なし,小破,その他,対象外当事者,その他,対象外当事者,損傷なし,死亡,日,その他,41.839964,140.755547,2020-03-22,12:53,red,,,,,,,,,,,,
本票,北海道（旭川方面）,士別,0006,死亡,1,0,10480,対象外,0000,464,昼－昼,晴,非市街地,舗装－凍結,単路－トンネル,環状交差点以外 環状交差点以外をいう。,施設なし,00,23,00,23,03,9,単路（交差点付近を含む）,規制なし,4,2,車両相互,45～54歳,65～74歳,貨物車－大型車,貨物車－軽自動車,事業用,自家用,貨物車,貨物車,指定の速度規制なし等,指定の速度規制なし等,10,80,中破,大破,装備あり 作動,装備あり 作動,その他,その他,損傷なし,死亡,土,その他,43.978496,142.253758,2020-03-21,10:40,red,,,,,,,,,,,,
本票,北海道（釧路方面）,本別,0007,死亡,1,0,02410,対象外,1000,646,昼－昼,晴,非市街地,舗装－乾燥,単路－その他,環状交差点以外 環状交差点以外をいう。,施設なし,00,23,00,23,04,8,その他,規制なし,1,3,車両単独,55～64歳,不明,貨物車－軽自動車,物件等,自家用,対象外当事者,貨物車,対象外当事者,指定の速度規制なし等,対象外当事者,10,00,大破,対象外当事者,その他,対象外当事者,その他,対象外当事者,死亡,対象外当事者,水,その他,43.226318,143.528957,2020-03-18,07:25,red,,,,,,,,,,,,
本票,青森,白石,0089,死亡,1,0,30000,対象外,0000,202,夜－夜,曇,非市街地,舗装－乾燥,単路－カーブ・屈折,環状交差点以外 環状交差点以外をいう。,施設なし,00,23,00,23,03,3,単路（交差点付近を含む）,規制なし,5,4,車両単独,55～64歳,不明,軽車両－自転車,相手なし,対象外当事者,対象外当事者,対象外当事者,対象外当事者,対象外当事者,対象外当事者,00,00,小破,対象外当事者,対象外当事者,対象外当事者,対象外当事者,対象外当事者,死亡,対象外当事者,金,その他,40.643534,140.491975,2020-03-13,23:05,red,,,,,,,,,,,,
本票,青森,西,0154,死亡,1,0,30000,対象外,0000,203,夜－夜,曇,市街地－その他,舗装－乾燥,単路－その他,環状交差点以外 環状交差点以外をいう。,施設なし,00,23,00,23,05,9,単路（交差点付近を含む）,規制なし,1,3,人対車両,35～44歳,25～34歳,乗用車－普通車,歩行者,自家用,対象外当事者,乗用車,対象外当事者,指定の速度規制なし等,対象外当事者,10,00,中破,対象外当事者,その他,対象外当事者,その他,対象外当事者,損傷なし,死亡,土,その他,40.531242,141.455731,2020-03-28,00:58,red,,,,,,,,,,,,
本票,青森,岩見沢,0041,死亡,1,0,10040,対象外,0280,207,夜－夜,曇,市街地－その他,舗装－乾燥,交差点－その他,環状交差点以外 環状交差点以外をいう。,施設なし,09,22,00,23,14,2,交差点内,規制なし,4,2,人対車両,25～34歳,65～74歳,乗用車－普通車,歩行者,自家用,対象外当事者,乗用車,対象外当事者,40㎞／ｈ以下,対象外当事者,50,00,中破,対象外当事者,その他,対象外当事者,その他,対象外当事者,損傷なし,死亡,土,その他,40.686185,141.351026,2020-03-21,19:34,red,,,,,,,,,,,,
本票,岩手,中央,0057,死亡,1,2,01060,上,0073,201,昼－暮,雪,非市街地,舗装－積雪,単路－カーブ・屈折,環状交差点以外 環状交差点以外をいう。,施設なし,00,23,00,23,03,1,単路（交差点付近を含む）,規制なし,4,3,車両相互,45～54歳,65～74歳,貨物車－大型車,貨物車－普通車,事業用,自家用,貨物車,貨物車,50㎞／ｈ以下,50㎞／ｈ以下,10,10,小破,大破,その他,その他,その他,その他,負傷,負傷,月,その他,39.664902,141.329498,2020-03-02,16:55,red,,,,,,,,,,,,
本票,岩手,江別,0042,死亡,1,0,30000,対象外,0000,206,昼－昼,曇,市街地－その他,舗装－湿潤,交差点－その他,環状交差点以外 環状交差点以外をいう。,施設なし,09,22,09,22,14,9,交差点内,規制なし,4,2,車両相互,65～74歳,75歳以上,乗用車－普通車,軽車両－自転車,自家用,対象外当事者,乗用車,対象外当事者,40㎞／ｈ以下,対象外当事者,80,10,小破,小破,その他,対象外当事者,その他,対象外当事者,損傷なし,死亡,木,その他,39.285185,141.112950,2020-03-05,10:16,red,,,,,,,,,,,,
本票,岩手,つがる,0013,死亡,1,1,02840,対象外,0000,209,昼－昼,晴,市街地－その他,舗装－乾燥,単路－その他,環状交差点以外 環状交差点以外をいう。,施設なし,00,23,00,23,03,9,単路（交差点付近を含む）,規制なし,4,2,車両相互,45～54歳,55～64歳,貨物車－大型車,乗用車－軽自動車,自家用,自家用,貨物車,乗用車,50㎞／ｈ以下,50㎞／ｈ以下,60,10,中破,大破,その他,装備あり 作動,その他,その他,損傷なし,負傷,水,その他,38.936943,141.430041,2020-03-25,13:36,red,,,,,,,,,,,,
本票,岩手,美唄,0007,死亡,1,0,02830,対象外,0000,208,夜－夜,雨,市街地－その他,舗装－湿潤,交差点－その他,環状交差点以外 環状交差点以外をいう。,点灯－３灯式,09,22,00,23,14,9,交差点内,規制なし,4,2,人対車両,0～24歳,65～74歳,乗用車－軽自動車,歩行者,自家用,対象外当事者,乗用車,対象外当事者,50㎞／ｈ以下,対象外当事者,50,00,小破,対象外当事者,その他,対象外当事者,その他,対象外当事者,損傷なし,死亡,火,その他,39.339553,141.529006,2020-03-10,20:24,red,,,,,,,,,,,,
本票,岩手,砂川,0012,死亡,1,2,10260,対象外,0000,461,昼－昼,晴,非市街地,舗装－乾燥,単路－その他,環状交差点以外 環状交差点以外をいう。,施設なし,00,23,00,23,03,9,その他,規制なし,4,4,車両単独,65～74歳,不明,貨物車－準中型車,物件等,自家用,対象外当事者,貨物車,対象外当事者,40㎞／ｈ以下,対象外当事者,10,00,大破,対象外当事者,その他,対象外当事者,その他,対象外当事者,負傷,対象外当事者,月,その他,39.396274,141.856206,2020-03-16,15:00,red,,,,,,,,,,,,
本票,宮城,千歳,0050,死亡,1,0,00040,下,3381,207,夜－夜,晴,市街地－その他,舗装－乾燥,交差点－その他,環状交差点以外 環状交差点以外をいう。,点灯－３灯式,09,22,00,23,18,9,交差点内,規制なし,5,2,人対車両,35～44歳,55～64歳,乗用車－軽自動車,歩行者,自家用,対象外当事者,乗用車,対象外当事者,指定の速度規制なし等,対象外当事者,18,00,中破,対象外当事者,その他,対象外当事者,その他,対象外当事者,損傷なし,死亡,土,その他,38.144156,140.881533,2020-02-29,21:50,red,,,,,,,,,,,,
本票,宮城,つがる,0013,死亡,1,0,30000,対象外,0000,341,昼－暮,晴,非市街地,舗装－乾燥,単路－その他,環状交差点以外 環状交差点以外をいう。,施設なし,00,23,00,23,01,9,単路（交差点付近を含む）,規制なし,5,4,車両単独,75歳以上,不明,特殊車－小型－農耕作業用,相手なし,対象外当事者,対象外当事者,対象外当事者,対象外当事者,指定の速度規制なし等,対象外当事者,00,00,小破,対象外当事者,対象外当事者,対象外当事者,対象外当事者,対象外当事者,死亡,対象外当事者,木,その他,37.831067,140.830324,2020-03-26,17:00,red,,,,,,,,,,,,
本票,秋田,小樽,0025,死亡,1,0,37000,対象外,0000,201,昼－昼,曇,市街地－人口集中,舗装－乾燥,交差点付近－その他,環状交差点以外 環状交差点以外をいう。,点灯－３灯式,00,23,00,23,05,6,単路（交差点付近を含む）,規制なし,4,2,車両相互,35～44歳,75歳以上,貨物車－準中型車,軽車両－自転車,自家用,対象外当事者,貨物車,対象外当事者,50㎞／ｈ以下,対象外当事者,20,10,小破,小破,その他,対象外当事者,その他,対象外当事者,損傷なし,死亡,月,その他,39.756156,140.092638,2020-03-02,10:11,red,,,,,,,,,,,,
本票,秋田,伊達,0045,死亡,2,1,00130,上,2830,212,昼－昼,晴,非市街地,舗装－乾燥,単路－カーブ・屈折,環状交差点以外 環状交差点以外をいう。,施設なし,00,23,00,23,04,2,単路（交差点付近を含む）,規制なし,4,2,車両相互,55～64歳,55～64歳,乗用車－普通車,乗用車－軽自動車,自家用,自家用,乗用車,乗用車,指定の速度規制なし等,指定の速度規制なし等,40,10,大破,大破,その他,装備あり 作動,その他,その他,死亡,負傷,火,その他,39.640460,140.294659,2020-03-24,12:23,red,,,,,,,,,,,,
本票,山形,白石,0089,死亡,1,0,01120,上,0859,203,昼－昼,曇,非市街地,舗装－乾燥,交差点－その他,環状交差点以外 環状交差点以外をいう。,点灯－押ボタン式,01,22,09,22,14,9,交差点内,規制なし,5,2,車両相互,75歳以上,75歳以上,貨物車－軽自動車,二輪車－自動二輪－原付二種－51～125cc,自家用,自家用,貨物車,対象外当事者,指定の速度規制なし等,指定の速度規制なし等,10,40,小破,小破,その他,対象外当事者,その他,対象外当事者,損傷なし,死亡,金,その他,38.648583,139.846917,2020-03-27,11:17,red,,,,,,,,,,,,
本票,山形,西,0077,死亡,1,0,30000,対象外,0000,204,夜－暮,雨,市街地－その他,舗装－湿潤,単路－その他,環状交差点以外 環状交差点以外をいう。,施設なし,00,23,00,23,04,9,単路（交差点付近を含む）,規制なし,4,2,人対車両,0～24歳,75歳以上,乗用車－軽自動車,歩行者,自家用,対象外当事者,乗用車,対象外当事者,40㎞／ｈ以下,対象外当事者,10,00,小破,対象外当事者,その他,対象外当事者,その他,対象外当事者,損傷なし,死亡,火,その他,38.893278,139.855639,2020-03-17,18:04,red,,,,,,,,,,,,
本票,山形,江別,0034,死亡,1,0,10340,対象外,0000,205,昼－昼,晴,非市街地,舗装－乾燥,単路－カーブ・屈折,環状交差点以外 環状交差点以外をいう。,施設なし,00,23,00,23,03,6,単路（交差点付近を含む）,規制なし,4,2,車両相互,35～44歳,0～24歳,乗用車－普通車,二輪車－自動二輪－軽二輪－126～250cc,自家用,自家用,乗用車,対象外当事者,50㎞／ｈ以下,50㎞／ｈ以下,50,10,中破,大破,装備あり 作動,対象外当事者,その他,対象外当事者,損傷なし,死亡,日,その他,38.750139,140.214667,2020-03-08,13:06,red,,,,,,,,,,,,
本票,福島,高速道路交通警察隊,0010,死亡,1,0,41170,上,0050,204,昼－暮,晴,非市街地,舗装－乾燥,単路－カーブ・屈折,環状交差点以外 環状交差点以外をいう。,施設なし,00,23,00,23,05,3,その他,規制なし,1,4,車両単独,45～54歳,不明,乗用車－普通車,相手なし,自家用,対象外当事者,乗用車,対象外当事者,80㎞／ｈ以下,対象外当事者,10,00,大破,対象外当事者,その他,対象外当事者,その他,対象外当事者,死亡,対象外当事者,火,その他,37.076118,140.791358,2020-03-17,17:44,red,50,東日本高速道路,走行車線－第一通行帯,完全分離－切土,カーブ－1000m以上,平坦－１％以上,,1,法面,該当なし,該当なし,0
本票,福島,千歳,0013,死亡,1,0,30000,対象外,0000,210,昼－昼,曇,非市街地,舗装－湿潤,単路－その他,環状交差点以外 環状交差点以外をいう。,施設なし,00,23,00,23,02,9,単路（交差点付近を含む）,規制なし,5,4,車両単独,75歳以上,不明,乗用車－軽自動車,相手なし,自家用,対象外当事者,乗用車,対象外当事者,指定の速度規制なし等,対象外当事者,20,00,中破,対象外当事者,その他,対象外当事者,その他,対象外当事者,死亡,対象外当事者,木,その他,37.588659,140.500241,2020-03-05,13:00,red,,,,,,,,,,,,
本票,福島,栗山,0104,死亡,1,0,30000,対象外,0000,203,夜－暮,雨,市街地－人口集中,舗装－湿潤,単路－その他,環状交差点以外 環状交差点以外をいう。,施設なし,00,23,00,23,03,9,単路（交差点付近を含む）,規制なし,4,3,人対車両,55～64歳,45～54歳,乗用車－軽自動車,歩行者,自家用,対象外当事者,乗用車,対象外当事者,40㎞／ｈ以下,対象外当事者,50,00,小破,対象外当事者,その他,対象外当事者,その他,対象外当事者,損傷なし,死亡,月,その他,37.391953,140.325930,2020-03-02,18:20,red,,,,,,,,,,,,
本票,福島,つがる,0026,死亡,1,0,10000,対象外,0000,207,夜－夜,曇,市街地－人口集中,舗装－乾燥,交差点付近－その他,環状交差点以外 環状交差点以外をいう。,施設なし,00,23,00,23,05,9,単路（交差点付近を含む）,規制なし,4,2,人対車両,55～64歳,25～34歳,貨物車－大型車,歩行者,事業用,対象外当事者,貨物車,対象外当事者,50㎞／ｈ以下,対象外当事者,50,00,小破,対象外当事者,その他,対象外当事者,その他,対象外当事者,損傷なし,死亡,日,その他,37.289098,140.363814,2020-03-01,03:17,red,,,,,,,,,,,,
本票,福島,岩内,0003,死亡,1,0,01180,対象外,0000,362,昼－昼,雪,非市街地,舗装－湿潤,単路－橋,環状交差点以外 環状交差点以外をいう。,施設なし,00,23,00,23,03,6,単路（交差点付近を含む）,規制なし,4,3,車両単独,65～74歳,不明,貨物車－普通車,物件等,自家用,対象外当事者,貨物車,対象外当事者,指定の速度規制なし等,対象外当事者,80,00,大破,対象外当事者,装備あり 作動,対象外当事者,その他,対象外当事者,損傷なし,対象外当事者,土,その他,37.307936,139.922816,2020-03-14,12:53,red,,,,,,,,,,,,
本票,福島,北,0018,死亡,1,1,20000,対象外,0000,212,昼－昼,曇,非市街地,舗装－乾燥,交差点－その他,環状交差点以外 環状交差点以外をいう。,施設なし,09,22,09,22,15,9,交差点内,規制なし,5,2,車両相互,75歳以上,65～74歳,貨物車－軽自動車,貨物車－軽自動車,自家用,自家用,貨物車,貨物車,50㎞／ｈ以下,50㎞／ｈ以下,71,50,中破,小破,その他,その他,その他,その他,損傷なし,損傷なし,月,その他,37.625352,140.990690,2020-03-09,11:14,red,,,,,,,,,,,,
本票,東京,千歳,0037,死亡,1,0,10020,対象外,0000,102,夜－夜,晴,市街地－人口集中,舗装－乾燥,交差点付近－その他,環状交差点以外 環状交差点以外をいう。,点灯－３灯式,00,23,00,23,06,9,単路（交差点付近を含む）,規制なし,1,2,車両相互,45～54歳,0～24歳,貨物車－大型車,二輪車－自動二輪－原付二種－51～125cc,自家用,自家用,貨物車,対象外当事者,60㎞／ｈ以下,60㎞／ｈ以下,10,30,小破,大破,その他,対象外当事者,その他,対象外当事者,損傷なし,死亡,金,当日,35.666325,139.770796,2020-03-20,23:38,red,,,,,,,,,,,,
本票,東京,北沢,0080,死亡,1,0,30000,対象外,0000,112,昼－昼,晴,市街地－人口集中,舗装－乾燥,交差点－その他,環状交差点以外 環状交差点以外をいう。,施設なし,09,22,09,22,14,9,交差点内,規制なし,4,3,車両相互,45～54歳,45～54歳,貨物車－大型車,軽車両－自転車,自家用,対象外当事者,貨物車,対象外当事者,30㎞／ｈ以下,対象外当事者,70,40,小破,小破,その他,対象外当事者,その他,対象外当事者,損傷なし,死亡,月,その他,35.654984,139.659406,2020-03-09,08:38,red,,,,,,,,,,,,
本票,東京,北沢,0081,死亡,1,0,30000,対象外,0000,112,昼－昼,雨,市街地－人口集中,舗装－湿潤,交差点－その他,環状交差点以外 環状交差点以外をいう。,施設なし,09,22,09,22,15,9,交差点内,規制なし,5,1,車両相互,0～24歳,55～64歳,乗用車－普通車,軽車両－自転車,自家用,対象外当事者,乗用車,対象外当事者,40㎞／ｈ以下,対象外当事者,10,40,小破,大破,その他,対象外当事者,その他,対象外当事者,損傷なし,死亡,火,その他,35.652554,139.639049,2020-03-10,15:40,red,,,,,,,,,,,,
本票,東京,蔵前,0016,死亡,1,0,00060,下,0032,106,夜－夜,曇,市街地－人口集中,舗装－乾燥,単路－その他,環状交差点以外 環状交差点以外をいう。,施設なし,00,23,00,23,05,9,単路（交差点付近を含む）,規制なし,4,2,人対車両,45～54歳,65～74歳,乗用車－普通車,歩行者,自家用,対象外当事者,乗用車,対象外当事者,50㎞／ｈ以下,対象外当事者,10,00,小破,対象外当事者,その他,対象外当事者,その他,対象外当事者,損傷なし,死亡,土,その他,35.704598,139.792551,2020-03-07,02:37,red,,,,,,,,,,,,
本票,東京,南千住,0013,死亡,1,0,10090,対象外,0000,118,夜－夜,晴,市街地－人口集中,舗装－乾燥,単路－その他,環状交差点以外 環状交差点以外をいう。,施設なし,00,23,00,23,06,9,単路（交差点付近を含む）,規制なし,1,1,人対車両,55～64歳,55～64歳,乗用車－普通車,歩行者,自家用,対象外当事者,乗用車,対象外当事者,50㎞／ｈ以下,対象外当事者,10,00,小破,対象外当事者,その他,対象外当事者,その他,対象外当事者,損傷なし,死亡,月,その他,35.731521,139.789449,2020-03-16,21:35,red,,,,,,,,,,,,
本票,東京,葛飾,0036,死亡,1,1,00060,下,0095,122,夜－夜,曇,市街地－人口集中,舗装－湿潤,交差点－その他,環状交差点以外 環状交差点以外をいう。,点灯－３灯式,09,22,00,23,18,9,交差点内,規制なし,5,2,人対車両,65～74歳,0～24歳,貨物車－軽自動車,歩行者,事業用,対象外当事者,貨物車,対象外当事者,60㎞／ｈ以下,対象外当事者,10,00,中破,対象外当事者,その他,対象外当事者,その他,対象外当事者,損傷なし,死亡,土,その他,35.741647,139.841010,2020-03-14,20:46,red,,,,,,,,,,,,
本票,東京,南大沢,0075,死亡,1,0,30000,対象外,0000,201,昼－昼,晴,市街地－人口集中,舗装－乾燥,単路－その他,環状交差点以外 環状交差点以外をいう。,施設なし,00,23,00,23,02,9,単路（交差点付近を含む）,規制なし,5,3,人対車両,55～64歳,65～74歳,貨物車－大型車,歩行者,自家用,対象外当事者,貨物車,対象外当事者,指定の速度規制なし等,対象外当事者,40,00,小破,対象外当事者,その他,対象外当事者,その他,対象外当事者,損傷なし,死亡,月,その他,35.643045,139.319883,2020-03-09,10:30,red,,,,,,,,,,,,
本票,東京,南大沢,0076,死亡,1,0,30000,対象外,0000,209,夜－明,晴,市街地－人口集中,舗装－乾燥,単路－カーブ・屈折,環状交差点以外 環状交差点以外をいう。,施設なし,00,23,00,23,02,6,単路（交差点付近を含む）,規制なし,4,2,車両単独,45～54歳,不明,二輪車－自動二輪－小型二輪－751ｃｃ以上,物件等,自家用,対象外当事者,対象外当事者,対象外当事者,30㎞／ｈ以下,対象外当事者,14,00,大破,対象外当事者,対象外当事者,対象外当事者,対象外当事者,対象外当事者,死亡,対象外当事者,水,その他,35.595876,139.388814,2020-03-18,05:22,red,,,,,,,,,,,,
本票,茨城,砂川,0020,死亡,1,0,01240,対象外,0000,222,夜－夜,曇,市街地－その他,舗装－乾燥,交差点－その他,環状交差点以外 環状交差点以外をいう。,点灯－３灯式,09,22,00,23,18,9,交差点内,規制なし,1,2,人対車両,0～24歳,55～64歳,乗用車－軽自動車,歩行者,自家用,対象外当事者,乗用車,対象外当事者,指定の速度規制なし等,対象外当事者,20,00,小破,対象外当事者,その他,対象外当事者,その他,対象外当事者,損傷なし,死亡,日,その他,35.931631,140.640642,2020-03-01,21:19,red,,,,,,,,,,,,
本票,茨城,小樽,0059,死亡,1,0,03550,対象外,0000,205,昼－昼,晴,非市街地,舗装－乾燥,単路－カーブ・屈折,環状交差点以外 環状交差点以外をいう。,施設なし,00,23,00,23,03,6,単路（交差点付近を含む）,規制なし,4,3,車両相互,45～54歳,0～24歳,貨物車－中型車,二輪車－自動二輪－軽二輪－126～250cc,事業用,自家用,貨物車,対象外当事者,指定の速度規制なし等,指定の速度規制なし等,18,14,小破,大破,その他,対象外当事者,その他,対象外当事者,損傷なし,死亡,水,その他,36.252040,140.280535,2020-03-18,16:32,red,,,,,,,,,,,,
本票,茨城,伊達,0023,死亡,1,0,02940,下,0000,210,夜－暮,晴,非市街地,舗装－乾燥,交差点－その他,環状交差点以外 環状交差点以外をいう。,点灯－３灯式,09,22,09,22,17,9,交差点内,規制なし,1,2,車両相互,55～64歳,65～74歳,貨物車－大型車,貨物車－軽自動車,事業用,自家用,貨物車,貨物車,指定の速度規制なし等,指定の速度規制なし等,10,40,小破,大破,その他,装備あり 作動,その他,その他,損傷なし,死亡,木,その他,36.182851,139.989582,2020-03-05,18:05,red,,,,,,,,,,,,
本票,茨城,門別,0041,死亡,1,0,21300,対象外,0000,235,昼－昼,晴,非市街地,舗装－乾燥,単路－カーブ・屈折,環状交差点以外 環状交差点以外をいう。,施設なし,00,23,00,23,03,3,単路（交差点付近を含む）,規制なし,4,2,車両相互,25～34歳,45～54歳,貨物車－大型車,貨物車－軽自動車,自家用,自家用,貨物車,貨物車,50㎞／ｈ以下,指定の速度規制なし等,10,10,中破,大破,その他,装備あり 作動,その他,その他,損傷なし,死亡,月,その他,35.975409,140.022391,2020-03-09,15:00,red,,,,,,,,,,,,
本票,茨城,門別,0056,死亡,1,0,23570,対象外,0000,211,夜－夜,曇,非市街地,舗装－乾燥,交差点付近－その他,環状交差点以外 環状交差点以外をいう。,点灯－押ボタン式,00,23,00,23,03,9,単路（交差点付近を含む）,規制なし,4,4,人対車両,65～74歳,45～54歳,貨物車－大型車,歩行者,事業用,対象外当事者,貨物車,対象外当事者,50㎞／ｈ以下,対象外当事者,10,00,小破,対象外当事者,その他,対象外当事者,その他,対象外当事者,損傷なし,死亡,土,その他,36.058408,139.981693,2020-03-28,00:14,red,,,,,,,,,,,,
本票,茨城,南,0073,死亡,1,1,10470,対象外,0000,217,夜－夜,曇,市街地－人口集中,舗装－凍結,単路－橋,環状交差点以外 環状交差点以外をいう。,施設なし,00,23,00,23,03,6,単路（交差点付近を含む）,規制なし,4,2,車両単独,35～44歳,不明,貨物車－準中型車,物件等,事業用,対象外当事者,貨物車,対象外当事者,50㎞／ｈ以下,対象外当事者,85,00,中破,対象外当事者,その他,対象外当事者,その他,対象外当事者,負傷,対象外当事者,日,その他,35.926694,140.003922,2020-03-15,04:35,red,,,,,,,,,,,,
本票,茨城,豊平,0111,死亡,1,0,02450,対象外,0000,221,夜－夜,晴,非市街地,舗装－乾燥,交差点－その他,環状交差点以外 環状交差点以外をいう。,点灯－押ボタン式,09,22,00,23,17,9,交差点内,規制なし,1,2,人対車両,75歳以上,45～54歳,乗用車－普通車,歩行者,自家用,対象外当事者,乗用車,対象外当事者,指定の速度規制なし等,対象外当事者,11,00,中破,対象外当事者,その他,対象外当事者,その他,対象外当事者,損傷なし,死亡,土,その他,36.396399,140.580510,2020-03-21,20:19,red,,,,,,,,,,,,
本票,栃木,中央,0073,死亡,1,0,10700,対象外,0000,201,夜－暮,晴,非市街地,舗装－乾燥,単路－その他,環状交差点以外 環状交差点以外をいう。,施設なし,00,23,00,23,03,9,単路（交差点付近を含む）,規制なし,5,2,人対車両,65～74歳,65～74歳,乗用車－普通車,歩行者,自家用,対象外当事者,乗用車,対象外当事者,40㎞／ｈ以下,対象外当事者,10,00,中破,対象外当事者,その他,対象外当事者,その他,対象外当事者,損傷なし,死亡,木,その他,36.592571,139.816139,2020-03-12,18:16,red,,,,,,,,,,,,
本票,群馬,高速道路交通警察隊,0014,死亡,1,0,42010,上,1326,449,夜－夜,雨,非市街地,舗装－湿潤,単路－その他,環状交差点以外 環状交差点以外をいう。,施設なし,00,23,00,23,05,8,単路（交差点付近を含む）,規制なし,1,3,車両相互,35～44歳,0～24歳,貨物車－大型車,乗用車－軽自動車,事業用,自家用,貨物車,乗用車,80㎞／ｈ以下,80㎞／ｈ以下,10,68,中破,大破,その他,装備あり 作動,その他,その他,損傷なし,死亡,火,その他,36.686722,139.005742,2020-03-31,20:59,red,1326,東日本高速道路,追越車線,完全分離－切土,直線,上り・下り－３％以上,,2,該当なし,該当なし,該当なし,0
本票,群馬,江別,0055,死亡,1,0,99000,対象外,0000,210,昼－昼,晴,非市街地,舗装－乾燥,一般交通の場所,環状交差点以外 環状交差点以外をいう。,施設なし,00,23,00,23,00,0,その他,規制なし,0,4,人対車両,45～54歳,65～74歳,乗用車－普通車,歩行者,自家用,対象外当事者,乗用車,対象外当事者,指定の速度規制なし等,対象外当事者,60,00,損壊なし,対象外当事者,その他,対象外当事者,その他,対象外当事者,損傷なし,死亡,土,その他,36.249281,138.917968,2020-03-28,09:44,red,,,,,,,,,,,,