資料区分,都道府県コード,警察署等コード,本票番号,事故内容,死者数,負傷者数,路線コード,上下線,地点コード,市区町村コード,昼夜,天候,地形,路面状態,道路形状,環状交差点の直径,信号機,一時停止規制　標識（当事者A）,一時停止規制　表示（当事者A）,一時停止規制　標識（当事者B）,一時停止規制　表示（当事者B）,車道幅員,道路線形,衝突地点,ゾーン規制,中央分離帯施設等,歩車道区分,事故類型,年齢（当事者A）,年齢（当事者B）,当事者種別（当事者A）,当事者種別（当事者B）,用途別（当事者A）,用途別（当事者B）,車両形状（当事者A）,車両形状（当事者B）,速度規制（指定のみ）（当事者A）,速度規制（指定のみ）（当事者B）,車両の衝突部位（当事者A）,車両の衝突部位（当事者B）,車両の損壊程度（当事者A）,車両の損壊程度（当事者B）,エアバッグの装備（当事者A）,エアバッグの装備（当事者B）,サイドエアバッグの装備（当事者A）,サイドエアバッグの装備（当事者B）,人身損傷程度（当事者A）,人身損傷程度（当事者B）,曜日(発生年月日),祝日(発生年月日),緯度,経度,発生日,発生時,color,発生地点,道路管理者区分,道路区分,道路構造,曲線半径,縦断勾配,トンネル番号,当事者車両台数,車両単独事故の対象物,臨時速度規制の有無,速度規制（臨時のみ）,トンネル延長距離
本票,群馬,美唄,0232,死亡,1,0,24040,対象外,0000,205,夜－夜,曇,市街地－人口集中,舗装－乾燥,交差点－その他,環状交差点以外 環状交差点以外をいう。,施設なし,09,22,00,23,14,9,交差点内,規制なし,4,2,人対車両,55～64歳,75歳以上,乗用車－普通車,歩行者,自家用,対象外当事者,乗用車,対象外当事者,40㎞／ｈ以下,対象外当事者,10,00,中破,対象外当事者,その他,対象外当事者,その他,対象外当事者,損傷なし,死亡,水,その他,36.260581,139.369004,2020-03-04,19:40,red,,,,,,,,,,,,
本票,埼玉,白石,0082,死亡,1,0,39990,対象外,0000,224,夜－暮,晴,市街地－その他,舗装－乾燥,交差点－その他,環状交差点以外 環状交差点以外をいう。,施設なし,01,21,09,21,15,9,交差点内,規制なし,5,3,車両相互,25～34歳,55～64歳,乗用車－普通車,二輪車－原付自転車,自家用,自家用,乗用車,対象外当事者,指定の速度規制なし等,30㎞／ｈ以下,10,42,小破,中破,その他,対象外当事者,その他,対象外当事者,損傷なし,死亡,水,その他,35.815983,139.655726,2020-03-11,18:12,red,,,,,,,,,,,,
本票,埼玉,白石,0083,死亡,1,0,39990,対象外,0000,224,夜－夜,晴,市街地－その他,舗装－乾燥,単路－カーブ・屈折,環状交差点以外 環状交差点以外をいう。,施設なし,00,23,00,23,03,3,単路（交差点付近を含む）,規制なし,4,2,車両単独,35～44歳,不明,二輪車－自動二輪－原付二種－51～125cc,物件等,自家用,対象外当事者,対象外当事者,対象外当事者,40㎞／ｈ以下,対象外当事者,14,00,大破,対象外当事者,対象外当事者,対象外当事者,対象外当事者,対象外当事者,死亡,対象外当事者,木,その他,35.816728,139.682403,2020-03-12,03:19,red,,,,,,,,,,,,
本票,埼玉,西,0163,死亡,1,0,35600,対象外,0000,203,昼－昼,曇,市街地－その他,舗装－乾燥,交差点－その他,環状交差点以外 環状交差点以外をいう。,点灯－３灯式,09,22,00,23,18,2,交差点内,規制なし,5,1,車両単独,0～24歳,不明,二輪車－自動二輪－原付二種－51～125cc,物件等,自家用,対象外当事者,対象外当事者,対象外当事者,40㎞／ｈ以下,対象外当事者,10,00,大破,対象外当事者,対象外当事者,対象外当事者,対象外当事者,対象外当事者,死亡,対象外当事者,土,その他,35.815398,139.708207,2020-03-07,08:28,red,,,,,,,,,,,,
本票,埼玉,東,0133,死亡,1,0,10680,対象外,0000,229,夜－暮,晴,市街地－人口集中,舗装－乾燥,交差点－その他,環状交差点以外 環状交差点以外をいう。,点灯－３灯式,09,22,09,22,18,9,交差点内,規制なし,5,2,車両相互,55～64歳,65～74歳,貨物車－普通車,軽車両－自転車,自家用,対象外当事者,貨物車,対象外当事者,30㎞／ｈ以下,対象外当事者,10,40,小破,大破,その他,対象外当事者,その他,対象外当事者,損傷なし,死亡,金,当日,35.792788,139.634183,2020-03-20,18:10,red,,,,,,,,,,,,
本票,埼玉,東,0137,死亡,1,0,10880,対象外,0000,229,夜－夜,晴,非市街地,舗装－乾燥,交差点－その他,環状交差点以外 環状交差点以外をいう。,施設なし,09,22,01,22,14,9,交差点内,規制なし,4,2,車両相互,45～54歳,45～54歳,貨物車－大型車,二輪車－原付自転車,事業用,自家用,貨物車,対象外当事者,40㎞／ｈ以下,指定の速度規制なし等,80,10,小破,中破,その他,対象外当事者,その他,対象外当事者,損傷なし,死亡,土,その他,35.797169,139.634833,2020-03-21,22:17,red,,,,,,,,,,,,
本票,埼玉,千歳,0089,死亡,1,0,00170,下,0000,102,夜－夜,雨,市街地－その他,舗装－湿潤,単路－その他,環状交差点以外 環状交差点以外をいう。,施設なし,00,23,00,23,05,9,単路（交差点付近を含む）,規制なし,1,1,人対車両,25～34歳,55～64歳,乗用車－普通車,歩行者,自家用,対象外当事者,乗用車,対象外当事者,指定の速度規制なし等,対象外当事者,10,00,小破,対象外当事者,その他,対象外当事者,その他,対象外当事者,損傷なし,死亡,土,その他,35.960843,139.607454,2020-03-07,23:49,red,,,,,,,,,,,,
本票,埼玉,美唄,0153,死亡,1,0,10300,対象外,0000,327,夜－夜,曇,非市街地,舗装－乾燥,単路－その他,環状交差点以外 環状交差点以外をいう。,施設なし,00,23,00,23,03,9,単路（交差点付近を含む）,規制なし,4,1,車両単独,65～74歳,不明,貨物車－軽自動車,物件等,自家用,対象外当事者,貨物車,対象外当事者,30㎞／ｈ以下,対象外当事者,10,00,中破,対象外当事者,その他,対象外当事者,その他,対象外当事者,死亡,対象外当事者,月,その他,35.953072,139.306419,2020-03-30,00:00,red,,,,,,,,,,,,
本票,埼玉,倶知安,0130,死亡,1,0,22630,対象外,0000,202,夜－暮,曇,市街地－その他,舗装－乾燥,単路－その他,環状交差点以外 環状交差点以外をいう。,施設なし,00,23,00,23,03,9,単路（交差点付近を含む）,規制なし,4,2,車両相互,65～74歳,35～44歳,貨物車－軽自動車,二輪車－自動二輪－小型二輪－751ｃｃ以上,自家用,自家用,貨物車,対象外当事者,40㎞／ｈ以下,40㎞／ｈ以下,60,21,小破,中破,その他,対象外当事者,その他,対象外当事者,損傷なし,死亡,日,その他,36.200554,139.396149,2020-03-15,17:55,red,,,,,,,,,,,,
本票,埼玉,伊達,0030,死亡,1,0,39990,対象外,0000,218,昼－昼,晴,市街地－その他,舗装－乾燥,単路－その他,環状交差点以外 環状交差点以外をいう。,施設なし,00,23,00,23,02,9,単路（交差点付近を含む）,規制なし,5,4,人対車両,55～64歳,0～24歳,特殊車－大型－その他,歩行者,対象外当事者,対象外当事者,対象外当事者,対象外当事者,指定の速度規制なし等,対象外当事者,00,00,損壊なし,対象外当事者,対象外当事者,対象外当事者,対象外当事者,対象外当事者,損傷なし,死亡,金,その他,36.107901,139.274423,2020-02-28,07:30,red,,,,,,,,,,,,
本票,埼玉,南,0188,死亡,1,0,21610,対象外,0000,222,昼－昼,曇,市街地－その他,舗装－乾燥,単路－カーブ・屈折,環状交差点以外 環状交差点以外をいう。,施設なし,00,23,00,23,03,3,単路（交差点付近を含む）,規制なし,4,2,車両単独,55～64歳,不明,貨物車－普通車,物件等,自家用,対象外当事者,貨物車,対象外当事者,40㎞／ｈ以下,対象外当事者,85,00,大破,対象外当事者,その他,対象外当事者,その他,対象外当事者,死亡,対象外当事者,月,その他,35.862053,139.774165,2020-03-23,11:41,red,,,,,,,,,,,,
本票,埼玉,南,0204,死亡,1,2,00041,下,0000,222,夜－夜,晴,市街地－その他,舗装－乾燥,単路－その他,環状交差点以外 環状交差点以外をいう。,点灯－３灯式,00,23,00,23,05,9,単路（交差点付近を含む）,規制なし,1,2,車両相互,0～24歳,75歳以上,貨物車－中型車,貨物車－軽自動車,事業用,自家用,貨物車,貨物車,指定の速度規制なし等,指定の速度規制なし等,10,31,大破,大破,その他,その他,その他,その他,損傷なし,死亡,火,その他,35.947867,139.793770,2020-03-31,01:07,red,,,,,,,,,,,,
本票,埼玉,手稲,0119,死亡,1,0,02980,上,0000,237,夜－夜,晴,市街地－その他,舗装－乾燥,交差点－その他,環状交差点以外 環状交差点以外をいう。,点灯－３灯式,09,22,09,22,18,9,交差点内,規制なし,5,1,車両相互,25～34歳,75歳以上,乗用車－普通車,軽車両－自転車,自家用,対象外当事者,乗用車,対象外当事者,指定の速度規制なし等,対象外当事者,10,40,小破,小破,その他,対象外当事者,その他,対象外当事者,損傷なし,死亡,金,その他,35.792988,139.879219,2020-03-06,20:45,red,,,,,,,,,,,,
本票,埼玉,上尾,0194,死亡,1,0,39990,対象外,0000,219,夜－暮,晴,市街地－その他,舗装－乾燥,交差点－その他,環状交差点以外 環状交差点以外をいう。,点灯－３灯式,09,22,00,23,15,9,交差点内,規制なし,4,2,人対車両,55～64歳,75歳以上,貨物車－軽自動車,歩行者,自家用,対象外当事者,貨物車,対象外当事者,40㎞／ｈ以下,対象外当事者,10,00,小破,対象外当事者,その他,対象外当事者,その他,対象外当事者,損傷なし,死亡,木,その他,35.984356,139.590256,2020-03-05,18:06,red,,,,,,,,,,,,
本票,千葉,高速道路交通警察隊,0038,死亡,2,0,50140,下,0000,410,昼－昼,曇,市街地－その他,舗装－乾燥,単路－カーブ・屈折,環状交差点以外 環状交差点以外をいう。,施設なし,00,23,00,23,03,5,単路（交差点付近を含む）,規制なし,1,4,車両単独,35～44歳,不明,乗用車－普通車,物件等,自家用,対象外当事者,乗用車,対象外当事者,40㎞／ｈ以下,対象外当事者,74,00,大破,対象外当事者,装備あり 作動,対象外当事者,その他,対象外当事者,死亡,対象外当事者,日,その他,35.670740,140.493254,2020-03-15,12:00,red,53,地方道路公社,走行車線－第一通行帯,完全分離－その他,カーブ－700m以上,上り・下り－３％以上,,2,防護柵－ガードレール,該当なし,該当なし,0
本票,千葉,岩見沢,0146,死亡,1,0,10050,対象外,0000,207,夜－夜,晴,市街地－人口集中,舗装－乾燥,交差点付近－その他,環状交差点以外 環状交差点以外をいう。,施設なし,00,23,00,23,03,9,単路（交差点付近を含む）,規制なし,4,2,人対車両,55～64歳,0～24歳,貨物車－準中型車,歩行者,自家用,対象外当事者,貨物車,対象外当事者,40㎞／ｈ以下,対象外当事者,80,00,中破,対象外当事者,その他,対象外当事者,その他,対象外当事者,損傷なし,死亡,月,その他,35.784205,139.897397,2020-03-09,04:28,red,,,,,,,,,,,,
本票,千葉,栗山,0064,死亡,1,0,10070,対象外,0000,208,夜－暮,雨,市街地－人口集中,舗装－湿潤,単路－その他,環状交差点以外 環状交差点以外をいう。,施設なし,00,23,00,23,02,9,単路（交差点付近を含む）,規制なし,5,3,人対車両,45～54歳,65～74歳,乗用車－普通車,歩行者,自家用,対象外当事者,乗用車,対象外当事者,40㎞／ｈ以下,対象外当事者,10,00,中破,対象外当事者,その他,対象外当事者,その他,対象外当事者,損傷なし,死亡,火,その他,36.048324,139.822042,2020-03-10,18:10,red,,,,,,,,,,,,
本票,千葉,美唄,0134,死亡,1,0,30000,対象外,0000,211,夜－夜,晴,市街地－人口集中,舗装－乾燥,単路－その他,環状交差点以外 環状交差点以外をいう。,施設なし,00,23,00,23,03,9,単路（交差点付近を含む）,規制なし,4,3,車両相互,0～24歳,65～74歳,乗用車－軽自動車,貨物車－軽自動車,自家用,自家用,乗用車,貨物車,40㎞／ｈ以下,40㎞／ｈ以下,50,50,小破,小破,その他,その他,装備あり 作動,その他,損傷なし,死亡,水,その他,35.795591,140.397273,2020-03-11,18:47,red,,,,,,,,,,,,
本票,千葉,美唄,0143,死亡,1,0,10630,対象外,0000,211,昼－昼,晴,非市街地,舗装－乾燥,単路－カーブ・屈折,環状交差点以外 環状交差点以外をいう。,施設なし,00,23,00,23,03,3,単路（交差点付近を含む）,規制なし,4,3,車両単独,55～64歳,不明,乗用車－普通車,物件等,自家用,対象外当事者,乗用車,対象外当事者,指定の速度規制なし等,対象外当事者,10,00,大破,対象外当事者,装備あり 作動,対象外当事者,その他,対象外当事者,損傷なし,対象外当事者,火,その他,35.814834,140.333611,2020-03-17,12:42,red,,,,,,,,,,,,
本票,千葉,伊達,0082,死亡,1,0,30000,対象外,0000,422,昼－昼,晴,非市街地,舗装－乾燥,単路－その他,環状交差点以外 環状交差点以外をいう。,施設なし,00,23,00,23,01,8,その他,規制なし,5,4,車両単独,75歳以上,不明,乗用車－軽自動車,相手なし,自家用,対象外当事者,乗用車,対象外当事者,指定の速度規制なし等,対象外当事者,10,00,小破,対象外当事者,その他,対象外当事者,その他,対象外当事者,死亡,対象外当事者,月,その他,35.349601,140.298929,2020-03-16,15:34,red,,,,,,,,,,,,
本票,千葉,大宮西,0069,死亡,1,0,30000,対象外,0000,222,夜－夜,曇,非市街地,舗装－乾燥,単路－その他,環状交差点以外 環状交差点以外をいう。,施設なし,00,23,00,23,03,9,単路（交差点付近を含む）,規制なし,4,2,車両相互,65～74歳,65～74歳,乗用車－軽自動車,軽車両－自転車,自家用,対象外当事者,乗用車,対象外当事者,40㎞／ｈ以下,対象外当事者,10,30,中破,大破,その他,対象外当事者,その他,対象外当事者,損傷なし,死亡,月,その他,35.858272,140.051071,2020-03-23,19:22,red,,,,,,,,,,,,
本票,千葉,浦和東,0084,死亡,1,0,30000,対象外,0000,207,昼－昼,晴,市街地－その他,舗装－乾燥,交差点－その他,環状交差点以外 環状交差点以外をいう。,施設なし,09,22,09,22,15,9,交差点内,規制なし,4,2,車両相互,35～44歳,65～74歳,乗用車－普通車,二輪車－原付自転車,自家用,自家用,乗用車,対象外当事者,40㎞／ｈ以下,指定の速度規制なし等,40,10,小破,中破,その他,対象外当事者,その他,対象外当事者,損傷なし,死亡,月,その他,35.812853,139.940032,2020-03-30,07:40,red,,,,,,,,,,,,
本票,神奈川,浦和西,0095,死亡,1,0,10210,対象外,0000,105,夜－夜,晴,市街地－人口集中,舗装－乾燥,単路－その他,環状交差点以外 環状交差点以外をいう。,施設なし,00,23,00,23,05,9,単路（交差点付近を含む）,規制なし,4,2,人対車両,25～34歳,不明,歩行者,対象外当事者,対象外当事者,対象外当事者,対象外当事者,対象外当事者,対象外当事者,対象外当事者,00,00,対象外当事者,対象外当事者,対象外当事者,対象外当事者,対象外当事者,対象外当事者,死亡,対象外当事者,火,その他,35.417771,139.599203,2020-03-24,01:19,red,,,,,,,,,,,,
本票,神奈川,浦和東,0082,死亡,1,0,30000,対象外,0000,102,夜－夜,曇,市街地－その他,舗装－湿潤,交差点－その他,環状交差点以外 環状交差点以外をいう。,施設なし,09,22,00,23,15,9,交差点内,規制なし,4,2,人対車両,25～34歳,65～74歳,貨物車－軽自動車,歩行者,事業用,対象外当事者,貨物車,対象外当事者,40㎞／ｈ以下,対象外当事者,80,00,小破,対象外当事者,その他,対象外当事者,その他,対象外当事者,損傷なし,死亡,金,その他,35.495857,139.584733,2020-03-06,23:54,red,,,,,,,,,,,,
本票,神奈川,大宮東,0092,死亡,1,0,21400,対象外,0000,101,昼－昼,雨,市街地－人口集中,舗装－湿潤,単路－カーブ・屈折,環状交差点以外 環状交差点以外をいう。,施設なし,00,23,00,23,05,3,単路（交差点付近を含む）,規制なし,4,2,車両相互,45～54歳,35～44歳,貨物車－大型車,二輪車－自動二輪－原付二種－51～125cc,事業用,自家用,貨物車,対象外当事者,50㎞／ｈ以下,50㎞／ｈ以下,40,10,小破,小破,その他,対象外当事者,その他,対象外当事者,損傷なし,死亡,月,その他,35.531888,139.656456,2020-03-02,16:19,red,,,,,,,,,,,,
本票,神奈川,千葉北,0052,死亡,1,0,30000,対象外,0000,113,夜－夜,晴,市街地－人口集中,舗装－乾燥,踏切－第一種,環状交差点以外 環状交差点以外をいう。,施設なし,00,23,00,23,03,9,その他,規制なし,5,3,列車,25～34歳,35～44歳,列車,歩行者,対象外当事者,対象外当事者,対象外当事者,対象外当事者,対象外当事者,対象外当事者,00,00,小破,対象外当事者,対象外当事者,対象外当事者,対象外当事者,対象外当事者,損傷なし,死亡,木,その他,35.524350,139.520888,2020-03-05,21:56,red,,,,,,,,,,,,
本票,神奈川,千葉北,0058,死亡,1,0,02460,下,0327,113,昼－昼,晴,市街地－人口集中,舗装－乾燥,単路－その他,環状交差点以外 環状交差点以外をいう。,施設なし,00,23,00,23,05,8,単路（交差点付近を含む）,規制なし,1,1,車両相互,45～54歳,35～44歳,貨物車－中型車,二輪車－原付自転車,事業用,自家用,貨物車,対象外当事者,50㎞／ｈ以下,30㎞／ｈ以下,60,10,小破,大破,その他,対象外当事者,その他,対象外当事者,損傷なし,死亡,水,その他,35.513381,139.479550,2020-03-11,09:40,red,,,,,,,,,,,,
本票,神奈川,港北,0103,死亡,1,0,10120,対象外,0000,109,夜－明,晴,市街地－その他,舗装－乾燥,交差点付近－その他,環状交差点以外 環状交差点以外をいう。,施設なし,00,23,00,23,04,9,単路（交差点付近を含む）,規制なし,4,1,人対車両,65～74歳,65～74歳,乗用車－軽自動車,歩行者,自家用,対象外当事者,乗用車,対象外当事者,40㎞／ｈ以下,対象外当事者,81,00,小破,対象外当事者,その他,対象外当事者,その他,対象外当事者,損傷なし,死亡,金,その他,35.496469,139.617589,2020-03-13,05:22,red,,,,,,,,,,,,
本票,神奈川,浦賀,0081,死亡,1,0,00160,上,0032,201,昼－昼,雨,市街地－人口集中,舗装－湿潤,単路－その他,環状交差点以外 環状交差点以外をいう。,施設なし,00,23,00,23,05,9,単路（交差点付近を含む）,規制なし,1,2,車両単独,0～24歳,不明,二輪車－自動二輪－原付二種－51～125cc,相手なし,自家用,対象外当事者,対象外当事者,対象外当事者,50㎞／ｈ以下,対象外当事者,40,00,小破,対象外当事者,対象外当事者,対象外当事者,対象外当事者,対象外当事者,死亡,対象外当事者,月,その他,35.263593,139.708720,2020-03-02,14:33,red,,,,,,,,,,,,
本票,神奈川,葉山,0021,死亡,1,0,01340,対象外,0000,301,夜－夜,曇,市街地－その他,舗装－乾燥,単路－カーブ・屈折,環状交差点以外 環状交差点以外をいう。,施設なし,00,23,00,23,03,6,単路（交差点付近を含む）,規制なし,4,2,車両相互,35～44歳,45～54歳,乗用車－軽自動車,二輪車－自動二輪－軽二輪－126～250cc,自家用,自家用,乗用車,対象外当事者,40㎞／ｈ以下,40㎞／ｈ以下,80,10,中破,中破,その他,対象外当事者,その他,対象外当事者,損傷なし,死亡,日,その他,35.280489,139.579874,2020-03-29,21:15,red,,,,,,,,,,,,
本票,神奈川,鎌倉,0053,死亡,1,0,23040,対象外,0000,204,夜－夜,雨,市街地－人口集中,舗装－湿潤,単路－その他,環状交差点以外 環状交差点以外をいう。,施設なし,00,23,00,23,03,9,単路（交差点付近を含む）,規制なし,4,2,人対車両,35～44歳,75歳以上,乗用車－普通車,歩行者,自家用,対象外当事者,乗用車,対象外当事者,40㎞／ｈ以下,対象外当事者,80,00,損壊なし,対象外当事者,その他,対象外当事者,その他,対象外当事者,損傷なし,死亡,土,その他,35.311470,139.497974,2020-02-29,22:18,red,,,,,,,,,,,,
本票,神奈川,小田原,0113,死亡,1,0,30000,対象外,0000,206,夜－夜,雨,非市街地,舗装－湿潤,単路－カーブ・屈折,環状交差点以外 環状交差点以外をいう。,施設なし,00,23,00,23,01,1,その他,規制なし,5,4,車両単独,75歳以上,不明,特殊車－小型－農耕作業用,相手なし,対象外当事者,対象外当事者,対象外当事者,対象外当事者,指定の速度規制なし等,対象外当事者,10,00,小破,対象外当事者,対象外当事者,対象外当事者,対象外当事者,対象外当事者,死亡,対象外当事者,水,その他,35.307791,139.220767,2020-03-04,20:05,red,,,,,,,,,,,,
本票,神奈川,小田原,0119,死亡,1,0,27110,対象外,0000,206,夜－夜,曇,市街地－人口集中,舗装－乾燥,交差点－その他,環状交差点以外 環状交差点以外をいう。,施設なし,08,22,09,22,15,9,交差点内,規制なし,4,2,車両相互,35～44歳,25～34歳,乗用車－普通車,二輪車－自動二輪－原付二種－51～125cc,自家用,自家用,乗用車,対象外当事者,40㎞／ｈ以下,40㎞／ｈ以下,10,10,中破,大破,その他,対象外当事者,その他,対象外当事者,損傷なし,死亡,木,その他,35.283881,139.165095,2020-03-05,19:40,red,,,,,,,,,,,,
本票,神奈川,小田原,0145,死亡,1,0,30001,対象外,0000,384,夜－暮,晴,市街地－人口集中,舗装－乾燥,単路－その他,環状交差点以外 環状交差点以外をいう。,施設なし,00,23,00,23,02,9,単路（交差点付近を含む）,規制なし,4,1,人対車両,55～64歳,75歳以上,乗用車－軽自動車,歩行者,自家用,対象外当事者,乗用車,対象外当事者,30㎞／ｈ以下,対象外当事者,10,00,小破,対象外当事者,その他,対象外当事者,その他,対象外当事者,損傷なし,死亡,火,その他,35.149625,139.111402,2020-03-17,18:44,red,,,,,,,,,,,,
本票,神奈川,小田原,0151,死亡,1,0,30001,対象外,0000,383,昼－昼,晴,市街地－人口集中,舗装－乾燥,単路－その他,環状交差点以外 環状交差点以外をいう。,施設なし,00,23,00,23,03,9,単路（交差点付近を含む）,規制なし,4,4,人対車両,65～74歳,75歳以上,乗用車－普通車,歩行者,自家用,対象外当事者,乗用車,対象外当事者,30㎞／ｈ以下,対象外当事者,10,00,小破,対象外当事者,その他,対象外当事者,その他,対象外当事者,損傷なし,死亡,水,その他,35.158594,139.136917,2020-03-18,16:05,red,,,,,,,,,,,,
本票,神奈川,大和,0259,死亡,1,0,02460,下,0354,213,夜－夜,晴,市街地－人口集中,舗装－乾燥,単路－その他,環状交差点以外 環状交差点以外をいう。,施設なし,00,23,00,23,04,8,単路（交差点付近を含む）,規制なし,1,4,車両相互,35～44歳,0～24歳,乗用車－普通車,二輪車－自動二輪－小型二輪－751ｃｃ以上,自家用,自家用,乗用車,対象外当事者,60㎞／ｈ以下,60㎞／ｈ以下,00,20,損壊なし,中破,その他,対象外当事者,その他,対象外当事者,損傷なし,死亡,月,その他,35.483009,139.455225,2020-03-30,19:38,red,,,,,,,,,,,,
本票,神奈川,津久井,0037,死亡,1,1,80000,対象外,0000,151,昼－昼,晴,非市街地,舗装－乾燥,単路－カーブ・屈折,環状交差点以外 環状交差点以外をいう。,施設なし,00,23,00,23,03,3,単路（交差点付近を含む）,規制なし,4,1,車両単独,0～24歳,不明,二輪車－自動二輪－軽二輪－126～250cc,相手なし,自家用,対象外当事者,対象外当事者,対象外当事者,指定の速度規制なし等,対象外当事者,10,00,小破,対象外当事者,対象外当事者,対象外当事者,対象外当事者,対象外当事者,死亡,対象外当事者,水,その他,35.544899,139.247096,2020-03-18,12:52,red,,,,,,,,,,,,
本票,神奈川,相模原南,0178,死亡,1,0,30000,対象外,0000,153,昼－昼,晴,非市街地,舗装－乾燥,交差点－その他,環状交差点以外 環状交差点以外をいう。,施設なし,09,22,09,22,11,9,交差点内,規制なし,5,4,車両相互,35～44歳,65～74歳,貨物車－軽自動車,二輪車－原付自転車,自家用,自家用,貨物車,対象外当事者,指定の速度規制なし等,指定の速度規制なし等,50,40,中破,大破,その他,対象外当事者,その他,対象外当事者,損傷なし,死亡,日,その他,35.521981,139.375166,2020-03-15,08:54,red,,,,,,,,,,,,
本票,神奈川,海老名,0061,死亡,1,0,30000,対象外,0000,215,昼－昼,晴,市街地－人口集中,舗装－乾燥,単路－その他,環状交差点以外 環状交差点以外をいう。,施設なし,00,23,00,23,02,9,単路（交差点付近を含む）,規制なし,5,4,車両単独,55～64歳,不明,貨物車－軽自動車,物件等,自家用,対象外当事者,貨物車,対象外当事者,指定の速度規制なし等,対象外当事者,80,00,中破,対象外当事者,その他,対象外当事者,その他,対象外当事者,死亡,対象外当事者,土,その他,35.467102,139.433453,2020-03-21,09:03,red,,,,,,,,,,,,
本票,新潟,西,0048,死亡,1,0,37340,対象外,0000,107,夜－夜,晴,市街地－人口集中,舗装－乾燥,交差点付近－その他,環状交差点以外 環状交差点以外をいう。,施設なし,00,23,00,23,04,9,単路（交差点付近を含む）,規制なし,4,2,人対車両,35～44歳,75歳以上,乗用車－軽自動車,歩行者,自家用,対象外当事者,乗用車,対象外当事者,40㎞／ｈ以下,対象外当事者,10,00,小破,対象外当事者,その他,対象外当事者,その他,対象外当事者,損傷なし,死亡,日,その他,37.890508,139.001986,2020-03-08,18:48,red,,,,,,,,,,,,
本票,新潟,栗山,0012,死亡,1,0,14270,対象外,0000,223,昼－昼,晴,市街地－その他,舗装－乾燥,交差点付近－その他,環状交差点以外 環状交差点以外をいう。,施設なし,00,23,00,23,04,9,単路（交差点付近を含む）,規制なし,4,2,人対車両,25～34歳,75歳以上,乗用車－軽自動車,歩行者,自家用,対象外当事者,乗用車,対象外当事者,50㎞／ｈ以下,対象外当事者,80,00,小破,対象外当事者,その他,対象外当事者,その他,対象外当事者,損傷なし,死亡,火,その他,37.842097,139.185739,2020-03-31,07:27,red,,,,,,,,,,,,
本票,新潟,浦河,0013,死亡,1,0,70000,対象外,0000,205,夜－明,曇,非市街地,舗装－乾燥,踏切－第一種,環状交差点以外 環状交差点以外をいう。,施設なし,00,23,00,23,03,9,その他,規制なし,5,4,列車,45～54歳,0～24歳,列車,歩行者,対象外当事者,対象外当事者,対象外当事者,対象外当事者,対象外当事者,対象外当事者,10,00,損壊なし,対象外当事者,対象外当事者,対象外当事者,対象外当事者,対象外当事者,損傷なし,死亡,金,その他,37.354375,138.593594,2020-02-28,05:42,red,,,,,,,,,,,,
本票,新潟,浦河,0019,死亡,1,0,37740,対象外,0000,205,昼－昼,曇,市街地－その他,舗装－乾燥,交差点－その他,環状交差点以外 環状交差点以外をいう。,点灯－３灯式,09,22,00,23,15,9,交差点内,規制なし,5,2,人対車両,35～44歳,65～74歳,乗用車－普通車,歩行者,自家用,対象外当事者,乗用車,対象外当事者,40㎞／ｈ以下,対象外当事者,80,00,小破,対象外当事者,その他,対象外当事者,その他,対象外当事者,損傷なし,死亡,月,その他,37.357233,138.580289,2020-03-16,16:12,red,,,,,,,,,,,,
本票,山梨,岩見沢,0006,死亡,1,0,30000,対象外,0000,366,夜－夜,雨,非市街地,舗装－湿潤,交差点付近－その他,環状交差点以外 環状交差点以外をいう。,施設なし,00,23,00,23,03,9,単路（交差点付近を含む）,規制なし,4,2,人対車両,45～54歳,55～64歳,乗用車－普通車,歩行者,自家用,対象外当事者,乗用車,対象外当事者,40㎞／ｈ以下,対象外当事者,50,00,小破,対象外当事者,その他,対象外当事者,その他,対象外当事者,損傷なし,死亡,日,その他,35.285562,138.456673,2020-03-29,01:00,red,,,,,,,,,,,,
本票,山梨,つがる,0037,死亡,1,0,01370,対象外,0000,211,夜－夜,晴,市街地－その他,舗装－乾燥,交差点－その他,環状交差点以外 環状交差点以外をいう。,点灯－３灯式,09,22,09,22,15,9,交差点内,規制なし,5,2,車両相互,25～34歳,45～54歳,乗用車－普通車,乗用車－軽自動車,自家用,自家用,乗用車,乗用車,40㎞／ｈ以下,40㎞／ｈ以下,50,20,小破,中破,その他,その他,その他,その他,損傷なし,死亡,土,その他,35.616114,138.693338,2020-03-07,19:20,red,,,,,,,,,,,,
本票,山梨,野辺地,0015,死亡,1,0,25270,対象外,0000,205,夜－夜,曇,市街地－その他,舗装－湿潤,単路－カーブ・屈折,環状交差点以外 環状交差点以外をいう。,施設なし,00,23,00,23,03,2,単路（交差点付近を含む）,規制なし,4,2,人対車両,25～34歳,65～74歳,乗用車－軽自動車,歩行者,自家用,対象外当事者,乗用車,対象外当事者,指定の速度規制なし等,対象外当事者,50,00,小破,対象外当事者,その他,対象外当事者,その他,対象外当事者,損傷なし,死亡,土,その他,35.744736,138.700282,2020-03-14,20:35,red,,,,,,,,,,,,
本票,長野,手稲,0031,死亡,1,0,23010,対象外,0000,215,夜－夜,晴,市街地－その他,舗装－乾燥,交差点－その他,環状交差点以外 環状交差点以外をいう。,施設なし,09,22,00,23,14,9,交差点内,規制なし,4,2,人対車両,45～54歳,65～74歳,貨物車－軽自動車,歩行者,自家用,対象外当事者,貨物車,対象外当事者,40㎞／ｈ以下,対象外当事者,10,00,小破,対象外当事者,その他,対象外当事者,その他,対象外当事者,損傷なし,死亡,金,その他,36.110869,137.958419,2020-03-06,04:20,red,,,,,,,,,,,,