資料区分,都道府県コード,警察署等コード,本票番号,事故内容,死者数,負傷者数,路線コード,上下線,地点コード,市区町村コード,昼夜,天候,地形,路面状態,道路形状,環状交差点の直径,信号機,一時停止規制　標識（当事者A）,一時停止規制　表示（当事者A）,一時停止規制　標識（当事者B）,一時停止規制　表示（当事者B）,車道幅員,道路線形,衝突地点,ゾーン規制,中央分離帯施設等,歩車道区分,事故類型,年齢（当事者A）,年齢（当事者B）,当事者種別（当事者A）,当事者種別（当事者B）,用途別（当事者A）,用途別（当事者B）,車両形状（当事者A）,車両形状（当事者B）,速度規制（指定のみ）（当事者A）,速度規制（指定のみ）（当事者B）,車両の衝突部位（当事者A）,車両の衝突部位（当事者B）,車両の損壊程度（当事者A）,車両の損壊程度（当事者B）,エアバッグの装備（当事者A）,エアバッグの装備（当事者B）,サイドエアバッグの装備（当事者A）,サイドエアバッグの装備（当事者B）,人身損傷程度（当事者A）,人身損傷程度（当事者B）,曜日(発生年月日),祝日(発生年月日),緯度,経度,発生日,発生時,color,発生地点,道路管理者区分,道路区分,道路構造,曲線半径,縦断勾配,トンネル番号,当事者車両台数,車両単独事故の対象物,臨時速度規制の有無,速度規制（臨時のみ）,トンネル延長距離
本票,長野,手稲,0044,死亡,1,0,00200,下,0000,215,夜－暮,晴,非市街地,舗装－乾燥,交差点付近－その他,環状交差点以外 環状交差点以外をいう。,施設なし,00,23,00,23,06,8,単路（交差点付近を含む）,規制なし,4,2,人対車両,45～54歳,75歳以上,乗用車－軽自動車,歩行者,自家用,対象外当事者,乗用車,対象外当事者,50㎞／ｈ以下,対象外当事者,80,00,小破,対象外当事者,その他,対象外当事者,その他,対象外当事者,損傷なし,死亡,日,その他,36.093388,138.018283,2020-03-22,18:50,red,,,,,,,,,,,,
本票,長野,東入間,0060,死亡,1,0,23190,対象外,0000,220,昼－昼,晴,非市街地,舗装－乾燥,単路－その他,環状交差点以外 環状交差点以外をいう。,施設なし,00,23,00,23,03,9,その他,規制なし,4,3,車両単独,75歳以上,不明,軽車両－駆動補助機付自転車,相手なし,対象外当事者,対象外当事者,対象外当事者,対象外当事者,対象外当事者,対象外当事者,40,00,小破,対象外当事者,対象外当事者,対象外当事者,対象外当事者,対象外当事者,死亡,対象外当事者,火,その他,36.255527,137.887525,2020-03-17,15:25,red,,,,,,,,,,,,
本票,静岡,高速道路交通警察隊,0066,死亡,1,0,42720,下,0000,212,昼－暮,晴,非市街地,舗装－乾燥,単路－トンネル,環状交差点以外 環状交差点以外をいう。,施設なし,00,23,00,23,04,9,単路（交差点付近を含む）,規制なし,1,3,車両相互,35～44歳,45～54歳,貨物車－大型車,二輪車－自動二輪－小型二輪－751ｃｃ以上,事業用,自家用,貨物車,対象外当事者,80㎞／ｈ以下,80㎞／ｈ以下,60,10,小破,大破,その他,対象外当事者,その他,対象外当事者,損傷なし,死亡,土,その他,34.899365,138.336225,2020-03-21,17:32,red,1692,中日本高速道路,走行車線－第二通行帯以上,完全分離－トンネル,直線,平坦－１％未満,田山,2,該当なし,該当なし,該当なし,2045
本票,静岡,仙台中央,0073,死亡,1,0,10870,対象外,0000,342,夜－夜,雨,市街地－人口集中,舗装－湿潤,交差点－その他,環状交差点以外 環状交差点以外をいう。,施設なし,09,22,00,23,14,9,交差点内,規制なし,4,2,車両単独,0～24歳,不明,二輪車－原付自転車,物件等,自家用,対象外当事者,対象外当事者,対象外当事者,指定の速度規制なし等,対象外当事者,40,00,中破,対象外当事者,対象外当事者,対象外当事者,対象外当事者,対象外当事者,死亡,対象外当事者,土,その他,35.123516,138.889936,2020-02-29,18:59,red,,,,,,,,,,,,
本票,静岡,中央,0054,死亡,1,0,37000,対象外,0000,304,昼－昼,晴,非市街地,舗装－乾燥,単路－その他,環状交差点以外 環状交差点以外をいう。,施設なし,00,23,00,23,01,9,単路（交差点付近を含む）,規制なし,5,4,人対車両,25～34歳,75歳以上,乗用車－普通車,歩行者,自家用,対象外当事者,乗用車,対象外当事者,指定の速度規制なし等,対象外当事者,30,00,小破,対象外当事者,その他,対象外当事者,その他,対象外当事者,損傷なし,死亡,木,前日,34.626238,138.876717,2020-03-19,10:42,red,,,,,,,,,,,,
本票,静岡,江別,0036,死亡,1,0,01350,対象外,0000,208,夜－明,曇,非市街地,舗装－湿潤,単路－カーブ・屈折,環状交差点以外 環状交差点以外をいう。,施設なし,00,23,00,23,03,3,その他,規制なし,3,3,車両単独,55～64歳,不明,貨物車－軽自動車,相手なし,自家用,対象外当事者,貨物車,対象外当事者,50㎞／ｈ以下,対象外当事者,10,00,中破,対象外当事者,その他,対象外当事者,その他,対象外当事者,死亡,対象外当事者,土,その他,34.928304,139.128389,2020-02-15,06:30,red,,,,,,,,,,,,
本票,静岡,栗山,0054,死亡,1,0,02460,下,1014,215,夜－夜,晴,市街地－人口集中,舗装－乾燥,交差点付近－その他,環状交差点以外 環状交差点以外をいう。,点灯－３灯式,00,23,00,23,05,9,単路（交差点付近を含む）,規制なし,5,2,車両単独,25～34歳,不明,軽車両－自転車,相手なし,対象外当事者,対象外当事者,対象外当事者,対象外当事者,対象外当事者,対象外当事者,40,00,小破,対象外当事者,対象外当事者,対象外当事者,対象外当事者,対象外当事者,死亡,対象外当事者,金,その他,35.309557,138.926178,2020-02-07,03:46,red,,,,,,,,,,,,
本票,静岡,野辺地,0403,死亡,1,1,04690,対象外,0000,210,昼－昼,曇,非市街地,舗装－乾燥,単路－カーブ・屈折,環状交差点以外 環状交差点以外をいう。,施設なし,00,23,00,23,03,1,単路（交差点付近を含む）,規制なし,4,3,車両相互,0～24歳,45～54歳,乗用車－軽自動車,乗用車－軽自動車,自家用,自家用,乗用車,乗用車,50㎞／ｈ以下,50㎞／ｈ以下,21,20,大破,小破,装備あり 作動,その他,その他,その他,死亡,損傷なし,月,その他,35.254695,138.781827,2020-03-30,16:34,red,,,,,,,,,,,,
本票,静岡,美唄,0146,死亡,1,1,01390,上,0144,207,昼－昼,晴,非市街地,舗装－乾燥,単路－その他,環状交差点以外 環状交差点以外をいう。,施設なし,00,23,00,23,05,8,単路（交差点付近を含む）,規制なし,1,2,車両単独,55～64歳,不明,乗用車－軽自動車,物件等,自家用,対象外当事者,乗用車,対象外当事者,60㎞／ｈ以下,対象外当事者,15,00,大破,対象外当事者,装備あり 作動,対象外当事者,その他,対象外当事者,死亡,対象外当事者,水,その他,35.259694,138.615131,2020-03-11,15:56,red,,,,,,,,,,,,
本票,静岡,美唄,0194,死亡,1,1,23970,対象外,0000,207,夜－暮,雨,市街地－その他,舗装－湿潤,交差点－その他,環状交差点以外 環状交差点以外をいう。,施設なし,09,22,00,23,14,6,交差点内,規制なし,5,2,人対車両,45～54歳,75歳以上,二輪車－自動二輪－原付二種－51～125cc,歩行者,自家用,対象外当事者,対象外当事者,対象外当事者,40㎞／ｈ以下,対象外当事者,10,00,中破,対象外当事者,対象外当事者,対象外当事者,対象外当事者,対象外当事者,負傷,死亡,日,その他,35.256438,138.638893,2020-03-29,18:35,red,,,,,,,,,,,,
本票,静岡,三戸,0224,死亡,1,1,00011,上,1639,103,夜－夜,曇,非市街地,舗装－乾燥,単路－その他,環状交差点以外 環状交差点以外をいう。,施設なし,00,23,00,23,05,9,単路（交差点付近を含む）,規制なし,1,3,車両単独,45～54歳,不明,貨物車－大型車,物件等,自家用,対象外当事者,貨物車,対象外当事者,60㎞／ｈ以下,対象外当事者,81,00,中破,対象外当事者,装備あり 作動,対象外当事者,その他,対象外当事者,負傷,対象外当事者,日,その他,35.057612,138.533022,2020-03-08,01:39,red,,,,,,,,,,,,
本票,静岡,赤歌,0314,死亡,1,0,01501,下,0008,102,夜－夜,曇,非市街地,舗装－湿潤,単路－カーブ・屈折,環状交差点以外 環状交差点以外をいう。,施設なし,00,23,00,23,03,3,単路（交差点付近を含む）,規制なし,4,3,車両単独,65～74歳,不明,乗用車－普通車,物件等,自家用,対象外当事者,乗用車,対象外当事者,60㎞／ｈ以下,対象外当事者,80,00,中破,対象外当事者,その他,対象外当事者,その他,対象外当事者,死亡,対象外当事者,木,前日,34.913797,138.351789,2020-03-19,23:58,red,,,,,,,,,,,,
本票,静岡,室蘭,0132,死亡,1,0,37000,対象外,0000,213,昼－昼,晴,市街地－その他,舗装－乾燥,交差点－その他,環状交差点以外 環状交差点以外をいう。,施設なし,09,22,01,21,11,9,交差点内,規制なし,5,4,車両相互,75歳以上,55～64歳,貨物車－軽自動車,軽車両－自転車,自家用,対象外当事者,貨物車,対象外当事者,指定の速度規制なし等,対象外当事者,00,20,小破,小破,その他,対象外当事者,その他,対象外当事者,損傷なし,死亡,金,当日,34.790233,138.014966,2020-03-20,09:57,red,,,,,,,,,,,,
本票,静岡,門別,0296,死亡,3,0,99000,対象外,0000,211,昼－昼,晴,非市街地,舗装－乾燥,一般交通の場所,環状交差点以外 環状交差点以外をいう。,施設なし,00,23,00,23,00,0,その他,規制なし,0,4,車両単独,55～64歳,不明,乗用車－普通車,相手なし,自家用,対象外当事者,乗用車,対象外当事者,指定の速度規制なし等,対象外当事者,00,00,中破,対象外当事者,その他,対象外当事者,その他,対象外当事者,死亡,対象外当事者,土,その他,34.665750,137.903774,2020-03-21,12:21,red,,,,,,,,,,,,
本票,富山,西,0007,死亡,1,0,37000,対象外,0000,204,夜－夜,晴,非市街地,舗装－乾燥,単路－その他,環状交差点以外 環状交差点以外をいう。,施設なし,00,23,00,23,02,9,その他,規制なし,5,4,車両単独,45～54歳,不明,貨物車－軽自動車,物件等,自家用,対象外当事者,貨物車,対象外当事者,指定の速度規制なし等,対象外当事者,10,00,中破,対象外当事者,装備あり 作動,対象外当事者,その他,対象外当事者,死亡,対象外当事者,土,その他,36.810414,137.438499,2020-03-21,04:00,red,,,,,,,,,,,,
本票,富山,野辺地,0019,死亡,1,0,14150,対象外,0000,323,昼－昼,晴,非市街地,舗装－乾燥,交差点－その他,環状交差点以外 環状交差点以外をいう。,施設なし,09,22,01,21,11,9,交差点内,規制なし,4,1,車両相互,35～44歳,75歳以上,乗用車－軽自動車,軽車両－駆動補助機付自転車,自家用,対象外当事者,乗用車,対象外当事者,40㎞／ｈ以下,対象外当事者,80,20,小破,中破,その他,対象外当事者,その他,対象外当事者,損傷なし,死亡,木,その他,36.652689,137.313000,2020-03-26,10:13,red,,,,,,,,,,,,
本票,富山,小樽,0047,死亡,1,0,37000,対象外,0000,201,夜－夜,晴,市街地－その他,舗装－乾燥,交差点－その他,環状交差点以外 環状交差点以外をいう。,施設なし,09,22,00,23,11,9,交差点内,規制なし,5,4,車両単独,65～74歳,不明,乗用車－軽自動車,物件等,自家用,対象外当事者,乗用車,対象外当事者,指定の速度規制なし等,対象外当事者,81,00,小破,対象外当事者,その他,対象外当事者,その他,対象外当事者,死亡,対象外当事者,金,当日,36.677438,137.179701,2020-03-20,20:00,red,,,,,,,,,,,,
本票,富山,小樽,0051,死亡,1,0,03590,対象外,0000,201,夜－夜,晴,市街地－人口集中,舗装－乾燥,単路－その他,環状交差点以外 環状交差点以外をいう。,施設なし,00,23,00,23,04,7,単路（交差点付近を含む）,規制なし,1,3,人対車両,45～54歳,75歳以上,貨物車－普通車,歩行者,自家用,対象外当事者,貨物車,対象外当事者,50㎞／ｈ以下,対象外当事者,10,00,小破,対象外当事者,その他,対象外当事者,その他,対象外当事者,損傷なし,死亡,木,その他,36.658394,137.158139,2020-03-26,22:05,red,,,,,,,,,,,,
本票,石川,中央,0092,死亡,1,0,30000,対象外,0000,201,夜－夜,晴,非市街地,舗装－乾燥,単路－カーブ・屈折,環状交差点以外 環状交差点以外をいう。,施設なし,00,23,00,23,03,6,単路（交差点付近を含む）,規制なし,4,1,車両単独,0～24歳,不明,乗用車－普通車,物件等,自家用,対象外当事者,乗用車,対象外当事者,指定の速度規制なし等,対象外当事者,10,00,大破,対象外当事者,その他,対象外当事者,その他,対象外当事者,死亡,対象外当事者,日,その他,36.546684,136.742712,2020-03-08,23:00,red,,,,,,,,,,,,
本票,石川,中央,0106,死亡,1,0,21070,対象外,0000,201,夜－夜,曇,非市街地,舗装－乾燥,単路－カーブ・屈折,環状交差点以外 環状交差点以外をいう。,施設なし,00,23,00,23,03,5,単路（交差点付近を含む）,規制なし,4,4,車両単独,0～24歳,不明,乗用車－普通車,物件等,自家用,対象外当事者,乗用車,対象外当事者,指定の速度規制なし等,対象外当事者,10,00,大破,対象外当事者,その他,対象外当事者,その他,対象外当事者,死亡,対象外当事者,金,その他,36.491504,136.722826,2020-03-13,19:25,red,,,,,,,,,,,,
本票,石川,野辺地,0009,死亡,1,0,55020,下,0080,384,昼－昼,晴,非市街地,舗装－乾燥,単路－その他,環状交差点以外 環状交差点以外をいう。,施設なし,00,23,00,23,04,8,単路（交差点付近を含む）,規制なし,6,4,車両単独,65～74歳,不明,乗用車－軽自動車,物件等,自家用,対象外当事者,乗用車,対象外当事者,70㎞／ｈ以下,対象外当事者,15,00,大破,対象外当事者,装備あり 作動,対象外当事者,装備あり 作動,対象外当事者,死亡,対象外当事者,月,その他,36.971691,136.823213,2020-03-09,11:10,red,,,,,,,,,,,,
本票,石川,美唄,0025,死亡,1,1,10460,対象外,0000,407,昼－昼,晴,非市街地,舗装－乾燥,交差点－その他,環状交差点以外 環状交差点以外をいう。,施設なし,09,22,01,22,15,9,交差点内,規制なし,4,2,車両相互,45～54歳,65～74歳,貨物車－中型車,乗用車－普通車,事業用,自家用,貨物車,乗用車,50㎞／ｈ以下,指定の速度規制なし等,50,80,大破,大破,その他,装備あり 作動,その他,その他,負傷,死亡,土,その他,37.010966,136.884558,2020-03-21,07:45,red,,,,,,,,,,,,
本票,石川,美唄,0030,死亡,1,1,21440,対象外,0000,407,昼－昼,曇,非市街地,舗装－乾燥,交差点付近－その他,環状交差点以外 環状交差点以外をいう。,施設なし,00,23,00,23,03,9,単路（交差点付近を含む）,規制なし,4,2,車両単独,55～64歳,不明,乗用車－軽自動車,物件等,自家用,対象外当事者,乗用車,対象外当事者,40㎞／ｈ以下,対象外当事者,81,00,中破,対象外当事者,装備あり 作動,対象外当事者,その他,対象外当事者,負傷,対象外当事者,月,その他,36.971198,136.922982,2020-03-30,10:30,red,,,,,,,,,,,,
本票,福井,美唄,0021,死亡,1,0,21100,対象外,0000,209,昼－昼,晴,市街地－その他,舗装－乾燥,交差点－その他,環状交差点以外 環状交差点以外をいう。,点灯－３灯式,09,22,00,23,15,9,交差点内,規制なし,4,2,人対車両,65～74歳,75歳以上,貨物車－普通車,歩行者,自家用,対象外当事者,貨物車,対象外当事者,40㎞／ｈ以下,対象外当事者,10,00,小破,対象外当事者,その他,対象外当事者,その他,対象外当事者,損傷なし,死亡,水,その他,35.901440,136.151782,2020-03-18,12:27,red,,,,,,,,,,,,
本票,福井,滝川,0049,死亡,1,0,10340,対象外,0000,201,夜－明,曇,非市街地,舗装－乾燥,交差点－その他,環状交差点以外 環状交差点以外をいう。,点灯－３灯式,09,22,00,23,15,6,交差点内,規制なし,4,3,車両単独,25～34歳,不明,乗用車－普通車,物件等,自家用,対象外当事者,乗用車,対象外当事者,50㎞／ｈ以下,対象外当事者,20,00,大破,対象外当事者,装備あり 作動,対象外当事者,装備あり 作動,対象外当事者,死亡,対象外当事者,日,その他,35.995058,136.148206,2020-03-22,05:53,red,,,,,,,,,,,,
本票,岐阜,高速道路交通警察隊,0010,死亡,1,3,42620,下,0000,208,昼－昼,晴,非市街地,舗装－乾燥,単路－カーブ・屈折,環状交差点以外 環状交差点以外をいう。,施設なし,00,23,00,23,05,3,単路（交差点付近を含む）,規制なし,1,3,車両単独,25～34歳,不明,乗用車－普通車,物件等,自家用,対象外当事者,乗用車,対象外当事者,80㎞／ｈ以下,対象外当事者,86,00,中破,対象外当事者,その他,対象外当事者,その他,対象外当事者,負傷,対象外当事者,日,その他,35.425382,137.327712,2020-03-01,10:00,red,3049,中日本高速道路,路肩,完全分離－切土,カーブ－400m以上,平坦－１％未満,,1,防護柵－ガードレール,該当なし,該当なし,0
本票,岐阜,東,0051,死亡,2,1,00210,下,0403,213,昼－昼,晴,市街地－人口集中,舗装－乾燥,交差点－その他,環状交差点以外 環状交差点以外をいう。,点灯－３灯式,09,22,09,22,15,9,交差点内,規制なし,5,1,車両相互,75歳以上,35～44歳,乗用車－軽自動車,二輪車－自動二輪－小型二輪－751ｃｃ以上,自家用,自家用,乗用車,対象外当事者,50㎞／ｈ以下,50㎞／ｈ以下,42,10,大破,中破,その他,対象外当事者,その他,対象外当事者,負傷,死亡,水,その他,35.404734,136.910669,2020-03-18,11:10,red,,,,,,,,,,,,
本票,岐阜,岩見沢,0007,死亡,1,0,35000,対象外,0000,341,夜－夜,晴,非市街地,舗装－乾燥,単路－その他,環状交差点以外 環状交差点以外をいう。,施設なし,00,23,00,23,02,9,単路（交差点付近を含む）,規制なし,5,4,人対車両,25～34歳,75歳以上,乗用車－軽自動車,歩行者,自家用,対象外当事者,乗用車,対象外当事者,指定の速度規制なし等,対象外当事者,80,00,小破,対象外当事者,その他,対象外当事者,その他,対象外当事者,損傷なし,死亡,水,その他,35.310712,136.540475,2020-03-25,19:32,red,,,,,,,,,,,,
本票,岐阜,三戸,0004,死亡,1,0,10610,対象外,0000,219,昼－昼,晴,非市街地,舗装－乾燥,単路－カーブ・屈折,環状交差点以外 環状交差点以外をいう。,施設なし,00,23,00,23,03,3,単路（交差点付近を含む）,規制なし,5,4,車両単独,45～54歳,不明,軽車両－自転車,物件等,対象外当事者,対象外当事者,対象外当事者,対象外当事者,対象外当事者,対象外当事者,41,00,小破,対象外当事者,対象外当事者,対象外当事者,対象外当事者,対象外当事者,死亡,対象外当事者,日,その他,35.665055,136.950057,2020-03-01,14:55,red,,,,,,,,,,,,
本票,岐阜,室蘭,0002,死亡,1,0,00410,上,1008,220,昼－昼,雨,非市街地,舗装－湿潤,単路－カーブ・屈折,環状交差点以外 環状交差点以外をいう。,施設なし,00,23,00,23,03,6,単路（交差点付近を含む）,規制なし,4,3,車両相互,35～44歳,55～64歳,貨物車－大型車,乗用車－普通車,事業用,自家用,貨物車,乗用車,指定の速度規制なし等,指定の速度規制なし等,50,12,小破,大破,その他,装備あり 作動,その他,その他,損傷なし,死亡,土,その他,35.762944,137.226744,2020-03-14,10:36,red,,,,,,,,,,,,
本票,愛知,高速道路交通警察隊,0117,死亡,1,0,42710,上,0000,221,昼－明,晴,市街地－その他,舗装－乾燥,単路－その他,環状交差点以外 環状交差点以外をいう。,施設なし,00,23,00,23,04,9,単路（交差点付近を含む）,規制なし,1,3,車両単独,0～24歳,不明,貨物車－中型車,物件等,事業用,対象外当事者,貨物車,対象外当事者,80㎞／ｈ以下,対象外当事者,58,00,中破,対象外当事者,装備あり 作動,対象外当事者,その他,対象外当事者,損傷なし,対象外当事者,木,その他,34.845832,137.506284,2020-03-12,06:30,red,2602,中日本高速道路,走行車線－第二通行帯以上,完全分離－高架・橋梁,直線,平坦・該当なし,,2,中央分離帯－その他,該当なし,80㎞/h以下,0
本票,愛知,中央,0146,死亡,1,0,30000,対象外,0000,101,夜－暮,晴,市街地－人口集中,舗装－乾燥,交差点付近－その他,環状交差点以外 環状交差点以外をいう。,施設なし,00,23,00,23,04,8,その他,規制なし,4,3,車両単独,75歳以上,不明,軽車両－自転車,物件等,対象外当事者,対象外当事者,対象外当事者,対象外当事者,対象外当事者,対象外当事者,10,00,小破,対象外当事者,対象外当事者,対象外当事者,対象外当事者,対象外当事者,死亡,対象外当事者,火,その他,35.169121,136.963748,2020-03-10,18:20,red,,,,,,,,,,,,
本票,愛知,東,0156,死亡,1,0,30070,対象外,0042,104,昼－暮,晴,市街地－人口集中,舗装－乾燥,単路－その他,環状交差点以外 環状交差点以外をいう。,点灯－３灯式,00,23,00,23,05,9,単路（交差点付近を含む）,規制なし,1,2,車両相互,25～34歳,75歳以上,乗用車－軽自動車,軽車両－自転車,自家用,対象外当事者,乗用車,対象外当事者,指定の速度規制なし等,対象外当事者,10,40,小破,中破,その他,対象外当事者,その他,対象外当事者,損傷なし,死亡,金,当日,35.192516,136.897652,2020-03-20,17:20,red,,,,,,,,,,,,
本票,愛知,苫小牧,0135,死亡,1,0,15080,対象外,0000,111,夜－夜,晴,市街地－その他,舗装－乾燥,単路－カーブ・屈折,環状交差点以外 環状交差点以外をいう。,施設なし,00,23,00,23,06,1,単路（交差点付近を含む）,規制なし,1,1,車両単独,0～24歳,不明,二輪車－自動二輪－小型二輪－251～400cc,物件等,自家用,対象外当事者,対象外当事者,対象外当事者,指定の速度規制なし等,対象外当事者,10,00,中破,対象外当事者,対象外当事者,対象外当事者,対象外当事者,対象外当事者,死亡,対象外当事者,木,前日,35.056187,136.853810,2020-03-19,01:00,red,,,,,,,,,,,,
本票,愛知,苫小牧,0142,死亡,1,0,30000,対象外,0000,111,夜－夜,晴,市街地－その他,舗装－乾燥,交差点－その他,環状交差点以外 環状交差点以外をいう。,施設なし,09,22,00,23,18,9,交差点内,規制なし,1,1,車両単独,0～24歳,不明,二輪車－自動二輪－小型二輪－751ｃｃ以上,相手なし,自家用,対象外当事者,対象外当事者,対象外当事者,指定の速度規制なし等,対象外当事者,20,00,大破,対象外当事者,対象外当事者,対象外当事者,対象外当事者,対象外当事者,死亡,対象外当事者,月,その他,35.054074,136.870246,2020-03-23,19:45,red,,,,,,,,,,,,
本票,愛知,鎌ケ谷,0192,死亡,1,1,00230,下,3528,114,夜－夜,晴,市街地－人口集中,舗装－乾燥,単路－その他,環状交差点以外 環状交差点以外をいう。,施設なし,00,23,00,23,06,9,単路（交差点付近を含む）,規制なし,1,1,車両相互,25～34歳,45～54歳,貨物車－大型車,乗用車－普通車,事業用,自家用,貨物車,乗用車,60㎞／ｈ以下,60㎞／ｈ以下,10,38,小破,大破,その他,その他,その他,その他,損傷なし,死亡,火,その他,35.065019,136.929054,2020-03-17,21:10,red,,,,,,,,,,,,
本票,愛知,多摩,0326,死亡,1,0,35000,対象外,0000,206,昼－昼,曇,市街地－その他,舗装－乾燥,交差点－その他,環状交差点以外 環状交差点以外をいう。,施設なし,09,22,01,22,15,9,交差点内,規制なし,5,4,車両相互,35～44歳,75歳以上,乗用車－普通車,二輪車－自動二輪－原付二種－51～125cc,自家用,自家用,乗用車,対象外当事者,指定の速度規制なし等,指定の速度規制なし等,10,40,小破,中破,その他,対象外当事者,その他,対象外当事者,損傷なし,死亡,月,その他,35.273042,137.027336,2020-03-30,13:20,red,,,,,,,,,,,,
本票,愛知,大船,0150,死亡,1,0,35000,対象外,0000,232,昼－昼,雨,市街地－その他,舗装－湿潤,交差点－その他,環状交差点以外 環状交差点以外をいう。,施設なし,09,22,01,22,15,9,交差点内,規制なし,5,3,車両相互,65～74歳,65～74歳,貨物車－準中型車,軽車両－駆動補助機付自転車,自家用,対象外当事者,貨物車,対象外当事者,40㎞／ｈ以下,対象外当事者,50,40,小破,小破,その他,対象外当事者,その他,対象外当事者,損傷なし,死亡,木,その他,35.160418,136.728748,2020-03-05,08:07,red,,,,,,,,,,,,
本票,愛知,津久井,0178,死亡,1,0,39980,対象外,0000,446,昼－暮,晴,市街地－その他,舗装－乾燥,交差点－その他,環状交差点以外 環状交差点以外をいう。,施設なし,09,22,09,22,11,9,交差点内,規制なし,5,4,車両相互,55～64歳,75歳以上,乗用車－普通車,軽車両－自転車,自家用,対象外当事者,乗用車,対象外当事者,指定の速度規制なし等,対象外当事者,50,40,小破,小破,その他,対象外当事者,その他,対象外当事者,損傷なし,死亡,木,その他,34.777784,136.909203,2020-03-26,17:20,red,,,,,,,,,,,,
本票,愛知,岡崎,0290,死亡,1,0,35000,対象外,0000,202,昼－昼,晴,市街地－その他,舗装－乾燥,交差点－その他,環状交差点以外 環状交差点以外をいう。,施設なし,09,22,09,22,14,9,交差点内,規制なし,4,2,車両相互,45～54歳,75歳以上,乗用車－普通車,軽車両－自転車,自家用,対象外当事者,乗用車,対象外当事者,50㎞／ｈ以下,対象外当事者,10,40,小破,小破,その他,対象外当事者,その他,対象外当事者,損傷なし,死亡,火,その他,34.926643,137.128274,2020-03-17,07:28,red,,,,,,,,,,,,
本票,愛知,豊田,0282,死亡,1,0,35000,対象外,0000,211,夜－夜,晴,市街地－その他,舗装－乾燥,交差点付近－その他,環状交差点以外 環状交差点以外をいう。,施設なし,00,23,00,23,03,8,単路（交差点付近を含む）,規制なし,4,1,人対車両,0～24歳,45～54歳,乗用車－軽自動車,歩行者,自家用,対象外当事者,乗用車,対象外当事者,40㎞／ｈ以下,対象外当事者,10,00,小破,対象外当事者,その他,対象外当事者,その他,対象外当事者,損傷なし,死亡,金,当日,35.078880,137.155444,2020-03-20,00:07,red,,,,,,,,,,,,
本票,三重,高速道路交通警察隊,0020,死亡,2,0,44110,上,0000,202,夜－夜,晴,非市街地,舗装－乾燥,単路－その他,環状交差点以外 環状交差点以外をいう。,施設なし,00,23,00,23,04,9,単路（交差点付近を含む）,規制なし,1,4,人対車両,45～54歳,25～34歳,貨物車－大型車,歩行者,事業用,対象外当事者,貨物車,対象外当事者,80㎞／ｈ以下,対象外当事者,10,00,中破,対象外当事者,その他,対象外当事者,その他,対象外当事者,損傷なし,死亡,金,当日,34.987700,136.544300,2020-03-20,04:05,red,613,中日本高速道路,走行車線－第二通行帯以上,完全分離－その他,直線,平坦・該当なし,,6,該当なし,該当なし,該当なし,0
本票,三重,美唄,0018,死亡,1,0,30000,対象外,0000,324,夜－夜,晴,市街地－人口集中,舗装－乾燥,交差点－その他,環状交差点以外 環状交差点以外をいう。,施設なし,09,22,00,23,14,9,交差点内,規制なし,5,2,人対車両,25～34歳,65～74歳,乗用車－軽自動車,歩行者,自家用,対象外当事者,乗用車,対象外当事者,50㎞／ｈ以下,対象外当事者,80,00,中破,対象外当事者,その他,対象外当事者,その他,対象外当事者,損傷なし,死亡,土,その他,35.095170,136.600600,2020-03-07,01:58,red,,,,,,,,,,,,
本票,三重,三戸,0125,死亡,1,0,30000,対象外,0000,202,夜－夜,曇,市街地－その他,舗装－湿潤,単路－その他,環状交差点以外 環状交差点以外をいう。,施設なし,00,23,00,23,03,9,単路（交差点付近を含む）,規制なし,4,3,人対車両,0～24歳,0～24歳,乗用車－普通車,歩行者,自家用,対象外当事者,乗用車,対象外当事者,40㎞／ｈ以下,対象外当事者,10,00,中破,対象外当事者,その他,対象外当事者,その他,対象外当事者,損傷なし,死亡,月,その他,34.952870,136.588600,2020-03-30,21:18,red,,,,,,,,,,,,
本票,三重,室蘭,0070,死亡,1,0,95000,対象外,0000,201,夜－夜,晴,非市街地,舗装－乾燥,交差点－その他,環状交差点以外 環状交差点以外をいう。,施設なし,09,22,00,23,17,7,その他,規制なし,5,1,車両単独,65～74歳,不明,軽車両－自転車,相手なし,対象外当事者,対象外当事者,対象外当事者,対象外当事者,対象外当事者,対象外当事者,10,00,小破,対象外当事者,対象外当事者,対象外当事者,対象外当事者,対象外当事者,死亡,対象外当事者,月,その他,34.786120,136.520300,2020-03-02,22:19,red,,,,,,,,,,,,
本票,三重,苫小牧,0033,死亡,1,0,30000,対象外,0000,201,昼－明,曇,非市街地,舗装－乾燥,単路－その他,環状交差点以外 環状交差点以外をいう。,施設なし,00,23,00,23,04,9,単路（交差点付近を含む）,規制なし,5,4,車両相互,55～64歳,45～54歳,貨物車－大型車,乗用車－普通車,自家用,自家用,貨物車,乗用車,指定の速度規制なし等,指定の速度規制なし等,50,80,中破,小破,その他,その他,その他,その他,死亡,損傷なし,水,その他,34.661970,136.503000,2020-03-04,07:06,red,,,,,,,,,,,,