資料区分,都道府県コード,警察署等コード,本票番号,事故内容,死者数,負傷者数,路線コード,上下線,地点コード,市区町村コード,昼夜,天候,地形,路面状態,道路形状,環状交差点の直径,信号機,一時停止規制　標識（当事者A）,一時停止規制　表示（当事者A）,一時停止規制　標識（当事者B）,一時停止規制　表示（当事者B）,車道幅員,道路線形,衝突地点,ゾーン規制,中央分離帯施設等,歩車道区分,事故類型,年齢（当事者A）,年齢（当事者B）,当事者種別（当事者A）,当事者種別（当事者B）,用途別（当事者A）,用途別（当事者B）,車両形状（当事者A）,車両形状（当事者B）,速度規制（指定のみ）（当事者A）,速度規制（指定のみ）（当事者B）,車両の衝突部位（当事者A）,車両の衝突部位（当事者B）,車両の損壊程度（当事者A）,車両の損壊程度（当事者B）,エアバッグの装備（当事者A）,エアバッグの装備（当事者B）,サイドエアバッグの装備（当事者A）,サイドエアバッグの装備（当事者B）,人身損傷程度（当事者A）,人身損傷程度（当事者B）,曜日(発生年月日),祝日(発生年月日),緯度,経度,発生日,発生時,color,発生地点,道路管理者区分,道路区分,道路構造,曲線半径,縦断勾配,トンネル番号,当事者車両台数,車両単独事故の対象物,臨時速度規制の有無,速度規制（臨時のみ）,トンネル延長距離
本票,北海道（札幌方面）,手稲,0066,死亡,1,0,00050,対象外,2660,109,昼－昼,晴,市街地－人口集中,舗装－乾燥,交差点－その他,環状交差点以外 環状交差点以外をいう。,施設なし,09,22,09,22,18,9,交差点内,規制なし,4,2,車両相互,75歳以上,45～54歳,乗用車－普通車,二輪車－自動二輪－小型二輪－751ｃｃ以上,自家用,自家用,乗用車,対象外当事者,指定の速度規制なし等,指定の速度規制なし等,80,20,中破,中破,その他,対象外当事者,その他,対象外当事者,損傷なし,死亡,日,その他,43.131446,141.202622,2020-04-19,12:54,red,,,,,,,,,,,,
本票,北海道（札幌方面）,手稲,0067,死亡,1,0,39990,対象外,0000,109,昼－昼,曇,非市街地,舗装－乾燥,単路－カーブ・屈折,環状交差点以外 環状交差点以外をいう。,施設なし,00,23,00,23,03,5,単路（交差点付近を含む）,規制なし,4,4,車両単独,75歳以上,不明,乗用車－普通車,相手なし,自家用,対象外当事者,乗用車,対象外当事者,指定の速度規制なし等,対象外当事者,13,00,中破,対象外当事者,装備あり 作動,対象外当事者,その他,対象外当事者,死亡,対象外当事者,金,その他,43.109286,141.221211,2020-04-24,15:15,red,,,,,,,,,,,,
本票,北海道（旭川方面）,富良野,0009,死亡,1,0,39990,対象外,0000,229,昼－昼,晴,非市街地,舗装－乾燥,単路－その他,環状交差点以外 環状交差点以外をいう。,施設なし,00,23,00,23,03,8,単路（交差点付近を含む）,規制なし,5,4,車両単独,75歳以上,不明,乗用車－普通車,物件等,自家用,対象外当事者,乗用車,対象外当事者,指定の速度規制なし等,対象外当事者,10,00,中破,対象外当事者,装備あり 作動,対象外当事者,その他,対象外当事者,死亡,対象外当事者,土,その他,43.354827,142.505953,2020-04-04,11:50,red,,,,,,,,,,,,
本票,北海道（旭川方面）,旭川東,0068,死亡,1,0,39990,対象外,0000,204,昼－暮,雪,市街地－人口集中,舗装－積雪,単路－その他,環状交差点以外 環状交差点以外をいう。,施設なし,00,23,00,23,03,9,その他,規制なし,4,3,車両単独,75歳以上,不明,乗用車－普通車,相手なし,自家用,対象外当事者,乗用車,対象外当事者,指定の速度規制なし等,対象外当事者,20,00,小破,対象外当事者,その他,対象外当事者,その他,対象外当事者,死亡,対象外当事者,金,その他,43.772996,142.437353,2020-02-07,16:40,red,,,,,,,,,,,,
本票,北海道（釧路方面）,釧路,0087,死亡,1,0,00380,対象外,2912,206,夜－夜,晴,市街地－人口集中,舗装－乾燥,交差点付近－その他,環状交差点以外 環状交差点以外をいう。,点灯－３灯式,00,23,00,23,05,9,単路（交差点付近を含む）,規制なし,4,2,車両単独,0～24歳,不明,乗用車－普通車,物件等,自家用,対象外当事者,乗用車,対象外当事者,50㎞／ｈ以下,対象外当事者,26,00,大破,対象外当事者,その他,対象外当事者,その他,対象外当事者,死亡,対象外当事者,日,その他,43.017365,144.334931,2020-04-26,23:47,red,,,,,,,,,,,,
本票,北海道（釧路方面）,根室,0003,死亡,1,0,00440,対象外,0900,223,昼－昼,晴,非市街地,舗装－乾燥,単路－カーブ・屈折,環状交差点以外 環状交差点以外をいう。,施設なし,00,23,00,23,04,3,単路（交差点付近を含む）,規制なし,4,3,車両単独,65～74歳,不明,乗用車－軽自動車,物件等,自家用,対象外当事者,乗用車,対象外当事者,指定の速度規制なし等,対象外当事者,10,00,大破,対象外当事者,その他,対象外当事者,その他,対象外当事者,死亡,対象外当事者,金,その他,43.219011,145.218797,2020-04-17,14:21,red,,,,,,,,,,,,
本票,青森,栗山,0055,死亡,1,0,10390,対象外,0129,206,昼－昼,晴,市街地－その他,舗装－乾燥,交差点－その他,環状交差点以外 環状交差点以外をいう。,施設なし,09,22,00,23,14,3,交差点内,規制なし,4,2,車両単独,35～44歳,不明,乗用車－軽自動車,物件等,自家用,対象外当事者,乗用車,対象外当事者,50㎞／ｈ以下,対象外当事者,11,00,大破,対象外当事者,装備あり 作動,対象外当事者,その他,対象外当事者,死亡,対象外当事者,火,その他,40.690021,141.238748,2020-03-31,13:25,red,,,,,,,,,,,,
本票,青森,砂川,0004,死亡,1,0,30000,対象外,0000,321,夜－暮,晴,非市街地,舗装－乾燥,交差点－その他,環状交差点以外 環状交差点以外をいう。,施設なし,09,22,00,23,14,9,交差点内,規制なし,5,4,車両単独,65～74歳,不明,特殊車－大型－農耕作業用,相手なし,対象外当事者,対象外当事者,対象外当事者,対象外当事者,指定の速度規制なし等,対象外当事者,00,00,損壊なし,対象外当事者,対象外当事者,対象外当事者,対象外当事者,対象外当事者,死亡,対象外当事者,木,前日,40.743273,140.176909,2020-03-19,18:40,red,,,,,,,,,,,,
本票,青森,赤歌,0024,死亡,1,0,99000,対象外,0000,201,昼－昼,曇,非市街地,舗装－乾燥,一般交通の場所,環状交差点以外 環状交差点以外をいう。,施設なし,00,23,00,23,00,0,その他,規制なし,0,4,車両単独,65～74歳,不明,特殊車－小型－農耕作業用,相手なし,対象外当事者,対象外当事者,対象外当事者,対象外当事者,指定の速度規制なし等,対象外当事者,00,00,損壊なし,対象外当事者,対象外当事者,対象外当事者,対象外当事者,対象外当事者,死亡,対象外当事者,土,その他,40.728030,140.610281,2020-04-18,11:30,red,,,,,,,,,,,,
本票,岩手,高速道路交通警察隊,0009,死亡,1,1,41020,下,4711,206,夜－夜,晴,非市街地,舗装－乾燥,単路－その他,環状交差点以外 環状交差点以外をいう。,施設なし,00,23,00,23,05,9,単路（交差点付近を含む）,規制なし,1,3,車両相互,35～44歳,55～64歳,貨物車－大型車,貨物車－中型車,事業用,事業用,貨物車,貨物車,指定の速度規制なし等,指定の速度規制なし等,50,40,小破,小破,その他,装備あり 作動,その他,その他,負傷,損傷なし,木,その他,39.356643,141.089288,2020-04-16,22:50,red,4711,東日本高速道路,走行車線－第二通行帯以上,完全分離－その他,該当なし,平坦・該当なし,,3,該当なし,該当なし,該当なし,0
本票,岩手,白石,0009,死亡,1,1,10170,対象外,0000,214,昼－昼,晴,非市街地,舗装－乾燥,単路－その他,環状交差点以外 環状交差点以外をいう。,施設なし,00,23,00,23,03,9,単路（交差点付近を含む）,規制なし,5,4,車両相互,55～64歳,75歳以上,貨物車－大型車,貨物車－軽自動車,自家用,自家用,貨物車,貨物車,指定の速度規制なし等,指定の速度規制なし等,50,50,中破,大破,その他,その他,その他,その他,負傷,死亡,金,その他,39.973515,141.122746,2020-04-03,10:15,red,,,,,,,,,,,,
本票,岩手,白石,0010,死亡,1,0,30000,対象外,0000,214,昼－昼,曇,非市街地,舗装－湿潤,単路－その他,環状交差点以外 環状交差点以外をいう。,施設なし,00,23,00,23,02,9,その他,規制なし,5,4,車両単独,65～74歳,不明,二輪車－原付自転車,相手なし,自家用,対象外当事者,対象外当事者,対象外当事者,指定の速度規制なし等,対象外当事者,40,00,小破,対象外当事者,対象外当事者,対象外当事者,対象外当事者,対象外当事者,死亡,対象外当事者,日,その他,40.124819,141.085311,2020-04-12,16:00,red,,,,,,,,,,,,
本票,岩手,江別,0073,死亡,1,1,30000,対象外,0000,206,夜－夜,晴,市街地－その他,舗装－乾燥,単路－その他,環状交差点以外 環状交差点以外をいう。,施設なし,00,23,00,23,03,9,単路（交差点付近を含む）,規制なし,4,2,車両相互,45～54歳,35～44歳,貨物車－中型車,乗用車－普通車,事業用,自家用,貨物車,乗用車,50㎞／ｈ以下,50㎞／ｈ以下,80,50,中破,大破,その他,装備あり 作動,その他,その他,負傷,死亡,水,当日,39.302225,141.128435,2020-04-29,01:40,red,,,,,,,,,,,,
本票,岩手,千歳,0072,死亡,1,1,04560,対象外,0000,215,昼－昼,曇,非市街地,舗装－乾燥,単路－カーブ・屈折,環状交差点以外 環状交差点以外をいう。,施設なし,00,23,00,23,03,2,その他,規制なし,4,2,車両単独,75歳以上,不明,乗用車－軽自動車,相手なし,自家用,対象外当事者,乗用車,対象外当事者,指定の速度規制なし等,対象外当事者,10,00,中破,対象外当事者,装備あり 作動,対象外当事者,その他,対象外当事者,死亡,対象外当事者,木,その他,39.115932,141.262838,2020-04-09,10:45,red,,,,,,,,,,,,
本票,岩手,栗山,0035,死亡,1,0,10140,対象外,0000,209,夜－夜,曇,市街地－人口集中,舗装－乾燥,単路－その他,環状交差点以外 環状交差点以外をいう。,施設なし,00,23,00,23,05,9,単路（交差点付近を含む）,規制なし,4,2,車両単独,55～64歳,不明,乗用車－軽自動車,物件等,自家用,対象外当事者,乗用車,対象外当事者,50㎞／ｈ以下,対象外当事者,20,00,大破,対象外当事者,装備あり 作動,対象外当事者,その他,対象外当事者,死亡,対象外当事者,日,その他,38.936165,141.128099,2020-04-05,21:27,red,,,,,,,,,,,,
本票,岩手,赤歌,0017,死亡,1,0,99000,対象外,0000,503,昼－昼,晴,非市街地,舗装－乾燥,一般交通の場所,環状交差点以外 環状交差点以外をいう。,施設なし,00,23,00,23,00,0,その他,規制なし,0,4,車両単独,65～74歳,不明,乗用車－普通車,相手なし,自家用,対象外当事者,乗用車,対象外当事者,指定の速度規制なし等,対象外当事者,00,00,小破,対象外当事者,その他,対象外当事者,その他,対象外当事者,死亡,対象外当事者,火,その他,40.117431,141.834686,2020-03-24,14:40,red,,,,,,,,,,,,
本票,岩手,赤歌,0021,死亡,1,0,99000,対象外,0000,507,昼－昼,晴,非市街地,舗装－乾燥,一般交通の場所,環状交差点以外 環状交差点以外をいう。,施設なし,00,23,00,23,00,0,その他,規制なし,0,4,車両単独,65～74歳,不明,乗用車－軽自動車,相手なし,自家用,対象外当事者,乗用車,対象外当事者,指定の速度規制なし等,対象外当事者,30,00,小破,対象外当事者,その他,対象外当事者,その他,対象外当事者,死亡,対象外当事者,火,前日,40.420052,141.713076,2020-04-28,10:55,red,,,,,,,,,,,,
本票,宮城,高速道路交通警察隊,0015,死亡,1,0,50080,下,0000,202,昼－昼,晴,非市街地,舗装－乾燥,単路－その他,環状交差点以外 環状交差点以外をいう。,施設なし,00,23,00,23,05,9,単路（交差点付近を含む）,規制なし,1,3,車両単独,0～24歳,不明,二輪車－自動二輪－小型二輪－401～750ｃｃ,物件等,自家用,対象外当事者,対象外当事者,対象外当事者,100㎞/h以下,対象外当事者,20,00,小破,対象外当事者,対象外当事者,対象外当事者,対象外当事者,対象外当事者,死亡,対象外当事者,土,その他,38.460486,141.279150,2020-04-11,14:46,red,400,国土交通省,走行車線－第二通行帯以上,完全分離－盛土,直線,平坦・該当なし,,1,中央分離帯－ガードレール,該当なし,該当なし,0
本票,宮城,白石,0171,死亡,1,0,30000,対象外,0000,104,昼－昼,晴,市街地－その他,舗装－乾燥,単路－その他,環状交差点以外 環状交差点以外をいう。,施設なし,00,23,00,23,03,9,単路（交差点付近を含む）,規制なし,5,4,車両単独,65～74歳,不明,乗用車－普通車,物件等,自家用,対象外当事者,乗用車,対象外当事者,指定の速度規制なし等,対象外当事者,10,00,大破,対象外当事者,装備あり 作動,対象外当事者,その他,対象外当事者,死亡,対象外当事者,木,その他,38.212169,140.879145,2020-04-23,16:30,red,,,,,,,,,,,,
本票,宮城,白石,0174,死亡,1,0,30440,対象外,0000,104,昼－明,晴,市街地－人口集中,舗装－乾燥,単路－カーブ・屈折,環状交差点以外 環状交差点以外をいう。,施設なし,00,23,00,23,05,2,単路（交差点付近を含む）,規制なし,4,2,車両単独,0～24歳,不明,二輪車－原付自転車,物件等,自家用,対象外当事者,対象外当事者,対象外当事者,指定の速度規制なし等,対象外当事者,41,00,小破,対象外当事者,対象外当事者,対象外当事者,対象外当事者,対象外当事者,死亡,対象外当事者,木,その他,38.237121,140.838750,2020-04-30,05:00,red,,,,,,,,,,,,
本票,宮城,西,0137,死亡,1,0,30000,対象外,0000,102,昼－暮,晴,非市街地,舗装－乾燥,交差点－その他,環状交差点以外 環状交差点以外をいう。,施設なし,09,22,09,22,14,9,交差点内,規制なし,5,4,車両相互,45～54歳,45～54歳,乗用車－普通車,二輪車－原付自転車,自家用,自家用,乗用車,対象外当事者,50㎞／ｈ以下,指定の速度規制なし等,20,10,小破,中破,その他,対象外当事者,その他,対象外当事者,損傷なし,死亡,水,その他,38.246862,140.966939,2020-04-22,17:27,red,,,,,,,,,,,,
本票,宮城,江別,0040,死亡,1,0,10160,対象外,0000,424,昼－昼,晴,市街地－その他,舗装－乾燥,単路－カーブ・屈折,環状交差点以外 環状交差点以外をいう。,施設なし,00,23,00,23,03,1,単路（交差点付近を含む）,規制なし,4,2,車両単独,75歳以上,不明,貨物車－軽自動車,物件等,自家用,対象外当事者,貨物車,対象外当事者,50㎞／ｈ以下,対象外当事者,85,00,大破,対象外当事者,装備あり 作動,対象外当事者,その他,対象外当事者,死亡,対象外当事者,水,その他,38.490272,140.891135,2020-04-08,12:50,red,,,,,,,,,,,,
本票,宮城,岩見沢,0047,死亡,1,0,30000,対象外,0000,322,昼－昼,晴,非市街地,舗装－乾燥,単路－カーブ・屈折,環状交差点以外 環状交差点以外をいう。,施設なし,00,23,00,23,03,3,単路（交差点付近を含む）,規制なし,4,3,車両単独,35～44歳,不明,乗用車－軽自動車,相手なし,自家用,対象外当事者,乗用車,対象外当事者,指定の速度規制なし等,対象外当事者,14,00,大破,対象外当事者,装備あり 作動,対象外当事者,その他,対象外当事者,死亡,対象外当事者,水,その他,38.067791,140.744222,2020-04-15,08:04,red,,,,,,,,,,,,
本票,宮城,三戸,0016,死亡,1,0,10260,対象外,0000,205,夜－夜,晴,市街地－その他,舗装－乾燥,単路－その他,環状交差点以外 環状交差点以外をいう。,施設なし,00,23,00,23,04,9,単路（交差点付近を含む）,規制なし,4,2,人対車両,65～74歳,55～64歳,乗用車－軽自動車,歩行者,自家用,対象外当事者,乗用車,対象外当事者,40㎞／ｈ以下,対象外当事者,10,00,小破,対象外当事者,その他,対象外当事者,その他,対象外当事者,損傷なし,死亡,金,その他,38.911346,141.580183,2020-04-03,19:20,red,,,,,,,,,,,,
本票,秋田,西,0007,死亡,1,0,80000,対象外,0000,213,昼－昼,曇,非市街地,非舗装,単路－その他,環状交差点以外 環状交差点以外をいう。,施設なし,00,23,00,23,01,8,単路（交差点付近を含む）,規制なし,5,4,車両単独,65～74歳,不明,特殊車－大型－その他,物件等,対象外当事者,対象外当事者,対象外当事者,対象外当事者,指定の速度規制なし等,対象外当事者,00,00,大破,対象外当事者,対象外当事者,対象外当事者,対象外当事者,対象外当事者,死亡,対象外当事者,金,その他,40.092885,140.462750,2020-04-10,09:00,red,,,,,,,,,,,,
本票,秋田,砂川,0009,死亡,1,0,14060,対象外,0000,206,昼－昼,曇,非市街地,舗装－乾燥,単路－その他,環状交差点以外 環状交差点以外をいう。,施設なし,00,23,00,23,03,9,その他,規制なし,4,3,車両単独,75歳以上,不明,貨物車－軽自動車,物件等,自家用,対象外当事者,貨物車,対象外当事者,指定の速度規制なし等,対象外当事者,10,00,中破,対象外当事者,装備あり 作動,対象外当事者,その他,対象外当事者,死亡,対象外当事者,水,その他,39.980369,139.725144,2020-04-08,12:45,red,,,,,,,,,,,,
本票,秋田,伊達,0060,死亡,1,0,37000,対象外,0000,212,昼－昼,曇,非市街地,非舗装,単路－橋,環状交差点以外 環状交差点以外をいう。,施設なし,00,23,00,23,01,9,その他,規制なし,5,4,車両単独,75歳以上,不明,二輪車－原付自転車,相手なし,自家用,対象外当事者,対象外当事者,対象外当事者,指定の速度規制なし等,対象外当事者,00,00,小破,対象外当事者,対象外当事者,対象外当事者,対象外当事者,対象外当事者,死亡,対象外当事者,水,当日,39.448432,140.396434,2020-04-29,11:00,red,,,,,,,,,,,,
本票,秋田,静内,0010,死亡,1,1,37500,対象外,0000,463,昼－暮,雨,非市街地,舗装－湿潤,単路－その他,環状交差点以外 環状交差点以外をいう。,施設なし,00,23,00,23,03,9,単路（交差点付近を含む）,規制なし,4,2,車両相互,55～64歳,35～44歳,貨物車－普通車,貨物車－軽自動車,自家用,自家用,貨物車,貨物車,指定の速度規制なし等,指定の速度規制なし等,10,10,大破,大破,その他,その他,その他,その他,負傷,死亡,水,その他,39.228884,140.382587,2020-04-01,17:35,red,,,,,,,,,,,,
本票,山形,中央,0295,死亡,1,0,30000,対象外,0000,201,昼－昼,雨,市街地－その他,舗装－湿潤,単路－その他,環状交差点以外 環状交差点以外をいう。,施設なし,00,23,00,23,05,9,単路（交差点付近を含む）,規制なし,4,3,人対車両,75歳以上,75歳以上,乗用車－軽自動車,歩行者,自家用,対象外当事者,乗用車,対象外当事者,指定の速度規制なし等,対象外当事者,30,00,小破,対象外当事者,その他,対象外当事者,その他,対象外当事者,損傷なし,死亡,月,その他,38.311639,140.385917,2020-04-06,11:01,red,,,,,,,,,,,,
本票,山形,つがる,0064,死亡,1,0,20000,対象外,0000,321,昼－昼,曇,市街地－人口集中,舗装－湿潤,交差点－その他,環状交差点以外 環状交差点以外をいう。,施設なし,09,22,09,22,14,9,交差点内,規制なし,5,3,車両相互,25～34歳,75歳以上,乗用車－軽自動車,軽車両－自転車,自家用,対象外当事者,乗用車,対象外当事者,40㎞／ｈ以下,対象外当事者,50,20,小破,大破,その他,対象外当事者,その他,対象外当事者,損傷なし,死亡,金,その他,38.441361,140.303222,2020-04-10,08:40,red,,,,,,,,,,,,
本票,山形,美唄,0035,死亡,1,0,30000,対象外,0000,207,昼－昼,晴,非市街地,舗装－乾燥,交差点－その他,環状交差点以外 環状交差点以外をいう。,施設なし,09,22,00,23,11,9,交差点内,規制なし,5,4,車両単独,0～24歳,不明,軽車両－自転車,相手なし,対象外当事者,対象外当事者,対象外当事者,対象外当事者,対象外当事者,対象外当事者,10,00,中破,対象外当事者,対象外当事者,対象外当事者,対象外当事者,対象外当事者,死亡,対象外当事者,火,その他,38.094278,140.312639,2020-04-14,11:00,red,,,,,,,,,,,,
本票,山形,砂川,0012,死亡,1,0,30000,対象外,0000,341,昼－昼,晴,市街地－その他,舗装－乾燥,単路－その他,環状交差点以外 環状交差点以外をいう。,施設なし,00,23,00,23,03,9,その他,規制なし,5,4,車両単独,25～34歳,不明,特殊車－小型－その他,相手なし,対象外当事者,対象外当事者,対象外当事者,対象外当事者,指定の速度規制なし等,対象外当事者,40,00,小破,対象外当事者,対象外当事者,対象外当事者,対象外当事者,対象外当事者,死亡,対象外当事者,土,その他,38.586556,140.339083,2020-04-25,13:15,red,,,,,,,,,,,,
本票,福島,高速道路交通警察隊,0012,死亡,1,0,42120,下,1523,204,夜－夜,雨,非市街地,舗装－湿潤,単路－カーブ・屈折,環状交差点以外 環状交差点以外をいう。,施設なし,00,23,00,23,05,5,単路（交差点付近を含む）,規制なし,1,4,車両単独,65～74歳,不明,乗用車－普通車,物件等,自家用,対象外当事者,乗用車,対象外当事者,80㎞／ｈ以下,対象外当事者,65,00,大破,対象外当事者,装備あり 作動,対象外当事者,その他,対象外当事者,死亡,対象外当事者,月,その他,36.883117,140.746459,2020-04-13,02:40,red,1523,東日本高速道路,走行車線－第二通行帯以上,完全分離－盛土,カーブ－1000m以上,上り・下り－３％以上,,1,防護柵－ガードケーブル,あり－異常気象,80㎞/h以下,0
本票,福島,高速道路交通警察隊,0013,死亡,2,0,42120,下,2769,561,昼－昼,晴,非市街地,舗装－乾燥,単路－その他,環状交差点以外 環状交差点以外をいう。,施設なし,00,23,00,23,03,9,単路（交差点付近を含む）,規制なし,6,4,車両単独,45～54歳,不明,貨物車－準中型車,物件等,自家用,対象外当事者,貨物車,対象外当事者,70㎞／ｈ以下,対象外当事者,81,00,大破,対象外当事者,装備あり 作動,対象外当事者,その他,対象外当事者,損傷なし,対象外当事者,火,その他,37.877322,140.880813,2020-04-14,07:45,red,2769,東日本高速道路,走行車線－第一通行帯,非分離－盛土,直線,平坦・該当なし,,3,防護柵－ガードレール,該当なし,該当なし,0
本票,福島,野辺地,0042,死亡,1,0,30000,対象外,0000,205,昼－昼,雨,非市街地,舗装－湿潤,交差点付近－その他,環状交差点以外 環状交差点以外をいう。,施設なし,00,23,00,23,03,8,単路（交差点付近を含む）,規制なし,4,2,車両相互,0～24歳,75歳以上,貨物車－中型車,軽車両－駆動補助機付自転車,事業用,対象外当事者,貨物車,対象外当事者,指定の速度規制なし等,対象外当事者,10,30,小破,小破,その他,対象外当事者,その他,対象外当事者,損傷なし,死亡,水,その他,37.141104,140.209385,2020-04-01,13:50,red,,,,,,,,,,,,
本票,東京,高速道路交通警察隊,0170,死亡,1,2,50280,下,0000,111,昼－昼,晴,市街地－人口集中,舗装－乾燥,単路－トンネル,環状交差点以外 環状交差点以外をいう。,施設なし,00,23,00,23,06,9,単路（交差点付近を含む）,規制なし,1,4,車両相互,45～54歳,45～54歳,貨物車－大型車,貨物車－大型車,自家用,事業用,貨物車,貨物車,80㎞／ｈ以下,80㎞／ｈ以下,10,31,大破,小破,装備あり 作動,その他,その他,その他,死亡,負傷,月,その他,35.532372,139.796214,2020-04-06,09:21,red,0,首都高速道路,走行車線－第一通行帯,完全分離－トンネル,直線,平坦・該当なし,田麦俣,3,該当なし,該当なし,80㎞/h以下,2170
本票,東京,高速道路交通警察隊,0171,死亡,1,0,50040,下,0000,103,昼－昼,晴,市街地－人口集中,舗装－乾燥,単路－カーブ・屈折,環状交差点以外 環状交差点以外をいう。,施設なし,00,23,00,23,03,6,単路（交差点付近を含む）,規制なし,1,4,車両単独,35～44歳,不明,二輪車－自動二輪－軽二輪－126～250cc,物件等,自家用,対象外当事者,対象外当事者,対象外当事者,50㎞／ｈ以下,対象外当事者,10,00,中破,対象外当事者,対象外当事者,対象外当事者,対象外当事者,対象外当事者,死亡,対象外当事者,水,その他,35.654504,139.745742,2020-04-08,09:50,red,0,首都高速道路,走行車線－第二通行帯以上,完全分離－その他,カーブ－100m未満,平坦・該当なし,,1,中央分離帯－コンクリート,該当なし,該当なし,0
本票,東京,三戸,0062,死亡,1,0,85030,対象外,0000,109,昼－暮,曇,市街地－人口集中,舗装－乾燥,単路－その他,環状交差点以外 環状交差点以外をいう。,施設なし,00,23,00,23,05,9,単路（交差点付近を含む）,規制なし,1,2,車両相互,55～64歳,55～64歳,貨物車－大型車,軽車両－自転車,事業用,対象外当事者,貨物車,対象外当事者,50㎞／ｈ以下,対象外当事者,40,10,小破,小破,その他,対象外当事者,その他,対象外当事者,損傷なし,死亡,水,その他,35.595012,139.758564,2020-04-22,18:14,red,,,,,,,,,,,,
本票,東京,荏原,0066,死亡,1,0,00010,上,0126,109,夜－夜,晴,市街地－人口集中,舗装－乾燥,単路－その他,環状交差点以外 環状交差点以外をいう。,点滅－３灯式,00,23,00,23,05,9,単路（交差点付近を含む）,規制なし,5,1,人対車両,25～34歳,75歳以上,乗用車－普通車,歩行者,自家用,対象外当事者,乗用車,対象外当事者,60㎞／ｈ以下,対象外当事者,10,00,小破,対象外当事者,その他,対象外当事者,その他,対象外当事者,損傷なし,死亡,火,その他,35.604660,139.713479,2020-04-14,20:44,red,,,,,,,,,,,,
本票,東京,成城,0134,死亡,1,0,20000,対象外,0000,112,昼－昼,晴,市街地－人口集中,舗装－乾燥,単路－その他,環状交差点以外 環状交差点以外をいう。,施設なし,00,23,00,23,03,9,単路（交差点付近を含む）,規制なし,4,3,車両相互,55～64歳,75歳以上,貨物車－中型車,軽車両－自転車,自家用,対象外当事者,貨物車,対象外当事者,30㎞／ｈ以下,対象外当事者,40,20,小破,小破,その他,対象外当事者,その他,対象外当事者,損傷なし,死亡,土,その他,35.669790,139.600863,2020-03-21,13:02,red,,,,,,,,,,,,
本票,東京,牛込,0043,死亡,1,0,10120,対象外,0000,104,昼－昼,晴,市街地－人口集中,舗装－乾燥,交差点－その他,環状交差点以外 環状交差点以外をいう。,点灯－３灯式,09,22,00,23,18,7,交差点内,規制なし,5,1,人対車両,45～54歳,0～24歳,乗用車－大型車,歩行者,事業用,対象外当事者,乗用車,対象外当事者,40㎞／ｈ以下,対象外当事者,10,00,小破,対象外当事者,その他,対象外当事者,その他,対象外当事者,損傷なし,死亡,日,その他,35.695372,139.724978,2020-04-19,14:58,red,,,,,,,,,,,,
本票,東京,荻窪,0057,死亡,1,0,30000,対象外,0000,115,昼－昼,晴,市街地－人口集中,舗装－湿潤,交差点－その他,環状交差点以外 環状交差点以外をいう。,施設なし,09,22,09,22,14,9,交差点内,規制なし,5,3,車両相互,55～64歳,0～24歳,乗用車－軽自動車,軽車両－自転車,自家用,対象外当事者,乗用車,対象外当事者,30㎞／ｈ以下,対象外当事者,10,40,小破,小破,その他,対象外当事者,その他,対象外当事者,損傷なし,死亡,月,その他,35.722874,139.605614,2020-04-06,14:40,red,,,,,,,,,,,,
本票,東京,荻窪,0058,死亡,1,0,10200,対象外,0000,115,昼－昼,晴,市街地－人口集中,舗装－乾燥,単路－トンネル,環状交差点以外 環状交差点以外をいう。,施設なし,00,23,00,23,04,9,単路（交差点付近を含む）,規制なし,1,4,車両単独,45～54歳,不明,二輪車－自動二輪－原付二種－51～125cc,物件等,自家用,対象外当事者,対象外当事者,対象外当事者,指定の速度規制なし等,対象外当事者,10,00,小破,対象外当事者,対象外当事者,対象外当事者,対象外当事者,対象外当事者,死亡,対象外当事者,日,その他,35.725803,139.614439,2020-04-26,09:50,red,,,,,,,,,,,,
本票,東京,王子,0038,死亡,1,0,10310,対象外,0000,117,昼－昼,晴,市街地－人口集中,舗装－乾燥,交差点－その他,環状交差点以外 環状交差点以外をいう。,点灯－３灯式,09,22,00,23,15,9,交差点内,規制なし,5,1,人対車両,45～54歳,25～34歳,乗用車－普通車,歩行者,自家用,対象外当事者,乗用車,対象外当事者,40㎞／ｈ以下,対象外当事者,10,00,小破,対象外当事者,その他,対象外当事者,その他,対象外当事者,損傷なし,死亡,火,その他,35.763617,139.752866,2020-04-14,08:15,red,,,,,,,,,,,,
本票,東京,光が丘,0094,死亡,1,0,02540,上,0112,120,昼－暮,晴,市街地－人口集中,舗装－乾燥,交差点－その他,環状交差点以外 環状交差点以外をいう。,施設なし,01,21,09,22,19,9,交差点内,規制なし,1,1,車両相互,35～44歳,75歳以上,貨物車－大型車,軽車両－自転車,事業用,対象外当事者,貨物車,対象外当事者,指定の速度規制なし等,対象外当事者,10,20,小破,中破,その他,対象外当事者,その他,対象外当事者,損傷なし,死亡,金,その他,35.763993,139.664193,2020-04-03,17:50,red,,,,,,,,,,,,