資料区分,都道府県コード,警察署等コード,本票番号,事故内容,死者数,負傷者数,路線コード,上下線,地点コード,市区町村コード,昼夜,天候,地形,路面状態,道路形状,環状交差点の直径,信号機,一時停止規制　標識（当事者A）,一時停止規制　表示（当事者A）,一時停止規制　標識（当事者B）,一時停止規制　表示（当事者B）,車道幅員,道路線形,衝突地点,ゾーン規制,中央分離帯施設等,歩車道区分,事故類型,年齢（当事者A）,年齢（当事者B）,当事者種別（当事者A）,当事者種別（当事者B）,用途別（当事者A）,用途別（当事者B）,車両形状（当事者A）,車両形状（当事者B）,速度規制（指定のみ）（当事者A）,速度規制（指定のみ）（当事者B）,車両の衝突部位（当事者A）,車両の衝突部位（当事者B）,車両の損壊程度（当事者A）,車両の損壊程度（当事者B）,エアバッグの装備（当事者A）,エアバッグの装備（当事者B）,サイドエアバッグの装備（当事者A）,サイドエアバッグの装備（当事者B）,人身損傷程度（当事者A）,人身損傷程度（当事者B）,曜日(発生年月日),祝日(発生年月日),緯度,経度,発生日,発生時,color,発生地点,道路管理者区分,道路区分,道路構造,曲線半径,縦断勾配,トンネル番号,当事者車両台数,車両単独事故の対象物,臨時速度規制の有無,速度規制（臨時のみ）,トンネル延長距離
本票,東京,西新井,0099,死亡,1,0,20620,対象外,0000,121,夜－夜,曇,市街地－人口集中,舗装－乾燥,交差点－その他,環状交差点以外 環状交差点以外をいう。,点灯－３灯式,09,22,00,23,14,9,交差点内,規制なし,4,2,人対車両,55～64歳,65～74歳,貨物車－中型車,歩行者,自家用,対象外当事者,貨物車,対象外当事者,30㎞／ｈ以下,対象外当事者,10,00,中破,対象外当事者,その他,対象外当事者,その他,対象外当事者,損傷なし,死亡,水,当日,35.772726,139.797523,2020-04-29,00:49,red,,,,,,,,,,,,
本票,東京,城東,0066,死亡,1,0,10090,対象外,0000,108,昼－昼,晴,市街地－人口集中,舗装－乾燥,交差点－その他,環状交差点以外 環状交差点以外をいう。,点灯－３灯式,09,22,00,23,18,9,交差点内,規制なし,5,1,人対車両,35～44歳,65～74歳,乗用車－普通車,歩行者,自家用,対象外当事者,乗用車,対象外当事者,50㎞／ｈ以下,対象外当事者,10,00,小破,対象外当事者,その他,対象外当事者,その他,対象外当事者,損傷なし,死亡,土,その他,35.685009,139.826719,2020-04-04,16:44,red,,,,,,,,,,,,
本票,東京,小松川,0211,死亡,1,0,30000,対象外,0000,123,夜－暮,晴,市街地－人口集中,舗装－乾燥,交差点－その他,環状交差点以外 環状交差点以外をいう。,点灯－３灯式,09,22,00,23,14,9,交差点内,規制なし,5,2,人対車両,25～34歳,75歳以上,乗用車－普通車,歩行者,自家用,対象外当事者,乗用車,対象外当事者,40㎞／ｈ以下,対象外当事者,10,00,中破,対象外当事者,その他,対象外当事者,その他,対象外当事者,損傷なし,死亡,日,その他,35.690659,139.897387,2020-04-26,18:30,red,,,,,,,,,,,,
本票,東京,府中,0057,死亡,1,0,20000,対象外,0000,206,昼－昼,曇,市街地－人口集中,舗装－乾燥,単路－その他,環状交差点以外 環状交差点以外をいう。,点灯－３灯式,00,23,00,23,03,9,単路（交差点付近を含む）,規制なし,5,1,車両相互,35～44歳,75歳以上,乗用車－普通車,軽車両－自転車,自家用,対象外当事者,乗用車,対象外当事者,指定の速度規制なし等,対象外当事者,10,40,中破,小破,その他,対象外当事者,その他,対象外当事者,損傷なし,死亡,火,その他,35.696317,139.460022,2020-04-21,08:53,red,,,,,,,,,,,,
本票,茨城,中央,0230,死亡,1,0,30000,対象外,0000,201,昼－昼,雨,市街地－人口集中,舗装－湿潤,交差点－その他,環状交差点以外 環状交差点以外をいう。,点灯－３灯式,09,22,00,23,14,9,交差点内,規制なし,4,2,人対車両,35～44歳,75歳以上,貨物車－普通車,歩行者,自家用,対象外当事者,貨物車,対象外当事者,30㎞／ｈ以下,対象外当事者,10,00,小破,対象外当事者,その他,対象外当事者,その他,対象外当事者,損傷なし,死亡,水,その他,36.368049,140.431663,2020-04-01,16:27,red,,,,,,,,,,,,
本票,茨城,滝川,0057,死亡,1,0,30000,対象外,0000,208,夜－夜,晴,市街地－その他,舗装－乾燥,交差点－その他,環状交差点以外 環状交差点以外をいう。,施設なし,09,22,00,23,15,9,交差点内,規制なし,4,2,人対車両,45～54歳,65～74歳,乗用車－軽自動車,歩行者,自家用,対象外当事者,乗用車,対象外当事者,指定の速度規制なし等,対象外当事者,15,00,中破,対象外当事者,その他,対象外当事者,その他,対象外当事者,損傷なし,死亡,日,その他,35.932355,140.138596,2020-04-05,21:09,red,,,,,,,,,,,,
本票,茨城,赤歌,0030,死亡,1,0,04080,対象外,0000,229,夜－夜,曇,市街地－その他,舗装－乾燥,単路－その他,環状交差点以外 環状交差点以外をいう。,施設なし,00,23,00,23,03,9,単路（交差点付近を含む）,規制なし,4,2,車両相互,65～74歳,75歳以上,貨物車－普通車,軽車両－駆動補助機付自転車,自家用,対象外当事者,貨物車,対象外当事者,50㎞／ｈ以下,対象外当事者,10,42,小破,大破,その他,対象外当事者,その他,対象外当事者,損傷なし,死亡,木,その他,35.907375,140.285395,2020-04-16,20:50,red,,,,,,,,,,,,
本票,茨城,芦別,0163,死亡,1,0,00060,下,0580,203,昼－昼,晴,市街地－その他,舗装－乾燥,交差点－その他,環状交差点以外 環状交差点以外をいう。,点灯－３灯式,09,22,09,22,15,9,交差点内,規制なし,4,2,車両相互,55～64歳,75歳以上,貨物車－大型車,軽車両－自転車,自家用,対象外当事者,貨物車,対象外当事者,指定の速度規制なし等,対象外当事者,80,20,小破,大破,その他,対象外当事者,その他,対象外当事者,損傷なし,死亡,木,その他,36.030655,140.161344,2020-04-16,13:33,red,,,,,,,,,,,,
本票,茨城,豊平,0130,死亡,1,0,02450,対象外,0000,341,昼－昼,晴,非市街地,舗装－乾燥,交差点－その他,環状交差点以外 環状交差点以外をいう。,点灯－３灯式,09,22,00,23,15,9,交差点内,規制なし,4,1,車両単独,35～44歳,不明,乗用車－普通車,物件等,自家用,対象外当事者,乗用車,対象外当事者,指定の速度規制なし等,対象外当事者,11,00,大破,対象外当事者,装備あり 作動,対象外当事者,その他,対象外当事者,死亡,対象外当事者,日,その他,36.476474,140.604922,2020-04-05,06:20,red,,,,,,,,,,,,
本票,茨城,豊平,0146,死亡,1,0,00060,上,1230,341,夜－夜,晴,非市街地,舗装－乾燥,単路－その他,環状交差点以外 環状交差点以外をいう。,施設なし,00,23,00,23,03,9,単路（交差点付近を含む）,規制なし,4,2,車両相互,55～64歳,65～74歳,貨物車－大型車,軽車両－自転車,事業用,対象外当事者,貨物車,対象外当事者,50㎞／ｈ以下,対象外当事者,40,12,小破,小破,その他,対象外当事者,その他,対象外当事者,損傷なし,死亡,金,その他,36.474068,140.550714,2020-04-17,20:10,red,,,,,,,,,,,,
本票,栃木,東,0088,死亡,1,0,00500,対象外,0542,204,夜－夜,曇,市街地－その他,舗装－湿潤,単路－その他,環状交差点以外 環状交差点以外をいう。,点灯－３灯式,00,23,00,23,06,9,単路（交差点付近を含む）,規制なし,1,2,車両相互,55～64歳,45～54歳,貨物車－大型車,貨物車－大型車,事業用,事業用,貨物車,貨物車,指定の速度規制なし等,指定の速度規制なし等,51,70,大破,中破,装備あり 作動,その他,その他,その他,死亡,損傷なし,火,その他,36.296461,139.603445,2020-04-14,00:48,red,,,,,,,,,,,,
本票,栃木,滝川,0027,死亡,1,0,30000,対象外,0000,211,夜－夜,曇,非市街地,舗装－乾燥,単路－その他,環状交差点以外 環状交差点以外をいう。,施設なし,00,23,00,23,02,9,単路（交差点付近を含む）,規制なし,4,2,人対車両,45～54歳,45～54歳,貨物車－中型車,歩行者,事業用,対象外当事者,貨物車,対象外当事者,指定の速度規制なし等,対象外当事者,10,00,小破,対象外当事者,その他,対象外当事者,その他,対象外当事者,損傷なし,死亡,金,その他,36.744728,139.948081,2020-04-17,20:43,red,,,,,,,,,,,,
本票,群馬,つがる,0473,死亡,1,0,10170,対象外,0000,204,夜－夜,雨,市街地－その他,舗装－湿潤,交差点付近－その他,環状交差点以外 環状交差点以外をいう。,施設なし,00,23,00,23,03,9,単路（交差点付近を含む）,規制なし,4,3,人対車両,45～54歳,75歳以上,乗用車－軽自動車,歩行者,自家用,対象外当事者,乗用車,対象外当事者,指定の速度規制なし等,対象外当事者,80,00,小破,対象外当事者,その他,対象外当事者,その他,対象外当事者,損傷なし,死亡,水,その他,36.274596,139.253950,2020-04-01,19:25,red,,,,,,,,,,,,
本票,群馬,つがる,0557,死亡,1,0,10160,対象外,0000,204,昼－昼,晴,市街地－その他,舗装－乾燥,交差点－その他,環状交差点以外 環状交差点以外をいう。,施設なし,01,21,09,22,14,9,その他,規制なし,4,2,車両相互,45～54歳,75歳以上,乗用車－普通車,乗用車－軽自動車,自家用,自家用,乗用車,乗用車,30㎞／ｈ以下,40㎞／ｈ以下,00,10,損壊なし,中破,その他,装備あり 作動,その他,その他,損傷なし,死亡,木,その他,36.374695,139.227082,2020-04-23,11:28,red,,,,,,,,,,,,
本票,群馬,美唄,0368,死亡,1,0,23470,対象外,0000,205,昼－昼,雨,非市街地,舗装－湿潤,交差点付近－その他,環状交差点以外 環状交差点以外をいう。,施設なし,00,23,00,23,03,9,単路（交差点付近を含む）,規制なし,4,2,人対車両,0～24歳,75歳以上,乗用車－軽自動車,歩行者,自家用,対象外当事者,乗用車,対象外当事者,50㎞／ｈ以下,対象外当事者,50,00,小破,対象外当事者,その他,対象外当事者,その他,対象外当事者,損傷なし,死亡,土,その他,36.353756,139.372003,2020-04-18,08:33,red,,,,,,,,,,,,
本票,群馬,三戸,0102,死亡,1,0,22800,対象外,0000,207,昼－昼,曇,非市街地,舗装－乾燥,交差点－その他,環状交差点以外 環状交差点以外をいう。,点灯－３灯式,09,22,09,22,15,9,交差点内,規制なし,5,2,車両相互,75歳以上,45～54歳,貨物車－軽自動車,二輪車－自動二輪－軽二輪－126～250cc,自家用,自家用,貨物車,対象外当事者,40㎞／ｈ以下,40㎞／ｈ以下,50,10,中破,大破,その他,対象外当事者,その他,対象外当事者,損傷なし,死亡,日,その他,36.260688,139.530586,2020-04-12,14:30,red,,,,,,,,,,,,
本票,群馬,芦別,0162,死亡,2,0,10120,対象外,0000,345,夜－夜,晴,非市街地,舗装－乾燥,交差点付近－その他,環状交差点以外 環状交差点以外をいう。,施設なし,00,23,00,23,03,9,単路（交差点付近を含む）,規制なし,1,2,車両相互,25～34歳,45～54歳,乗用車－普通車,乗用車－軽自動車,自家用,自家用,乗用車,乗用車,指定の速度規制なし等,指定の速度規制なし等,10,30,中破,大破,装備あり 作動,その他,その他,その他,損傷なし,死亡,水,その他,36.453102,138.994848,2020-04-15,02:12,red,,,,,,,,,,,,
本票,埼玉,江別,0283,死亡,1,0,10490,対象外,0000,221,夜－夜,晴,市街地－その他,舗装－乾燥,交差点付近－その他,環状交差点以外 環状交差点以外をいう。,施設なし,00,23,00,23,03,9,単路（交差点付近を含む）,規制なし,4,1,人対車両,45～54歳,65～74歳,乗用車－普通車,歩行者,自家用,対象外当事者,乗用車,対象外当事者,40㎞／ｈ以下,対象外当事者,80,00,小破,対象外当事者,その他,対象外当事者,その他,対象外当事者,損傷なし,死亡,日,その他,35.848897,139.802261,2020-04-26,21:32,red,,,,,,,,,,,,
本票,埼玉,千歳,0127,死亡,1,0,10350,対象外,0000,102,昼－昼,晴,市街地－人口集中,舗装－乾燥,交差点－その他,環状交差点以外 環状交差点以外をいう。,施設なし,09,21,01,21,14,9,交差点内,規制なし,4,2,車両相互,45～54歳,75歳以上,乗用車－普通車,軽車両－自転車,自家用,対象外当事者,乗用車,対象外当事者,40㎞／ｈ以下,対象外当事者,10,20,小破,中破,その他,対象外当事者,その他,対象外当事者,損傷なし,死亡,月,その他,35.927824,139.634856,2020-04-06,14:42,red,,,,,,,,,,,,
本票,埼玉,岩見沢,0120,死亡,1,0,39990,対象外,0000,233,夜－暮,雨,市街地－その他,舗装－湿潤,交差点－その他,環状交差点以外 環状交差点以外をいう。,施設なし,09,22,00,23,14,9,交差点内,規制なし,4,2,人対車両,55～64歳,75歳以上,乗用車－普通車,歩行者,自家用,対象外当事者,乗用車,対象外当事者,50㎞／ｈ以下,対象外当事者,81,00,中破,対象外当事者,その他,対象外当事者,その他,対象外当事者,損傷なし,死亡,木,その他,36.028628,139.527193,2020-04-09,19:00,red,,,,,,,,,,,,
本票,埼玉,つがる,0292,死亡,1,0,04631,対象外,0000,208,昼－昼,晴,非市街地,舗装－乾燥,交差点－その他,環状交差点以外 環状交差点以外をいう。,点灯－３灯式,09,22,09,22,19,9,交差点内,規制なし,5,2,車両相互,35～44歳,0～24歳,貨物車－準中型車,二輪車－自動二輪－小型二輪－401～750ｃｃ,事業用,自家用,貨物車,対象外当事者,指定の速度規制なし等,指定の速度規制なし等,50,10,小破,小破,その他,対象外当事者,その他,対象外当事者,損傷なし,死亡,水,その他,35.812557,139.543132,2020-04-15,13:32,red,,,,,,,,,,,,
本票,埼玉,赤歌,0067,死亡,1,0,02990,対象外,0000,361,夜－夜,晴,非市街地,舗装－乾燥,単路－カーブ・屈折,環状交差点以外 環状交差点以外をいう。,施設なし,00,23,00,23,03,4,単路（交差点付近を含む）,規制なし,4,2,車両相互,25～34歳,35～44歳,乗用車－普通車,二輪車－自動二輪－小型二輪－751ｃｃ以上,自家用,自家用,乗用車,対象外当事者,40㎞／ｈ以下,40㎞／ｈ以下,10,10,大破,大破,その他,対象外当事者,その他,対象外当事者,損傷なし,死亡,火,その他,35.975051,139.122863,2020-04-07,20:41,red,,,,,,,,,,,,
本票,埼玉,苫小牧,0051,死亡,1,0,10840,対象外,0000,216,夜－暮,晴,非市街地,舗装－乾燥,単路－その他,環状交差点以外 環状交差点以外をいう。,施設なし,00,23,00,23,04,9,単路（交差点付近を含む）,規制なし,1,2,人対車両,55～64歳,65～74歳,乗用車－普通車,歩行者,自家用,対象外当事者,乗用車,対象外当事者,50㎞／ｈ以下,対象外当事者,80,00,中破,対象外当事者,その他,対象外当事者,その他,対象外当事者,損傷なし,死亡,火,その他,36.166970,139.583569,2020-04-21,19:03,red,,,,,,,,,,,,
本票,埼玉,浦河,0164,死亡,1,0,00041,上,0382,214,夜－明,晴,非市街地,舗装－乾燥,交差点－その他,環状交差点以外 環状交差点以外をいう。,点灯－歩車分式,09,22,09,22,19,9,交差点内,規制なし,1,2,車両相互,55～64歳,0～24歳,貨物車－大型車,乗用車－軽自動車,事業用,自家用,貨物車,乗用車,指定の速度規制なし等,指定の速度規制なし等,10,41,小破,大破,その他,装備あり 作動,その他,その他,損傷なし,死亡,火,その他,36.007151,139.788743,2020-04-14,04:38,red,,,,,,,,,,,,
本票,埼玉,東入間,0153,死亡,1,0,10560,対象外,0000,324,夜－暮,曇,非市街地,舗装－湿潤,交差点付近－その他,環状交差点以外 環状交差点以外をいう。,施設なし,00,23,00,23,03,9,単路（交差点付近を含む）,規制なし,4,2,人対車両,35～44歳,75歳以上,貨物車－軽自動車,歩行者,自家用,対象外当事者,貨物車,対象外当事者,40㎞／ｈ以下,対象外当事者,80,00,小破,対象外当事者,その他,対象外当事者,その他,対象外当事者,損傷なし,死亡,土,その他,35.834871,139.499730,2020-04-18,19:02,red,,,,,,,,,,,,
本票,埼玉,浦和西,0127,死亡,1,1,22150,対象外,0000,105,夜－暮,雨,市街地－人口集中,舗装－湿潤,交差点－その他,環状交差点以外 環状交差点以外をいう。,点灯－押ボタン式,01,21,09,22,14,9,交差点内,規制なし,4,2,車両相互,75歳以上,45～54歳,乗用車－普通車,二輪車－自動二輪－原付二種－51～125cc,自家用,自家用,乗用車,対象外当事者,30㎞／ｈ以下,30㎞／ｈ以下,18,12,中破,中破,その他,対象外当事者,その他,対象外当事者,損傷なし,死亡,月,その他,35.890592,139.619698,2020-04-27,18:55,red,,,,,,,,,,,,
本票,千葉,西,0070,死亡,1,0,22040,対象外,0000,216,昼－昼,晴,市街地－人口集中,舗装－乾燥,単路－その他,環状交差点以外 環状交差点以外をいう。,施設なし,00,23,00,23,03,9,単路（交差点付近を含む）,規制なし,4,2,車両相互,75歳以上,75歳以上,乗用車－普通車,軽車両－自転車,自家用,対象外当事者,乗用車,対象外当事者,30㎞／ｈ以下,対象外当事者,10,30,小破,中破,その他,対象外当事者,その他,対象外当事者,損傷なし,死亡,木,その他,35.682562,140.023037,2020-04-16,14:36,red,,,,,,,,,,,,
本票,千葉,千歳,0064,死亡,1,0,30000,対象外,0000,227,夜－夜,晴,市街地－その他,舗装－乾燥,交差点付近－その他,環状交差点以外 環状交差点以外をいう。,点灯－３灯式,00,23,00,23,03,3,単路（交差点付近を含む）,規制なし,3,1,車両単独,0～24歳,不明,乗用車－普通車,物件等,自家用,対象外当事者,乗用車,対象外当事者,50㎞／ｈ以下,対象外当事者,10,00,大破,対象外当事者,装備あり 作動,対象外当事者,その他,対象外当事者,死亡,対象外当事者,月,その他,35.626227,139.892894,2020-03-16,02:53,red,,,,,,,,,,,,
本票,千葉,千歳,0081,死亡,1,0,95000,対象外,0000,227,昼－昼,晴,市街地－人口集中,舗装－乾燥,単路－カーブ・屈折,環状交差点以外 環状交差点以外をいう。,施設なし,00,23,00,23,04,3,単路（交差点付近を含む）,規制なし,6,1,車両単独,0～24歳,不明,二輪車－自動二輪－小型二輪－251～400cc,物件等,自家用,対象外当事者,対象外当事者,対象外当事者,50㎞／ｈ以下,対象外当事者,40,00,中破,対象外当事者,対象外当事者,対象外当事者,対象外当事者,対象外当事者,死亡,対象外当事者,土,その他,35.626255,139.872914,2020-04-11,17:00,red,,,,,,,,,,,,
本票,千葉,つがる,0264,死亡,1,2,30000,対象外,0000,217,昼－昼,雨,市街地－その他,舗装－乾燥,交差点－その他,環状交差点以外 環状交差点以外をいう。,施設なし,09,22,01,21,15,9,交差点内,規制なし,5,2,車両相互,55～64歳,75歳以上,貨物車－中型車,乗用車－普通車,自家用,自家用,貨物車,乗用車,指定の速度規制なし等,指定の速度規制なし等,10,40,大破,大破,装備あり 作動,装備あり 作動,その他,装備あり 作動,負傷,負傷,水,その他,35.912580,139.957639,2020-04-22,15:32,red,,,,,,,,,,,,
本票,千葉,野辺地,0152,死亡,1,0,30000,対象外,0000,230,昼－昼,晴,市街地－その他,舗装－乾燥,単路－カーブ・屈折,環状交差点以外 環状交差点以外をいう。,施設なし,00,23,00,23,02,6,単路（交差点付近を含む）,規制なし,5,3,車両相互,35～44歳,45～54歳,乗用車－普通車,二輪車－原付自転車,自家用,自家用,乗用車,対象外当事者,指定の速度規制なし等,指定の速度規制なし等,10,10,小破,大破,その他,対象外当事者,その他,対象外当事者,損傷なし,死亡,木,その他,35.634078,140.279393,2020-04-09,16:30,red,,,,,,,,,,,,
本票,千葉,美唄,0173,死亡,1,2,30000,対象外,0000,233,夜－夜,晴,非市街地,舗装－乾燥,単路－カーブ・屈折,環状交差点以外 環状交差点以外をいう。,施設なし,00,23,00,23,02,3,その他,規制なし,5,3,車両単独,0～24歳,不明,乗用車－普通車,相手なし,自家用,対象外当事者,乗用車,対象外当事者,指定の速度規制なし等,対象外当事者,20,00,大破,対象外当事者,装備あり 作動,対象外当事者,その他,対象外当事者,負傷,対象外当事者,金,その他,35.733257,140.359572,2020-04-10,21:54,red,,,,,,,,,,,,
本票,千葉,伊達,0094,死亡,1,0,04090,下,0000,427,夜－夜,晴,非市街地,舗装－乾燥,交差点付近－その他,環状交差点以外 環状交差点以外をいう。,点灯－３灯式,00,23,00,23,03,8,単路（交差点付近を含む）,規制なし,4,3,車両単独,0～24歳,不明,乗用車－軽自動車,物件等,自家用,対象外当事者,乗用車,対象外当事者,40㎞／ｈ以下,対象外当事者,10,00,大破,対象外当事者,装備あり 作動,対象外当事者,装備あり 作動,対象外当事者,死亡,対象外当事者,金,その他,35.399299,140.212832,2020-04-03,01:10,red,,,,,,,,,,,,
本票,千葉,北,0155,死亡,1,0,30000,対象外,0000,206,昼－昼,晴,非市街地,舗装－乾燥,単路－カーブ・屈折,環状交差点以外 環状交差点以外をいう。,施設なし,00,23,00,23,02,6,その他,規制なし,5,4,車両単独,75歳以上,不明,軽車両－駆動補助機付自転車,相手なし,対象外当事者,対象外当事者,対象外当事者,対象外当事者,対象外当事者,対象外当事者,10,00,小破,対象外当事者,対象外当事者,対象外当事者,対象外当事者,対象外当事者,死亡,対象外当事者,月,その他,35.350189,140.066133,2020-03-30,10:29,red,,,,,,,,,,,,
本票,神奈川,高速道路交通警察隊,0111,死亡,1,0,51000,上,0000,112,夜－暮,雨,非市街地,舗装－湿潤,単路－その他,環状交差点以外 環状交差点以外をいう。,施設なし,00,23,00,23,06,9,単路（交差点付近を含む）,規制なし,1,4,車両単独,25～34歳,不明,二輪車－自動二輪－軽二輪－126～250cc,相手なし,自家用,対象外当事者,対象外当事者,対象外当事者,80㎞／ｈ以下,対象外当事者,20,00,中破,対象外当事者,対象外当事者,対象外当事者,対象外当事者,対象外当事者,死亡,対象外当事者,水,その他,35.465179,139.538356,2020-04-01,19:00,red,33,国土交通省,追越車線,完全分離－高架・橋梁,該当なし,平坦－２％以上,,2,該当なし,該当なし,該当なし,0
本票,神奈川,幸,0083,死亡,1,0,99000,対象外,0000,132,昼－昼,晴,市街地－人口集中,舗装－乾燥,一般交通の場所,環状交差点以外 環状交差点以外をいう。,施設なし,00,23,00,23,00,0,その他,規制なし,0,4,車両単独,75歳以上,不明,貨物車－軽自動車,物件等,自家用,対象外当事者,貨物車,対象外当事者,指定の速度規制なし等,対象外当事者,10,00,中破,対象外当事者,その他,対象外当事者,その他,対象外当事者,死亡,対象外当事者,木,その他,35.533152,139.684321,2020-04-30,10:43,red,,,,,,,,,,,,
本票,神奈川,浦賀,0118,死亡,1,0,99000,対象外,0000,201,夜－明,晴,市街地－その他,舗装－乾燥,一般交通の場所,環状交差点以外 環状交差点以外をいう。,施設なし,00,23,00,23,00,0,その他,規制なし,0,4,車両単独,75歳以上,不明,貨物車－軽自動車,相手なし,自家用,対象外当事者,貨物車,対象外当事者,指定の速度規制なし等,対象外当事者,60,00,小破,対象外当事者,その他,対象外当事者,その他,対象外当事者,死亡,対象外当事者,木,その他,35.232532,139.693909,2020-04-09,05:00,red,,,,,,,,,,,,
本票,神奈川,厚木,0284,死亡,1,1,30000,対象外,0000,212,昼－昼,晴,市街地－その他,舗装－乾燥,交差点－その他,環状交差点以外 環状交差点以外をいう。,施設なし,09,22,09,22,15,9,交差点内,規制なし,4,2,車両相互,45～54歳,0～24歳,乗用車－軽自動車,二輪車－自動二輪－原付二種－51～125cc,自家用,自家用,乗用車,対象外当事者,指定の速度規制なし等,指定の速度規制なし等,80,10,中破,大破,その他,対象外当事者,その他,対象外当事者,損傷なし,死亡,火,前日,35.482810,139.352912,2020-04-28,06:50,red,,,,,,,,,,,,
本票,新潟,余市,0013,死亡,1,0,37800,対象外,0000,211,昼－昼,晴,非市街地,舗装－乾燥,単路－その他,環状交差点以外 環状交差点以外をいう。,施設なし,00,23,00,23,03,9,単路（交差点付近を含む）,規制なし,4,4,車両単独,75歳以上,不明,貨物車－軽自動車,物件等,自家用,対象外当事者,貨物車,対象外当事者,指定の速度規制なし等,対象外当事者,10,00,中破,対象外当事者,装備あり 作動,対象外当事者,その他,対象外当事者,死亡,対象外当事者,水,その他,37.529108,138.890172,2020-04-15,15:25,red,,,,,,,,,,,,
本票,新潟,静内,0010,死亡,1,0,14750,対象外,0000,210,夜－夜,晴,市街地－その他,舗装－乾燥,交差点－その他,環状交差点以外 環状交差点以外をいう。,施設なし,09,22,00,23,18,6,その他,規制なし,4,2,車両単独,55～64歳,不明,乗用車－軽自動車,相手なし,自家用,対象外当事者,乗用車,対象外当事者,40㎞／ｈ以下,対象外当事者,10,00,大破,対象外当事者,装備あり 作動,対象外当事者,その他,対象外当事者,死亡,対象外当事者,木,その他,37.137361,138.740492,2020-04-09,23:30,red,,,,,,,,,,,,
本票,山梨,岩見沢,0007,死亡,1,0,80000,対象外,0000,366,昼－昼,曇,非市街地,非舗装,単路－カーブ・屈折,環状交差点以外 環状交差点以外をいう。,施設なし,00,23,00,23,03,5,その他,規制なし,5,4,車両単独,65～74歳,不明,乗用車－普通車,相手なし,自家用,対象外当事者,乗用車,対象外当事者,指定の速度規制なし等,対象外当事者,30,00,大破,対象外当事者,その他,対象外当事者,その他,対象外当事者,死亡,対象外当事者,水,その他,35.257232,138.402226,2020-04-15,08:10,red,,,,,,,,,,,,
本票,長野,白石,0018,死亡,1,0,24090,対象外,0000,213,夜－暮,曇,非市街地,舗装－湿潤,単路－その他,環状交差点以外 環状交差点以外をいう。,施設なし,00,23,00,23,03,9,単路（交差点付近を含む）,規制なし,4,1,人対車両,45～54歳,75歳以上,貨物車－軽自動車,歩行者,自家用,対象外当事者,貨物車,対象外当事者,40㎞／ｈ以下,対象外当事者,10,00,中破,対象外当事者,その他,対象外当事者,その他,対象外当事者,損傷なし,死亡,金,その他,36.891340,138.356292,2020-04-10,18:50,red,,,,,,,,,,,,
本票,長野,江別,0089,死亡,1,0,04030,対象外,0000,201,昼－昼,晴,非市街地,舗装－乾燥,単路－その他,環状交差点以外 環状交差点以外をいう。,施設なし,00,23,00,23,03,9,単路（交差点付近を含む）,規制なし,5,3,車両相互,75歳以上,75歳以上,乗用車－軽自動車,二輪車－原付自転車,自家用,自家用,乗用車,対象外当事者,30㎞／ｈ以下,指定の速度規制なし等,70,10,小破,中破,その他,対象外当事者,その他,対象外当事者,損傷なし,死亡,金,その他,36.560856,138.188564,2020-04-17,11:10,red,,,,,,,,,,,,
本票,長野,野辺地,0133,死亡,1,0,37000,対象外,0000,219,昼－昼,晴,非市街地,非舗装,単路－その他,環状交差点以外 環状交差点以外をいう。,施設なし,00,23,00,23,01,7,その他,規制なし,5,4,車両単独,75歳以上,不明,特殊車－小型－農耕作業用,相手なし,対象外当事者,対象外当事者,対象外当事者,対象外当事者,指定の速度規制なし等,対象外当事者,40,00,小破,対象外当事者,対象外当事者,対象外当事者,対象外当事者,対象外当事者,死亡,対象外当事者,日,その他,36.372522,138.384645,2020-04-05,15:00,red,,,,,,,,,,,,
本票,長野,苫小牧,0048,死亡,1,0,38000,対象外,0000,383,昼－昼,晴,非市街地,舗装－乾燥,交差点付近－その他,環状交差点以外 環状交差点以外をいう。,施設なし,00,23,00,23,03,8,単路（交差点付近を含む）,規制なし,4,2,車両単独,65～74歳,不明,軽車両－自転車,相手なし,対象外当事者,対象外当事者,対象外当事者,対象外当事者,対象外当事者,対象外当事者,40,00,小破,対象外当事者,対象外当事者,対象外当事者,対象外当事者,対象外当事者,死亡,対象外当事者,水,その他,35.895566,138.002993,2020-04-22,06:30,red,,,,,,,,,,,,
本票,長野,東入間,0077,死亡,1,0,37000,対象外,0000,220,昼－昼,曇,非市街地,舗装－乾燥,交差点－その他,環状交差点以外 環状交差点以外をいう。,施設なし,01,21,09,22,15,9,交差点内,規制なし,5,4,車両相互,35～44歳,65～74歳,貨物車－普通車,二輪車－原付自転車,自家用,自家用,貨物車,対象外当事者,指定の速度規制なし等,指定の速度規制なし等,10,21,小破,中破,その他,対象外当事者,その他,対象外当事者,損傷なし,死亡,土,その他,36.265379,137.869447,2020-04-18,16:05,red,,,,,,,,,,,,
本票,静岡,江別,0097,死亡,1,0,23510,対象外,0000,208,昼－昼,曇,市街地－その他,舗装－乾燥,交差点－その他,環状交差点以外 環状交差点以外をいう。,点灯－３灯式,09,22,00,23,15,3,交差点内,規制なし,5,2,人対車両,55～64歳,75歳以上,乗用車－普通車,歩行者,自家用,対象外当事者,乗用車,対象外当事者,40㎞／ｈ以下,対象外当事者,10,00,小破,対象外当事者,その他,対象外当事者,その他,対象外当事者,損傷なし,死亡,土,その他,34.936013,139.091285,2020-04-25,10:05,red,,,,,,,,,,,,