資料区分,都道府県コード,警察署等コード,本票番号,事故内容,死者数,負傷者数,路線コード,上下線,地点コード,市区町村コード,昼夜,天候,地形,路面状態,道路形状,環状交差点の直径,信号機,一時停止規制　標識（当事者A）,一時停止規制　表示（当事者A）,一時停止規制　標識（当事者B）,一時停止規制　表示（当事者B）,車道幅員,道路線形,衝突地点,ゾーン規制,中央分離帯施設等,歩車道区分,事故類型,年齢（当事者A）,年齢（当事者B）,当事者種別（当事者A）,当事者種別（当事者B）,用途別（当事者A）,用途別（当事者B）,車両形状（当事者A）,車両形状（当事者B）,速度規制（指定のみ）（当事者A）,速度規制（指定のみ）（当事者B）,車両の衝突部位（当事者A）,車両の衝突部位（当事者B）,車両の損壊程度（当事者A）,車両の損壊程度（当事者B）,エアバッグの装備（当事者A）,エアバッグの装備（当事者B）,サイドエアバッグの装備（当事者A）,サイドエアバッグの装備（当事者B）,人身損傷程度（当事者A）,人身損傷程度（当事者B）,曜日(発生年月日),祝日(発生年月日),緯度,経度,発生日,発生時,color,発生地点,道路管理者区分,道路区分,道路構造,曲線半径,縦断勾配,トンネル番号,当事者車両台数,車両単独事故の対象物,臨時速度規制の有無,速度規制（臨時のみ）,トンネル延長距離
本票,静岡,栗山,0143,死亡,1,1,21470,対象外,0000,344,夜－夜,晴,非市街地,舗装－乾燥,単路－カーブ・屈折,環状交差点以外 環状交差点以外をいう。,施設なし,00,23,00,23,03,2,単路（交差点付近を含む）,規制なし,4,3,車両単独,45～54歳,不明,貨物車－中型車,物件等,自家用,対象外当事者,貨物車,対象外当事者,40㎞／ｈ以下,対象外当事者,00,00,中破,対象外当事者,その他,対象外当事者,その他,対象外当事者,死亡,対象外当事者,金,その他,35.399349,138.941131,2020-04-03,19:35,red,,,,,,,,,,,,
本票,静岡,美唄,0220,死亡,1,0,10530,対象外,0000,207,昼－昼,晴,市街地－人口集中,舗装－乾燥,交差点－その他,環状交差点以外 環状交差点以外をいう。,施設なし,09,22,00,23,14,9,交差点内,規制なし,4,2,人対車両,65～74歳,75歳以上,乗用車－軽自動車,歩行者,自家用,対象外当事者,乗用車,対象外当事者,40㎞／ｈ以下,対象外当事者,10,00,小破,対象外当事者,その他,対象外当事者,その他,対象外当事者,損傷なし,死亡,水,その他,35.223791,138.614879,2020-04-08,09:25,red,,,,,,,,,,,,
本票,静岡,三戸,0390,死亡,1,0,00010,下,1717,103,夜－暮,晴,市街地－人口集中,舗装－乾燥,交差点－その他,環状交差点以外 環状交差点以外をいう。,施設なし,09,22,00,23,17,9,交差点内,規制なし,4,2,人対車両,35～44歳,75歳以上,乗用車－軽自動車,歩行者,自家用,対象外当事者,乗用車,対象外当事者,50㎞／ｈ以下,対象外当事者,10,00,中破,対象外当事者,その他,対象外当事者,その他,対象外当事者,損傷なし,死亡,木,その他,35.017869,138.472168,2020-04-30,19:27,red,,,,,,,,,,,,
本票,静岡,赤歌,0403,死亡,1,0,00010,上,1757,102,夜－夜,雨,市街地－人口集中,舗装－湿潤,交差点付近－その他,環状交差点以外 環状交差点以外をいう。,施設なし,00,23,00,23,05,9,単路（交差点付近を含む）,規制なし,1,2,人対車両,25～34歳,75歳以上,貨物車－軽自動車,歩行者,自家用,対象外当事者,貨物車,対象外当事者,指定の速度規制なし等,対象外当事者,10,00,中破,対象外当事者,その他,対象外当事者,その他,対象外当事者,損傷なし,死亡,木,その他,35.001031,138.434098,2020-04-16,21:19,red,,,,,,,,,,,,
本票,静岡,上尾,0129,死亡,1,0,37000,対象外,0000,216,昼－昼,曇,非市街地,舗装－乾燥,単路－その他,環状交差点以外 環状交差点以外をいう。,施設なし,00,23,00,23,03,9,その他,規制なし,4,4,車両単独,75歳以上,不明,乗用車－軽自動車,相手なし,自家用,対象外当事者,乗用車,対象外当事者,40㎞／ｈ以下,対象外当事者,10,00,中破,対象外当事者,装備あり 作動,対象外当事者,その他,対象外当事者,死亡,対象外当事者,金,その他,34.807955,137.881549,2020-04-03,15:15,red,,,,,,,,,,,,
本票,富山,武南,0021,死亡,1,0,01560,対象外,0000,210,昼－昼,晴,非市街地,舗装－乾燥,単路－カーブ・屈折,環状交差点以外 環状交差点以外をいう。,施設なし,00,23,00,23,03,2,単路（交差点付近を含む）,規制なし,5,2,車両単独,45～54歳,不明,二輪車－自動二輪－小型二輪－751ｃｃ以上,物件等,自家用,対象外当事者,対象外当事者,対象外当事者,50㎞／ｈ以下,対象外当事者,00,00,中破,対象外当事者,対象外当事者,対象外当事者,対象外当事者,対象外当事者,死亡,対象外当事者,水,当日,36.437684,136.967072,2020-04-29,10:08,red,,,,,,,,,,,,
本票,石川,西,0127,死亡,1,0,00080,上,0000,201,夜－夜,晴,市街地－その他,舗装－乾燥,交差点－その他,環状交差点以外 環状交差点以外をいう。,施設なし,09,22,01,21,18,8,交差点内,規制なし,1,2,車両相互,45～54歳,55～64歳,乗用車－普通車,軽車両－自転車,自家用,対象外当事者,乗用車,対象外当事者,指定の速度規制なし等,対象外当事者,50,30,中破,大破,その他,対象外当事者,その他,対象外当事者,損傷なし,死亡,月,その他,36.576423,136.612428,2020-04-27,22:00,red,,,,,,,,,,,,
本票,石川,岩見沢,0098,死亡,1,1,30000,対象外,0000,212,昼－昼,晴,非市街地,舗装－乾燥,交差点－その他,環状交差点以外 環状交差点以外をいう。,施設なし,01,21,09,22,15,9,交差点内,規制なし,4,4,車両相互,75歳以上,75歳以上,乗用車－普通車,貨物車－軽自動車,自家用,自家用,乗用車,貨物車,指定の速度規制なし等,40㎞／ｈ以下,50,80,小破,中破,装備あり 作動,その他,その他,その他,負傷,死亡,月,その他,36.503552,136.599336,2020-04-27,09:20,red,,,,,,,,,,,,
本票,石川,赤歌,0004,死亡,1,0,02490,対象外,0000,463,昼－昼,雨,非市街地,舗装－湿潤,単路－カーブ・屈折,環状交差点以外 環状交差点以外をいう。,施設なし,00,23,00,23,04,6,単路（交差点付近を含む）,規制なし,4,1,車両相互,55～64歳,35～44歳,貨物車－大型車,乗用車－普通車,事業用,自家用,貨物車,乗用車,50㎞／ｈ以下,50㎞／ｈ以下,50,50,中破,大破,その他,装備あり 作動,その他,装備あり 作動,損傷なし,死亡,水,その他,37.266600,137.006787,2020-04-01,10:30,red,,,,,,,,,,,,
本票,石川,赤歌,0005,死亡,1,1,35000,対象外,0000,463,昼－昼,曇,非市街地,舗装－乾燥,単路－カーブ・屈折,環状交差点以外 環状交差点以外をいう。,施設なし,00,23,00,23,03,6,単路（交差点付近を含む）,規制なし,4,3,車両相互,75歳以上,75歳以上,乗用車－普通車,乗用車－軽自動車,自家用,自家用,乗用車,乗用車,40㎞／ｈ以下,40㎞／ｈ以下,10,10,中破,中破,装備あり 作動,装備あり 作動,装備あり 作動,装備あり 作動,負傷,死亡,金,その他,37.366603,137.092857,2020-04-17,14:40,red,,,,,,,,,,,,
本票,福井,東,0001,死亡,1,0,37000,対象外,0000,206,昼－昼,晴,市街地－その他,舗装－乾燥,交差点付近－その他,環状交差点以外 環状交差点以外をいう。,施設なし,00,23,00,23,01,9,単路（交差点付近を含む）,規制なし,5,4,人対車両,0～24歳,75歳以上,乗用車－普通車,歩行者,自家用,対象外当事者,乗用車,対象外当事者,指定の速度規制なし等,対象外当事者,10,00,小破,対象外当事者,その他,対象外当事者,その他,対象外当事者,損傷なし,死亡,土,その他,36.062799,136.496568,2020-04-04,11:08,red,,,,,,,,,,,,
本票,福井,美唄,0024,死亡,1,0,37000,対象外,0000,209,夜－夜,晴,市街地－その他,舗装－乾燥,交差点付近－その他,環状交差点以外 環状交差点以外をいう。,施設なし,00,23,00,23,03,7,単路（交差点付近を含む）,規制なし,4,3,車両相互,45～54歳,75歳以上,貨物車－軽自動車,軽車両－自転車,自家用,対象外当事者,貨物車,対象外当事者,40㎞／ｈ以下,対象外当事者,10,20,小破,小破,その他,対象外当事者,その他,対象外当事者,損傷なし,死亡,水,その他,35.883660,136.167238,2020-04-08,22:20,red,,,,,,,,,,,,
本票,愛知,東,0199,死亡,1,0,30360,対象外,0014,104,夜－明,晴,市街地－その他,舗装－乾燥,交差点－その他,環状交差点以外 環状交差点以外をいう。,施設なし,09,22,00,23,15,9,交差点内,規制なし,4,2,車両単独,45～54歳,不明,二輪車－自動二輪－軽二輪－126～250cc,物件等,自家用,対象外当事者,対象外当事者,対象外当事者,40㎞／ｈ以下,対象外当事者,40,00,小破,対象外当事者,対象外当事者,対象外当事者,対象外当事者,対象外当事者,死亡,対象外当事者,木,その他,35.189314,136.898442,2020-04-09,04:35,red,,,,,,,,,,,,
本票,愛知,芦別,0186,死亡,1,0,00220,上,0067,106,夜－夜,晴,市街地－人口集中,舗装－乾燥,交差点－その他,環状交差点以外 環状交差点以外をいう。,点灯－３灯式,09,22,00,23,19,6,交差点内,規制なし,1,1,車両単独,35～44歳,不明,乗用車－軽自動車,物件等,自家用,対象外当事者,乗用車,対象外当事者,指定の速度規制なし等,対象外当事者,50,00,大破,対象外当事者,装備あり 作動,対象外当事者,その他,対象外当事者,死亡,対象外当事者,木,その他,35.181304,136.895811,2020-04-02,01:35,red,,,,,,,,,,,,
本票,愛知,余市,0072,死亡,1,0,30000,対象外,0000,108,夜－夜,晴,市街地－その他,舗装－乾燥,交差点－その他,環状交差点以外 環状交差点以外をいう。,点灯－３灯式,09,22,09,22,18,9,交差点内,規制なし,1,2,車両相互,0～24歳,25～34歳,乗用車－普通車,軽車両－自転車,自家用,対象外当事者,乗用車,対象外当事者,60㎞／ｈ以下,対象外当事者,18,40,小破,中破,その他,対象外当事者,その他,対象外当事者,損傷なし,死亡,月,その他,35.131017,136.927499,2020-04-06,03:25,red,,,,,,,,,,,,
本票,愛知,幸,0229,死亡,1,0,23480,対象外,0036,234,夜－夜,晴,市街地－その他,舗装－乾燥,交差点－その他,環状交差点以外 環状交差点以外をいう。,施設なし,09,22,00,23,14,9,交差点内,規制なし,4,2,人対車両,25～34歳,75歳以上,乗用車－普通車,歩行者,自家用,対象外当事者,乗用車,対象外当事者,50㎞／ｈ以下,対象外当事者,10,00,小破,対象外当事者,その他,対象外当事者,その他,対象外当事者,損傷なし,死亡,木,その他,35.239810,136.883275,2020-04-16,19:52,red,,,,,,,,,,,,
本票,愛知,宮前,0166,死亡,1,0,00410,下,0133,219,昼－昼,晴,市街地－人口集中,舗装－乾燥,交差点－その他,環状交差点以外 環状交差点以外をいう。,点灯－３灯式,09,22,09,22,19,9,交差点内,規制なし,1,2,車両相互,45～54歳,75歳以上,貨物車－中型車,貨物車－軽自動車,事業用,自家用,貨物車,貨物車,指定の速度規制なし等,指定の速度規制なし等,10,40,中破,大破,装備あり 作動,その他,その他,その他,損傷なし,死亡,土,その他,35.294259,136.906728,2020-04-04,09:38,red,,,,,,,,,,,,
本票,愛知,三崎,0179,死亡,1,0,10520,対象外,0119,228,昼－昼,晴,市街地－その他,舗装－乾燥,交差点－その他,環状交差点以外 環状交差点以外をいう。,点灯－３灯式,09,22,09,22,18,9,交差点内,規制なし,1,1,車両相互,35～44歳,65～74歳,貨物車－大型車,軽車両－自転車,事業用,対象外当事者,貨物車,対象外当事者,50㎞／ｈ以下,対象外当事者,80,20,小破,大破,その他,対象外当事者,その他,対象外当事者,損傷なし,死亡,水,その他,35.275326,136.864636,2020-04-15,10:56,red,,,,,,,,,,,,
本票,愛知,逗子,0384,死亡,1,0,35000,対象外,0000,203,夜－夜,雨,非市街地,舗装－湿潤,単路－その他,環状交差点以外 環状交差点以外をいう。,施設なし,00,23,00,23,03,8,単路（交差点付近を含む）,規制なし,4,2,車両相互,0～24歳,45～54歳,乗用車－普通車,貨物車－軽自動車,自家用,自家用,乗用車,貨物車,40㎞／ｈ以下,40㎞／ｈ以下,53,50,中破,中破,装備あり 作動,その他,その他,その他,損傷なし,死亡,月,その他,35.332865,136.752234,2020-04-13,20:39,red,,,,,,,,,,,,
本票,愛知,逗子,0391,死亡,1,0,35000,対象外,0000,203,夜－夜,晴,市街地－人口集中,舗装－乾燥,単路－その他,環状交差点以外 環状交差点以外をいう。,施設なし,00,23,00,23,03,7,単路（交差点付近を含む）,規制なし,4,2,人対車両,55～64歳,75歳以上,貨物車－準中型車,歩行者,事業用,対象外当事者,貨物車,対象外当事者,40㎞／ｈ以下,対象外当事者,80,00,小破,対象外当事者,その他,対象外当事者,その他,対象外当事者,損傷なし,死亡,水,その他,35.294242,136.733127,2020-04-15,01:21,red,,,,,,,,,,,,
本票,愛知,鎌倉,0103,死亡,1,0,20300,対象外,0072,220,昼－昼,晴,市街地－その他,舗装－乾燥,交差点－その他,環状交差点以外 環状交差点以外をいう。,点灯－３灯式,09,22,09,22,15,9,交差点内,規制なし,5,1,車両相互,45～54歳,75歳以上,乗用車－普通車,二輪車－原付自転車,自家用,自家用,乗用車,対象外当事者,50㎞／ｈ以下,指定の速度規制なし等,80,20,中破,小破,その他,対象外当事者,その他,対象外当事者,損傷なし,死亡,水,その他,35.243018,136.700945,2020-04-08,16:31,red,,,,,,,,,,,,
本票,愛知,津久井,0234,死亡,1,0,35000,対象外,0000,205,昼－昼,晴,市街地－その他,舗装－乾燥,交差点付近－その他,環状交差点以外 環状交差点以外をいう。,施設なし,00,23,00,23,02,9,単路（交差点付近を含む）,規制なし,5,4,人対車両,45～54歳,75歳以上,乗用車－普通車,歩行者,自家用,対象外当事者,乗用車,対象外当事者,指定の速度規制なし等,対象外当事者,10,00,小破,対象外当事者,その他,対象外当事者,その他,対象外当事者,損傷なし,死亡,土,その他,34.881169,136.920637,2020-04-25,11:32,red,,,,,,,,,,,,
本票,愛知,津久井,0235,死亡,1,0,39980,対象外,0000,445,昼－昼,晴,市街地－その他,舗装－乾燥,交差点付近－その他,環状交差点以外 環状交差点以外をいう。,施設なし,00,23,00,23,03,9,単路（交差点付近を含む）,規制なし,4,3,人対車両,25～34歳,0～24歳,貨物車－軽自動車,歩行者,自家用,対象外当事者,貨物車,対象外当事者,指定の速度規制なし等,対象外当事者,10,00,損壊なし,対象外当事者,その他,対象外当事者,その他,対象外当事者,損傷なし,死亡,土,その他,34.675973,137.005668,2020-04-25,16:00,red,,,,,,,,,,,,
本票,愛知,相模原南,0200,死亡,1,0,35000,対象外,0000,222,夜－夜,晴,市街地－その他,舗装－乾燥,交差点－その他,環状交差点以外 環状交差点以外をいう。,施設なし,09,22,00,23,14,9,交差点内,規制なし,4,2,人対車両,55～64歳,0～24歳,乗用車－普通車,歩行者,自家用,対象外当事者,乗用車,対象外当事者,40㎞／ｈ以下,対象外当事者,80,00,小破,対象外当事者,その他,対象外当事者,その他,対象外当事者,損傷なし,死亡,木,その他,35.015970,136.907892,2020-04-02,22:15,red,,,,,,,,,,,,
本票,愛知,岡崎,0377,死亡,1,0,39980,対象外,0000,501,昼－昼,晴,市街地－その他,舗装－乾燥,交差点付近－その他,環状交差点以外 環状交差点以外をいう。,施設なし,00,23,00,23,02,9,その他,規制なし,5,4,車両単独,45～54歳,不明,特殊車－小型－農耕作業用,相手なし,対象外当事者,対象外当事者,対象外当事者,対象外当事者,指定の速度規制なし等,対象外当事者,80,00,小破,対象外当事者,対象外当事者,対象外当事者,対象外当事者,対象外当事者,死亡,対象外当事者,木,その他,34.888768,137.176175,2020-04-16,11:35,red,,,,,,,,,,,,
本票,愛知,岡崎,0382,死亡,1,0,00010,下,3309,202,夜－夜,晴,市街地－その他,舗装－湿潤,交差点付近－その他,環状交差点以外 環状交差点以外をいう。,施設なし,00,23,00,23,05,4,単路（交差点付近を含む）,規制なし,1,2,車両単独,35～44歳,不明,乗用車－軽自動車,物件等,自家用,対象外当事者,乗用車,対象外当事者,40㎞／ｈ以下,対象外当事者,12,00,大破,対象外当事者,装備あり 作動,対象外当事者,その他,対象外当事者,死亡,対象外当事者,日,その他,34.971228,137.124155,2020-04-19,02:40,red,,,,,,,,,,,,
本票,愛知,豊田,0392,死亡,1,0,01530,上,0202,211,夜－夜,晴,市街地－その他,舗装－乾燥,交差点－その他,環状交差点以外 環状交差点以外をいう。,点灯－３灯式,09,22,09,22,19,9,交差点内,規制なし,1,1,車両相互,45～54歳,55～64歳,乗用車－普通車,乗用車－普通車,自家用,自家用,乗用車,乗用車,50㎞／ｈ以下,50㎞／ｈ以下,54,10,大破,中破,その他,装備あり 作動,その他,装備あり 作動,死亡,損傷なし,木,その他,35.083285,137.142875,2020-04-23,22:15,red,,,,,,,,,,,,
本票,愛知,蒲郡,0075,死亡,1,0,00230,下,3108,214,昼－昼,晴,非市街地,舗装－乾燥,単路－その他,環状交差点以外 環状交差点以外をいう。,施設なし,00,23,00,23,05,8,単路（交差点付近を含む）,規制なし,1,4,車両単独,45～54歳,不明,二輪車－自動二輪－小型二輪－751ｃｃ以上,物件等,自家用,対象外当事者,対象外当事者,対象外当事者,40㎞／ｈ以下,対象外当事者,10,00,中破,対象外当事者,対象外当事者,対象外当事者,対象外当事者,対象外当事者,死亡,対象外当事者,水,その他,34.846794,137.210337,2020-04-22,10:30,red,,,,,,,,,,,,
本票,愛知,田原,0038,死亡,1,0,10710,対象外,0000,231,昼－昼,晴,非市街地,舗装－乾燥,単路－その他,環状交差点以外 環状交差点以外をいう。,施設なし,00,23,00,23,03,9,単路（交差点付近を含む）,規制なし,4,1,車両単独,75歳以上,不明,乗用車－軽自動車,物件等,自家用,対象外当事者,乗用車,対象外当事者,50㎞／ｈ以下,対象外当事者,80,00,大破,対象外当事者,装備あり 作動,対象外当事者,その他,対象外当事者,死亡,対象外当事者,金,その他,34.677771,137.212890,2020-04-03,11:25,red,,,,,,,,,,,,
本票,三重,高速道路交通警察隊,0023,死亡,1,0,44140,下,0000,203,夜－夜,曇,非市街地,舗装－乾燥,単路－その他,環状交差点以外 環状交差点以外をいう。,施設なし,00,23,00,23,05,9,単路（交差点付近を含む）,規制なし,1,4,人対車両,0～24歳,45～54歳,乗用車－普通車,歩行者,自家用,対象外当事者,乗用車,対象外当事者,80㎞／ｈ以下,対象外当事者,50,00,中破,対象外当事者,その他,対象外当事者,その他,対象外当事者,損傷なし,死亡,土,その他,34.459590,136.684600,2020-03-14,04:06,red,1471,中日本高速道路,走行車線－第一通行帯,完全分離－その他,直線,平坦・該当なし,,1,該当なし,該当なし,該当なし,0
本票,三重,室蘭,0137,死亡,1,1,10420,対象外,0000,201,昼－昼,晴,非市街地,舗装－乾燥,単路－その他,環状交差点以外 環状交差点以外をいう。,施設なし,00,23,00,23,03,9,単路（交差点付近を含む）,規制なし,4,3,車両相互,65～74歳,55～64歳,乗用車－普通車,乗用車－普通車,自家用,自家用,乗用車,乗用車,50㎞／ｈ以下,50㎞／ｈ以下,10,10,大破,大破,装備あり 作動,装備あり 作動,その他,その他,死亡,負傷,水,その他,34.771100,136.450100,2020-04-22,17:07,red,,,,,,,,,,,,
本票,三重,上尾,0105,死亡,1,0,10320,対象外,0000,203,昼－昼,晴,市街地－人口集中,舗装－乾燥,単路－カーブ・屈折,環状交差点以外 環状交差点以外をいう。,施設なし,00,23,00,23,04,3,単路（交差点付近を含む）,規制なし,4,1,車両単独,45～54歳,不明,乗用車－軽自動車,物件等,自家用,対象外当事者,乗用車,対象外当事者,50㎞／ｈ以下,対象外当事者,85,00,中破,対象外当事者,装備あり 作動,対象外当事者,その他,対象外当事者,死亡,対象外当事者,金,その他,34.476630,136.709700,2020-04-10,08:50,red,,,,,,,,,,,,
本票,三重,東入間,0024,死亡,1,0,10170,対象外,0000,215,夜－明,晴,市街地－人口集中,舗装－乾燥,交差点－その他,環状交差点以外 環状交差点以外をいう。,施設なし,09,22,00,23,14,9,交差点内,規制なし,4,2,人対車両,65～74歳,75歳以上,乗用車－普通車,歩行者,自家用,対象外当事者,乗用車,対象外当事者,指定の速度規制なし等,対象外当事者,50,00,小破,対象外当事者,その他,対象外当事者,その他,対象外当事者,損傷なし,死亡,水,その他,34.328110,136.815400,2020-04-15,04:50,red,,,,,,,,,,,,
本票,滋賀,江別,0059,死亡,1,0,14140,対象外,0000,384,夜－夜,晴,非市街地,舗装－乾燥,単路－その他,環状交差点以外 環状交差点以外をいう。,施設なし,00,23,00,23,03,9,単路（交差点付近を含む）,規制なし,4,4,人対車両,25～34歳,55～64歳,乗用車－普通車,歩行者,自家用,対象外当事者,乗用車,対象外当事者,40㎞／ｈ以下,対象外当事者,00,00,小破,対象外当事者,その他,対象外当事者,その他,対象外当事者,損傷なし,死亡,土,その他,35.086264,136.124997,2020-04-04,22:40,red,,,,,,,,,,,,
本票,京都,浦河,0071,死亡,1,0,25150,対象外,0000,106,夜－暮,曇,市街地－人口集中,舗装－乾燥,交差点付近－その他,環状交差点以外 環状交差点以外をいう。,施設なし,00,23,00,23,04,9,単路（交差点付近を含む）,規制なし,4,2,人対車両,45～54歳,75歳以上,乗用車－普通車,歩行者,自家用,対象外当事者,乗用車,対象外当事者,40㎞／ｈ以下,対象外当事者,10,00,中破,対象外当事者,その他,対象外当事者,その他,対象外当事者,損傷なし,死亡,水,その他,34.989214,135.733487,2020-04-08,19:20,red,,,,,,,,,,,,
本票,京都,蒲田,0090,死亡,1,0,14970,対象外,0000,208,昼－昼,雨,市街地－人口集中,舗装－湿潤,交差点－その他,環状交差点以外 環状交差点以外をいう。,施設なし,09,22,00,23,15,9,交差点内,規制なし,5,2,人対車両,25～34歳,75歳以上,貨物車－軽自動車,歩行者,自家用,対象外当事者,貨物車,対象外当事者,40㎞／ｈ以下,対象外当事者,10,00,小破,対象外当事者,その他,対象外当事者,その他,対象外当事者,損傷なし,死亡,水,その他,34.966654,135.694040,2020-04-01,13:02,red,,,,,,,,,,,,
本票,京都,池上,0167,死亡,1,0,00010,下,5104,322,夜－夜,曇,市街地－その他,舗装－乾燥,単路－その他,環状交差点以外 環状交差点以外をいう。,施設なし,00,23,00,23,05,9,単路（交差点付近を含む）,規制なし,1,1,人対車両,35～44歳,45～54歳,貨物車－中型車,歩行者,事業用,対象外当事者,貨物車,対象外当事者,60㎞／ｈ以下,対象外当事者,10,00,小破,対象外当事者,その他,対象外当事者,その他,対象外当事者,損傷なし,死亡,日,その他,34.882285,135.738541,2020-04-05,02:52,red,,,,,,,,,,,,
本票,京都,木津,0043,死亡,1,0,39990,対象外,0000,367,夜－暮,雨,非市街地,舗装－湿潤,単路－その他,環状交差点以外 環状交差点以外をいう。,施設なし,00,23,00,23,01,9,その他,規制なし,5,4,車両単独,75歳以上,不明,乗用車－軽自動車,相手なし,自家用,対象外当事者,乗用車,対象外当事者,指定の速度規制なし等,対象外当事者,20,00,損壊なし,対象外当事者,その他,対象外当事者,その他,対象外当事者,死亡,対象外当事者,水,その他,34.760590,136.020326,2020-04-01,19:00,red,,,,,,,,,,,,
本票,京都,南丹,0044,死亡,1,0,14190,対象外,0000,213,夜－暮,曇,非市街地,舗装－乾燥,単路－トンネル,環状交差点以外 環状交差点以外をいう。,施設なし,00,23,00,23,03,5,単路（交差点付近を含む）,規制なし,4,2,車両単独,25～34歳,不明,二輪車－自動二輪－小型二輪－401～750ｃｃ,物件等,自家用,対象外当事者,対象外当事者,対象外当事者,50㎞／ｈ以下,対象外当事者,10,00,小破,対象外当事者,対象外当事者,対象外当事者,対象外当事者,対象外当事者,死亡,対象外当事者,日,その他,35.230187,135.574260,2020-04-19,18:53,red,,,,,,,,,,,,
本票,大阪,高速道路交通警察隊,0153,死亡,3,1,53020,対象外,0000,210,昼－昼,晴,市街地－その他,舗装－乾燥,単路－橋,環状交差点以外 環状交差点以外をいう。,施設なし,00,23,00,23,05,9,単路（交差点付近を含む）,規制なし,1,4,車両相互,55～64歳,25～34歳,貨物車－大型車,貨物車－準中型車,事業用,自家用,貨物車,貨物車,80㎞／ｈ以下,80㎞／ｈ以下,18,31,大破,大破,その他,その他,その他,その他,損傷なし,負傷,土,その他,34.808957,135.712305,2020-04-04,14:32,red,122,西日本高速道路,路肩,完全分離－その他,直線,平坦・該当なし,,3,該当なし,該当なし,該当なし,0
本票,大阪,高速道路交通警察隊,0161,死亡,1,3,51080,上,0000,208,夜－暮,晴,非市街地,舗装－乾燥,単路－橋,環状交差点以外 環状交差点以外をいう。,施設なし,00,23,00,23,04,9,単路（交差点付近を含む）,規制なし,1,4,車両相互,25～34歳,35～44歳,貨物車－中型車,乗用車－普通車,事業用,自家用,貨物車,乗用車,80㎞／ｈ以下,80㎞／ｈ以下,10,31,小破,大破,その他,装備あり 作動,その他,装備あり 作動,損傷なし,死亡,月,その他,34.433230,135.333000,2020-04-06,18:25,red,283,阪神高速道路,走行車線－第二通行帯以上,完全分離－その他,直線,平坦・該当なし,,5,該当なし,該当なし,該当なし,0
本票,大阪,高速道路交通警察隊,0177,死亡,1,0,50010,対象外,0000,128,夜－夜,晴,市街地－人口集中,舗装－乾燥,単路－カーブ・屈折,環状交差点以外 環状交差点以外をいう。,施設なし,00,23,00,23,05,3,単路（交差点付近を含む）,規制なし,1,4,車両単独,0～24歳,不明,乗用車－軽自動車,物件等,自家用,対象外当事者,乗用車,対象外当事者,60㎞／ｈ以下,対象外当事者,80,00,中破,対象外当事者,その他,対象外当事者,その他,対象外当事者,死亡,対象外当事者,水,その他,34.681956,135.510458,2020-04-15,02:56,red,52,阪神高速道路,走行車線－第一通行帯,完全分離－その他,カーブ－700m以上,平坦・該当なし,,1,防護柵－その他,該当なし,該当なし,0
本票,大阪,つがる,0044,死亡,1,0,20030,対象外,0022,108,昼－昼,晴,市街地－人口集中,舗装－乾燥,交差点－その他,環状交差点以外 環状交差点以外をいう。,点灯－３灯式,09,22,09,22,18,9,交差点内,規制なし,1,1,車両相互,55～64歳,35～44歳,貨物車－大型車,軽車両－自転車,事業用,対象外当事者,貨物車,対象外当事者,60㎞／ｈ以下,対象外当事者,10,20,小破,大破,その他,対象外当事者,その他,対象外当事者,損傷なし,死亡,水,その他,34.653399,135.472644,2020-04-15,14:58,red,,,,,,,,,,,,
本票,大阪,荏原,0107,死亡,1,1,21220,対象外,0000,382,夜－夜,雨,市街地－人口集中,舗装－湿潤,交差点付近－その他,環状交差点以外 環状交差点以外をいう。,施設なし,00,23,00,23,03,7,単路（交差点付近を含む）,規制なし,4,3,車両相互,45～54歳,45～54歳,二輪車－自動二輪－原付二種－51～125cc,二輪車－原付自転車,自家用,自家用,対象外当事者,対象外当事者,40㎞／ｈ以下,指定の速度規制なし等,40,20,大破,小破,対象外当事者,対象外当事者,対象外当事者,対象外当事者,死亡,負傷,水,その他,34.484441,135.639972,2020-04-01,21:57,red,,,,,,,,,,,,
本票,大阪,八幡,0250,死亡,1,0,30990,対象外,0000,210,昼－昼,晴,市街地－人口集中,舗装－乾燥,踏切－第一種,環状交差点以外 環状交差点以外をいう。,施設なし,00,23,00,23,03,9,その他,規制なし,5,4,列車,25～34歳,45～54歳,列車,歩行者,対象外当事者,対象外当事者,対象外当事者,対象外当事者,対象外当事者,対象外当事者,10,00,小破,対象外当事者,対象外当事者,対象外当事者,対象外当事者,対象外当事者,損傷なし,死亡,金,その他,34.828781,135.653632,2020-04-17,12:33,red,,,,,,,,,,,,
本票,大阪,箕面,0079,死亡,1,0,30990,対象外,0000,220,昼－昼,晴,市街地－人口集中,舗装－乾燥,交差点－その他,環状交差点以外 環状交差点以外をいう。,施設なし,01,21,00,23,14,9,交差点内,規制なし,4,2,人対車両,35～44歳,75歳以上,貨物車－普通車,歩行者,自家用,対象外当事者,貨物車,対象外当事者,30㎞／ｈ以下,対象外当事者,50,00,小破,対象外当事者,その他,対象外当事者,その他,対象外当事者,損傷なし,死亡,土,その他,34.817577,135.461547,2020-04-25,10:25,red,,,,,,,,,,,,