資料区分,都道府県コード,警察署等コード,本票番号,事故内容,死者数,負傷者数,路線コード,上下線,地点コード,市区町村コード,昼夜,天候,地形,路面状態,道路形状,環状交差点の直径,信号機,一時停止規制　標識（当事者A）,一時停止規制　表示（当事者A）,一時停止規制　標識（当事者B）,一時停止規制　表示（当事者B）,車道幅員,道路線形,衝突地点,ゾーン規制,中央分離帯施設等,歩車道区分,事故類型,年齢（当事者A）,年齢（当事者B）,当事者種別（当事者A）,当事者種別（当事者B）,用途別（当事者A）,用途別（当事者B）,車両形状（当事者A）,車両形状（当事者B）,速度規制（指定のみ）（当事者A）,速度規制（指定のみ）（当事者B）,車両の衝突部位（当事者A）,車両の衝突部位（当事者B）,車両の損壊程度（当事者A）,車両の損壊程度（当事者B）,エアバッグの装備（当事者A）,エアバッグの装備（当事者B）,サイドエアバッグの装備（当事者A）,サイドエアバッグの装備（当事者B）,人身損傷程度（当事者A）,人身損傷程度（当事者B）,曜日(発生年月日),祝日(発生年月日),緯度,経度,発生日,発生時,color,発生地点,道路管理者区分,道路区分,道路構造,曲線半径,縦断勾配,トンネル番号,当事者車両台数,車両単独事故の対象物,臨時速度規制の有無,速度規制（臨時のみ）,トンネル延長距離
本票,福岡,函館中央,0145,死亡,1,0,04951,対象外,0000,103,昼－昼,曇,市街地－その他,舗装－乾燥,交差点－その他,環状交差点以外 環状交差点以外をいう。,点灯－３灯式,09,22,09,22,19,9,交差点内,規制なし,1,2,車両相互,65～74歳,35～44歳,貨物車－大型車,二輪車－自動二輪－小型二輪－751ｃｃ以上,事業用,自家用,貨物車,対象外当事者,指定の速度規制なし等,指定の速度規制なし等,15,14,小破,小破,その他,対象外当事者,その他,対象外当事者,損傷なし,死亡,水,その他,33.913478,130.721780,2020-04-15,14:17,red,,,,,,,,,,,,
本票,福岡,旭川中央,0187,死亡,1,1,02002,上,0128,204,夜－暮,晴,市街地－その他,舗装－乾燥,単路－その他,環状交差点以外 環状交差点以外をいう。,施設なし,00,23,00,23,04,9,単路（交差点付近を含む）,規制なし,1,2,車両相互,45～54歳,75歳以上,乗用車－普通車,貨物車－軽自動車,自家用,自家用,乗用車,貨物車,指定の速度規制なし等,指定の速度規制なし等,10,10,大破,大破,その他,その他,その他,その他,負傷,死亡,火,その他,33.733721,130.746303,2020-04-14,19:36,red,,,,,,,,,,,,
本票,佐賀,西,0084,死亡,1,1,03852,下,0002,210,夜－夜,晴,非市街地,舗装－乾燥,交差点－その他,環状交差点以外 環状交差点以外をいう。,点滅－３灯式,09,22,09,22,15,9,交差点内,規制なし,5,2,車両相互,45～54歳,0～24歳,乗用車－普通車,乗用車－軽自動車,自家用,自家用,乗用車,乗用車,50㎞／ｈ以下,50㎞／ｈ以下,10,40,大破,大破,その他,装備あり 作動,その他,その他,死亡,負傷,火,その他,33.251223,130.405620,2020-04-21,00:15,red,,,,,,,,,,,,
本票,佐賀,栗山,0136,死亡,1,0,02040,上,0076,202,夜－暮,晴,非市街地,舗装－乾燥,単路－その他,環状交差点以外 環状交差点以外をいう。,施設なし,00,23,00,23,03,9,単路（交差点付近を含む）,規制なし,4,3,人対車両,55～64歳,75歳以上,乗用車－軽自動車,歩行者,自家用,対象外当事者,乗用車,対象外当事者,40㎞／ｈ以下,対象外当事者,80,00,小破,対象外当事者,その他,対象外当事者,その他,対象外当事者,損傷なし,死亡,木,その他,33.488484,129.941151,2020-04-02,19:16,red,,,,,,,,,,,,
本票,佐賀,砂川,0055,死亡,1,0,20000,対象外,1608,206,昼－昼,雨,非市街地,舗装－湿潤,交差点－その他,環状交差点以外 環状交差点以外をいう。,施設なし,09,22,01,21,15,9,交差点内,規制なし,4,2,車両相互,35～44歳,65～74歳,貨物車－大型車,貨物車－軽自動車,事業用,自家用,貨物車,貨物車,40㎞／ｈ以下,指定の速度規制なし等,10,40,小破,中破,その他,その他,その他,その他,損傷なし,死亡,水,その他,33.184997,130.044581,2020-04-01,10:15,red,,,,,,,,,,,,
本票,長崎,中央,0107,死亡,1,1,90000,対象外,0000,201,昼－昼,晴,市街地－その他,舗装－乾燥,単路－カーブ・屈折,環状交差点以外 環状交差点以外をいう。,施設なし,00,23,00,23,01,2,単路（交差点付近を含む）,規制なし,5,4,車両単独,75歳以上,不明,乗用車－軽自動車,物件等,自家用,対象外当事者,乗用車,対象外当事者,指定の速度規制なし等,対象外当事者,10,00,大破,対象外当事者,装備あり 作動,対象外当事者,その他,対象外当事者,死亡,対象外当事者,土,その他,32.705784,129.902128,2020-04-04,15:45,red,,,,,,,,,,,,
本票,長崎,つがる,0149,死亡,1,0,02070,対象外,0000,204,夜－夜,晴,非市街地,舗装－乾燥,交差点付近－その他,環状交差点以外 環状交差点以外をいう。,点灯－押ボタン式,00,23,00,23,03,8,単路（交差点付近を含む）,規制なし,4,1,人対車両,55～64歳,55～64歳,貨物車－中型車,歩行者,自家用,対象外当事者,貨物車,対象外当事者,50㎞／ｈ以下,対象外当事者,80,00,小破,対象外当事者,その他,対象外当事者,その他,対象外当事者,損傷なし,死亡,木,その他,32.921191,130.184578,2020-04-09,03:17,red,,,,,,,,,,,,
本票,熊本,江別,0046,死亡,1,0,10160,対象外,0000,369,昼－昼,晴,市街地－その他,舗装－乾燥,交差点－その他,環状交差点以外 環状交差点以外をいう。,施設なし,09,22,00,23,14,9,交差点内,規制なし,5,2,人対車両,35～44歳,75歳以上,乗用車－普通車,歩行者,自家用,対象外当事者,乗用車,対象外当事者,50㎞／ｈ以下,対象外当事者,80,00,小破,対象外当事者,その他,対象外当事者,その他,対象外当事者,損傷なし,死亡,金,その他,32.974523,130.604130,2020-04-24,08:00,red,,,,,,,,,,,,
本票,熊本,江別,0048,死亡,1,2,10010,対象外,0000,206,昼－昼,晴,非市街地,舗装－乾燥,単路－その他,環状交差点以外 環状交差点以外をいう。,施設なし,00,23,00,23,03,9,単路（交差点付近を含む）,規制なし,4,2,車両単独,75歳以上,不明,乗用車－軽自動車,物件等,自家用,対象外当事者,乗用車,対象外当事者,50㎞／ｈ以下,対象外当事者,81,00,大破,対象外当事者,装備あり 作動,対象外当事者,その他,対象外当事者,負傷,対象外当事者,火,前日,32.898281,130.573991,2020-04-28,10:20,red,,,,,,,,,,,,
本票,熊本,栗山,0026,死亡,1,0,30000,対象外,0000,208,昼－昼,晴,市街地－人口集中,舗装－乾燥,単路－カーブ・屈折,環状交差点以外 環状交差点以外をいう。,施設なし,00,23,00,23,03,4,単路（交差点付近を含む）,規制なし,4,2,人対車両,55～64歳,75歳以上,乗用車－軽自動車,歩行者,自家用,対象外当事者,乗用車,対象外当事者,40㎞／ｈ以下,対象外当事者,10,00,小破,対象外当事者,その他,対象外当事者,その他,対象外当事者,損傷なし,死亡,月,その他,33.023479,130.696722,2020-04-20,16:50,red,,,,,,,,,,,,
本票,熊本,三戸,0011,死亡,1,2,99000,対象外,0000,428,昼－昼,晴,市街地－その他,舗装－乾燥,一般交通の場所,環状交差点以外 環状交差点以外をいう。,施設なし,00,23,00,23,00,0,その他,規制なし,0,4,車両単独,75歳以上,不明,乗用車－普通車,物件等,自家用,対象外当事者,乗用車,対象外当事者,指定の速度規制なし等,対象外当事者,15,00,大破,対象外当事者,装備あり 作動,対象外当事者,その他,対象外当事者,損傷なし,対象外当事者,土,その他,32.825260,131.116206,2020-04-18,10:04,red,,,,,,,,,,,,
本票,熊本,門別,0020,死亡,1,0,03240,対象外,0000,531,夜－暮,晴,非市街地,舗装－乾燥,交差点付近－その他,環状交差点以外 環状交差点以外をいう。,施設なし,00,23,00,23,04,3,単路（交差点付近を含む）,規制なし,4,3,人対車両,25～34歳,75歳以上,乗用車－普通車,歩行者,自家用,対象外当事者,乗用車,対象外当事者,指定の速度規制なし等,対象外当事者,51,00,小破,対象外当事者,その他,対象外当事者,その他,対象外当事者,損傷なし,死亡,水,その他,32.539867,130.111103,2020-04-08,19:15,red,,,,,,,,,,,,
本票,大分,美唄,0039,死亡,1,0,21280,対象外,0000,204,昼－昼,晴,非市街地,舗装－乾燥,交差点付近－その他,環状交差点以外 環状交差点以外をいう。,施設なし,00,23,00,23,04,6,単路（交差点付近を含む）,規制なし,4,2,車両相互,65～74歳,75歳以上,貨物車－軽自動車,軽車両－自転車,自家用,対象外当事者,貨物車,対象外当事者,指定の速度規制なし等,対象外当事者,10,30,小破,小破,その他,対象外当事者,その他,対象外当事者,損傷なし,死亡,火,前日,33.318260,130.914682,2020-04-28,14:10,red,,,,,,,,,,,,
本票,宮崎,東,0346,死亡,1,0,30000,対象外,0000,202,昼－暮,晴,市街地－その他,舗装－乾燥,単路－その他,環状交差点以外 環状交差点以外をいう。,施設なし,00,23,00,23,03,9,単路（交差点付近を含む）,規制なし,4,2,人対車両,45～54歳,75歳以上,乗用車－普通車,歩行者,自家用,対象外当事者,乗用車,対象外当事者,指定の速度規制なし等,対象外当事者,10,00,小破,対象外当事者,その他,対象外当事者,その他,対象外当事者,損傷なし,死亡,木,その他,31.719558,131.029773,2020-04-30,18:31,red,,,,,,,,,,,,
本票,宮崎,岩見沢,0047,死亡,1,0,30000,対象外,0000,201,昼－昼,曇,非市街地,舗装－乾燥,単路－カーブ・屈折,環状交差点以外 環状交差点以外をいう。,施設なし,00,23,00,23,01,3,その他,規制なし,5,4,車両単独,75歳以上,不明,乗用車－軽自動車,相手なし,自家用,対象外当事者,乗用車,対象外当事者,指定の速度規制なし等,対象外当事者,30,00,中破,対象外当事者,その他,対象外当事者,その他,対象外当事者,死亡,対象外当事者,木,その他,31.895695,131.310256,2020-04-23,11:45,red,,,,,,,,,,,,
本票,宮崎,野辺地,0100,死亡,1,0,95000,対象外,0000,206,夜－明,雨,非市街地,舗装－湿潤,単路－その他,環状交差点以外 環状交差点以外をいう。,施設なし,00,23,00,23,05,9,その他,規制なし,5,4,車両単独,65～74歳,不明,乗用車－軽自動車,相手なし,自家用,対象外当事者,乗用車,対象外当事者,指定の速度規制なし等,対象外当事者,10,00,小破,対象外当事者,その他,対象外当事者,その他,対象外当事者,死亡,対象外当事者,水,その他,32.427355,131.658443,2020-04-01,05:49,red,,,,,,,,,,,,
本票,宮崎,野辺地,0106,死亡,1,0,22100,対象外,0000,431,昼－昼,晴,非市街地,舗装－乾燥,単路－その他,環状交差点以外 環状交差点以外をいう。,施設なし,00,23,00,23,04,9,単路（交差点付近を含む）,規制なし,4,1,車両単独,75歳以上,不明,乗用車－軽自動車,物件等,自家用,対象外当事者,乗用車,対象外当事者,指定の速度規制なし等,対象外当事者,10,00,大破,対象外当事者,その他,対象外当事者,その他,対象外当事者,死亡,対象外当事者,日,その他,32.505322,131.436664,2020-04-05,09:55,red,,,,,,,,,,,,
本票,宮崎,三戸,0281,死亡,1,0,30000,対象外,0000,201,昼－昼,曇,非市街地,舗装－湿潤,単路－その他,環状交差点以外 環状交差点以外をいう。,施設なし,00,23,00,23,03,9,単路（交差点付近を含む）,規制なし,4,3,車両単独,55～64歳,不明,貨物車－軽自動車,物件等,自家用,対象外当事者,貨物車,対象外当事者,指定の速度規制なし等,対象外当事者,10,00,大破,対象外当事者,装備あり 作動,対象外当事者,その他,対象外当事者,死亡,対象外当事者,日,その他,31.921722,131.360987,2020-04-12,14:08,red,,,,,,,,,,,,
本票,鹿児島,西,0028,死亡,1,0,39000,対象外,0000,210,昼－明,晴,市街地－その他,舗装－乾燥,交差点－その他,環状交差点以外 環状交差点以外をいう。,施設なし,09,22,01,22,14,9,交差点内,規制なし,4,2,車両相互,25～34歳,75歳以上,乗用車－軽自動車,軽車両－自転車,自家用,対象外当事者,乗用車,対象外当事者,40㎞／ｈ以下,対象外当事者,84,22,小破,小破,その他,対象外当事者,その他,対象外当事者,損傷なし,死亡,月,その他,31.243892,130.644876,2020-04-13,06:21,red,,,,,,,,,,,,
本票,鹿児島,千歳,0010,死亡,1,1,02250,下,0041,204,昼－昼,晴,非市街地,舗装－乾燥,単路－その他,環状交差点以外 環状交差点以外をいう。,施設なし,00,23,00,23,03,9,単路（交差点付近を含む）,規制なし,4,2,車両相互,65～74歳,55～64歳,乗用車－軽自動車,貨物車－軽自動車,自家用,自家用,乗用車,貨物車,50㎞／ｈ以下,50㎞／ｈ以下,50,50,大破,大破,装備あり 作動,装備あり 作動,その他,その他,死亡,負傷,火,その他,31.291901,130.296080,2020-04-21,11:31,red,,,,,,,,,,,,
本票,鹿児島,滝川,0013,死亡,1,0,00030,上,3103,206,昼－昼,雨,市街地－その他,舗装－湿潤,単路－その他,環状交差点以外 環状交差点以外をいう。,施設なし,00,23,00,23,04,9,単路（交差点付近を含む）,規制なし,4,2,人対車両,65～74歳,75歳以上,貨物車－軽自動車,歩行者,自家用,対象外当事者,貨物車,対象外当事者,40㎞／ｈ以下,対象外当事者,10,00,中破,対象外当事者,その他,対象外当事者,その他,対象外当事者,損傷なし,死亡,水,その他,32.021620,130.195678,2020-04-01,09:15,red,,,,,,,,,,,,
本票,北海道（札幌方面）,江別,0090,死亡,1,1,10460,対象外,0000,217,昼－昼,曇,非市街地,舗装－乾燥,単路－その他,環状交差点以外 環状交差点以外をいう。,施設なし,00,23,00,23,05,9,単路（交差点付近を含む）,規制なし,4,2,車両相互,25～34歳,65～74歳,乗用車－普通車,乗用車－軽自動車,自家用,自家用,乗用車,乗用車,指定の速度規制なし等,指定の速度規制なし等,10,20,中破,大破,装備あり 作動,装備あり 作動,その他,その他,負傷,死亡,木,その他,43.024951,141.557862,2020-05-14,07:49,red,,,,,,,,,,,,
本票,北海道（札幌方面）,千歳,0094,死亡,1,0,02760,対象外,1045,224,昼－昼,曇,非市街地,舗装－乾燥,単路－その他,環状交差点以外 環状交差点以外をいう。,施設なし,00,23,00,23,04,9,単路（交差点付近を含む）,規制なし,4,3,車両相互,0～24歳,55～64歳,乗用車－普通車,二輪車－自動二輪－小型二輪－751ｃｃ以上,自家用,自家用,乗用車,対象外当事者,指定の速度規制なし等,指定の速度規制なし等,10,10,大破,大破,装備あり 作動,対象外当事者,その他,対象外当事者,損傷なし,死亡,日,当日,42.741735,141.399730,2020-05-03,11:26,red,,,,,,,,,,,,
本票,北海道（札幌方面）,滝川,0021,死亡,1,0,00120,対象外,0708,424,夜－夜,曇,市街地－その他,舗装－乾燥,単路－その他,環状交差点以外 環状交差点以外をいう。,施設なし,00,23,00,23,06,9,単路（交差点付近を含む）,規制なし,4,2,人対車両,25～34歳,55～64歳,乗用車－普通車,歩行者,自家用,対象外当事者,乗用車,対象外当事者,50㎞／ｈ以下,対象外当事者,10,00,小破,対象外当事者,その他,対象外当事者,その他,対象外当事者,損傷なし,死亡,火,その他,43.417256,141.885272,2020-05-26,21:08,red,,,,,,,,,,,,
本票,北海道（札幌方面）,苫小牧,0158,死亡,1,0,11510,対象外,0000,213,昼－昼,晴,非市街地,舗装－乾燥,単路－その他,環状交差点以外 環状交差点以外をいう。,施設なし,00,23,00,23,04,9,単路（交差点付近を含む）,規制なし,4,2,車両相互,45～54歳,55～64歳,貨物車－準中型車,二輪車－自動二輪－軽二輪－126～250cc,事業用,自家用,貨物車,対象外当事者,指定の速度規制なし等,指定の速度規制なし等,40,20,小破,小破,その他,対象外当事者,その他,対象外当事者,損傷なし,死亡,土,その他,42.626526,141.490388,2020-05-30,11:21,red,,,,,,,,,,,,
本票,北海道（札幌方面）,浦河,0004,死亡,1,2,03360,対象外,0630,609,昼－昼,晴,非市街地,舗装－乾燥,単路－トンネル,環状交差点以外 環状交差点以外をいう。,施設なし,00,23,00,23,03,9,単路（交差点付近を含む）,規制なし,4,2,車両相互,35～44歳,75歳以上,貨物車－大型車,乗用車－軽自動車,事業用,自家用,貨物車,乗用車,指定の速度規制なし等,指定の速度規制なし等,50,50,中破,大破,その他,装備あり 作動,その他,その他,負傷,負傷,金,その他,42.154814,143.321624,2020-05-08,08:45,red,,,,,,,,,,,,
本票,北海道（札幌方面）,北,0240,死亡,1,0,39990,対象外,0000,102,昼－昼,晴,市街地－人口集中,舗装－乾燥,交差点－その他,環状交差点以外 環状交差点以外をいう。,施設なし,01,22,09,22,15,9,交差点内,規制なし,4,2,車両相互,65～74歳,75歳以上,乗用車－普通車,軽車両－自転車,自家用,対象外当事者,乗用車,対象外当事者,指定の速度規制なし等,対象外当事者,10,20,小破,大破,その他,対象外当事者,その他,対象外当事者,損傷なし,死亡,金,その他,43.104080,141.316286,2020-05-08,14:33,red,,,,,,,,,,,,
本票,北海道（札幌方面）,豊平,0224,死亡,1,0,39990,対象外,0000,105,夜－夜,雨,市街地－人口集中,舗装－湿潤,交差点付近－その他,環状交差点以外 環状交差点以外をいう。,点灯－３灯式,00,23,00,23,05,9,単路（交差点付近を含む）,規制なし,4,2,人対車両,35～44歳,25～34歳,乗用車－普通車,歩行者,自家用,対象外当事者,乗用車,対象外当事者,40㎞／ｈ以下,対象外当事者,10,00,中破,対象外当事者,その他,対象外当事者,その他,対象外当事者,損傷なし,死亡,水,当日,43.034181,141.374137,2020-05-06,20:56,red,,,,,,,,,,,,
本票,北海道（函館方面）,函館中央,0146,死亡,1,0,38880,対象外,0000,337,夜－夜,曇,非市街地,舗装－乾燥,単路－その他,環状交差点以外 環状交差点以外をいう。,施設なし,00,23,00,23,03,9,単路（交差点付近を含む）,規制なし,4,3,人対車両,65～74歳,25～34歳,乗用車－普通車,歩行者,自家用,対象外当事者,乗用車,対象外当事者,指定の速度規制なし等,対象外当事者,80,00,小破,対象外当事者,その他,対象外当事者,その他,対象外当事者,損傷なし,死亡,月,その他,41.857951,140.687173,2020-05-25,23:09,red,,,,,,,,,,,,
本票,北海道（旭川方面）,旭川中央,0113,死亡,1,1,29990,対象外,0000,452,昼－昼,晴,非市街地,舗装－乾燥,交差点－その他,環状交差点以外 環状交差点以外をいう。,施設なし,04,22,09,22,15,9,交差点内,規制なし,5,2,車両相互,75歳以上,25～34歳,貨物車－軽自動車,二輪車－自動二輪－小型二輪－751ｃｃ以上,自家用,自家用,貨物車,対象外当事者,50㎞／ｈ以下,指定の速度規制なし等,20,10,中破,大破,その他,対象外当事者,その他,対象外当事者,負傷,死亡,日,その他,43.839826,142.367850,2020-05-31,16:27,red,,,,,,,,,,,,
本票,北海道（釧路方面）,中標津,0008,死亡,1,0,02440,対象外,1005,693,昼－昼,晴,非市街地,舗装－乾燥,単路－カーブ・屈折,環状交差点以外 環状交差点以外をいう。,施設なし,00,23,00,23,04,6,単路（交差点付近を含む）,規制なし,4,3,車両単独,75歳以上,不明,貨物車－軽自動車,物件等,自家用,対象外当事者,貨物車,対象外当事者,指定の速度規制なし等,対象外当事者,10,00,中破,対象外当事者,その他,対象外当事者,その他,対象外当事者,死亡,対象外当事者,金,その他,43.627819,145.177947,2020-05-15,10:26,red,,,,,,,,,,,,
本票,青森,白石,0142,死亡,1,0,10520,対象外,0151,202,昼－昼,雨,非市街地,舗装－湿潤,単路－その他,環状交差点以外 環状交差点以外をいう。,施設なし,00,23,00,23,04,9,単路（交差点付近を含む）,規制なし,4,4,車両単独,75歳以上,不明,二輪車－原付自転車,物件等,自家用,対象外当事者,対象外当事者,対象外当事者,指定の速度規制なし等,対象外当事者,40,00,小破,対象外当事者,対象外当事者,対象外当事者,対象外当事者,対象外当事者,死亡,対象外当事者,水,その他,40.696129,140.352916,2020-05-27,12:30,red,,,,,,,,,,,,
本票,青森,栗山,0067,死亡,1,3,30000,対象外,0000,405,夜－夜,晴,非市街地,舗装－乾燥,単路－カーブ・屈折,環状交差点以外 環状交差点以外をいう。,施設なし,00,23,00,23,01,6,単路（交差点付近を含む）,規制なし,5,4,車両単独,0～24歳,不明,乗用車－普通車,相手なし,自家用,対象外当事者,乗用車,対象外当事者,指定の速度規制なし等,対象外当事者,10,00,大破,対象外当事者,その他,対象外当事者,その他,対象外当事者,損傷なし,対象外当事者,土,前日,40.598472,141.313299,2020-05-02,21:13,red,,,,,,,,,,,,
本票,岩手,千歳,0095,死亡,1,2,00040,上,4683,215,昼－昼,晴,非市街地,舗装－乾燥,交差点－その他,環状交差点以外 環状交差点以外をいう。,施設なし,09,22,09,22,15,9,交差点内,規制なし,4,2,車両相互,75歳以上,75歳以上,乗用車－軽自動車,貨物車－軽自動車,自家用,自家用,乗用車,貨物車,指定の速度規制なし等,指定の速度規制なし等,40,10,中破,小破,その他,その他,その他,その他,負傷,死亡,木,その他,39.157449,141.160692,2020-05-28,15:05,red,,,,,,,,,,,,
本票,岩手,つがる,0018,死亡,1,0,21060,対象外,0000,209,昼－昼,曇,非市街地,舗装－乾燥,単路－カーブ・屈折,環状交差点以外 環状交差点以外をいう。,施設なし,00,23,00,23,03,5,単路（交差点付近を含む）,規制なし,4,4,車両相互,55～64歳,25～34歳,乗用車－軽自動車,二輪車－自動二輪－軽二輪－126～250cc,自家用,自家用,乗用車,対象外当事者,50㎞／ｈ以下,50㎞／ｈ以下,50,40,中破,大破,その他,対象外当事者,その他,対象外当事者,損傷なし,死亡,日,その他,39.019037,141.210267,2020-05-24,16:40,red,,,,,,,,,,,,
本票,宮城,西,0173,死亡,1,0,00450,上,0060,102,昼－昼,晴,市街地－人口集中,舗装－乾燥,交差点－その他,環状交差点以外 環状交差点以外をいう。,点灯－３灯式,09,22,09,22,18,9,交差点内,規制なし,6,1,車両相互,35～44歳,45～54歳,乗用車－普通車,軽車両－自転車,自家用,対象外当事者,乗用車,対象外当事者,50㎞／ｈ以下,対象外当事者,15,20,中破,中破,その他,対象外当事者,その他,対象外当事者,損傷なし,死亡,土,その他,38.268629,140.917276,2020-05-30,07:45,red,,,,,,,,,,,,
本票,宮城,美唄,0109,死亡,1,0,95000,対象外,0000,214,昼－昼,晴,市街地－その他,舗装－乾燥,踏切－第三種,環状交差点以外 環状交差点以外をいう。,施設なし,00,23,00,23,01,9,その他,規制なし,5,4,列車,35～44歳,65～74歳,列車,歩行者,対象外当事者,対象外当事者,対象外当事者,対象外当事者,対象外当事者,対象外当事者,10,00,小破,対象外当事者,対象外当事者,対象外当事者,対象外当事者,対象外当事者,損傷なし,死亡,火,当日,38.427321,141.220624,2020-05-05,10:06,red,,,,,,,,,,,,
本票,秋田,中央,0002,死亡,1,0,14010,対象外,0000,303,昼－昼,晴,非市街地,舗装－乾燥,単路－カーブ・屈折,環状交差点以外 環状交差点以外をいう。,施設なし,00,23,00,23,04,5,単路（交差点付近を含む）,規制なし,4,4,車両単独,55～64歳,不明,二輪車－自動二輪－小型二輪－751ｃｃ以上,物件等,自家用,対象外当事者,対象外当事者,対象外当事者,指定の速度規制なし等,対象外当事者,23,00,小破,対象外当事者,対象外当事者,対象外当事者,対象外当事者,対象外当事者,死亡,対象外当事者,木,その他,40.372581,140.784576,2020-05-07,16:40,red,,,,,,,,,,,,
本票,秋田,江別,0048,死亡,1,0,00070,上,3169,348,昼－昼,晴,市街地－その他,舗装－乾燥,交差点付近－その他,環状交差点以外 環状交差点以外をいう。,施設なし,00,23,00,23,03,9,単路（交差点付近を含む）,規制なし,4,3,車両相互,55～64歳,35～44歳,乗用車－軽自動車,二輪車－自動二輪－軽二輪－126～250cc,自家用,自家用,乗用車,対象外当事者,50㎞／ｈ以下,50㎞／ｈ以下,50,20,大破,大破,装備あり 作動,対象外当事者,その他,対象外当事者,損傷なし,死亡,日,その他,40.097197,140.023782,2020-05-31,13:52,red,,,,,,,,,,,,
本票,秋田,室蘭,0007,死亡,1,0,03410,対象外,0000,215,昼－昼,晴,非市街地,舗装－乾燥,単路－カーブ・屈折,環状交差点以外 環状交差点以外をいう。,施設なし,00,23,00,23,03,6,単路（交差点付近を含む）,規制なし,4,2,車両単独,35～44歳,不明,二輪車－自動二輪－小型二輪－401～750ｃｃ,物件等,自家用,対象外当事者,対象外当事者,対象外当事者,指定の速度規制なし等,対象外当事者,10,00,大破,対象外当事者,対象外当事者,対象外当事者,対象外当事者,対象外当事者,死亡,対象外当事者,日,その他,39.843581,140.637399,2020-05-24,11:40,red,,,,,,,,,,,,
本票,山形,中央,0399,死亡,1,2,04580,下,2055,301,昼－昼,晴,非市街地,舗装－乾燥,交差点－その他,環状交差点以外 環状交差点以外をいう。,施設なし,01,21,09,22,14,9,交差点内,規制なし,4,3,車両相互,65～74歳,35～44歳,乗用車－軽自動車,二輪車－自動二輪－小型二輪－751ｃｃ以上,自家用,自家用,乗用車,対象外当事者,指定の速度規制なし等,50㎞／ｈ以下,20,10,小破,中破,その他,対象外当事者,その他,対象外当事者,負傷,死亡,土,その他,38.281917,140.267944,2020-05-30,10:12,red,,,,,,,,,,,,
本票,山形,白石,0128,死亡,1,0,03450,下,0580,203,昼－昼,曇,非市街地,舗装－乾燥,単路－その他,環状交差点以外 環状交差点以外をいう。,施設なし,00,23,00,23,04,9,単路（交差点付近を含む）,規制なし,4,2,車両相互,65～74歳,75歳以上,貨物車－軽自動車,軽車両－自転車,自家用,対象外当事者,貨物車,対象外当事者,指定の速度規制なし等,対象外当事者,10,40,小破,小破,その他,対象外当事者,その他,対象外当事者,損傷なし,死亡,水,その他,38.762250,139.905611,2020-05-13,12:55,red,,,,,,,,,,,,
本票,山形,白石,0129,死亡,1,0,70000,対象外,0000,203,昼－昼,曇,非市街地,非舗装,単路－その他,環状交差点以外 環状交差点以外をいう。,施設なし,00,23,00,23,01,9,その他,規制なし,5,4,車両単独,55～64歳,不明,二輪車－原付自転車,相手なし,自家用,対象外当事者,対象外当事者,対象外当事者,指定の速度規制なし等,対象外当事者,10,00,小破,対象外当事者,対象外当事者,対象外当事者,対象外当事者,対象外当事者,死亡,対象外当事者,水,その他,38.712139,139.938528,2020-05-13,09:15,red,,,,,,,,,,,,
本票,山形,栗山,0036,死亡,1,0,30000,対象外,0000,403,昼－昼,晴,非市街地,舗装－乾燥,交差点－その他,環状交差点以外 環状交差点以外をいう。,施設なし,09,21,09,21,11,9,交差点内,規制なし,5,4,車両相互,25～34歳,75歳以上,貨物車－軽自動車,軽車両－駆動補助機付自転車,自家用,対象外当事者,貨物車,対象外当事者,指定の速度規制なし等,対象外当事者,50,40,小破,小破,その他,対象外当事者,その他,対象外当事者,損傷なし,死亡,木,その他,38.050028,139.994111,2020-05-28,09:25,red,,,,,,,,,,,,
本票,山形,つがる,0073,死亡,1,0,30000,対象外,0000,206,昼－昼,晴,市街地－人口集中,舗装－乾燥,単路－その他,環状交差点以外 環状交差点以外をいう。,施設なし,00,23,00,23,04,9,単路（交差点付近を含む）,規制なし,4,2,人対車両,75歳以上,75歳以上,貨物車－軽自動車,歩行者,自家用,対象外当事者,貨物車,対象外当事者,40㎞／ｈ以下,対象外当事者,10,00,小破,対象外当事者,その他,対象外当事者,その他,対象外当事者,損傷なし,死亡,月,その他,38.369667,140.282833,2020-05-11,15:59,red,,,,,,,,,,,,
本票,山形,野辺地,0109,死亡,1,0,30000,対象外,0000,210,昼－昼,晴,非市街地,舗装－乾燥,単路－カーブ・屈折,環状交差点以外 環状交差点以外をいう。,施設なし,00,23,00,23,04,6,単路（交差点付近を含む）,規制なし,4,4,車両単独,0～24歳,不明,二輪車－自動二輪－小型二輪－401～750ｃｃ,物件等,自家用,対象外当事者,対象外当事者,対象外当事者,50㎞／ｈ以下,対象外当事者,10,00,中破,対象外当事者,対象外当事者,対象外当事者,対象外当事者,対象外当事者,死亡,対象外当事者,土,その他,38.344750,140.322583,2020-05-30,17:32,red,,,,,,,,,,,,