資料区分,都道府県コード,警察署等コード,本票番号,事故内容,死者数,負傷者数,路線コード,上下線,地点コード,市区町村コード,昼夜,天候,地形,路面状態,道路形状,環状交差点の直径,信号機,一時停止規制　標識（当事者A）,一時停止規制　表示（当事者A）,一時停止規制　標識（当事者B）,一時停止規制　表示（当事者B）,車道幅員,道路線形,衝突地点,ゾーン規制,中央分離帯施設等,歩車道区分,事故類型,年齢（当事者A）,年齢（当事者B）,当事者種別（当事者A）,当事者種別（当事者B）,用途別（当事者A）,用途別（当事者B）,車両形状（当事者A）,車両形状（当事者B）,速度規制（指定のみ）（当事者A）,速度規制（指定のみ）（当事者B）,車両の衝突部位（当事者A）,車両の衝突部位（当事者B）,車両の損壊程度（当事者A）,車両の損壊程度（当事者B）,エアバッグの装備（当事者A）,エアバッグの装備（当事者B）,サイドエアバッグの装備（当事者A）,サイドエアバッグの装備（当事者B）,人身損傷程度（当事者A）,人身損傷程度（当事者B）,曜日(発生年月日),祝日(発生年月日),緯度,経度,発生日,発生時,color,発生地点,道路管理者区分,道路区分,道路構造,曲線半径,縦断勾配,トンネル番号,当事者車両台数,車両単独事故の対象物,臨時速度規制の有無,速度規制（臨時のみ）,トンネル延長距離
本票,福島,中央,0168,死亡,1,0,01140,対象外,0000,201,昼－昼,曇,市街地－その他,舗装－乾燥,単路－トンネル,環状交差点以外 環状交差点以外をいう。,施設なし,00,23,00,23,04,9,単路（交差点付近を含む）,規制なし,4,1,車両相互,55～64歳,45～54歳,貨物車－大型車,乗用車－普通車,自家用,自家用,貨物車,乗用車,指定の速度規制なし等,指定の速度規制なし等,50,50,中破,大破,その他,装備あり 作動,その他,装備あり 作動,損傷なし,死亡,月,その他,37.726635,140.484562,2020-05-18,10:29,red,,,,,,,,,,,,
本票,福島,中央,0177,死亡,1,0,30000,対象外,0000,201,昼－昼,曇,市街地－人口集中,舗装－乾燥,交差点－その他,環状交差点以外 環状交差点以外をいう。,施設なし,09,22,00,23,14,9,交差点内,規制なし,5,2,車両単独,75歳以上,不明,乗用車－軽自動車,物件等,自家用,対象外当事者,乗用車,対象外当事者,指定の速度規制なし等,対象外当事者,80,00,小破,対象外当事者,装備あり 作動,対象外当事者,その他,対象外当事者,死亡,対象外当事者,火,その他,37.778293,140.449174,2020-05-19,14:31,red,,,,,,,,,,,,
本票,福島,つがる,0046,死亡,1,0,01180,対象外,0000,207,昼－昼,晴,非市街地,舗装－乾燥,単路－その他,環状交差点以外 環状交差点以外をいう。,施設なし,00,23,00,23,03,9,単路（交差点付近を含む）,規制なし,1,2,車両単独,25～34歳,不明,二輪車－自動二輪－小型二輪－751ｃｃ以上,物件等,自家用,対象外当事者,対象外当事者,対象外当事者,60㎞／ｈ以下,対象外当事者,10,00,大破,対象外当事者,対象外当事者,対象外当事者,対象外当事者,対象外当事者,死亡,対象外当事者,金,その他,37.266169,140.384523,2020-05-08,12:10,red,,,,,,,,,,,,
本票,福島,赤歌,0071,死亡,1,0,02940,対象外,0000,202,昼－昼,晴,非市街地,舗装－乾燥,単路－その他,環状交差点以外 環状交差点以外をいう。,施設なし,00,23,00,23,03,9,単路（交差点付近を含む）,規制なし,4,4,車両相互,35～44歳,0～24歳,貨物車－大型車,乗用車－軽自動車,事業用,自家用,貨物車,乗用車,指定の速度規制なし等,指定の速度規制なし等,80,40,中破,大破,その他,装備あり 作動,その他,その他,損傷なし,死亡,金,その他,37.499021,139.999315,2020-05-08,17:05,red,,,,,,,,,,,,
本票,福島,余市,0010,死亡,1,0,00490,下,1466,421,昼－昼,曇,非市街地,舗装－乾燥,単路－カーブ・屈折,環状交差点以外 環状交差点以外をいう。,施設なし,00,23,00,23,03,6,単路（交差点付近を含む）,規制なし,4,2,車両相互,25～34歳,75歳以上,貨物車－大型車,乗用車－軽自動車,自家用,自家用,貨物車,乗用車,50㎞／ｈ以下,50㎞／ｈ以下,80,80,小破,大破,その他,装備あり 作動,その他,装備あり 作動,損傷なし,死亡,火,その他,37.571884,139.787985,2020-05-12,15:58,red,,,,,,,,,,,,
本票,東京,荏原,0087,死亡,1,0,00010,上,0114,109,夜－夜,晴,市街地－人口集中,舗装－乾燥,単路－その他,環状交差点以外 環状交差点以外をいう。,施設なし,00,23,00,23,06,9,単路（交差点付近を含む）,規制なし,1,1,人対車両,35～44歳,55～64歳,乗用車－普通車,歩行者,自家用,対象外当事者,乗用車,対象外当事者,指定の速度規制なし等,対象外当事者,50,00,中破,対象外当事者,その他,対象外当事者,その他,対象外当事者,損傷なし,死亡,土,その他,35.615733,139.716853,2020-05-23,23:38,red,,,,,,,,,,,,
本票,東京,池上,0101,死亡,1,0,00010,下,0138,111,昼－昼,曇,市街地－人口集中,舗装－乾燥,単路－その他,環状交差点以外 環状交差点以外をいう。,施設なし,00,23,00,23,06,9,単路（交差点付近を含む）,規制なし,1,1,車両単独,25～34歳,不明,乗用車－普通車,物件等,自家用,対象外当事者,乗用車,対象外当事者,指定の速度規制なし等,対象外当事者,10,00,大破,対象外当事者,装備あり 作動,対象外当事者,装備あり 作動,対象外当事者,損傷なし,対象外当事者,水,その他,35.594117,139.711450,2020-05-20,12:48,red,,,,,,,,,,,,
本票,東京,池袋,0059,死亡,1,0,30000,対象外,0000,116,夜－夜,雨,市街地－人口集中,舗装－湿潤,単路－その他,環状交差点以外 環状交差点以外をいう。,施設なし,00,23,00,23,03,9,単路（交差点付近を含む）,規制なし,5,2,人対車両,65～74歳,35～44歳,乗用車－普通車,歩行者,事業用,対象外当事者,乗用車,対象外当事者,指定の速度規制なし等,対象外当事者,10,00,小破,対象外当事者,その他,対象外当事者,その他,対象外当事者,損傷なし,死亡,木,その他,35.733594,139.708028,2020-05-21,03:13,red,,,,,,,,,,,,
本票,東京,赤羽,0049,死亡,1,0,10130,対象外,0000,117,昼－暮,晴,市街地－人口集中,舗装－乾燥,単路－橋,環状交差点以外 環状交差点以外をいう。,施設なし,00,23,00,23,05,9,単路（交差点付近を含む）,規制なし,1,1,車両相互,45～54歳,25～34歳,乗用車－普通車,二輪車－自動二輪－軽二輪－126～250cc,自家用,自家用,乗用車,対象外当事者,50㎞／ｈ以下,50㎞／ｈ以下,60,14,中破,小破,その他,対象外当事者,その他,対象外当事者,損傷なし,死亡,木,その他,35.770377,139.735622,2020-05-07,18:00,red,,,,,,,,,,,,
本票,東京,深川,0128,死亡,1,0,21180,対象外,0000,108,昼－昼,晴,市街地－人口集中,舗装－乾燥,交差点－その他,環状交差点以外 環状交差点以外をいう。,点灯－３灯式,09,22,09,22,19,9,交差点内,規制なし,5,2,車両相互,35～44歳,65～74歳,乗用車－普通車,二輪車－自動二輪－原付二種－51～125cc,自家用,自家用,乗用車,対象外当事者,50㎞／ｈ以下,50㎞／ｈ以下,10,40,大破,大破,その他,対象外当事者,その他,対象外当事者,損傷なし,死亡,木,その他,35.645108,139.784573,2020-05-28,08:10,red,,,,,,,,,,,,
本票,東京,小岩,0069,死亡,1,0,10290,対象外,0000,123,昼－昼,晴,市街地－人口集中,舗装－乾燥,交差点－その他,環状交差点以外 環状交差点以外をいう。,点灯－３灯式,09,22,09,22,18,9,交差点内,規制なし,5,2,車両相互,45～54歳,0～24歳,乗用車－普通車,軽車両－自転車,自家用,対象外当事者,乗用車,対象外当事者,40㎞／ｈ以下,対象外当事者,10,40,中破,中破,その他,対象外当事者,その他,対象外当事者,損傷なし,死亡,木,その他,35.735855,139.894611,2020-05-07,11:56,red,,,,,,,,,,,,
本票,東京,東大和,0155,死亡,1,0,30000,対象外,0000,223,昼－昼,曇,市街地－その他,舗装－乾燥,交差点－その他,環状交差点以外 環状交差点以外をいう。,点灯－３灯式,09,22,09,22,15,9,交差点内,規制なし,5,2,車両相互,65～74歳,65～74歳,乗用車－普通車,軽車両－自転車,自家用,対象外当事者,乗用車,対象外当事者,40㎞／ｈ以下,対象外当事者,10,40,小破,小破,その他,対象外当事者,その他,対象外当事者,損傷なし,死亡,日,その他,35.746597,139.410527,2020-05-31,11:45,red,,,,,,,,,,,,
本票,東京,日野,0149,死亡,1,0,30000,対象外,0000,212,昼－昼,雨,非市街地,舗装－湿潤,交差点－その他,環状交差点以外 環状交差点以外をいう。,点灯－３灯式,09,22,00,23,15,9,交差点内,規制なし,5,2,人対車両,55～64歳,75歳以上,貨物車－普通車,歩行者,自家用,対象外当事者,貨物車,対象外当事者,40㎞／ｈ以下,対象外当事者,10,00,小破,対象外当事者,その他,対象外当事者,その他,対象外当事者,損傷なし,死亡,火,その他,35.671530,139.393599,2020-05-19,12:00,red,,,,,,,,,,,,
本票,茨城,美唄,0038,死亡,1,0,00510,上,0954,234,夜－夜,雨,非市街地,舗装－湿潤,単路－その他,環状交差点以外 環状交差点以外をいう。,施設なし,00,23,00,23,03,9,単路（交差点付近を含む）,規制なし,4,2,人対車両,45～54歳,0～24歳,貨物車－大型車,歩行者,事業用,対象外当事者,貨物車,対象外当事者,指定の速度規制なし等,対象外当事者,80,00,小破,対象外当事者,その他,対象外当事者,その他,対象外当事者,損傷なし,死亡,木,その他,36.156707,140.575190,2020-05-21,00:30,red,,,,,,,,,,,,
本票,茨城,滝川,0074,死亡,1,0,04080,対象外,0000,447,夜－夜,曇,非市街地,舗装－乾燥,単路－その他,環状交差点以外 環状交差点以外をいう。,施設なし,00,23,00,23,03,9,単路（交差点付近を含む）,規制なし,4,3,人対車両,45～54歳,55～64歳,貨物車－中型車,歩行者,事業用,対象外当事者,貨物車,対象外当事者,50㎞／ｈ以下,対象外当事者,80,00,小破,対象外当事者,その他,対象外当事者,その他,対象外当事者,損傷なし,死亡,火,その他,35.874289,140.292482,2020-05-26,02:00,red,,,,,,,,,,,,
本票,茨城,芦別,0183,死亡,1,0,03540,対象外,0000,203,昼－昼,晴,非市街地,舗装－乾燥,交差点－その他,環状交差点以外 環状交差点以外をいう。,点灯－３灯式,09,22,09,22,18,9,交差点内,規制なし,1,2,車両相互,35～44歳,55～64歳,貨物車－大型車,二輪車－自動二輪－原付二種－51～125cc,事業用,自家用,貨物車,対象外当事者,指定の速度規制なし等,50㎞／ｈ以下,10,23,小破,大破,その他,対象外当事者,その他,対象外当事者,損傷なし,死亡,水,その他,36.096533,140.250474,2020-05-13,13:48,red,,,,,,,,,,,,
本票,茨城,岩内,0084,死亡,1,0,23570,対象外,0000,227,昼－昼,晴,市街地－その他,舗装－乾燥,交差点－その他,環状交差点以外 環状交差点以外をいう。,点灯－３灯式,09,22,00,23,15,9,交差点内,規制なし,4,3,人対車両,45～54歳,75歳以上,貨物車－軽自動車,歩行者,自家用,対象外当事者,貨物車,対象外当事者,50㎞／ｈ以下,対象外当事者,50,00,小破,対象外当事者,その他,対象外当事者,その他,対象外当事者,損傷なし,死亡,木,その他,36.275132,139.970209,2020-05-28,09:16,red,,,,,,,,,,,,
本票,茨城,豊平,0158,死亡,1,0,30000,対象外,0000,221,夜－夜,晴,市街地－その他,舗装－乾燥,単路－その他,環状交差点以外 環状交差点以外をいう。,施設なし,00,23,00,23,04,9,単路（交差点付近を含む）,規制なし,4,2,車両単独,35～44歳,不明,貨物車－軽自動車,物件等,自家用,対象外当事者,貨物車,対象外当事者,40㎞／ｈ以下,対象外当事者,82,00,中破,対象外当事者,装備あり 作動,対象外当事者,その他,対象外当事者,死亡,対象外当事者,月,当日,36.410704,140.535756,2020-05-04,21:05,red,,,,,,,,,,,,
本票,栃木,千歳,0070,死亡,1,0,30000,対象外,0000,209,夜－暮,雨,非市街地,舗装－湿潤,単路－その他,環状交差点以外 環状交差点以外をいう。,施設なし,00,23,00,23,02,9,単路（交差点付近を含む）,規制なし,5,3,人対車両,35～44歳,75歳以上,乗用車－普通車,歩行者,自家用,対象外当事者,乗用車,対象外当事者,40㎞／ｈ以下,対象外当事者,51,00,小破,対象外当事者,その他,対象外当事者,その他,対象外当事者,損傷なし,死亡,火,その他,36.434764,140.042802,2020-05-26,19:38,red,,,,,,,,,,,,
本票,栃木,室蘭,0154,死亡,1,0,30000,対象外,0000,201,昼－昼,晴,市街地－人口集中,舗装－乾燥,単路－その他,環状交差点以外 環状交差点以外をいう。,施設なし,00,23,00,23,02,8,単路（交差点付近を含む）,規制なし,5,4,車両単独,75歳以上,不明,貨物車－中型車,物件等,自家用,対象外当事者,貨物車,対象外当事者,指定の速度規制なし等,対象外当事者,50,00,小破,対象外当事者,その他,対象外当事者,その他,対象外当事者,死亡,対象外当事者,土,前日,36.616635,139.889981,2020-05-02,13:38,red,,,,,,,,,,,,
本票,栃木,苫小牧,0131,死亡,2,0,01210,対象外,0000,201,夜－夜,晴,非市街地,舗装－乾燥,交差点－その他,環状交差点以外 環状交差点以外をいう。,点灯－３灯式,09,22,09,22,15,9,交差点内,規制なし,1,2,車両相互,25～34歳,55～64歳,乗用車－普通車,二輪車－原付自転車,自家用,自家用,乗用車,対象外当事者,50㎞／ｈ以下,30㎞／ｈ以下,10,40,大破,大破,装備あり 作動,対象外当事者,その他,対象外当事者,死亡,死亡,金,その他,36.505417,139.865252,2020-05-15,02:00,red,,,,,,,,,,,,
本票,群馬,西,1045,死亡,1,0,37000,対象外,0000,202,夜－暮,曇,市街地－人口集中,舗装－乾燥,単路－その他,環状交差点以外 環状交差点以外をいう。,施設なし,00,23,00,23,03,9,単路（交差点付近を含む）,規制なし,4,2,人対車両,0～24歳,65～74歳,乗用車－普通車,歩行者,自家用,対象外当事者,乗用車,対象外当事者,40㎞／ｈ以下,対象外当事者,80,00,損壊なし,対象外当事者,装備あり 作動,対象外当事者,その他,対象外当事者,損傷なし,死亡,金,その他,36.344239,139.033216,2020-05-22,19:44,red,,,,,,,,,,,,
本票,埼玉,東,0216,死亡,1,0,99000,対象外,0000,228,昼－昼,曇,市街地－人口集中,舗装－乾燥,一般交通の場所,環状交差点以外 環状交差点以外をいう。,施設なし,00,23,00,23,00,0,その他,規制なし,0,2,人対車両,45～54歳,75歳以上,乗用車－普通車,歩行者,自家用,対象外当事者,乗用車,対象外当事者,40㎞／ｈ以下,対象外当事者,10,00,小破,対象外当事者,その他,対象外当事者,その他,対象外当事者,損傷なし,死亡,月,その他,35.830738,139.578719,2020-05-18,12:26,red,,,,,,,,,,,,
本票,埼玉,千歳,0161,死亡,1,0,10350,対象外,0000,103,昼－昼,晴,市街地－その他,舗装－乾燥,単路－カーブ・屈折,環状交差点以外 環状交差点以外をいう。,施設なし,00,23,00,23,03,3,単路（交差点付近を含む）,規制なし,4,1,車両単独,0～24歳,不明,二輪車－原付自転車,物件等,自家用,対象外当事者,対象外当事者,対象外当事者,指定の速度規制なし等,対象外当事者,12,00,大破,対象外当事者,対象外当事者,対象外当事者,対象外当事者,対象外当事者,死亡,対象外当事者,木,その他,35.888874,139.644916,2020-05-14,15:09,red,,,,,,,,,,,,
本票,埼玉,赤歌,0078,死亡,2,0,01400,対象外,0000,207,夜－夜,晴,非市街地,舗装－乾燥,単路－カーブ・屈折,環状交差点以外 環状交差点以外をいう。,施設なし,00,23,00,23,03,6,その他,規制なし,4,3,車両単独,75歳以上,不明,乗用車－普通車,相手なし,自家用,対象外当事者,乗用車,対象外当事者,40㎞／ｈ以下,対象外当事者,13,00,大破,対象外当事者,装備あり 作動,対象外当事者,その他,対象外当事者,死亡,対象外当事者,金,当日,35.938772,138.946429,2020-03-20,22:27,red,,,,,,,,,,,,
本票,埼玉,門別,0082,死亡,1,0,21490,対象外,0000,210,夜－夜,晴,非市街地,舗装－乾燥,単路－その他,環状交差点以外 環状交差点以外をいう。,施設なし,00,23,00,23,03,9,単路（交差点付近を含む）,規制なし,4,2,車両単独,45～54歳,不明,二輪車－自動二輪－原付二種－51～125cc,物件等,自家用,対象外当事者,対象外当事者,対象外当事者,40㎞／ｈ以下,対象外当事者,40,00,中破,対象外当事者,対象外当事者,対象外当事者,対象外当事者,対象外当事者,死亡,対象外当事者,火,その他,36.106169,139.604127,2020-05-12,23:09,red,,,,,,,,,,,,
本票,埼玉,上尾,0348,死亡,1,0,95000,対象外,0000,231,昼－昼,晴,非市街地,非舗装,単路－その他,環状交差点以外 環状交差点以外をいう。,施設なし,00,23,00,23,02,9,単路（交差点付近を含む）,規制なし,5,4,車両相互,65～74歳,75歳以上,貨物車－大型車,二輪車－原付自転車,事業用,自家用,貨物車,対象外当事者,指定の速度規制なし等,指定の速度規制なし等,30,10,小破,大破,その他,対象外当事者,その他,対象外当事者,損傷なし,死亡,月,その他,35.971240,139.528385,2020-05-11,09:08,red,,,,,,,,,,,,
本票,埼玉,上尾,0381,死亡,1,0,39990,対象外,0000,219,夜－夜,曇,市街地－人口集中,舗装－乾燥,単路－カーブ・屈折,環状交差点以外 環状交差点以外をいう。,施設なし,00,23,00,23,04,6,単路（交差点付近を含む）,規制なし,1,2,人対車両,75歳以上,25～34歳,乗用車－普通車,歩行者,自家用,対象外当事者,乗用車,対象外当事者,指定の速度規制なし等,対象外当事者,80,00,小破,対象外当事者,その他,対象外当事者,その他,対象外当事者,損傷なし,死亡,日,その他,35.964778,139.574064,2020-05-31,03:17,red,,,,,,,,,,,,
本票,千葉,白石,0063,死亡,1,0,30000,対象外,0000,105,昼－昼,曇,市街地－人口集中,舗装－乾燥,交差点付近－その他,環状交差点以外 環状交差点以外をいう。,点灯－３灯式,00,23,00,23,04,9,単路（交差点付近を含む）,規制なし,5,2,車両単独,45～54歳,不明,軽車両－自転車,相手なし,対象外当事者,対象外当事者,対象外当事者,対象外当事者,対象外当事者,対象外当事者,20,00,小破,対象外当事者,対象外当事者,対象外当事者,対象外当事者,対象外当事者,死亡,対象外当事者,月,その他,35.561354,140.178661,2020-05-18,10:36,red,,,,,,,,,,,,
本票,千葉,江別,0233,死亡,1,0,02980,上,0000,203,夜－夜,晴,市街地－人口集中,舗装－乾燥,交差点－その他,環状交差点以外 環状交差点以外をいう。,点灯－３灯式,09,22,00,23,19,9,交差点内,規制なし,5,1,人対車両,45～54歳,75歳以上,貨物車－中型車,歩行者,事業用,対象外当事者,貨物車,対象外当事者,指定の速度規制なし等,対象外当事者,10,00,小破,対象外当事者,その他,対象外当事者,その他,対象外当事者,損傷なし,死亡,水,その他,35.724228,139.916581,2020-05-13,20:28,red,,,,,,,,,,,,
本票,千葉,野辺地,0175,死亡,1,0,22890,対象外,0000,230,夜－夜,雨,市街地－その他,舗装－湿潤,単路－その他,環状交差点以外 環状交差点以外をいう。,施設なし,00,23,00,23,03,9,単路（交差点付近を含む）,規制なし,4,3,人対車両,45～54歳,45～54歳,貨物車－軽自動車,歩行者,自家用,対象外当事者,貨物車,対象外当事者,40㎞／ｈ以下,対象外当事者,10,00,小破,対象外当事者,その他,対象外当事者,その他,対象外当事者,損傷なし,死亡,土,その他,35.599823,140.272795,2020-05-16,23:44,red,,,,,,,,,,,,
本票,千葉,砂川,0105,死亡,1,0,21890,対象外,0000,231,昼－暮,晴,市街地－人口集中,舗装－乾燥,交差点－その他,環状交差点以外 環状交差点以外をいう。,点灯－３灯式,09,22,00,23,19,9,交差点内,規制なし,5,2,車両単独,65～74歳,不明,乗用車－普通車,物件等,自家用,対象外当事者,乗用車,対象外当事者,指定の速度規制なし等,対象外当事者,50,00,大破,対象外当事者,装備あり 作動,対象外当事者,その他,対象外当事者,死亡,対象外当事者,水,その他,35.808799,140.115378,2020-05-13,18:34,red,,,,,,,,,,,,
本票,千葉,芦別,0066,死亡,1,0,95000,対象外,0000,202,夜－夜,曇,非市街地,舗装－乾燥,交差点付近－その他,環状交差点以外 環状交差点以外をいう。,施設なし,00,23,00,23,03,9,単路（交差点付近を含む）,規制なし,4,3,人対車両,75歳以上,75歳以上,乗用車－普通車,歩行者,自家用,対象外当事者,乗用車,対象外当事者,40㎞／ｈ以下,対象外当事者,10,00,小破,対象外当事者,その他,対象外当事者,その他,対象外当事者,損傷なし,死亡,水,その他,35.735900,140.815739,2020-05-20,21:07,red,,,,,,,,,,,,
本票,千葉,岩内,0087,死亡,1,0,10830,対象外,0000,239,昼－昼,晴,非市街地,舗装－乾燥,交差点－その他,環状交差点以外 環状交差点以外をいう。,施設なし,09,22,00,23,15,9,交差点内,規制なし,4,2,人対車両,65～74歳,75歳以上,乗用車－普通車,歩行者,自家用,対象外当事者,乗用車,対象外当事者,40㎞／ｈ以下,対象外当事者,80,00,小破,対象外当事者,その他,対象外当事者,その他,対象外当事者,損傷なし,死亡,土,その他,35.508211,140.356614,2020-05-23,16:40,red,,,,,,,,,,,,
本票,千葉,武南,0153,死亡,1,0,30000,対象外,0000,102,昼－昼,晴,市街地－人口集中,舗装－乾燥,交差点－その他,環状交差点以外 環状交差点以外をいう。,施設なし,09,22,09,22,15,9,交差点内,規制なし,5,3,車両相互,35～44歳,0～24歳,貨物車－普通車,軽車両－自転車,自家用,対象外当事者,貨物車,対象外当事者,40㎞／ｈ以下,対象外当事者,10,24,小破,中破,その他,対象外当事者,その他,対象外当事者,損傷なし,死亡,金,その他,35.653741,140.062220,2020-05-08,12:51,red,,,,,,,,,,,,
本票,千葉,武南,0176,死亡,1,0,99000,対象外,0000,106,昼－昼,晴,市街地－その他,舗装－乾燥,一般交通の場所,環状交差点以外 環状交差点以外をいう。,施設なし,00,23,00,23,00,0,その他,規制なし,0,4,車両相互,35～44歳,75歳以上,貨物車－軽自動車,軽車両－自転車,自家用,対象外当事者,貨物車,対象外当事者,指定の速度規制なし等,対象外当事者,10,40,小破,中破,その他,対象外当事者,その他,対象外当事者,損傷なし,死亡,金,その他,35.619617,140.079587,2020-05-29,11:40,red,,,,,,,,,,,,
本票,千葉,大宮東,0150,死亡,1,4,30000,対象外,0000,220,昼－暮,晴,非市街地,舗装－乾燥,交差点付近－その他,環状交差点以外 環状交差点以外をいう。,点灯－３灯式,00,23,00,23,03,8,単路（交差点付近を含む）,規制なし,4,2,車両相互,65～74歳,35～44歳,乗用車－普通車,乗用車－軽自動車,自家用,自家用,乗用車,乗用車,指定の速度規制なし等,指定の速度規制なし等,31,10,中破,中破,その他,装備あり 作動,その他,その他,負傷,死亡,土,その他,35.850487,139.918675,2020-05-23,18:14,red,,,,,,,,,,,,
本票,千葉,行徳,0101,死亡,1,0,10060,対象外,0000,203,夜－夜,曇,市街地－人口集中,舗装－湿潤,交差点付近－その他,環状交差点以外 環状交差点以外をいう。,点灯－３灯式,00,23,00,23,05,9,単路（交差点付近を含む）,規制なし,4,1,人対車両,55～64歳,35～44歳,貨物車－中型車,歩行者,事業用,対象外当事者,貨物車,対象外当事者,40㎞／ｈ以下,対象外当事者,10,00,小破,対象外当事者,その他,対象外当事者,その他,対象外当事者,損傷なし,死亡,土,その他,35.686068,139.916026,2020-04-04,03:10,red,,,,,,,,,,,,
本票,神奈川,高速道路交通警察隊,0146,死亡,1,1,50320,上,0000,104,昼－昼,晴,非市街地,舗装－乾燥,単路－カーブ・屈折,環状交差点以外 環状交差点以外をいう。,施設なし,00,23,00,23,04,4,単路（交差点付近を含む）,規制なし,1,4,車両相互,0～24歳,55～64歳,乗用車－普通車,二輪車－自動二輪－小型二輪－751ｃｃ以上,自家用,自家用,乗用車,対象外当事者,50㎞／ｈ以下,50㎞／ｈ以下,45,12,小破,小破,その他,対象外当事者,その他,対象外当事者,損傷なし,死亡,日,その他,35.437454,139.665279,2020-05-17,15:01,red,4,首都高速道路,走行車線－第一通行帯,完全分離－高架・橋梁,カーブ－700m以上,平坦・該当なし,,2,該当なし,該当なし,該当なし,0
本票,神奈川,鎌ケ谷,0139,死亡,1,1,30440,対象外,0000,111,夜－夜,雨,市街地－人口集中,舗装－湿潤,単路－橋,環状交差点以外 環状交差点以外をいう。,施設なし,00,23,00,23,05,9,単路（交差点付近を含む）,規制なし,1,4,車両相互,45～54歳,35～44歳,貨物車－大型車,乗用車－普通車,事業用,自家用,貨物車,乗用車,60㎞／ｈ以下,60㎞／ｈ以下,13,10,中破,大破,装備あり 作動,その他,その他,その他,負傷,死亡,火,その他,35.418860,139.559775,2020-05-19,02:40,red,,,,,,,,,,,,
本票,神奈川,瀬谷,0136,死亡,1,0,30590,対象外,0000,114,昼－昼,曇,市街地－人口集中,舗装－乾燥,交差点－その他,環状交差点以外 環状交差点以外をいう。,点灯－３灯式,09,22,00,23,11,9,交差点内,規制なし,5,2,人対車両,45～54歳,75歳以上,乗用車－軽自動車,歩行者,自家用,対象外当事者,乗用車,対象外当事者,指定の速度規制なし等,対象外当事者,50,00,損壊なし,対象外当事者,その他,対象外当事者,その他,対象外当事者,損傷なし,死亡,水,その他,35.467070,139.480207,2020-05-20,12:29,red,,,,,,,,,,,,
本票,神奈川,多摩,0138,死亡,1,0,30000,対象外,0000,135,昼－昼,晴,市街地－人口集中,舗装－乾燥,単路－その他,環状交差点以外 環状交差点以外をいう。,施設なし,00,23,00,23,01,9,単路（交差点付近を含む）,規制なし,5,4,車両単独,45～54歳,不明,二輪車－原付自転車,物件等,自家用,対象外当事者,対象外当事者,対象外当事者,指定の速度規制なし等,対象外当事者,10,00,小破,対象外当事者,対象外当事者,対象外当事者,対象外当事者,対象外当事者,死亡,対象外当事者,月,当日,35.611164,139.572371,2020-05-04,14:02,red,,,,,,,,,,,,
本票,神奈川,藤沢北,0164,死亡,1,0,30000,対象外,0000,205,夜－夜,晴,市街地－人口集中,舗装－乾燥,単路－その他,環状交差点以外 環状交差点以外をいう。,施設なし,00,23,00,23,05,8,単路（交差点付近を含む）,規制なし,1,1,車両単独,45～54歳,不明,二輪車－自動二輪－軽二輪－126～250cc,物件等,自家用,対象外当事者,対象外当事者,対象外当事者,50㎞／ｈ以下,対象外当事者,10,00,中破,対象外当事者,対象外当事者,対象外当事者,対象外当事者,対象外当事者,死亡,対象外当事者,水,その他,35.381873,139.455919,2020-05-13,19:42,red,,,,,,,,,,,,
本票,神奈川,小田原,0232,死亡,1,0,60020,対象外,0000,382,昼－昼,晴,非市街地,舗装－乾燥,単路－カーブ・屈折,環状交差点以外 環状交差点以外をいう。,施設なし,00,23,00,23,03,5,単路（交差点付近を含む）,規制なし,4,3,車両単独,45～54歳,不明,二輪車－自動二輪－小型二輪－751ｃｃ以上,相手なし,自家用,対象外当事者,対象外当事者,対象外当事者,40㎞／ｈ以下,対象外当事者,10,00,中破,対象外当事者,対象外当事者,対象外当事者,対象外当事者,対象外当事者,死亡,対象外当事者,木,その他,35.207217,138.987049,2020-05-14,10:50,red,,,,,,,,,,,,
本票,神奈川,津久井,0043,死亡,1,0,30000,対象外,0000,151,昼－昼,晴,市街地－その他,舗装－乾燥,単路－その他,環状交差点以外 環状交差点以外をいう。,施設なし,00,23,00,23,02,8,単路（交差点付近を含む）,規制なし,5,4,車両単独,75歳以上,不明,乗用車－軽自動車,相手なし,自家用,対象外当事者,乗用車,対象外当事者,指定の速度規制なし等,対象外当事者,30,00,損壊なし,対象外当事者,その他,対象外当事者,その他,対象外当事者,死亡,対象外当事者,金,その他,35.624661,139.167965,2020-04-03,14:45,red,,,,,,,,,,,,
本票,新潟,西,0089,死亡,1,0,70000,対象外,0000,107,夜－夜,晴,非市街地,舗装－乾燥,単路－カーブ・屈折,環状交差点以外 環状交差点以外をいう。,施設なし,00,23,00,23,03,3,単路（交差点付近を含む）,規制なし,4,3,車両単独,0～24歳,不明,二輪車－自動二輪－小型二輪－401～750ｃｃ,物件等,自家用,対象外当事者,対象外当事者,対象外当事者,指定の速度規制なし等,対象外当事者,10,00,中破,対象外当事者,対象外当事者,対象外当事者,対象外当事者,対象外当事者,死亡,対象外当事者,日,その他,37.822947,138.910219,2020-05-24,01:40,red,,,,,,,,,,,,
本票,新潟,千歳,0099,死亡,1,0,37980,対象外,0000,307,昼－昼,晴,非市街地,舗装－乾燥,交差点－その他,環状交差点以外 環状交差点以外をいう。,施設なし,01,21,09,22,15,9,交差点内,規制なし,4,4,車両相互,25～34歳,45～54歳,乗用車－軽自動車,二輪車－自動二輪－小型二輪－251～400cc,自家用,自家用,乗用車,対象外当事者,指定の速度規制なし等,指定の速度規制なし等,40,10,中破,大破,その他,対象外当事者,その他,対象外当事者,損傷なし,死亡,木,その他,37.978706,139.271911,2020-05-28,17:20,red,,,,,,,,,,,,