資料区分,都道府県コード,警察署等コード,本票番号,事故内容,死者数,負傷者数,路線コード,上下線,地点コード,市区町村コード,昼夜,天候,地形,路面状態,道路形状,環状交差点の直径,信号機,一時停止規制　標識（当事者A）,一時停止規制　表示（当事者A）,一時停止規制　標識（当事者B）,一時停止規制　表示（当事者B）,車道幅員,道路線形,衝突地点,ゾーン規制,中央分離帯施設等,歩車道区分,事故類型,年齢（当事者A）,年齢（当事者B）,当事者種別（当事者A）,当事者種別（当事者B）,用途別（当事者A）,用途別（当事者B）,車両形状（当事者A）,車両形状（当事者B）,速度規制（指定のみ）（当事者A）,速度規制（指定のみ）（当事者B）,車両の衝突部位（当事者A）,車両の衝突部位（当事者B）,車両の損壊程度（当事者A）,車両の損壊程度（当事者B）,エアバッグの装備（当事者A）,エアバッグの装備（当事者B）,サイドエアバッグの装備（当事者A）,サイドエアバッグの装備（当事者B）,人身損傷程度（当事者A）,人身損傷程度（当事者B）,曜日(発生年月日),祝日(発生年月日),緯度,経度,発生日,発生時,color,発生地点,道路管理者区分,道路区分,道路構造,曲線半径,縦断勾配,トンネル番号,当事者車両台数,車両単独事故の対象物,臨時速度規制の有無,速度規制（臨時のみ）,トンネル延長距離
本票,滋賀,中央,0299,死亡,1,1,01616,上,0837,201,夜－夜,曇,非市街地,舗装－乾燥,単路－トンネル,環状交差点以外 環状交差点以外をいう。,施設なし,00,23,00,23,03,3,単路（交差点付近を含む）,規制なし,5,3,車両相互,25～34歳,45～54歳,乗用車－普通車,二輪車－自動二輪－軽二輪－126～250cc,自家用,自家用,乗用車,対象外当事者,70㎞／ｈ以下,70㎞／ｈ以下,60,10,小破,中破,その他,対象外当事者,その他,対象外当事者,損傷なし,負傷,木,その他,35.031028,135.849989,2020-05-14,20:55,red,,,,,,,,,,,,
本票,滋賀,白石,0257,死亡,1,0,14120,対象外,0000,208,昼－昼,晴,非市街地,舗装－乾燥,交差点－その他,環状交差点以外 環状交差点以外をいう。,施設なし,09,22,00,23,18,8,交差点内,規制なし,5,2,人対車両,35～44歳,0～24歳,貨物車－大型車,歩行者,自家用,対象外当事者,貨物車,対象外当事者,50㎞／ｈ以下,対象外当事者,10,00,小破,対象外当事者,その他,対象外当事者,その他,対象外当事者,損傷なし,死亡,水,その他,35.000601,136.022821,2020-05-20,12:05,red,,,,,,,,,,,,
本票,京都,つがる,0189,死亡,1,0,37680,対象外,0000,109,昼－昼,晴,市街地－人口集中,舗装－乾燥,交差点－その他,環状交差点以外 環状交差点以外をいう。,施設なし,09,22,00,23,11,8,交差点内,規制なし,5,3,車両単独,75歳以上,不明,軽車両－駆動補助機付自転車,相手なし,対象外当事者,対象外当事者,対象外当事者,対象外当事者,対象外当事者,対象外当事者,20,00,小破,対象外当事者,対象外当事者,対象外当事者,対象外当事者,対象外当事者,死亡,対象外当事者,土,前日,34.942082,135.772515,2020-05-02,11:58,red,,,,,,,,,,,,
本票,京都,浦河,0099,死亡,1,0,00010,下,4966,106,昼－昼,晴,市街地－人口集中,舗装－乾燥,交差点－その他,環状交差点以外 環状交差点以外をいう。,点灯－３灯式,09,22,00,23,17,9,交差点内,規制なし,5,1,人対車両,65～74歳,75歳以上,貨物車－中型車,歩行者,自家用,対象外当事者,貨物車,対象外当事者,50㎞／ｈ以下,対象外当事者,10,00,損壊なし,対象外当事者,その他,対象外当事者,その他,対象外当事者,損傷なし,死亡,金,その他,34.995916,135.764535,2020-05-29,12:00,red,,,,,,,,,,,,
本票,京都,亀岡,0069,死亡,1,0,03720,対象外,0000,206,夜－暮,曇,非市街地,舗装－乾燥,単路－その他,環状交差点以外 環状交差点以外をいう。,施設なし,00,23,00,23,03,9,単路（交差点付近を含む）,規制なし,4,1,車両相互,25～34歳,65～74歳,乗用車－軽自動車,軽車両－自転車,自家用,対象外当事者,乗用車,対象外当事者,50㎞／ｈ以下,対象外当事者,20,14,小破,損壊なし,その他,対象外当事者,その他,対象外当事者,損傷なし,死亡,月,その他,35.013689,135.546016,2020-05-25,19:55,red,,,,,,,,,,,,
本票,京都,中原,0060,死亡,1,0,00270,上,0871,202,夜－夜,晴,市街地－その他,舗装－乾燥,交差点付近－その他,環状交差点以外 環状交差点以外をいう。,施設なし,00,23,00,23,04,9,単路（交差点付近を含む）,規制なし,1,2,人対車両,25～34歳,75歳以上,貨物車－大型車,歩行者,事業用,対象外当事者,貨物車,対象外当事者,50㎞／ｈ以下,対象外当事者,10,00,小破,対象外当事者,その他,対象外当事者,その他,対象外当事者,損傷なし,死亡,木,その他,35.451743,135.346481,2020-05-21,22:44,red,,,,,,,,,,,,
本票,大阪,江別,0040,死亡,1,0,30990,対象外,0000,104,昼－昼,晴,市街地－人口集中,舗装－乾燥,交差点－その他,環状交差点以外 環状交差点以外をいう。,点灯－３灯式,09,22,00,23,14,9,交差点内,規制なし,5,2,人対車両,75歳以上,75歳以上,貨物車－普通車,歩行者,自家用,対象外当事者,貨物車,対象外当事者,40㎞／ｈ以下,対象外当事者,10,00,小破,対象外当事者,その他,対象外当事者,その他,対象外当事者,損傷なし,死亡,金,その他,34.678096,135.458091,2020-05-22,10:12,red,,,,,,,,,,,,
本票,大阪,苫小牧,0141,死亡,1,0,10280,対象外,0034,121,昼－昼,晴,市街地－人口集中,舗装－乾燥,交差点－その他,環状交差点以外 環状交差点以外をいう。,施設なし,09,22,00,23,18,9,交差点内,規制なし,3,2,人対車両,65～74歳,75歳以上,乗用車－軽自動車,歩行者,事業用,対象外当事者,乗用車,対象外当事者,指定の速度規制なし等,対象外当事者,10,00,中破,対象外当事者,その他,対象外当事者,その他,対象外当事者,損傷なし,死亡,土,その他,34.615576,135.526850,2020-05-23,15:02,red,,,,,,,,,,,,
本票,大阪,北,0143,死亡,1,0,85000,対象外,0000,125,夜－夜,雨,市街地－人口集中,舗装－湿潤,単路－カーブ・屈折,環状交差点以外 環状交差点以外をいう。,施設なし,00,23,00,23,05,6,単路（交差点付近を含む）,規制なし,5,2,車両単独,0～24歳,不明,乗用車－普通車,物件等,自家用,対象外当事者,乗用車,対象外当事者,指定の速度規制なし等,対象外当事者,10,00,大破,対象外当事者,その他,対象外当事者,その他,対象外当事者,死亡,対象外当事者,月,その他,34.629253,135.408798,2020-05-18,21:03,red,,,,,,,,,,,,
本票,大阪,函館中央,0250,死亡,1,0,10390,対象外,0000,207,昼－昼,晴,非市街地,舗装－乾燥,単路－カーブ・屈折,環状交差点以外 環状交差点以外をいう。,施設なし,00,23,00,23,03,2,単路（交差点付近を含む）,規制なし,4,1,車両単独,0～24歳,不明,二輪車－自動二輪－軽二輪－126～250cc,物件等,自家用,対象外当事者,対象外当事者,対象外当事者,40㎞／ｈ以下,対象外当事者,10,00,大破,対象外当事者,対象外当事者,対象外当事者,対象外当事者,対象外当事者,死亡,対象外当事者,木,その他,34.969601,135.582923,2020-05-14,15:19,red,,,,,,,,,,,,
本票,大阪,松前,0202,死亡,1,0,10380,対象外,9014,203,昼－昼,晴,市街地－人口集中,舗装－乾燥,単路－カーブ・屈折,環状交差点以外 環状交差点以外をいう。,施設なし,00,23,00,23,04,3,単路（交差点付近を含む）,規制なし,4,2,車両相互,35～44歳,65～74歳,貨物車－中型車,軽車両－駆動補助機付自転車,事業用,対象外当事者,貨物車,対象外当事者,40㎞／ｈ以下,対象外当事者,40,00,損壊なし,小破,その他,対象外当事者,その他,対象外当事者,損傷なし,死亡,月,当日,34.804976,135.471193,2020-05-04,14:33,red,,,,,,,,,,,,
本票,大阪,大井,0189,死亡,1,0,10400,対象外,0051,222,昼－暮,雨,市街地－人口集中,舗装－湿潤,交差点－その他,環状交差点以外 環状交差点以外をいう。,点灯－３灯式,09,22,09,22,15,9,交差点内,規制なし,5,2,車両相互,25～34歳,0～24歳,貨物車－大型車,軽車両－自転車,事業用,対象外当事者,貨物車,対象外当事者,50㎞／ｈ以下,対象外当事者,10,20,小破,大破,その他,対象外当事者,その他,対象外当事者,損傷なし,死亡,火,その他,34.558995,135.578979,2020-05-26,18:12,red,,,,,,,,,,,,
本票,大阪,大森,0075,死亡,1,0,01700,対象外,0473,216,昼－昼,晴,市街地－人口集中,舗装－乾燥,交差点－その他,環状交差点以外 環状交差点以外をいう。,点灯－３灯式,09,22,09,22,18,9,交差点内,規制なし,5,2,車両相互,45～54歳,75歳以上,貨物車－中型車,軽車両－自転車,事業用,対象外当事者,貨物車,対象外当事者,60㎞／ｈ以下,対象外当事者,10,20,小破,小破,その他,対象外当事者,その他,対象外当事者,損傷なし,死亡,木,その他,34.456732,135.564618,2020-05-21,15:43,red,,,,,,,,,,,,
本票,大阪,寝屋川,0270,死亡,1,0,10170,対象外,0156,215,昼－昼,晴,市街地－人口集中,舗装－乾燥,交差点付近－その他,環状交差点以外 環状交差点以外をいう。,施設なし,00,23,00,23,03,9,単路（交差点付近を含む）,規制なし,5,4,車両相互,45～54歳,75歳以上,二輪車－自動二輪－軽二輪－126～250cc,軽車両－自転車,自家用,対象外当事者,対象外当事者,対象外当事者,30㎞／ｈ以下,対象外当事者,10,20,小破,小破,対象外当事者,対象外当事者,対象外当事者,対象外当事者,損傷なし,死亡,金,その他,34.765333,135.611515,2020-05-15,12:46,red,,,,,,,,,,,,
本票,兵庫,武南,0197,死亡,1,0,39990,対象外,0000,202,夜－夜,晴,市街地－人口集中,舗装－乾燥,交差点－その他,環状交差点以外 環状交差点以外をいう。,施設なし,09,22,00,23,14,9,交差点内,規制なし,4,1,車両単独,45～54歳,不明,二輪車－自動二輪－原付二種－51～125cc,物件等,自家用,対象外当事者,対象外当事者,対象外当事者,40㎞／ｈ以下,対象外当事者,10,00,大破,対象外当事者,対象外当事者,対象外当事者,対象外当事者,対象外当事者,死亡,対象外当事者,木,その他,34.738597,135.449508,2020-05-28,20:25,red,,,,,,,,,,,,
本票,兵庫,加古川,0519,死亡,1,2,02500,下,1157,210,昼－昼,晴,市街地－人口集中,舗装－乾燥,交差点－その他,環状交差点以外 環状交差点以外をいう。,点灯－３灯式,09,22,09,22,18,9,交差点内,規制なし,5,2,車両相互,25～34歳,65～74歳,乗用車－普通車,二輪車－自動二輪－小型二輪－751ｃｃ以上,自家用,自家用,乗用車,対象外当事者,60㎞／ｈ以下,60㎞／ｈ以下,40,10,大破,大破,その他,対象外当事者,その他,対象外当事者,負傷,死亡,木,その他,34.745278,134.838433,2020-05-21,15:23,red,,,,,,,,,,,,
本票,兵庫,小野,0082,死亡,1,0,39990,対象外,0000,218,昼－昼,雨,非市街地,舗装－湿潤,単路－その他,環状交差点以外 環状交差点以外をいう。,施設なし,00,23,00,23,02,7,単路（交差点付近を含む）,規制なし,4,3,車両相互,45～54歳,75歳以上,貨物車－大型車,乗用車－軽自動車,事業用,自家用,貨物車,乗用車,50㎞／ｈ以下,50㎞／ｈ以下,50,50,中破,大破,その他,装備あり 作動,その他,その他,損傷なし,死亡,土,その他,34.877808,134.984788,2020-05-16,13:15,red,,,,,,,,,,,,
本票,兵庫,飾磨,0370,死亡,1,0,99000,対象外,0000,201,昼－昼,晴,市街地－人口集中,舗装－乾燥,一般交通の場所,環状交差点以外 環状交差点以外をいう。,施設なし,00,23,00,23,00,0,その他,規制なし,0,4,車両単独,45～54歳,不明,乗用車－普通車,相手なし,自家用,対象外当事者,乗用車,対象外当事者,指定の速度規制なし等,対象外当事者,10,00,大破,対象外当事者,その他,対象外当事者,その他,対象外当事者,死亡,対象外当事者,月,その他,34.778373,134.652916,2020-05-11,09:37,red,,,,,,,,,,,,
本票,兵庫,養父,0020,死亡,1,0,39990,対象外,0000,222,昼－昼,曇,非市街地,舗装－乾燥,単路－カーブ・屈折,環状交差点以外 環状交差点以外をいう。,施設なし,00,23,00,23,03,5,単路（交差点付近を含む）,規制なし,4,3,車両相互,0～24歳,25～34歳,貨物車－軽自動車,二輪車－自動二輪－軽二輪－126～250cc,事業用,自家用,貨物車,対象外当事者,指定の速度規制なし等,指定の速度規制なし等,50,10,中破,中破,その他,対象外当事者,その他,対象外当事者,損傷なし,死亡,月,当日,35.381384,134.547932,2020-05-04,15:39,red,,,,,,,,,,,,
本票,奈良,小樽,0107,死亡,1,0,37990,対象外,0000,343,昼－昼,晴,市街地－人口集中,舗装－乾燥,単路－カーブ・屈折,環状交差点以外 環状交差点以外をいう。,施設なし,00,23,00,23,04,3,単路（交差点付近を含む）,規制なし,4,2,車両単独,65～74歳,不明,二輪車－原付自転車,物件等,自家用,対象外当事者,対象外当事者,対象外当事者,指定の速度規制なし等,対象外当事者,10,00,小破,対象外当事者,対象外当事者,対象外当事者,対象外当事者,対象外当事者,死亡,対象外当事者,火,当日,34.590013,135.689448,2020-05-05,16:26,red,,,,,,,,,,,,
本票,和歌山,東,0133,死亡,1,0,30000,対象外,0000,201,昼－昼,晴,市街地－人口集中,舗装－乾燥,単路－その他,環状交差点以外 環状交差点以外をいう。,施設なし,00,23,00,23,03,9,単路（交差点付近を含む）,規制なし,4,1,人対車両,45～54歳,75歳以上,乗用車－中型車,歩行者,自家用,対象外当事者,乗用車,対象外当事者,30㎞／ｈ以下,対象外当事者,80,00,小破,対象外当事者,その他,対象外当事者,その他,対象外当事者,損傷なし,死亡,金,その他,34.217118,135.189738,2020-05-01,07:38,red,,,,,,,,,,,,
本票,和歌山,三戸,0012,死亡,1,0,00420,下,3742,401,昼－昼,晴,非市街地,舗装－乾燥,単路－その他,環状交差点以外 環状交差点以外をいう。,施設なし,00,23,00,23,03,9,単路（交差点付近を含む）,規制なし,4,1,車両単独,75歳以上,不明,貨物車－軽自動車,物件等,自家用,対象外当事者,貨物車,対象外当事者,指定の速度規制なし等,対象外当事者,85,00,大破,対象外当事者,装備あり 作動,対象外当事者,その他,対象外当事者,死亡,対象外当事者,水,その他,33.671847,135.407868,2020-05-27,12:30,red,,,,,,,,,,,,
本票,鳥取,千歳,0027,死亡,1,0,70000,対象外,0000,203,昼－昼,晴,非市街地,舗装－乾燥,単路－カーブ・屈折,環状交差点以外 環状交差点以外をいう。,施設なし,00,23,00,23,03,5,単路（交差点付近を含む）,規制なし,4,3,車両相互,55～64歳,65～74歳,貨物車－大型車,貨物車－軽自動車,事業用,自家用,貨物車,貨物車,指定の速度規制なし等,指定の速度規制なし等,10,10,小破,中破,その他,その他,その他,その他,損傷なし,死亡,火,その他,35.372537,133.710441,2020-05-19,13:58,red,,,,,,,,,,,,
本票,鳥取,栗山,0095,死亡,1,0,30000,対象外,0000,202,昼－昼,曇,市街地－その他,舗装－乾燥,単路－その他,環状交差点以外 環状交差点以外をいう。,施設なし,00,23,00,23,02,9,その他,規制なし,5,4,車両単独,0～24歳,不明,二輪車－原付自転車,相手なし,自家用,対象外当事者,対象外当事者,対象外当事者,指定の速度規制なし等,対象外当事者,10,00,小破,対象外当事者,対象外当事者,対象外当事者,対象外当事者,対象外当事者,死亡,対象外当事者,土,前日,35.436225,133.315219,2020-05-02,13:50,red,,,,,,,,,,,,
本票,島根,滝川,0021,死亡,1,0,01910,対象外,0000,204,夜－明,曇,非市街地,舗装－乾燥,単路－その他,環状交差点以外 環状交差点以外をいう。,施設なし,00,23,00,23,03,8,単路（交差点付近を含む）,規制なし,4,2,人対車両,55～64歳,75歳以上,貨物車－準中型車,歩行者,事業用,対象外当事者,貨物車,対象外当事者,指定の速度規制なし等,対象外当事者,50,00,小破,対象外当事者,その他,対象外当事者,その他,対象外当事者,損傷なし,死亡,火,その他,34.667154,131.699883,2020-05-19,04:35,red,,,,,,,,,,,,
本票,島根,赤歌,0006,死亡,1,0,30000,対象外,0000,501,昼－昼,曇,非市街地,舗装－乾燥,単路－カーブ・屈折,環状交差点以外 環状交差点以外をいう。,施設なし,00,23,00,23,02,2,その他,規制なし,5,4,車両単独,75歳以上,不明,貨物車－軽自動車,相手なし,自家用,対象外当事者,貨物車,対象外当事者,指定の速度規制なし等,対象外当事者,10,00,大破,対象外当事者,装備あり 作動,対象外当事者,その他,対象外当事者,死亡,対象外当事者,水,その他,34.555744,131.860168,2020-05-20,12:00,red,,,,,,,,,,,,
本票,岡山,栗山,0039,死亡,1,0,23930,対象外,0000,202,昼－昼,晴,非市街地,舗装－乾燥,単路－カーブ・屈折,環状交差点以外 環状交差点以外をいう。,施設なし,00,23,00,23,03,5,単路（交差点付近を含む）,規制なし,4,3,車両相互,35～44歳,45～54歳,乗用車－軽自動車,二輪車－自動二輪－軽二輪－126～250cc,自家用,自家用,乗用車,対象外当事者,40㎞／ｈ以下,40㎞／ｈ以下,50,10,小破,小破,その他,対象外当事者,その他,対象外当事者,損傷なし,死亡,金,その他,34.461581,133.786473,2020-05-01,13:47,red,,,,,,,,,,,,
本票,岡山,野辺地,0118,死亡,1,0,24280,対象外,0000,202,夜－明,晴,市街地－その他,舗装－乾燥,単路－その他,環状交差点以外 環状交差点以外をいう。,施設なし,00,23,00,23,05,9,単路（交差点付近を含む）,規制なし,4,2,人対車両,45～54歳,75歳以上,乗用車－軽自動車,歩行者,自家用,対象外当事者,乗用車,対象外当事者,50㎞／ｈ以下,対象外当事者,50,00,小破,対象外当事者,その他,対象外当事者,その他,対象外当事者,損傷なし,死亡,土,前日,34.548300,133.719279,2020-05-02,04:29,red,,,,,,,,,,,,
本票,岡山,三戸,0196,死亡,1,0,99000,対象外,0000,104,昼－昼,晴,非市街地,非舗装,一般交通の場所,環状交差点以外 環状交差点以外をいう。,施設なし,00,23,00,23,00,0,その他,規制なし,0,4,車両単独,75歳以上,不明,貨物車－軽自動車,相手なし,自家用,対象外当事者,貨物車,対象外当事者,指定の速度規制なし等,対象外当事者,30,00,小破,対象外当事者,その他,対象外当事者,その他,対象外当事者,死亡,対象外当事者,水,当日,34.546397,133.852870,2020-04-29,16:00,red,,,,,,,,,,,,
本票,岡山,三戸,0200,死亡,1,0,00021,上,1761,104,夜－夜,晴,市街地－人口集中,舗装－乾燥,単路－その他,環状交差点以外 環状交差点以外をいう。,施設なし,00,23,00,23,04,9,単路（交差点付近を含む）,規制なし,1,3,車両単独,25～34歳,不明,乗用車－軽自動車,物件等,自家用,対象外当事者,乗用車,対象外当事者,70㎞／ｈ以下,対象外当事者,10,00,大破,対象外当事者,その他,対象外当事者,その他,対象外当事者,死亡,対象外当事者,日,当日,34.631304,133.902646,2020-05-03,04:00,red,,,,,,,,,,,,
本票,岡山,門別,0032,死亡,1,0,04860,対象外,0000,461,昼－昼,晴,非市街地,舗装－乾燥,交差点－その他,環状交差点以外 環状交差点以外をいう。,施設なし,09,22,09,22,14,9,交差点内,規制なし,4,2,車両相互,45～54歳,75歳以上,貨物車－中型車,軽車両－駆動補助機付自転車,自家用,対象外当事者,貨物車,対象外当事者,50㎞／ｈ以下,対象外当事者,80,40,小破,小破,その他,対象外当事者,その他,対象外当事者,損傷なし,死亡,月,その他,34.601560,133.535591,2020-05-11,10:34,red,,,,,,,,,,,,
本票,岡山,静内,0016,死亡,1,0,10330,対象外,0000,209,昼－昼,晴,非市街地,舗装－乾燥,単路－カーブ・屈折,環状交差点以外 環状交差点以外をいう。,施設なし,00,23,00,23,03,6,単路（交差点付近を含む）,規制なし,4,3,車両相互,55～64歳,45～54歳,貨物車－大型車,二輪車－自動二輪－小型二輪－751ｃｃ以上,事業用,自家用,貨物車,対象外当事者,50㎞／ｈ以下,50㎞／ｈ以下,52,11,小破,大破,その他,対象外当事者,その他,対象外当事者,損傷なし,死亡,土,その他,34.807236,133.432806,2020-05-30,12:20,red,,,,,,,,,,,,
本票,岡山,北,0075,死亡,1,0,30000,対象外,0000,203,昼－昼,晴,市街地－人口集中,舗装－乾燥,単路－その他,環状交差点以外 環状交差点以外をいう。,施設なし,00,23,00,23,02,9,単路（交差点付近を含む）,ゾーン30,4,2,車両相互,25～34歳,75歳以上,乗用車－軽自動車,軽車両－自転車,自家用,対象外当事者,乗用車,対象外当事者,30㎞／ｈ以下,対象外当事者,80,20,小破,中破,その他,対象外当事者,その他,対象外当事者,損傷なし,死亡,金,その他,35.061626,133.999225,2020-05-22,16:14,red,,,,,,,,,,,,
本票,広島,白石,0184,死亡,1,0,00020,上,3357,101,昼－昼,晴,市街地－人口集中,舗装－乾燥,交差点－その他,環状交差点以外 環状交差点以外をいう。,点灯－３灯式,09,22,09,22,19,9,交差点内,規制なし,5,2,車両相互,35～44歳,0～24歳,貨物車－準中型車,軽車両－自転車,事業用,対象外当事者,貨物車,対象外当事者,50㎞／ｈ以下,対象外当事者,80,40,小破,小破,その他,対象外当事者,その他,対象外当事者,損傷なし,死亡,土,その他,34.383806,132.457778,2020-05-23,14:06,red,,,,,,,,,,,,
本票,広島,岩見沢,0098,死亡,1,0,14340,対象外,0000,307,昼－昼,晴,非市街地,舗装－乾燥,交差点付近－その他,環状交差点以外 環状交差点以外をいう。,施設なし,00,23,00,23,03,3,単路（交差点付近を含む）,規制なし,4,2,車両単独,45～54歳,不明,二輪車－自動二輪－軽二輪－126～250cc,物件等,自家用,対象外当事者,対象外当事者,対象外当事者,40㎞／ｈ以下,対象外当事者,40,00,小破,対象外当事者,対象外当事者,対象外当事者,対象外当事者,対象外当事者,死亡,対象外当事者,木,その他,34.333375,132.576417,2020-05-07,17:50,red,,,,,,,,,,,,
本票,広島,栗山,0069,死亡,1,0,37080,対象外,0000,213,夜－夜,晴,市街地－人口集中,舗装－乾燥,交差点－その他,環状交差点以外 環状交差点以外をいう。,点滅－３灯式,09,22,00,23,18,9,交差点内,規制なし,5,2,人対車両,55～64歳,65～74歳,乗用車－普通車,歩行者,事業用,対象外当事者,乗用車,対象外当事者,50㎞／ｈ以下,対象外当事者,10,00,小破,対象外当事者,その他,対象外当事者,その他,対象外当事者,損傷なし,死亡,金,その他,34.354264,132.327431,2020-05-29,21:26,red,,,,,,,,,,,,
本票,広島,小樽,0067,死亡,1,0,37170,対象外,0000,205,昼－昼,晴,非市街地,舗装－乾燥,交差点－その他,環状交差点以外 環状交差点以外をいう。,施設なし,09,22,00,23,15,2,交差点内,規制なし,4,4,人対車両,55～64歳,45～54歳,貨物車－中型車,歩行者,自家用,対象外当事者,貨物車,対象外当事者,40㎞／ｈ以下,対象外当事者,30,00,小破,対象外当事者,その他,対象外当事者,その他,対象外当事者,損傷なし,死亡,水,その他,34.425311,133.216250,2020-05-20,17:00,red,,,,,,,,,,,,
本票,広島,小樽,0068,死亡,1,3,90000,対象外,0000,205,昼－昼,晴,非市街地,舗装－乾燥,単路－その他,環状交差点以外 環状交差点以外をいう。,施設なし,00,23,00,23,03,8,その他,規制なし,5,4,車両単独,45～54歳,不明,乗用車－軽自動車,相手なし,自家用,対象外当事者,乗用車,対象外当事者,指定の速度規制なし等,対象外当事者,10,00,中破,対象外当事者,装備あり 作動,対象外当事者,その他,対象外当事者,負傷,対象外当事者,木,その他,34.425811,133.196333,2020-05-21,16:30,red,,,,,,,,,,,,
本票,広島,浦河,0159,死亡,1,0,14770,対象外,0000,105,昼－昼,晴,非市街地,舗装－乾燥,単路－カーブ・屈折,環状交差点以外 環状交差点以外をいう。,施設なし,00,23,00,23,03,5,単路（交差点付近を含む）,規制なし,4,2,車両相互,45～54歳,55～64歳,貨物車－中型車,二輪車－自動二輪－小型二輪－751ｃｃ以上,事業用,自家用,貨物車,対象外当事者,50㎞／ｈ以下,50㎞／ｈ以下,20,20,中破,大破,その他,対象外当事者,その他,対象外当事者,損傷なし,死亡,木,その他,34.464750,132.339458,2020-05-28,12:35,red,,,,,,,,,,,,
本票,山口,美唄,0108,死亡,1,0,25900,対象外,0000,206,夜－夜,晴,市街地－その他,舗装－乾燥,交差点－その他,環状交差点以外 環状交差点以外をいう。,点灯－押ボタン式,09,22,01,21,14,9,交差点内,規制なし,4,2,車両相互,35～44歳,75歳以上,乗用車－軽自動車,軽車両－自転車,自家用,対象外当事者,乗用車,対象外当事者,指定の速度規制なし等,対象外当事者,80,30,小破,中破,その他,対象外当事者,その他,対象外当事者,損傷なし,死亡,木,その他,34.052647,131.553159,2020-05-21,22:06,red,,,,,,,,,,,,
本票,山口,赤歌,0057,死亡,1,0,37000,対象外,0000,216,昼－昼,晴,非市街地,舗装－乾燥,単路－その他,環状交差点以外 環状交差点以外をいう。,施設なし,00,23,00,23,01,9,その他,規制なし,5,4,車両単独,45～54歳,不明,特殊車－小型－農耕作業用,相手なし,対象外当事者,対象外当事者,対象外当事者,対象外当事者,指定の速度規制なし等,対象外当事者,30,00,小破,対象外当事者,対象外当事者,対象外当事者,対象外当事者,対象外当事者,死亡,対象外当事者,水,当日,34.014690,131.207136,2020-05-06,16:12,red,,,,,,,,,,,,
本票,徳島,砂川,0031,死亡,1,0,30000,対象外,0000,208,昼－昼,曇,非市街地,舗装－乾燥,単路－カーブ・屈折,環状交差点以外 環状交差点以外をいう。,施設なし,00,23,00,23,01,2,単路（交差点付近を含む）,規制なし,5,4,車両単独,75歳以上,不明,貨物車－軽自動車,物件等,自家用,対象外当事者,貨物車,対象外当事者,指定の速度規制なし等,対象外当事者,10,00,損壊なし,対象外当事者,その他,対象外当事者,その他,対象外当事者,損傷なし,対象外当事者,火,その他,34.007765,133.882421,2020-05-26,11:20,red,,,,,,,,,,,,
本票,香川,栗山,0375,死亡,1,0,00110,上,0869,201,昼－昼,晴,非市街地,舗装－乾燥,交差点－その他,環状交差点以外 環状交差点以外をいう。,点灯－３灯式,09,22,09,22,18,9,交差点内,規制なし,5,2,車両相互,45～54歳,75歳以上,貨物車－普通車,軽車両－自転車,自家用,対象外当事者,貨物車,対象外当事者,指定の速度規制なし等,対象外当事者,40,10,小破,小破,その他,対象外当事者,その他,対象外当事者,損傷なし,死亡,木,その他,34.306519,134.006303,2020-05-21,07:13,red,,,,,,,,,,,,
本票,香川,滝川,0023,死亡,1,0,03190,上,0204,403,昼－昼,晴,市街地－その他,舗装－乾燥,交差点－その他,環状交差点以外 環状交差点以外をいう。,点灯－３灯式,09,22,00,23,15,9,交差点内,規制なし,5,2,人対車両,55～64歳,75歳以上,貨物車－軽自動車,歩行者,自家用,対象外当事者,貨物車,対象外当事者,50㎞／ｈ以下,対象外当事者,50,00,小破,対象外当事者,その他,対象外当事者,その他,対象外当事者,損傷なし,死亡,金,その他,34.190424,133.828173,2020-05-01,15:41,red,,,,,,,,,,,,
本票,香川,滝川,0028,死亡,1,0,04380,対象外,0000,406,昼－暮,晴,非市街地,舗装－乾燥,単路－カーブ・屈折,環状交差点以外 環状交差点以外をいう。,施設なし,00,23,00,23,03,6,単路（交差点付近を含む）,規制なし,4,4,車両単独,75歳以上,不明,貨物車－準中型車,物件等,自家用,対象外当事者,貨物車,対象外当事者,50㎞／ｈ以下,対象外当事者,10,00,大破,対象外当事者,その他,対象外当事者,その他,対象外当事者,死亡,対象外当事者,月,その他,34.128150,133.966880,2020-05-25,18:40,red,,,,,,,,,,,,
本票,愛媛,倶知安,0149,死亡,1,0,37000,対象外,0000,201,昼－昼,雨,非市街地,舗装－湿潤,踏切－第一種,環状交差点以外 環状交差点以外をいう。,施設なし,00,23,00,23,03,9,その他,規制なし,5,3,列車,45～54歳,75歳以上,列車,歩行者,対象外当事者,対象外当事者,対象外当事者,対象外当事者,対象外当事者,対象外当事者,00,00,損壊なし,対象外当事者,対象外当事者,対象外当事者,対象外当事者,対象外当事者,損傷なし,死亡,日,当日,33.802709,132.835958,2020-05-03,12:24,red,,,,,,,,,,,,
本票,高知,白石,0068,死亡,1,0,22740,対象外,0000,201,昼－昼,晴,市街地－人口集中,舗装－乾燥,単路－その他,環状交差点以外 環状交差点以外をいう。,施設なし,00,23,00,23,05,9,単路（交差点付近を含む）,規制なし,4,2,車両相互,45～54歳,75歳以上,貨物車－普通車,軽車両－自転車,自家用,対象外当事者,貨物車,対象外当事者,50㎞／ｈ以下,対象外当事者,10,20,中破,中破,その他,対象外当事者,その他,対象外当事者,損傷なし,死亡,土,前日,33.550772,133.503475,2020-05-02,10:30,red,,,,,,,,,,,,