資料区分,都道府県コード,警察署等コード,本票番号,事故内容,死者数,負傷者数,路線コード,上下線,地点コード,市区町村コード,昼夜,天候,地形,路面状態,道路形状,環状交差点の直径,信号機,一時停止規制　標識（当事者A）,一時停止規制　表示（当事者A）,一時停止規制　標識（当事者B）,一時停止規制　表示（当事者B）,車道幅員,道路線形,衝突地点,ゾーン規制,中央分離帯施設等,歩車道区分,事故類型,年齢（当事者A）,年齢（当事者B）,当事者種別（当事者A）,当事者種別（当事者B）,用途別（当事者A）,用途別（当事者B）,車両形状（当事者A）,車両形状（当事者B）,速度規制（指定のみ）（当事者A）,速度規制（指定のみ）（当事者B）,車両の衝突部位（当事者A）,車両の衝突部位（当事者B）,車両の損壊程度（当事者A）,車両の損壊程度（当事者B）,エアバッグの装備（当事者A）,エアバッグの装備（当事者B）,サイドエアバッグの装備（当事者A）,サイドエアバッグの装備（当事者B）,人身損傷程度（当事者A）,人身損傷程度（当事者B）,曜日(発生年月日),祝日(発生年月日),緯度,経度,発生日,発生時,color,発生地点,道路管理者区分,道路区分,道路構造,曲線半径,縦断勾配,トンネル番号,当事者車両台数,車両単独事故の対象物,臨時速度規制の有無,速度規制（臨時のみ）,トンネル延長距離
本票,神奈川,青葉,0191,死亡,1,0,30000,対象外,0000,117,昼－昼,曇,市街地－その他,舗装－乾燥,単路－その他,環状交差点以外 環状交差点以外をいう。,施設なし,00,23,00,23,03,9,単路（交差点付近を含む）,規制なし,4,2,人対車両,55～64歳,75歳以上,乗用車－軽自動車,歩行者,自家用,対象外当事者,乗用車,対象外当事者,指定の速度規制なし等,対象外当事者,10,00,中破,対象外当事者,その他,対象外当事者,その他,対象外当事者,損傷なし,死亡,火,その他,35.536329,139.504366,2020-06-02,09:25,red,,,,,,,,,,,,
本票,神奈川,青葉,0195,死亡,1,0,30000,対象外,0000,117,昼－昼,曇,市街地－人口集中,舗装－乾燥,単路－カーブ・屈折,環状交差点以外 環状交差点以外をいう。,施設なし,00,23,00,23,03,5,単路（交差点付近を含む）,規制なし,5,4,車両単独,45～54歳,不明,貨物車－中型車,相手なし,自家用,対象外当事者,貨物車,対象外当事者,指定の速度規制なし等,対象外当事者,67,00,小破,対象外当事者,その他,対象外当事者,その他,対象外当事者,死亡,対象外当事者,木,その他,35.586597,139.550613,2020-06-04,08:31,red,,,,,,,,,,,,
本票,神奈川,多摩,0158,死亡,1,0,10090,対象外,0000,135,昼－昼,晴,市街地－人口集中,舗装－乾燥,単路－その他,環状交差点以外 環状交差点以外をいう。,施設なし,00,23,00,23,04,9,単路（交差点付近を含む）,規制なし,4,2,車両相互,45～54歳,45～54歳,貨物車－普通車,二輪車－原付自転車,自家用,自家用,貨物車,対象外当事者,40㎞／ｈ以下,30㎞／ｈ以下,80,10,小破,小破,その他,対象外当事者,その他,対象外当事者,損傷なし,死亡,木,その他,35.633517,139.530951,2020-06-04,13:00,red,,,,,,,,,,,,
本票,神奈川,宮前,0174,死亡,1,0,02460,下,0205,136,昼－明,雨,市街地－人口集中,舗装－湿潤,交差点－その他,環状交差点以外 環状交差点以外をいう。,点灯－３灯式,08,22,09,22,18,8,交差点内,規制なし,5,1,車両相互,55～64歳,25～34歳,貨物車－大型車,軽車両－自転車,事業用,対象外当事者,貨物車,対象外当事者,60㎞／ｈ以下,対象外当事者,10,20,小破,中破,その他,対象外当事者,その他,対象外当事者,損傷なし,死亡,日,その他,35.575049,139.573170,2020-06-14,04:53,red,,,,,,,,,,,,
本票,神奈川,平塚,0296,死亡,1,0,30000,対象外,0000,203,昼－昼,晴,市街地－人口集中,舗装－乾燥,交差点付近－その他,環状交差点以外 環状交差点以外をいう。,施設なし,00,23,00,23,03,9,単路（交差点付近を含む）,規制なし,4,2,車両相互,45～54歳,45～54歳,乗用車－軽自動車,二輪車－自動二輪－軽二輪－126～250cc,自家用,自家用,乗用車,対象外当事者,40㎞／ｈ以下,40㎞／ｈ以下,10,10,小破,中破,装備あり 作動,対象外当事者,その他,対象外当事者,損傷なし,死亡,火,その他,35.373381,139.367654,2020-06-09,07:28,red,,,,,,,,,,,,
本票,神奈川,海老名,0115,死亡,1,0,02460,上,0417,215,夜－夜,晴,市街地－人口集中,舗装－乾燥,単路－その他,環状交差点以外 環状交差点以外をいう。,施設なし,00,23,00,23,05,9,単路（交差点付近を含む）,規制なし,1,1,車両相互,35～44歳,55～64歳,貨物車－大型車,貨物車－準中型車,事業用,事業用,貨物車,貨物車,指定の速度規制なし等,指定の速度規制なし等,10,31,中破,中破,その他,その他,その他,その他,損傷なし,死亡,水,その他,35.466346,139.406141,2020-06-17,03:13,red,,,,,,,,,,,,
本票,新潟,東,0049,死亡,1,0,26290,対象外,0000,212,昼－明,晴,市街地－その他,舗装－乾燥,単路－その他,環状交差点以外 環状交差点以外をいう。,施設なし,00,23,00,23,03,9,単路（交差点付近を含む）,規制なし,4,2,人対車両,75歳以上,65～74歳,乗用車－軽自動車,歩行者,自家用,対象外当事者,乗用車,対象外当事者,40㎞／ｈ以下,対象外当事者,50,00,小破,対象外当事者,その他,対象外当事者,その他,対象外当事者,損傷なし,死亡,日,その他,38.192353,139.432689,2020-06-21,04:50,red,,,,,,,,,,,,
本票,新潟,千歳,0103,死亡,1,0,01130,対象外,0000,307,夜－夜,曇,非市街地,舗装－乾燥,交差点－その他,環状交差点以外 環状交差点以外をいう。,施設なし,01,21,00,23,15,8,その他,規制なし,4,2,車両単独,65～74歳,不明,乗用車－軽自動車,物件等,自家用,対象外当事者,乗用車,対象外当事者,指定の速度規制なし等,対象外当事者,10,00,大破,対象外当事者,装備あり 作動,対象外当事者,その他,対象外当事者,死亡,対象外当事者,土,その他,38.015994,139.281564,2020-06-06,02:30,red,,,,,,,,,,,,
本票,新潟,千歳,0112,死亡,1,0,70000,対象外,0000,206,昼－昼,曇,非市街地,舗装－乾燥,単路－カーブ・屈折,環状交差点以外 環状交差点以外をいう。,施設なし,00,23,00,23,03,3,その他,規制なし,4,3,車両単独,75歳以上,不明,乗用車－軽自動車,相手なし,自家用,対象外当事者,乗用車,対象外当事者,指定の速度規制なし等,対象外当事者,80,00,大破,対象外当事者,装備あり 作動,対象外当事者,その他,対象外当事者,死亡,対象外当事者,水,その他,37.997986,139.349022,2020-06-24,12:25,red,,,,,,,,,,,,
本票,新潟,つがる,0009,死亡,1,1,00490,上,1846,385,昼－昼,晴,非市街地,舗装－乾燥,単路－橋,環状交差点以外 環状交差点以外をいう。,施設なし,00,23,00,23,03,9,単路（交差点付近を含む）,規制なし,4,2,車両相互,55～64歳,65～74歳,貨物車－大型車,貨物車－普通車,事業用,自家用,貨物車,貨物車,指定の速度規制なし等,指定の速度規制なし等,50,50,小破,大破,その他,装備あり 作動,その他,その他,負傷,死亡,水,その他,37.655992,139.479481,2020-06-03,15:05,red,,,,,,,,,,,,
本票,新潟,美唄,0032,死亡,1,0,10460,対象外,0000,105,昼－昼,晴,非市街地,舗装－乾燥,単路－橋,環状交差点以外 環状交差点以外をいう。,施設なし,00,23,00,23,03,9,単路（交差点付近を含む）,規制なし,4,4,車両単独,35～44歳,不明,二輪車－自動二輪－軽二輪－126～250cc,相手なし,自家用,対象外当事者,対象外当事者,対象外当事者,指定の速度規制なし等,対象外当事者,12,00,小破,対象外当事者,対象外当事者,対象外当事者,対象外当事者,対象外当事者,死亡,対象外当事者,金,その他,37.817000,139.064211,2020-06-12,13:25,red,,,,,,,,,,,,
本票,新潟,三戸,0019,死亡,1,0,00080,下,0230,106,昼－昼,晴,非市街地,舗装－乾燥,交差点－その他,環状交差点以外 環状交差点以外をいう。,施設なし,09,22,01,21,14,9,交差点内,規制なし,4,2,車両相互,35～44歳,75歳以上,貨物車－中型車,乗用車－軽自動車,自家用,自家用,貨物車,乗用車,指定の速度規制なし等,指定の速度規制なし等,10,20,小破,大破,その他,その他,その他,その他,損傷なし,死亡,月,その他,37.729703,139.010331,2020-06-08,12:36,red,,,,,,,,,,,,
本票,新潟,芦別,0018,死亡,1,0,10090,対象外,0000,209,昼－明,晴,非市街地,舗装－乾燥,単路－カーブ・屈折,環状交差点以外 環状交差点以外をいう。,施設なし,00,23,00,23,03,1,単路（交差点付近を含む）,規制なし,4,2,車両単独,25～34歳,不明,二輪車－自動二輪－小型二輪－251～400cc,物件等,自家用,対象外当事者,対象外当事者,対象外当事者,指定の速度規制なし等,対象外当事者,40,00,小破,対象外当事者,対象外当事者,対象外当事者,対象外当事者,対象外当事者,死亡,対象外当事者,水,その他,37.681111,139.015372,2020-06-10,05:15,red,,,,,,,,,,,,
本票,新潟,倶知安,0084,死亡,1,0,37710,対象外,0000,202,昼－昼,曇,非市街地,非舗装,単路－その他,環状交差点以外 環状交差点以外をいう。,施設なし,00,23,00,23,01,9,その他,規制なし,5,4,車両単独,75歳以上,不明,軽車両－駆動補助機付自転車,相手なし,対象外当事者,対象外当事者,対象外当事者,対象外当事者,対象外当事者,対象外当事者,10,00,小破,対象外当事者,対象外当事者,対象外当事者,対象外当事者,対象外当事者,死亡,対象外当事者,木,その他,37.494933,138.844478,2020-06-25,14:30,red,,,,,,,,,,,,
本票,新潟,静内,0015,死亡,1,0,14750,対象外,0000,210,昼－暮,晴,市街地－人口集中,舗装－乾燥,交差点付近－その他,環状交差点以外 環状交差点以外をいう。,施設なし,00,23,00,23,03,9,単路（交差点付近を含む）,規制なし,4,2,人対車両,25～34歳,75歳以上,乗用車－軽自動車,歩行者,自家用,対象外当事者,乗用車,対象外当事者,40㎞／ｈ以下,対象外当事者,50,00,小破,対象外当事者,その他,対象外当事者,その他,対象外当事者,損傷なし,死亡,土,その他,37.132553,138.751142,2020-06-20,18:14,red,,,,,,,,,,,,
本票,新潟,上尾,0022,死亡,1,0,00080,上,1584,216,昼－昼,晴,市街地－その他,舗装－乾燥,単路－カーブ・屈折,環状交差点以外 環状交差点以外をいう。,点灯－押ボタン式,00,23,00,23,03,3,単路（交差点付近を含む）,規制なし,4,2,車両単独,75歳以上,不明,乗用車－軽自動車,物件等,自家用,対象外当事者,乗用車,対象外当事者,指定の速度規制なし等,対象外当事者,10,00,大破,対象外当事者,装備あり 作動,対象外当事者,その他,対象外当事者,死亡,対象外当事者,土,その他,37.113872,138.017483,2020-06-20,11:10,red,,,,,,,,,,,,
本票,山梨,白石,0234,死亡,1,0,03580,対象外,0000,201,昼－昼,曇,非市街地,舗装－乾燥,単路－カーブ・屈折,環状交差点以外 環状交差点以外をいう。,施設なし,00,23,00,23,03,4,単路（交差点付近を含む）,規制なし,4,3,車両単独,55～64歳,不明,二輪車－自動二輪－小型二輪－401～750ｃｃ,物件等,自家用,対象外当事者,対象外当事者,対象外当事者,40㎞／ｈ以下,対象外当事者,10,00,大破,対象外当事者,対象外当事者,対象外当事者,対象外当事者,対象外当事者,死亡,対象外当事者,木,その他,35.537791,138.593901,2020-06-18,13:00,red,,,,,,,,,,,,
本票,長野,江別,0126,死亡,1,0,00180,上,0000,201,夜－夜,晴,非市街地,舗装－乾燥,交差点－その他,環状交差点以外 環状交差点以外をいう。,施設なし,01,21,09,22,18,9,交差点内,規制なし,5,2,車両相互,35～44歳,0～24歳,貨物車－中型車,二輪車－自動二輪－軽二輪－126～250cc,事業用,自家用,貨物車,対象外当事者,指定の速度規制なし等,指定の速度規制なし等,40,10,小破,大破,その他,対象外当事者,その他,対象外当事者,損傷なし,死亡,日,その他,36.570328,138.151426,2020-06-21,00:22,red,,,,,,,,,,,,
本票,長野,野辺地,0203,死亡,1,0,39000,対象外,0000,349,昼－昼,晴,非市街地,舗装－乾燥,単路－カーブ・屈折,環状交差点以外 環状交差点以外をいう。,施設なし,00,23,00,23,01,6,その他,規制なし,5,4,車両単独,75歳以上,不明,軽車両－駆動補助機付自転車,相手なし,対象外当事者,対象外当事者,対象外当事者,対象外当事者,対象外当事者,対象外当事者,00,00,損壊なし,対象外当事者,対象外当事者,対象外当事者,対象外当事者,対象外当事者,死亡,対象外当事者,土,その他,36.374648,138.114627,2020-06-20,10:10,red,,,,,,,,,,,,
本票,長野,苫小牧,0069,死亡,1,0,01530,下,0000,209,夜－夜,晴,非市街地,舗装－乾燥,単路－その他,環状交差点以外 環状交差点以外をいう。,施設なし,00,23,00,23,03,9,単路（交差点付近を含む）,規制なし,4,3,人対車両,0～24歳,55～64歳,乗用車－普通車,歩行者,自家用,対象外当事者,乗用車,対象外当事者,50㎞／ｈ以下,対象外当事者,10,00,小破,対象外当事者,その他,対象外当事者,その他,対象外当事者,損傷なし,死亡,月,その他,35.773509,137.944731,2020-06-22,00:10,red,,,,,,,,,,,,
本票,長野,静内,0027,死亡,1,0,37000,対象外,0000,210,昼－昼,曇,市街地－その他,舗装－乾燥,交差点－その他,環状交差点以外 環状交差点以外をいう。,施設なし,09,22,02,21,15,9,交差点内,規制なし,4,2,車両相互,35～44歳,75歳以上,乗用車－普通車,軽車両－駆動補助機付自転車,自家用,対象外当事者,乗用車,対象外当事者,指定の速度規制なし等,対象外当事者,10,40,小破,大破,その他,対象外当事者,その他,対象外当事者,損傷なし,死亡,木,その他,35.730292,137.933693,2020-06-04,08:15,red,,,,,,,,,,,,
本票,静岡,赤歌,0586,死亡,1,0,23840,対象外,0000,102,昼－昼,曇,市街地－人口集中,舗装－乾燥,交差点－その他,環状交差点以外 環状交差点以外をいう。,点灯－３灯式,09,22,09,22,15,9,交差点内,規制なし,5,2,車両相互,45～54歳,65～74歳,乗用車－普通車,二輪車－原付自転車,自家用,自家用,乗用車,対象外当事者,50㎞／ｈ以下,30㎞／ｈ以下,80,10,小破,小破,その他,対象外当事者,その他,対象外当事者,損傷なし,死亡,木,その他,34.956485,138.418627,2020-06-18,06:23,red,,,,,,,,,,,,
本票,静岡,芦別,0360,死亡,1,0,37000,対象外,0000,214,夜－夜,晴,非市街地,舗装－乾燥,単路－カーブ・屈折,環状交差点以外 環状交差点以外をいう。,施設なし,00,23,00,23,03,3,単路（交差点付近を含む）,規制なし,4,2,車両単独,0～24歳,不明,二輪車－自動二輪－小型二輪－251～400cc,物件等,自家用,対象外当事者,対象外当事者,対象外当事者,40㎞／ｈ以下,対象外当事者,10,00,中破,対象外当事者,対象外当事者,対象外当事者,対象外当事者,対象外当事者,死亡,対象外当事者,水,その他,34.853771,138.279182,2020-06-10,00:20,red,,,,,,,,,,,,
本票,静岡,小樽,0322,死亡,1,0,24160,対象外,0000,212,夜－暮,晴,市街地－人口集中,舗装－乾燥,単路－その他,環状交差点以外 環状交差点以外をいう。,施設なし,00,23,00,23,03,9,単路（交差点付近を含む）,規制なし,4,2,車両単独,75歳以上,不明,乗用車－軽自動車,物件等,自家用,対象外当事者,乗用車,対象外当事者,40㎞／ｈ以下,対象外当事者,10,00,小破,対象外当事者,装備あり 作動,対象外当事者,その他,対象外当事者,死亡,対象外当事者,月,その他,34.863280,138.319454,2020-06-08,19:34,red,,,,,,,,,,,,
本票,静岡,倶知安,0135,死亡,1,0,37000,対象外,0000,226,昼－昼,雨,市街地－その他,舗装－湿潤,交差点－その他,環状交差点以外 環状交差点以外をいう。,施設なし,09,22,00,23,14,9,交差点内,規制なし,4,2,人対車両,75歳以上,75歳以上,貨物車－軽自動車,歩行者,自家用,対象外当事者,貨物車,対象外当事者,40㎞／ｈ以下,対象外当事者,10,00,中破,対象外当事者,その他,対象外当事者,その他,対象外当事者,損傷なし,死亡,木,その他,34.747961,138.238222,2020-06-18,14:40,red,,,,,,,,,,,,
本票,静岡,倶知安,0143,死亡,1,0,01500,対象外,0000,424,昼－昼,曇,市街地－その他,舗装－乾燥,交差点付近－その他,環状交差点以外 環状交差点以外をいう。,点灯－押ボタン式,00,23,00,23,03,9,単路（交差点付近を含む）,規制なし,4,2,車両相互,35～44歳,35～44歳,貨物車－準中型車,軽車両－自転車,自家用,対象外当事者,貨物車,対象外当事者,50㎞／ｈ以下,対象外当事者,10,40,中破,大破,その他,対象外当事者,その他,対象外当事者,損傷なし,死亡,金,その他,34.788480,138.253624,2020-06-26,07:30,red,,,,,,,,,,,,
本票,静岡,北,0942,死亡,1,0,01520,対象外,0000,132,昼－昼,晴,市街地－人口集中,舗装－乾燥,交差点付近－その他,環状交差点以外 環状交差点以外をいう。,施設なし,00,23,00,23,05,9,単路（交差点付近を含む）,規制なし,4,2,車両相互,45～54歳,45～54歳,貨物車－中型車,軽車両－自転車,事業用,対象外当事者,貨物車,対象外当事者,50㎞／ｈ以下,対象外当事者,84,20,小破,小破,その他,対象外当事者,その他,対象外当事者,損傷なし,死亡,日,その他,34.721434,137.766985,2020-06-21,05:33,red,,,,,,,,,,,,
本票,静岡,手稲,0232,死亡,1,0,22960,対象外,0000,136,昼－昼,晴,市街地－人口集中,舗装－乾燥,交差点－その他,環状交差点以外 環状交差点以外をいう。,点灯－３灯式,09,22,00,23,14,9,交差点内,規制なし,5,2,人対車両,75歳以上,65～74歳,乗用車－軽自動車,歩行者,自家用,対象外当事者,乗用車,対象外当事者,指定の速度規制なし等,対象外当事者,20,00,小破,対象外当事者,その他,対象外当事者,その他,対象外当事者,損傷なし,死亡,火,その他,34.788553,137.776081,2020-06-23,11:56,red,,,,,,,,,,,,
本票,富山,東入間,0018,死亡,1,0,14320,対象外,0000,209,昼－昼,晴,非市街地,舗装－乾燥,交差点付近－その他,環状交差点以外 環状交差点以外をいう。,施設なし,00,23,00,23,03,5,単路（交差点付近を含む）,規制なし,5,4,車両単独,75歳以上,不明,軽車両－自転車,相手なし,対象外当事者,対象外当事者,対象外当事者,対象外当事者,対象外当事者,対象外当事者,20,00,小破,対象外当事者,対象外当事者,対象外当事者,対象外当事者,対象外当事者,死亡,対象外当事者,日,その他,36.698924,136.890169,2020-06-28,16:50,red,,,,,,,,,,,,
本票,富山,武南,0020,死亡,1,0,80000,対象外,0000,210,昼－昼,晴,非市街地,非舗装,単路－その他,環状交差点以外 環状交差点以外をいう。,施設なし,00,23,00,23,02,9,単路（交差点付近を含む）,規制なし,5,4,車両単独,65～74歳,不明,貨物車－軽自動車,相手なし,自家用,対象外当事者,貨物車,対象外当事者,指定の速度規制なし等,対象外当事者,13,00,大破,対象外当事者,その他,対象外当事者,その他,対象外当事者,死亡,対象外当事者,金,その他,36.469541,136.884244,2020-04-24,09:30,red,,,,,,,,,,,,
本票,富山,武南,0025,死亡,1,0,70000,対象外,0000,210,昼－昼,晴,非市街地,非舗装,単路－その他,環状交差点以外 環状交差点以外をいう。,施設なし,00,23,00,23,01,9,単路（交差点付近を含む）,規制なし,5,4,車両単独,75歳以上,不明,軽車両－その他,物件等,対象外当事者,対象外当事者,対象外当事者,対象外当事者,対象外当事者,対象外当事者,00,00,損壊なし,対象外当事者,対象外当事者,対象外当事者,対象外当事者,対象外当事者,死亡,対象外当事者,月,その他,36.547144,136.882532,2020-06-01,11:15,red,,,,,,,,,,,,
本票,富山,武南,0027,死亡,1,0,37000,対象外,0000,210,昼－昼,雨,非市街地,舗装－湿潤,交差点－その他,環状交差点以外 環状交差点以外をいう。,施設なし,09,22,01,21,11,9,交差点内,規制なし,5,4,車両相互,0～24歳,35～44歳,乗用車－普通車,貨物車－軽自動車,自家用,自家用,乗用車,貨物車,40㎞／ｈ以下,指定の速度規制なし等,10,80,大破,大破,装備あり 作動,その他,その他,その他,損傷なし,死亡,木,その他,36.583326,136.948562,2020-06-18,17:30,red,,,,,,,,,,,,
本票,石川,岩見沢,0141,死亡,1,0,10220,対象外,0000,210,昼－暮,晴,非市街地,舗装－乾燥,交差点－その他,環状交差点以外 環状交差点以外をいう。,点灯－３灯式,09,22,09,22,19,9,交差点内,規制なし,5,2,車両相互,0～24歳,35～44歳,乗用車－普通車,二輪車－自動二輪－小型二輪－751ｃｃ以上,自家用,自家用,乗用車,対象外当事者,指定の速度規制なし等,指定の速度規制なし等,40,10,小破,大破,その他,対象外当事者,その他,対象外当事者,損傷なし,死亡,火,その他,36.484090,136.582311,2020-06-23,18:45,red,,,,,,,,,,,,
本票,石川,野辺地,0027,死亡,1,0,70000,対象外,0000,386,昼－昼,晴,非市街地,舗装－乾燥,単路－カーブ・屈折,環状交差点以外 環状交差点以外をいう。,施設なし,00,23,00,23,04,4,単路（交差点付近を含む）,規制なし,4,4,車両単独,25～34歳,不明,二輪車－自動二輪－小型二輪－251～400cc,物件等,自家用,対象外当事者,対象外当事者,対象外当事者,指定の速度規制なし等,対象外当事者,10,00,中破,対象外当事者,対象外当事者,対象外当事者,対象外当事者,対象外当事者,死亡,対象外当事者,日,その他,36.836528,136.809799,2020-06-28,15:00,red,,,,,,,,,,,,
本票,石川,赤歌,0009,死亡,1,0,35000,対象外,0000,463,昼－昼,曇,市街地－その他,舗装－乾燥,単路－トンネル,環状交差点以外 環状交差点以外をいう。,施設なし,00,23,00,23,03,9,単路（交差点付近を含む）,規制なし,5,3,人対車両,45～54歳,65～74歳,貨物車－準中型車,歩行者,自家用,対象外当事者,貨物車,対象外当事者,30㎞／ｈ以下,対象外当事者,80,00,小破,対象外当事者,その他,対象外当事者,その他,対象外当事者,損傷なし,死亡,月,その他,37.302673,137.145946,2020-06-01,11:15,red,,,,,,,,,,,,
本票,福井,中央,0103,死亡,1,0,04160,対象外,0000,201,昼－昼,曇,非市街地,舗装－乾燥,交差点－その他,環状交差点以外 環状交差点以外をいう。,施設なし,09,22,01,22,15,9,交差点内,規制なし,1,2,車両相互,45～54歳,65～74歳,貨物車－軽自動車,軽車両－自転車,自家用,対象外当事者,貨物車,対象外当事者,指定の速度規制なし等,対象外当事者,80,40,小破,小破,その他,対象外当事者,その他,対象外当事者,損傷なし,死亡,土,その他,36.100671,136.195754,2020-06-06,09:45,red,,,,,,,,,,,,
本票,福井,中央,0109,死亡,1,0,99000,対象外,0000,201,夜－夜,晴,市街地－その他,舗装－乾燥,一般交通の場所,環状交差点以外 環状交差点以外をいう。,施設なし,00,23,00,23,00,0,その他,規制なし,0,4,車両単独,65～74歳,不明,乗用車－軽自動車,物件等,自家用,対象外当事者,乗用車,対象外当事者,指定の速度規制なし等,対象外当事者,13,00,大破,対象外当事者,装備あり 作動,対象外当事者,その他,対象外当事者,死亡,対象外当事者,土,その他,36.072603,136.213955,2020-06-13,21:50,red,,,,,,,,,,,,
本票,福井,中央,0113,死亡,1,0,37000,対象外,0000,201,夜－夜,雨,市街地－人口集中,舗装－湿潤,単路－その他,環状交差点以外 環状交差点以外をいう。,施設なし,00,23,00,23,05,9,単路（交差点付近を含む）,規制なし,5,2,人対車両,25～34歳,35～44歳,乗用車－普通車,歩行者,自家用,対象外当事者,乗用車,対象外当事者,40㎞／ｈ以下,対象外当事者,10,00,中破,対象外当事者,その他,対象外当事者,その他,対象外当事者,損傷なし,死亡,日,その他,36.067408,136.241227,2020-06-28,03:09,red,,,,,,,,,,,,
本票,福井,江別,0038,死亡,1,0,10240,対象外,0000,210,昼－昼,曇,非市街地,舗装－乾燥,単路－その他,環状交差点以外 環状交差点以外をいう。,施設なし,00,23,00,23,03,9,単路（交差点付近を含む）,規制なし,4,2,車両単独,75歳以上,不明,軽車両－駆動補助機付自転車,相手なし,対象外当事者,対象外当事者,対象外当事者,対象外当事者,対象外当事者,対象外当事者,10,00,小破,対象外当事者,対象外当事者,対象外当事者,対象外当事者,対象外当事者,死亡,対象外当事者,火,その他,36.108500,136.315708,2020-06-02,11:00,red,,,,,,,,,,,,
本票,福井,つがる,0041,死亡,1,0,37000,対象外,0000,423,昼－昼,晴,非市街地,舗装－乾燥,交差点－その他,環状交差点以外 環状交差点以外をいう。,施設なし,04,22,00,23,15,5,交差点内,規制なし,4,4,車両単独,65～74歳,不明,乗用車－軽自動車,物件等,自家用,対象外当事者,乗用車,対象外当事者,指定の速度規制なし等,対象外当事者,10,00,大破,対象外当事者,装備あり 作動,対象外当事者,その他,対象外当事者,死亡,対象外当事者,火,その他,35.971809,136.056070,2020-06-02,08:37,red,,,,,,,,,,,,
本票,岐阜,中央,0136,死亡,1,0,30000,対象外,0000,201,昼－昼,曇,市街地－人口集中,舗装－乾燥,踏切－第一種,環状交差点以外 環状交差点以外をいう。,施設なし,00,23,00,23,02,9,その他,規制なし,5,4,列車,45～54歳,75歳以上,列車,歩行者,対象外当事者,対象外当事者,対象外当事者,対象外当事者,対象外当事者,対象外当事者,50,00,損壊なし,対象外当事者,対象外当事者,対象外当事者,対象外当事者,対象外当事者,損傷なし,死亡,木,その他,35.411070,136.775184,2020-06-25,12:31,red,,,,,,,,,,,,
本票,岐阜,西,0085,死亡,1,0,30000,対象外,0000,201,昼－昼,晴,非市街地,舗装－乾燥,単路－橋,環状交差点以外 環状交差点以外をいう。,施設なし,00,23,00,23,02,6,その他,規制なし,5,2,車両単独,75歳以上,不明,貨物車－軽自動車,相手なし,自家用,対象外当事者,貨物車,対象外当事者,指定の速度規制なし等,対象外当事者,10,00,小破,対象外当事者,装備あり 作動,対象外当事者,その他,対象外当事者,死亡,対象外当事者,火,その他,35.443369,136.726933,2020-06-09,10:03,red,,,,,,,,,,,,
本票,岐阜,東,0129,死亡,1,0,30000,対象外,0000,213,夜－夜,晴,市街地－人口集中,舗装－乾燥,単路－カーブ・屈折,環状交差点以外 環状交差点以外をいう。,施設なし,00,23,00,23,03,6,単路（交差点付近を含む）,規制なし,4,3,車両単独,45～54歳,不明,乗用車－普通車,物件等,自家用,対象外当事者,乗用車,対象外当事者,40㎞／ｈ以下,対象外当事者,10,00,大破,対象外当事者,装備あり 作動,対象外当事者,その他,対象外当事者,死亡,対象外当事者,日,その他,35.398915,136.856913,2020-06-07,03:05,red,,,,,,,,,,,,
本票,岐阜,三戸,0009,死亡,1,0,30000,対象外,0000,219,昼－昼,晴,非市街地,舗装－乾燥,単路－カーブ・屈折,環状交差点以外 環状交差点以外をいう。,施設なし,00,23,00,23,03,6,単路（交差点付近を含む）,規制なし,4,3,車両単独,45～54歳,不明,二輪車－自動二輪－小型二輪－751ｃｃ以上,相手なし,自家用,対象外当事者,対象外当事者,対象外当事者,指定の速度規制なし等,対象外当事者,41,00,中破,対象外当事者,対象外当事者,対象外当事者,対象外当事者,対象外当事者,死亡,対象外当事者,土,その他,35.723884,137.014374,2020-06-06,13:30,red,,,,,,,,,,,,
本票,岐阜,芦別,0057,死亡,1,0,00210,下,0270,211,夜－夜,晴,市街地－人口集中,舗装－乾燥,交差点－その他,環状交差点以外 環状交差点以外をいう。,点灯－３灯式,09,22,09,22,18,9,交差点内,規制なし,5,1,車両相互,0～24歳,0～24歳,乗用車－軽自動車,二輪車－自動二輪－小型二輪－251～400cc,自家用,自家用,乗用車,対象外当事者,指定の速度規制なし等,指定の速度規制なし等,30,14,小破,中破,その他,対象外当事者,その他,対象外当事者,損傷なし,死亡,月,その他,35.448911,137.025174,2020-06-08,20:48,red,,,,,,,,,,,,
本票,愛知,江別,0301,死亡,1,0,20900,対象外,1030,105,昼－昼,晴,市街地－人口集中,舗装－乾燥,交差点付近－その他,環状交差点以外 環状交差点以外をいう。,点灯－３灯式,00,23,00,23,05,9,単路（交差点付近を含む）,規制なし,1,1,人対車両,45～54歳,75歳以上,貨物車－大型車,歩行者,事業用,対象外当事者,貨物車,対象外当事者,50㎞／ｈ以下,対象外当事者,50,00,小破,対象外当事者,その他,対象外当事者,その他,対象外当事者,損傷なし,死亡,水,その他,35.174144,136.863813,2020-06-10,12:27,red,,,,,,,,,,,,
本票,愛知,室蘭,0188,死亡,1,0,02470,対象外,0053,112,夜－夜,晴,市街地－その他,舗装－乾燥,交差点－その他,環状交差点以外 環状交差点以外をいう。,点灯－３灯式,09,21,00,23,18,7,交差点内,規制なし,1,1,車両単独,45～54歳,不明,乗用車－軽自動車,物件等,自家用,対象外当事者,乗用車,対象外当事者,指定の速度規制なし等,対象外当事者,50,00,大破,対象外当事者,装備あり 作動,対象外当事者,その他,対象外当事者,死亡,対象外当事者,水,その他,35.082838,136.912111,2020-06-03,02:40,red,,,,,,,,,,,,