資料区分,都道府県コード,警察署等コード,本票番号,事故内容,死者数,負傷者数,路線コード,上下線,地点コード,市区町村コード,昼夜,天候,地形,路面状態,道路形状,環状交差点の直径,信号機,一時停止規制　標識（当事者A）,一時停止規制　表示（当事者A）,一時停止規制　標識（当事者B）,一時停止規制　表示（当事者B）,車道幅員,道路線形,衝突地点,ゾーン規制,中央分離帯施設等,歩車道区分,事故類型,年齢（当事者A）,年齢（当事者B）,当事者種別（当事者A）,当事者種別（当事者B）,用途別（当事者A）,用途別（当事者B）,車両形状（当事者A）,車両形状（当事者B）,速度規制（指定のみ）（当事者A）,速度規制（指定のみ）（当事者B）,車両の衝突部位（当事者A）,車両の衝突部位（当事者B）,車両の損壊程度（当事者A）,車両の損壊程度（当事者B）,エアバッグの装備（当事者A）,エアバッグの装備（当事者B）,サイドエアバッグの装備（当事者A）,サイドエアバッグの装備（当事者B）,人身損傷程度（当事者A）,人身損傷程度（当事者B）,曜日(発生年月日),祝日(発生年月日),緯度,経度,発生日,発生時,color,発生地点,道路管理者区分,道路区分,道路構造,曲線半径,縦断勾配,トンネル番号,当事者車両台数,車両単独事故の対象物,臨時速度規制の有無,速度規制（臨時のみ）,トンネル延長距離
本票,愛知,鎌倉,0153,死亡,1,0,99000,対象外,0000,220,夜－暮,雨,市街地－その他,舗装－湿潤,一般交通の場所,環状交差点以外 環状交差点以外をいう。,施設なし,00,23,00,23,00,0,その他,規制なし,0,4,人対車両,75歳以上,75歳以上,乗用車－軽自動車,歩行者,自家用,対象外当事者,乗用車,対象外当事者,指定の速度規制なし等,対象外当事者,80,00,小破,対象外当事者,その他,対象外当事者,その他,対象外当事者,損傷なし,死亡,木,その他,35.251919,136.775335,2020-06-18,19:30,red,,,,,,,,,,,,
本票,愛知,刈谷,0248,死亡,1,1,35000,対象外,0000,210,夜－夜,雨,市街地－その他,舗装－湿潤,交差点－その他,環状交差点以外 環状交差点以外をいう。,施設なし,09,21,01,22,14,9,交差点内,規制なし,5,3,車両相互,25～34歳,55～64歳,乗用車－普通車,乗用車－軽自動車,自家用,自家用,乗用車,乗用車,40㎞／ｈ以下,指定の速度規制なし等,50,80,中破,中破,装備あり 作動,装備あり 作動,その他,その他,負傷,死亡,木,その他,34.978521,137.043470,2020-06-11,21:45,red,,,,,,,,,,,,
本票,愛知,安城,0279,死亡,1,0,35000,対象外,0000,225,夜－暮,晴,市街地－その他,舗装－乾燥,交差点－その他,環状交差点以外 環状交差点以外をいう。,施設なし,09,22,00,23,15,7,交差点内,規制なし,4,2,人対車両,25～34歳,65～74歳,乗用車－普通車,歩行者,自家用,対象外当事者,乗用車,対象外当事者,50㎞／ｈ以下,対象外当事者,10,00,小破,対象外当事者,その他,対象外当事者,その他,対象外当事者,損傷なし,死亡,火,その他,34.998419,137.038993,2020-06-09,19:35,red,,,,,,,,,,,,
本票,愛知,安城,0300,死亡,1,0,00230,下,3332,212,昼－昼,雨,非市街地,舗装－湿潤,交差点付近－その他,環状交差点以外 環状交差点以外をいう。,施設なし,00,23,00,23,05,9,単路（交差点付近を含む）,規制なし,1,2,車両相互,45～54歳,0～24歳,貨物車－大型車,軽車両－自転車,事業用,対象外当事者,貨物車,対象外当事者,指定の速度規制なし等,対象外当事者,40,10,小破,大破,その他,対象外当事者,その他,対象外当事者,損傷なし,死亡,金,その他,34.945331,137.038830,2020-06-19,07:29,red,,,,,,,,,,,,
本票,愛知,岡崎,0504,死亡,1,0,23750,対象外,0000,501,昼－昼,曇,市街地－その他,舗装－乾燥,交差点－その他,環状交差点以外 環状交差点以外をいう。,施設なし,09,22,00,23,15,9,交差点内,規制なし,4,1,人対車両,75歳以上,75歳以上,乗用車－普通車,歩行者,自家用,対象外当事者,乗用車,対象外当事者,50㎞／ｈ以下,対象外当事者,50,00,小破,対象外当事者,その他,対象外当事者,その他,対象外当事者,損傷なし,死亡,土,その他,34.873243,137.183337,2020-06-06,11:30,red,,,,,,,,,,,,
本票,愛知,豊川,0277,死亡,1,0,35000,対象外,0000,207,昼－昼,雨,市街地－その他,舗装－湿潤,交差点－その他,環状交差点以外 環状交差点以外をいう。,施設なし,09,22,01,22,15,9,交差点内,規制なし,4,3,車両相互,25～34歳,55～64歳,貨物車－軽自動車,軽車両－自転車,事業用,対象外当事者,貨物車,対象外当事者,40㎞／ｈ以下,対象外当事者,80,20,小破,中破,その他,対象外当事者,その他,対象外当事者,損傷なし,死亡,木,その他,34.820050,137.381656,2020-06-18,13:09,red,,,,,,,,,,,,
本票,三重,砂川,0123,死亡,1,0,10260,対象外,0000,202,昼－明,雨,市街地－その他,舗装－湿潤,交差点－その他,環状交差点以外 環状交差点以外をいう。,施設なし,09,22,01,21,14,9,交差点内,規制なし,4,3,車両相互,55～64歳,0～24歳,乗用車－軽自動車,二輪車－原付自転車,自家用,自家用,乗用車,対象外当事者,40㎞／ｈ以下,指定の速度規制なし等,10,10,小破,小破,その他,対象外当事者,その他,対象外当事者,損傷なし,死亡,日,その他,35.012510,136.655900,2020-06-14,05:13,red,,,,,,,,,,,,
本票,三重,東入間,0033,死亡,1,0,10610,対象外,0000,215,夜－夜,晴,非市街地,舗装－乾燥,単路－その他,環状交差点以外 環状交差点以外をいう。,故障,00,23,00,23,03,9,単路（交差点付近を含む）,規制なし,4,3,車両単独,55～64歳,不明,貨物車－軽自動車,物件等,自家用,対象外当事者,貨物車,対象外当事者,30㎞／ｈ以下,対象外当事者,10,00,小破,対象外当事者,その他,対象外当事者,その他,対象外当事者,死亡,対象外当事者,土,その他,34.319010,136.883600,2019-11-30,05:40,red,,,,,,,,,,,,
本票,三重,東入間,0034,死亡,1,0,01671,下,0000,211,昼－昼,晴,非市街地,舗装－乾燥,単路－カーブ・屈折,環状交差点以外 環状交差点以外をいう。,施設なし,00,23,00,23,03,2,単路（交差点付近を含む）,規制なし,1,3,車両単独,45～54歳,不明,二輪車－自動二輪－小型二輪－251～400cc,物件等,自家用,対象外当事者,対象外当事者,対象外当事者,40㎞／ｈ以下,対象外当事者,10,00,大破,対象外当事者,対象外当事者,対象外当事者,対象外当事者,対象外当事者,死亡,対象外当事者,日,その他,34.430110,136.828200,2020-06-07,10:35,red,,,,,,,,,,,,
本票,三重,千葉東,0017,死亡,1,0,00420,下,0000,209,夜－夜,曇,非市街地,舗装－乾燥,単路－カーブ・屈折,環状交差点以外 環状交差点以外をいう。,施設なし,00,23,00,23,03,2,その他,規制なし,4,3,車両単独,75歳以上,不明,乗用車－軽自動車,物件等,自家用,対象外当事者,乗用車,対象外当事者,50㎞／ｈ以下,対象外当事者,10,00,大破,対象外当事者,装備あり 作動,対象外当事者,その他,対象外当事者,死亡,対象外当事者,日,その他,34.086090,136.191400,2020-06-14,01:00,red,,,,,,,,,,,,
本票,滋賀,白石,0307,死亡,1,1,27030,対象外,0000,206,昼－明,晴,非市街地,舗装－乾燥,単路－橋,環状交差点以外 環状交差点以外をいう。,施設なし,00,23,00,23,03,6,単路（交差点付近を含む）,規制なし,4,2,車両相互,55～64歳,0～24歳,二輪車－自動二輪－小型二輪－751ｃｃ以上,二輪車－自動二輪－軽二輪－126～250cc,自家用,自家用,対象外当事者,対象外当事者,指定の速度規制なし等,指定の速度規制なし等,10,10,大破,大破,対象外当事者,対象外当事者,対象外当事者,対象外当事者,負傷,死亡,火,その他,35.036362,135.907784,2020-06-16,05:29,red,,,,,,,,,,,,
本票,滋賀,西,0182,死亡,1,0,14320,対象外,0000,210,昼－昼,晴,非市街地,舗装－乾燥,単路－その他,環状交差点以外 環状交差点以外をいう。,施設なし,00,23,00,23,03,9,単路（交差点付近を含む）,規制なし,4,2,車両相互,65～74歳,35～44歳,貨物車－軽自動車,二輪車－自動二輪－軽二輪－126～250cc,自家用,自家用,貨物車,対象外当事者,指定の速度規制なし等,指定の速度規制なし等,80,10,中破,大破,その他,対象外当事者,その他,対象外当事者,損傷なし,死亡,金,その他,35.101265,136.029313,2020-06-05,15:50,red,,,,,,,,,,,,
本票,滋賀,西,0203,死亡,1,2,27030,対象外,0000,210,昼－昼,晴,非市街地,舗装－乾燥,単路－カーブ・屈折,環状交差点以外 環状交差点以外をいう。,施設なし,00,23,00,23,03,6,単路（交差点付近を含む）,規制なし,4,2,車両相互,65～74歳,65～74歳,乗用車－普通車,乗用車－軽自動車,自家用,自家用,乗用車,乗用車,指定の速度規制なし等,指定の速度規制なし等,14,10,大破,大破,装備あり 作動,装備あり 作動,その他,その他,負傷,死亡,水,その他,35.135312,136.004104,2020-06-24,14:45,red,,,,,,,,,,,,
本票,滋賀,東,0143,死亡,1,0,14240,対象外,0000,211,夜－暮,曇,市街地－その他,舗装－乾燥,交差点－その他,環状交差点以外 環状交差点以外をいう。,点灯－押ボタン式,09,22,00,23,15,9,交差点内,規制なし,5,2,人対車両,0～24歳,75歳以上,二輪車－自動二輪－小型二輪－401～750ｃｃ,歩行者,自家用,対象外当事者,対象外当事者,対象外当事者,50㎞／ｈ以下,対象外当事者,10,00,中破,対象外当事者,対象外当事者,対象外当事者,対象外当事者,対象外当事者,損傷なし,死亡,土,その他,35.039245,136.066589,2020-06-06,19:27,red,,,,,,,,,,,,
本票,滋賀,つがる,0119,死亡,1,0,14260,対象外,0000,202,夜－夜,晴,非市街地,舗装－乾燥,単路－その他,環状交差点以外 環状交差点以外をいう。,施設なし,00,23,00,23,03,9,単路（交差点付近を含む）,規制なし,4,2,人対車両,55～64歳,0～24歳,貨物車－大型車,歩行者,事業用,対象外当事者,貨物車,対象外当事者,指定の速度規制なし等,対象外当事者,50,00,小破,対象外当事者,その他,対象外当事者,その他,対象外当事者,損傷なし,死亡,木,その他,35.236823,136.168972,2020-06-04,00:23,red,,,,,,,,,,,,
本票,滋賀,つがる,0133,死亡,1,0,37990,対象外,0000,441,昼－昼,雨,非市街地,舗装－湿潤,単路－その他,環状交差点以外 環状交差点以外をいう。,施設なし,00,23,00,23,01,9,単路（交差点付近を含む）,規制なし,5,3,車両単独,65～74歳,不明,軽車両－自転車,相手なし,対象外当事者,対象外当事者,対象外当事者,対象外当事者,対象外当事者,対象外当事者,00,00,損壊なし,対象外当事者,対象外当事者,対象外当事者,対象外当事者,対象外当事者,死亡,対象外当事者,金,その他,35.190044,136.224635,2020-06-19,07:05,red,,,,,,,,,,,,
本票,京都,野辺地,0128,死亡,1,0,00010,下,4897,110,夜－夜,晴,市街地－人口集中,舗装－乾燥,交差点付近－その他,環状交差点以外 環状交差点以外をいう。,点灯－３灯式,00,23,00,23,05,9,単路（交差点付近を含む）,規制なし,4,2,人対車両,0～24歳,25～34歳,乗用車－普通車,歩行者,自家用,対象外当事者,乗用車,対象外当事者,50㎞／ｈ以下,対象外当事者,10,00,中破,対象外当事者,その他,対象外当事者,その他,対象外当事者,損傷なし,死亡,火,その他,34.986292,135.827769,2020-06-16,01:39,red,,,,,,,,,,,,
本票,京都,門別,0143,死亡,1,0,14160,対象外,0000,104,昼－昼,晴,市街地－人口集中,舗装－乾燥,交差点付近－その他,環状交差点以外 環状交差点以外をいう。,施設なし,00,23,00,23,05,9,単路（交差点付近を含む）,規制なし,4,2,車両単独,0～24歳,不明,二輪車－自動二輪－原付二種－51～125cc,相手なし,自家用,対象外当事者,対象外当事者,対象外当事者,40㎞／ｈ以下,対象外当事者,40,00,中破,対象外当事者,対象外当事者,対象外当事者,対象外当事者,対象外当事者,死亡,対象外当事者,火,その他,35.011487,135.769015,2020-06-16,11:34,red,,,,,,,,,,,,
本票,京都,中原,0076,死亡,1,0,14480,対象外,0000,202,昼－昼,晴,市街地－人口集中,舗装－乾燥,単路－その他,環状交差点以外 環状交差点以外をいう。,施設なし,00,23,00,23,03,9,単路（交差点付近を含む）,規制なし,5,2,車両相互,25～34歳,75歳以上,乗用車－軽自動車,軽車両－自転車,自家用,対象外当事者,乗用車,対象外当事者,40㎞／ｈ以下,対象外当事者,80,20,小破,小破,その他,対象外当事者,その他,対象外当事者,損傷なし,死亡,金,その他,35.461348,135.390990,2020-06-26,12:54,red,,,,,,,,,,,,
本票,大阪,白石,0187,死亡,1,0,00010,下,5422,127,昼－明,曇,市街地－人口集中,舗装－乾燥,交差点－その他,環状交差点以外 環状交差点以外をいう。,点灯－３灯式,09,22,00,23,19,9,交差点内,規制なし,5,2,人対車両,55～64歳,55～64歳,乗用車－軽自動車,歩行者,自家用,対象外当事者,乗用車,対象外当事者,50㎞／ｈ以下,対象外当事者,80,00,中破,対象外当事者,その他,対象外当事者,その他,対象外当事者,損傷なし,死亡,木,その他,34.697512,135.510783,2020-06-25,05:31,red,,,,,,,,,,,,
本票,大阪,余市,0185,死亡,1,0,04790,対象外,0000,116,夜－夜,雨,市街地－人口集中,舗装－湿潤,交差点付近－その他,環状交差点以外 環状交差点以外をいう。,施設なし,00,23,00,23,06,9,単路（交差点付近を含む）,規制なし,1,2,車両相互,35～44歳,0～24歳,貨物車－準中型車,二輪車－自動二輪－原付二種－51～125cc,事業用,自家用,貨物車,対象外当事者,60㎞／ｈ以下,60㎞／ｈ以下,70,10,小破,大破,その他,対象外当事者,その他,対象外当事者,損傷なし,死亡,日,その他,34.653609,135.555134,2020-06-28,01:17,red,,,,,,,,,,,,
本票,大阪,岩内,0143,死亡,1,2,00010,下,5377,118,夜－暮,曇,市街地－人口集中,舗装－乾燥,交差点－その他,環状交差点以外 環状交差点以外をいう。,点灯－３灯式,09,22,09,22,18,9,交差点内,規制なし,4,1,車両相互,65～74歳,55～64歳,乗用車－普通車,軽車両－自転車,自家用,対象外当事者,乗用車,対象外当事者,60㎞／ｈ以下,対象外当事者,11,20,小破,大破,その他,対象外当事者,その他,対象外当事者,損傷なし,死亡,火,その他,34.711983,135.546499,2020-06-02,19:55,red,,,,,,,,,,,,
本票,大阪,せたな,0314,死亡,1,0,99000,対象外,0000,144,昼－昼,晴,市街地－人口集中,舗装－乾燥,一般交通の場所,環状交差点以外 環状交差点以外をいう。,施設なし,00,23,00,23,00,0,その他,規制なし,0,4,人対車両,75歳以上,65～74歳,乗用車－普通車,歩行者,自家用,対象外当事者,乗用車,対象外当事者,指定の速度規制なし等,対象外当事者,30,00,小破,対象外当事者,その他,対象外当事者,その他,対象外当事者,損傷なし,死亡,日,その他,34.534527,135.464103,2020-06-07,17:29,red,,,,,,,,,,,,
本票,大阪,岸和田,0268,死亡,1,0,30990,対象外,0000,202,昼－昼,晴,市街地－その他,舗装－乾燥,交差点－その他,環状交差点以外 環状交差点以外をいう。,施設なし,09,22,09,22,14,9,交差点内,規制なし,4,3,車両相互,25～34歳,55～64歳,乗用車－軽自動車,軽車両－自転車,自家用,対象外当事者,乗用車,対象外当事者,40㎞／ｈ以下,対象外当事者,10,40,中破,中破,その他,対象外当事者,その他,対象外当事者,損傷なし,死亡,水,その他,34.457086,135.424587,2020-06-03,08:31,red,,,,,,,,,,,,
本票,大阪,泉佐野,0212,死亡,1,0,10200,対象外,0011,213,夜－夜,晴,市街地－人口集中,舗装－乾燥,交差点付近－その他,環状交差点以外 環状交差点以外をいう。,施設なし,00,23,00,23,03,9,単路（交差点付近を含む）,規制なし,4,2,車両相互,75歳以上,45～54歳,貨物車－軽自動車,軽車両－駆動補助機付自転車,自家用,対象外当事者,貨物車,対象外当事者,50㎞／ｈ以下,対象外当事者,10,30,小破,大破,その他,対象外当事者,その他,対象外当事者,損傷なし,死亡,火,その他,34.415381,135.321483,2020-06-02,21:20,red,,,,,,,,,,,,
本票,大阪,四條畷,0171,死亡,1,0,10050,対象外,0145,218,昼－昼,晴,市街地－その他,舗装－乾燥,交差点－その他,環状交差点以外 環状交差点以外をいう。,故障,01,22,09,22,17,9,交差点内,規制なし,1,1,車両相互,45～54歳,0～24歳,貨物車－大型車,二輪車－自動二輪－軽二輪－126～250cc,事業用,自家用,貨物車,対象外当事者,指定の速度規制なし等,50㎞／ｈ以下,50,40,小破,大破,その他,対象外当事者,その他,対象外当事者,損傷なし,死亡,月,その他,34.715945,135.671423,2020-06-08,15:51,red,,,,,,,,,,,,
本票,大阪,箕面,0107,死亡,1,0,04230,対象外,5150,220,昼－明,晴,市街地－人口集中,舗装－乾燥,単路－その他,環状交差点以外 環状交差点以外をいう。,施設なし,00,23,00,23,06,9,単路（交差点付近を含む）,規制なし,1,4,車両単独,45～54歳,不明,二輪車－自動二輪－原付二種－51～125cc,物件等,自家用,対象外当事者,対象外当事者,対象外当事者,60㎞／ｈ以下,対象外当事者,40,00,小破,対象外当事者,対象外当事者,対象外当事者,対象外当事者,対象外当事者,死亡,対象外当事者,金,その他,34.823883,135.489073,2020-05-29,04:52,red,,,,,,,,,,,,
本票,兵庫,高速道路交通警察隊,0213,死亡,1,0,44200,下,1503,109,夜－明,晴,市街地－その他,舗装－乾燥,単路－その他,環状交差点以外 環状交差点以外をいう。,施設なし,00,23,00,23,05,9,単路（交差点付近を含む）,規制なし,1,3,車両相互,45～54歳,65～74歳,貨物車－大型車,乗用車－普通車,事業用,自家用,貨物車,乗用車,100㎞/h以下,100㎞/h以下,10,31,中破,大破,その他,その他,その他,その他,損傷なし,死亡,土,その他,34.850968,135.228968,2020-06-27,04:15,red,1493,西日本高速道路,走行車線－第一通行帯,完全分離－盛土,直線,平坦・該当なし,,3,該当なし,該当なし,該当なし,0
本票,兵庫,野辺地,0243,死亡,1,2,00430,上,0277,101,昼－明,曇,市街地－人口集中,舗装－乾燥,交差点－その他,環状交差点以外 環状交差点以外をいう。,点灯－３灯式,09,22,09,22,19,9,交差点内,規制なし,5,2,車両相互,25～34歳,55～64歳,貨物車－大型車,貨物車－中型車,事業用,事業用,貨物車,貨物車,40㎞／ｈ以下,40㎞／ｈ以下,31,10,中破,大破,その他,その他,その他,その他,負傷,死亡,木,その他,34.710459,135.247147,2020-06-18,05:35,red,,,,,,,,,,,,
本票,兵庫,赤歌,0184,死亡,1,1,37210,対象外,0034,106,夜－夜,雨,市街地－その他,舗装－湿潤,単路－カーブ・屈折,環状交差点以外 環状交差点以外をいう。,施設なし,00,23,00,23,03,5,単路（交差点付近を含む）,規制なし,4,3,車両相互,25～34歳,0～24歳,乗用車－中型車,乗用車－軽自動車,自家用,自家用,乗用車,乗用車,50㎞／ｈ以下,50㎞／ｈ以下,10,40,大破,大破,装備あり 作動,装備あり 作動,その他,その他,負傷,死亡,日,その他,34.693073,135.135647,2020-06-14,03:28,red,,,,,,,,,,,,
本票,兵庫,小樽,0283,死亡,1,0,00020,下,0494,108,夜－暮,晴,市街地－人口集中,舗装－乾燥,単路－その他,環状交差点以外 環状交差点以外をいう。,点灯－３灯式,00,23,00,23,03,9,単路（交差点付近を含む）,規制なし,4,2,人対車両,0～24歳,75歳以上,二輪車－自動二輪－小型二輪－251～400cc,歩行者,自家用,対象外当事者,対象外当事者,対象外当事者,50㎞／ｈ以下,対象外当事者,10,00,小破,対象外当事者,対象外当事者,対象外当事者,対象外当事者,対象外当事者,損傷なし,死亡,月,その他,34.634464,135.031721,2020-06-15,19:55,red,,,,,,,,,,,,
本票,兵庫,浦和東,0252,死亡,1,1,01730,上,0440,301,夜－夜,曇,市街地－その他,舗装－乾燥,単路－橋,環状交差点以外 環状交差点以外をいう。,施設なし,00,23,00,23,03,6,単路（交差点付近を含む）,規制なし,4,1,車両相互,35～44歳,25～34歳,乗用車－普通車,乗用車－軽自動車,自家用,自家用,乗用車,乗用車,50㎞／ｈ以下,50㎞／ｈ以下,50,50,大破,大破,装備あり 作動,装備あり 作動,その他,その他,負傷,死亡,日,その他,34.933077,135.410758,2020-05-31,03:15,red,,,,,,,,,,,,
本票,兵庫,姫路,0570,死亡,1,0,39990,対象外,0000,201,昼－昼,晴,市街地－その他,舗装－乾燥,交差点－その他,環状交差点以外 環状交差点以外をいう。,施設なし,09,22,01,21,14,9,交差点内,規制なし,4,2,車両相互,35～44歳,75歳以上,貨物車－軽自動車,軽車両－駆動補助機付自転車,自家用,対象外当事者,貨物車,対象外当事者,40㎞／ｈ以下,対象外当事者,10,40,中破,中破,その他,対象外当事者,その他,対象外当事者,損傷なし,死亡,火,その他,34.854170,134.650626,2020-06-09,14:55,red,,,,,,,,,,,,
本票,兵庫,たつの,0199,死亡,1,0,26480,対象外,0000,464,夜－夜,晴,市街地－その他,舗装－乾燥,単路－その他,環状交差点以外 環状交差点以外をいう。,施設なし,00,23,00,23,02,9,単路（交差点付近を含む）,規制なし,5,3,車両単独,25～34歳,不明,二輪車－原付自転車,物件等,自家用,対象外当事者,対象外当事者,対象外当事者,指定の速度規制なし等,対象外当事者,10,00,小破,対象外当事者,対象外当事者,対象外当事者,対象外当事者,対象外当事者,死亡,対象外当事者,金,その他,34.818482,134.563323,2020-06-05,22:03,red,,,,,,,,,,,,
本票,和歌山,中央,0034,死亡,1,0,03700,対象外,0000,343,昼－昼,曇,非市街地,舗装－乾燥,単路－その他,環状交差点以外 環状交差点以外をいう。,施設なし,00,23,00,23,02,9,単路（交差点付近を含む）,規制なし,5,3,車両単独,25～34歳,不明,二輪車－自動二輪－小型二輪－751ｃｃ以上,物件等,自家用,対象外当事者,対象外当事者,対象外当事者,指定の速度規制なし等,対象外当事者,42,00,小破,対象外当事者,対象外当事者,対象外当事者,対象外当事者,対象外当事者,死亡,対象外当事者,土,その他,34.254993,135.544154,2020-06-27,13:45,red,,,,,,,,,,,,
本票,和歌山,西,0085,死亡,1,0,00240,下,1120,208,昼－昼,晴,非市街地,舗装－乾燥,単路－その他,環状交差点以外 環状交差点以外をいう。,施設なし,00,23,00,23,02,9,単路（交差点付近を含む）,規制なし,4,3,人対車両,75歳以上,75歳以上,乗用車－普通車,歩行者,自家用,対象外当事者,乗用車,対象外当事者,50㎞／ｈ以下,対象外当事者,10,00,中破,対象外当事者,その他,対象外当事者,その他,対象外当事者,損傷なし,死亡,月,その他,34.270725,135.424172,2020-06-01,09:59,red,,,,,,,,,,,,
本票,和歌山,美唄,0010,死亡,1,0,00420,上,3191,428,昼－昼,晴,非市街地,舗装－乾燥,単路－その他,環状交差点以外 環状交差点以外をいう。,施設なし,00,23,00,23,03,8,単路（交差点付近を含む）,規制なし,4,3,人対車両,75歳以上,55～64歳,貨物車－軽自動車,歩行者,自家用,対象外当事者,貨物車,対象外当事者,50㎞／ｈ以下,対象外当事者,10,00,中破,対象外当事者,その他,対象外当事者,その他,対象外当事者,損傷なし,死亡,水,その他,33.487137,135.719447,2020-06-24,09:10,red,,,,,,,,,,,,
本票,鳥取,高速道路交通警察隊,0006,死亡,1,1,45200,下,0405,201,昼－昼,雨,非市街地,舗装－湿潤,単路－トンネル,環状交差点以外 環状交差点以外をいう。,施設なし,00,23,00,23,03,6,単路（交差点付近を含む）,規制なし,6,2,車両相互,55～64歳,45～54歳,貨物車－大型車,貨物車－軽自動車,自家用,自家用,貨物車,貨物車,70㎞／ｈ以下,70㎞／ｈ以下,20,87,中破,小破,その他,その他,その他,その他,負傷,損傷なし,火,その他,35.308520,134.188420,2020-06-30,06:30,red,405,国土交通省,走行車線－第一通行帯,非分離－トンネル,カーブ－300m以上,平坦・該当なし,石合,3,該当なし,該当なし,該当なし,1464
本票,岡山,高速道路交通警察隊,0011,死亡,1,0,45120,下,0000,205,夜－明,雨,非市街地,舗装－湿潤,単路－その他,環状交差点以外 環状交差点以外をいう。,施設なし,00,23,00,23,05,9,単路（交差点付近を含む）,規制なし,1,3,車両単独,45～54歳,不明,貨物車－大型車,物件等,事業用,対象外当事者,貨物車,対象外当事者,指定の速度規制なし等,対象外当事者,50,00,小破,対象外当事者,その他,対象外当事者,その他,対象外当事者,損傷なし,対象外当事者,火,その他,34.537606,133.488037,2020-06-30,04:00,red,1825,西日本高速道路,追越車線,完全分離－盛土,直線,平坦－１％以上,,2,その他,該当なし,該当なし,0
本票,岡山,西,0018,死亡,1,1,00530,上,0000,101,夜－夜,晴,非市街地,舗装－乾燥,単路－カーブ・屈折,環状交差点以外 環状交差点以外をいう。,施設なし,00,23,00,23,03,6,単路（交差点付近を含む）,規制なし,4,1,車両相互,25～34歳,25～34歳,貨物車－大型車,貨物車－中型車,事業用,事業用,貨物車,貨物車,60㎞／ｈ以下,60㎞／ｈ以下,10,10,大破,大破,装備あり 作動,装備あり 作動,その他,その他,負傷,死亡,土,その他,34.888424,133.914930,2020-06-06,02:48,red,,,,,,,,,,,,
本票,岡山,つがる,0234,死亡,1,0,30000,対象外,0000,202,昼－昼,曇,市街地－人口集中,舗装－乾燥,交差点付近－その他,環状交差点以外 環状交差点以外をいう。,施設なし,00,23,00,23,01,9,単路（交差点付近を含む）,規制なし,5,4,車両相互,65～74歳,75歳以上,貨物車－軽自動車,軽車両－自転車,自家用,対象外当事者,貨物車,対象外当事者,指定の速度規制なし等,対象外当事者,10,20,小破,小破,その他,対象外当事者,その他,対象外当事者,損傷なし,死亡,金,その他,34.605257,133.773844,2020-06-19,11:04,red,,,,,,,,,,,,
本票,岡山,野辺地,0141,死亡,1,0,30000,対象外,0000,202,夜－夜,晴,市街地－その他,舗装－乾燥,単路－その他,環状交差点以外 環状交差点以外をいう。,施設なし,00,23,00,23,03,9,単路（交差点付近を含む）,規制なし,4,2,車両単独,45～54歳,不明,二輪車－原付自転車,物件等,自家用,対象外当事者,対象外当事者,対象外当事者,30㎞／ｈ以下,対象外当事者,10,00,小破,対象外当事者,対象外当事者,対象外当事者,対象外当事者,対象外当事者,死亡,対象外当事者,日,その他,34.538555,133.765759,2020-06-07,03:05,red,,,,,,,,,,,,
本票,岡山,砂川,0044,死亡,1,0,01800,対象外,0000,208,夜－夜,晴,非市街地,舗装－乾燥,単路－その他,環状交差点以外 環状交差点以外をいう。,施設なし,00,23,00,23,05,9,単路（交差点付近を含む）,規制なし,1,2,人対車両,35～44歳,75歳以上,乗用車－普通車,歩行者,自家用,対象外当事者,乗用車,対象外当事者,指定の速度規制なし等,対象外当事者,10,00,小破,対象外当事者,その他,対象外当事者,その他,対象外当事者,損傷なし,死亡,火,その他,34.686584,133.782300,2020-06-23,21:43,red,,,,,,,,,,,,
本票,岡山,三戸,0233,死亡,1,0,95000,対象外,0000,104,昼－昼,晴,非市街地,舗装－乾燥,単路－その他,環状交差点以外 環状交差点以外をいう。,施設なし,00,23,00,23,03,9,単路（交差点付近を含む）,規制なし,4,3,車両単独,65～74歳,不明,乗用車－軽自動車,物件等,自家用,対象外当事者,乗用車,対象外当事者,40㎞／ｈ以下,対象外当事者,10,00,大破,対象外当事者,装備あり 作動,対象外当事者,その他,対象外当事者,死亡,対象外当事者,木,その他,34.586133,133.956265,2020-06-04,15:05,red,,,,,,,,,,,,
本票,岡山,三戸,0246,死亡,1,0,30000,対象外,0000,104,昼－昼,曇,非市街地,舗装－湿潤,単路－その他,環状交差点以外 環状交差点以外をいう。,施設なし,00,23,00,23,02,9,その他,規制なし,5,4,車両単独,75歳以上,不明,軽車両－自転車,相手なし,対象外当事者,対象外当事者,対象外当事者,対象外当事者,対象外当事者,対象外当事者,10,00,小破,対象外当事者,対象外当事者,対象外当事者,対象外当事者,対象外当事者,死亡,対象外当事者,金,その他,34.610289,133.887577,2020-06-12,15:00,red,,,,,,,,,,,,
本票,岡山,北,0084,死亡,1,0,30000,対象外,0000,203,昼－昼,晴,非市街地,舗装－乾燥,交差点－その他,環状交差点以外 環状交差点以外をいう。,施設なし,09,22,00,23,11,8,交差点内,規制なし,5,3,車両単独,65～74歳,不明,特殊車－小型－その他,物件等,対象外当事者,対象外当事者,対象外当事者,対象外当事者,指定の速度規制なし等,対象外当事者,50,00,小破,対象外当事者,対象外当事者,対象外当事者,対象外当事者,対象外当事者,死亡,対象外当事者,火,その他,35.229940,134.102111,2020-06-09,11:45,red,,,,,,,,,,,,