資料区分,都道府県コード,警察署等コード,本票番号,事故内容,死者数,負傷者数,路線コード,上下線,地点コード,市区町村コード,昼夜,天候,地形,路面状態,道路形状,環状交差点の直径,信号機,一時停止規制　標識（当事者A）,一時停止規制　表示（当事者A）,一時停止規制　標識（当事者B）,一時停止規制　表示（当事者B）,車道幅員,道路線形,衝突地点,ゾーン規制,中央分離帯施設等,歩車道区分,事故類型,年齢（当事者A）,年齢（当事者B）,当事者種別（当事者A）,当事者種別（当事者B）,用途別（当事者A）,用途別（当事者B）,車両形状（当事者A）,車両形状（当事者B）,速度規制（指定のみ）（当事者A）,速度規制（指定のみ）（当事者B）,車両の衝突部位（当事者A）,車両の衝突部位（当事者B）,車両の損壊程度（当事者A）,車両の損壊程度（当事者B）,エアバッグの装備（当事者A）,エアバッグの装備（当事者B）,サイドエアバッグの装備（当事者A）,サイドエアバッグの装備（当事者B）,人身損傷程度（当事者A）,人身損傷程度（当事者B）,曜日(発生年月日),祝日(発生年月日),緯度,経度,発生日,発生時,color,発生地点,道路管理者区分,道路区分,道路構造,曲線半径,縦断勾配,トンネル番号,当事者車両台数,車両単独事故の対象物,臨時速度規制の有無,速度規制（臨時のみ）,トンネル延長距離
本票,広島,岩見沢,0121,死亡,1,1,21740,対象外,0000,307,昼－昼,晴,市街地－その他,舗装－乾燥,単路－その他,環状交差点以外 環状交差点以外をいう。,施設なし,00,23,00,23,03,9,単路（交差点付近を含む）,規制なし,4,2,車両相互,65～74歳,25～34歳,乗用車－軽自動車,二輪車－自動二輪－軽二輪－126～250cc,自家用,自家用,乗用車,対象外当事者,40㎞／ｈ以下,40㎞／ｈ以下,50,10,中破,中破,装備あり 作動,対象外当事者,その他,対象外当事者,負傷,死亡,月,その他,34.344903,132.590208,2020-06-15,16:25,red,,,,,,,,,,,,
本票,広島,つがる,0019,死亡,1,0,37090,対象外,0000,211,昼－昼,晴,市街地－人口集中,舗装－乾燥,交差点付近－その他,環状交差点以外 環状交差点以外をいう。,施設なし,00,23,00,23,02,9,単路（交差点付近を含む）,規制なし,5,4,車両単独,75歳以上,不明,軽車両－自転車,相手なし,対象外当事者,対象外当事者,対象外当事者,対象外当事者,対象外当事者,対象外当事者,40,00,小破,対象外当事者,対象外当事者,対象外当事者,対象外当事者,対象外当事者,死亡,対象外当事者,水,その他,34.213722,132.229319,2020-06-24,07:50,red,,,,,,,,,,,,
本票,広島,伊達,0297,死亡,1,0,37210,対象外,0000,207,昼－昼,晴,市街地－人口集中,舗装－乾燥,交差点－その他,環状交差点以外 環状交差点以外をいう。,施設なし,09,22,00,23,15,8,交差点内,規制なし,5,3,車両単独,75歳以上,不明,乗用車－普通車,物件等,自家用,対象外当事者,乗用車,対象外当事者,指定の速度規制なし等,対象外当事者,10,00,大破,対象外当事者,装備あり 作動,対象外当事者,その他,対象外当事者,死亡,対象外当事者,月,その他,34.513975,133.407922,2020-06-08,09:02,red,,,,,,,,,,,,
本票,広島,浦河,0173,死亡,1,0,37260,対象外,0000,105,昼－暮,晴,市街地－人口集中,舗装－乾燥,踏切－第一種,環状交差点以外 環状交差点以外をいう。,施設なし,00,23,00,23,01,9,その他,規制なし,5,4,列車,55～64歳,55～64歳,列車,歩行者,対象外当事者,対象外当事者,対象外当事者,対象外当事者,対象外当事者,対象外当事者,10,00,小破,対象外当事者,対象外当事者,対象外当事者,対象外当事者,対象外当事者,損傷なし,死亡,日,その他,34.484361,132.500853,2020-05-31,18:22,red,,,,,,,,,,,,
本票,広島,浦河,0174,死亡,1,0,22700,対象外,0000,105,昼－昼,雨,市街地－人口集中,舗装－湿潤,交差点－その他,環状交差点以外 環状交差点以外をいう。,施設なし,09,22,00,23,14,9,交差点内,規制なし,5,3,人対車両,35～44歳,75歳以上,貨物車－普通車,歩行者,自家用,対象外当事者,貨物車,対象外当事者,40㎞／ｈ以下,対象外当事者,10,00,小破,対象外当事者,その他,対象外当事者,その他,対象外当事者,損傷なし,死亡,木,その他,34.481264,132.495069,2020-06-18,11:44,red,,,,,,,,,,,,
本票,山口,東,0052,死亡,1,0,37000,対象外,0000,212,夜－明,晴,市街地－その他,舗装－乾燥,踏切－第一種,環状交差点以外 環状交差点以外をいう。,施設なし,00,23,00,23,01,9,その他,規制なし,5,4,列車,45～54歳,0～24歳,列車,歩行者,対象外当事者,対象外当事者,対象外当事者,対象外当事者,対象外当事者,対象外当事者,10,00,小破,対象外当事者,対象外当事者,対象外当事者,対象外当事者,対象外当事者,損傷なし,死亡,水,その他,33.970864,132.092698,2020-06-03,04:18,red,,,,,,,,,,,,
本票,山口,砂川,0085,死亡,1,0,00090,下,5855,203,夜－夜,晴,市街地－人口集中,舗装－乾燥,単路－その他,環状交差点以外 環状交差点以外をいう。,施設なし,00,23,00,23,04,9,単路（交差点付近を含む）,規制なし,1,1,車両相互,25～34歳,55～64歳,乗用車－普通車,軽車両－自転車,自家用,対象外当事者,乗用車,対象外当事者,指定の速度規制なし等,対象外当事者,10,30,大破,大破,装備あり 作動,対象外当事者,その他,対象外当事者,損傷なし,死亡,火,その他,34.134609,131.422300,2020-06-09,01:37,red,,,,,,,,,,,,
本票,山口,砂川,0098,死亡,1,0,37000,対象外,0000,203,昼－昼,晴,市街地－人口集中,舗装－乾燥,交差点付近－その他,環状交差点以外 環状交差点以外をいう。,施設なし,00,23,00,23,03,9,単路（交差点付近を含む）,規制なし,4,2,車両相互,55～64歳,75歳以上,乗用車－普通車,軽車両－自転車,自家用,対象外当事者,乗用車,対象外当事者,指定の速度規制なし等,対象外当事者,80,30,小破,中破,その他,対象外当事者,その他,対象外当事者,損傷なし,死亡,火,その他,34.166813,131.469831,2020-06-30,15:00,red,,,,,,,,,,,,
本票,徳島,中央,0194,死亡,1,0,00550,下,1048,201,夜－夜,曇,非市街地,舗装－乾燥,交差点付近－その他,環状交差点以外 環状交差点以外をいう。,点灯－３灯式,00,23,00,23,05,9,単路（交差点付近を含む）,規制なし,1,2,車両相互,35～44歳,35～44歳,貨物車－中型車,乗用車－軽自動車,事業用,自家用,貨物車,乗用車,指定の速度規制なし等,指定の速度規制なし等,30,10,小破,大破,その他,装備あり 作動,その他,その他,損傷なし,死亡,水,その他,34.023824,134.555222,2020-06-10,23:50,red,,,,,,,,,,,,
本票,徳島,白石,0168,死亡,1,1,01920,上,1264,341,昼－昼,曇,市街地－その他,舗装－乾燥,単路－その他,環状交差点以外 環状交差点以外をいう。,施設なし,00,23,00,23,03,9,単路（交差点付近を含む）,規制なし,4,2,車両相互,35～44歳,0～24歳,乗用車－大型車,乗用車－軽自動車,事業用,自家用,乗用車,乗用車,50㎞／ｈ以下,50㎞／ｈ以下,30,10,小破,中破,その他,装備あり 作動,その他,その他,損傷なし,損傷なし,土,その他,34.067928,134.443339,2020-06-27,16:57,red,,,,,,,,,,,,
本票,徳島,栗山,0067,死亡,1,0,30000,対象外,0000,206,昼－昼,晴,非市街地,舗装－乾燥,単路－その他,環状交差点以外 環状交差点以外をいう。,施設なし,00,23,00,23,01,9,単路（交差点付近を含む）,規制なし,5,4,車両単独,75歳以上,不明,特殊車－小型－農耕作業用,物件等,対象外当事者,対象外当事者,対象外当事者,対象外当事者,指定の速度規制なし等,対象外当事者,10,00,小破,対象外当事者,対象外当事者,対象外当事者,対象外当事者,対象外当事者,死亡,対象外当事者,火,その他,34.071057,134.201706,2020-06-02,15:50,red,,,,,,,,,,,,
本票,徳島,栗山,0071,死亡,1,0,30000,対象外,0000,205,昼－昼,晴,非市街地,舗装－乾燥,交差点付近－その他,環状交差点以外 環状交差点以外をいう。,施設なし,00,23,00,23,01,2,その他,規制なし,5,4,車両単独,65～74歳,不明,乗用車－軽自動車,相手なし,自家用,対象外当事者,乗用車,対象外当事者,指定の速度規制なし等,対象外当事者,70,00,中破,対象外当事者,その他,対象外当事者,その他,対象外当事者,死亡,対象外当事者,月,その他,34.016735,134.268607,2020-06-08,09:17,red,,,,,,,,,,,,
本票,香川,つがる,0128,死亡,1,0,21870,対象外,0000,203,夜－夜,曇,非市街地,舗装－乾燥,交差点付近－その他,環状交差点以外 環状交差点以外をいう。,施設なし,00,23,00,23,05,9,単路（交差点付近を含む）,規制なし,4,2,人対車両,55～64歳,75歳以上,貨物車－大型車,歩行者,事業用,対象外当事者,貨物車,対象外当事者,50㎞／ｈ以下,対象外当事者,50,00,小破,対象外当事者,その他,対象外当事者,その他,対象外当事者,損傷なし,死亡,金,その他,34.321239,133.901355,2020-06-26,02:58,red,,,,,,,,,,,,
本票,香川,伊達,0061,死亡,1,0,14240,対象外,0000,208,夜－夜,曇,非市街地,舗装－乾燥,単路－カーブ・屈折,環状交差点以外 環状交差点以外をいう。,施設なし,00,23,00,23,04,3,単路（交差点付近を含む）,規制なし,4,3,車両単独,25～34歳,不明,乗用車－普通車,物件等,自家用,対象外当事者,乗用車,対象外当事者,50㎞／ｈ以下,対象外当事者,80,00,中破,対象外当事者,装備あり 作動,対象外当事者,装備あり 作動,対象外当事者,死亡,対象外当事者,日,その他,34.138685,133.722749,2020-06-21,22:24,red,,,,,,,,,,,,
本票,愛媛,野辺地,0038,死亡,1,0,37000,対象外,0000,401,昼－昼,晴,非市街地,舗装－乾燥,単路－その他,環状交差点以外 環状交差点以外をいう。,施設なし,00,23,00,23,03,9,その他,規制なし,5,3,車両相互,65～74歳,75歳以上,乗用車－普通車,軽車両－自転車,自家用,対象外当事者,乗用車,対象外当事者,指定の速度規制なし等,対象外当事者,10,20,小破,大破,その他,対象外当事者,その他,対象外当事者,損傷なし,死亡,日,その他,33.794313,132.756176,2020-06-07,13:09,red,,,,,,,,,,,,
本票,愛媛,野辺地,0040,死亡,1,0,14320,対象外,0000,210,昼－昼,晴,市街地－人口集中,舗装－乾燥,交差点－その他,環状交差点以外 環状交差点以外をいう。,点灯－３灯式,09,22,00,23,15,9,交差点内,規制なし,4,3,人対車両,45～54歳,75歳以上,貨物車－準中型車,歩行者,事業用,対象外当事者,貨物車,対象外当事者,40㎞／ｈ以下,対象外当事者,50,00,小破,対象外当事者,その他,対象外当事者,その他,対象外当事者,損傷なし,死亡,水,その他,33.766729,132.703623,2020-06-17,11:01,red,,,,,,,,,,,,
本票,愛媛,美唄,0028,死亡,1,1,25000,対象外,0000,207,昼－昼,曇,非市街地,舗装－湿潤,単路－カーブ・屈折,環状交差点以外 環状交差点以外をいう。,施設なし,00,23,00,23,03,4,その他,規制なし,4,3,車両単独,75歳以上,不明,乗用車－軽自動車,物件等,自家用,対象外当事者,乗用車,対象外当事者,50㎞／ｈ以下,対象外当事者,80,00,中破,対象外当事者,その他,対象外当事者,その他,対象外当事者,死亡,対象外当事者,水,その他,33.496837,132.752547,2020-06-10,12:08,red,,,,,,,,,,,,
本票,高知,白石,0088,死亡,1,1,14360,対象外,0000,201,昼－昼,晴,市街地－人口集中,舗装－乾燥,交差点－その他,環状交差点以外 環状交差点以外をいう。,施設なし,09,22,00,23,15,6,交差点内,規制なし,4,2,人対車両,35～44歳,75歳以上,乗用車－普通車,歩行者,自家用,対象外当事者,乗用車,対象外当事者,40㎞／ｈ以下,対象外当事者,10,00,小破,対象外当事者,その他,対象外当事者,その他,対象外当事者,損傷なし,死亡,木,その他,33.511554,133.541850,2020-06-04,15:08,red,,,,,,,,,,,,
本票,高知,小樽,0084,死亡,1,0,00320,下,1030,344,夜－夜,晴,非市街地,舗装－乾燥,単路－カーブ・屈折,環状交差点以外 環状交差点以外をいう。,施設なし,00,23,00,23,03,5,単路（交差点付近を含む）,規制なし,4,1,車両単独,0～24歳,不明,二輪車－自動二輪－軽二輪－126～250cc,物件等,自家用,対象外当事者,対象外当事者,対象外当事者,50㎞／ｈ以下,対象外当事者,10,00,中破,対象外当事者,対象外当事者,対象外当事者,対象外当事者,対象外当事者,死亡,対象外当事者,月,その他,33.750689,133.663833,2020-06-08,22:19,red,,,,,,,,,,,,
本票,福岡,東,0772,死亡,1,0,02630,対象外,0000,137,昼－昼,晴,市街地－人口集中,舗装－乾燥,単路－その他,環状交差点以外 環状交差点以外をいう。,施設なし,00,23,00,23,03,9,単路（交差点付近を含む）,規制なし,4,2,車両単独,75歳以上,不明,貨物車－軽自動車,物件等,自家用,対象外当事者,貨物車,対象外当事者,40㎞／ｈ以下,対象外当事者,10,00,中破,対象外当事者,装備あり 作動,対象外当事者,装備あり 作動,対象外当事者,死亡,対象外当事者,月,その他,33.503596,130.335717,2020-06-22,10:16,red,,,,,,,,,,,,
本票,福岡,三戸,0529,死亡,1,0,95000,対象外,0000,221,昼－昼,雨,市街地－人口集中,非舗装,踏切－第一種,環状交差点以外 環状交差点以外をいう。,施設なし,00,23,00,23,01,9,その他,規制なし,5,4,列車,35～44歳,25～34歳,二輪車－自動二輪－軽二輪－126～250cc,列車,自家用,対象外当事者,対象外当事者,対象外当事者,指定の速度規制なし等,対象外当事者,23,15,大破,中破,対象外当事者,対象外当事者,対象外当事者,対象外当事者,死亡,損傷なし,木,その他,33.512959,130.495691,2020-06-11,06:42,red,,,,,,,,,,,,
本票,福岡,芦別,0712,死亡,1,0,37990,対象外,0000,218,夜－明,曇,市街地－人口集中,舗装－乾燥,交差点－その他,環状交差点以外 環状交差点以外をいう。,施設なし,09,22,00,23,14,9,交差点内,規制なし,4,2,人対車両,45～54歳,75歳以上,乗用車－普通車,歩行者,自家用,対象外当事者,乗用車,対象外当事者,40㎞／ｈ以下,対象外当事者,10,00,小破,対象外当事者,その他,対象外当事者,その他,対象外当事者,損傷なし,死亡,火,その他,33.517191,130.450315,2020-06-16,04:36,red,,,,,,,,,,,,
本票,福岡,名寄,0496,死亡,1,0,99000,対象外,0000,205,昼－昼,晴,市街地－人口集中,舗装－乾燥,一般交通の場所,環状交差点以外 環状交差点以外をいう。,施設なし,00,23,00,23,00,0,その他,規制なし,0,4,人対車両,25～34歳,0～24歳,乗用車－普通車,歩行者,自家用,対象外当事者,乗用車,対象外当事者,指定の速度規制なし等,対象外当事者,10,00,損壊なし,対象外当事者,その他,対象外当事者,その他,対象外当事者,損傷なし,死亡,月,その他,33.642666,130.685338,2020-06-22,18:17,red,,,,,,,,,,,,
本票,佐賀,栗山,0250,死亡,1,0,02042,上,0028,202,昼－昼,晴,市街地－人口集中,舗装－乾燥,交差点－その他,環状交差点以外 環状交差点以外をいう。,点灯－３灯式,09,22,00,23,19,9,交差点内,規制なし,5,2,人対車両,35～44歳,65～74歳,貨物車－準中型車,歩行者,自家用,対象外当事者,貨物車,対象外当事者,指定の速度規制なし等,対象外当事者,10,00,小破,対象外当事者,その他,対象外当事者,その他,対象外当事者,損傷なし,死亡,火,その他,33.442859,129.959329,2020-06-30,11:26,red,,,,,,,,,,,,
本票,佐賀,小樽,0286,死亡,3,1,20000,対象外,1103,201,昼－昼,晴,非市街地,舗装－乾燥,単路－その他,環状交差点以外 環状交差点以外をいう。,施設なし,00,23,00,23,03,9,その他,規制なし,4,2,車両単独,25～34歳,不明,乗用車－普通車,相手なし,自家用,対象外当事者,乗用車,対象外当事者,50㎞／ｈ以下,対象外当事者,10,00,中破,対象外当事者,装備あり 作動,対象外当事者,その他,対象外当事者,損傷なし,対象外当事者,水,その他,33.188481,130.330735,2020-06-10,16:43,red,,,,,,,,,,,,
本票,佐賀,小樽,0308,死亡,1,0,70000,対象外,1059,201,夜－暮,曇,非市街地,非舗装,交差点付近－その他,環状交差点以外 環状交差点以外をいう。,施設なし,00,23,00,23,02,9,その他,規制なし,5,4,車両単独,75歳以上,不明,乗用車－軽自動車,相手なし,自家用,対象外当事者,乗用車,対象外当事者,指定の速度規制なし等,対象外当事者,00,00,小破,対象外当事者,その他,対象外当事者,その他,対象外当事者,死亡,対象外当事者,木,その他,33.250336,130.337125,2020-06-18,19:41,red,,,,,,,,,,,,
本票,佐賀,小樽,0319,死亡,1,0,14370,対象外,0283,201,昼－暮,晴,非市街地,舗装－乾燥,交差点－その他,環状交差点以外 環状交差点以外をいう。,施設なし,09,22,09,22,14,9,交差点内,規制なし,4,2,車両相互,45～54歳,75歳以上,乗用車－普通車,軽車両－自転車,自家用,対象外当事者,乗用車,対象外当事者,50㎞／ｈ以下,対象外当事者,10,40,中破,中破,その他,対象外当事者,その他,対象外当事者,損傷なし,死亡,金,その他,33.219491,130.335828,2020-06-26,18:45,red,,,,,,,,,,,,
本票,長崎,岩見沢,0019,死亡,1,2,57070,上,0000,212,昼－昼,雨,非市街地,舗装－湿潤,単路－その他,環状交差点以外 環状交差点以外をいう。,施設なし,00,23,00,23,03,8,単路（交差点付近を含む）,規制なし,3,4,車両相互,35～44歳,45～54歳,乗用車－普通車,乗用車－軽自動車,自家用,自家用,乗用車,乗用車,70㎞／ｈ以下,70㎞／ｈ以下,15,18,大破,大破,装備あり 作動,装備あり 作動,装備あり 作動,その他,負傷,死亡,水,その他,33.000931,129.726763,2020-06-03,14:20,red,,,,,,,,,,,,
本票,長崎,南,0006,死亡,1,0,30000,対象外,0000,209,昼－昼,晴,非市街地,舗装－乾燥,交差点－その他,環状交差点以外 環状交差点以外をいう。,施設なし,09,22,00,23,15,8,交差点内,規制なし,4,2,車両単独,65～74歳,不明,貨物車－軽自動車,物件等,自家用,対象外当事者,貨物車,対象外当事者,指定の速度規制なし等,対象外当事者,10,00,大破,対象外当事者,装備あり 作動,対象外当事者,その他,対象外当事者,死亡,対象外当事者,月,その他,34.270753,129.314923,2020-06-22,08:33,red,,,,,,,,,,,,
本票,熊本,栗山,0043,死亡,1,0,70000,対象外,0000,208,昼－昼,雨,非市街地,舗装－湿潤,単路－その他,環状交差点以外 環状交差点以外をいう。,施設なし,00,23,00,23,01,9,その他,規制なし,5,4,車両単独,65～74歳,不明,軽車両－自転車,相手なし,対象外当事者,対象外当事者,対象外当事者,対象外当事者,対象外当事者,対象外当事者,10,00,中破,対象外当事者,対象外当事者,対象外当事者,対象外当事者,対象外当事者,死亡,対象外当事者,土,その他,33.113227,130.729678,2020-06-13,15:00,red,,,,,,,,,,,,
本票,熊本,野辺地,0075,死亡,1,0,00570,対象外,0000,404,昼－明,雨,市街地－その他,舗装－湿潤,交差点－その他,環状交差点以外 環状交差点以外をいう。,施設なし,09,22,09,22,17,9,交差点内,規制なし,1,2,車両相互,0～24歳,0～24歳,乗用車－軽自動車,二輪車－原付自転車,自家用,自家用,乗用車,対象外当事者,指定の速度規制なし等,指定の速度規制なし等,20,10,中破,大破,その他,対象外当事者,その他,対象外当事者,損傷なし,死亡,木,その他,32.863388,130.824614,2020-06-11,05:23,red,,,,,,,,,,,,
本票,熊本,室蘭,0034,死亡,1,0,99000,対象外,0000,203,昼－昼,曇,市街地－その他,舗装－乾燥,一般交通の場所,環状交差点以外 環状交差点以外をいう。,施設なし,00,23,00,23,00,0,その他,規制なし,0,4,人対車両,65～74歳,65～74歳,乗用車－普通車,歩行者,自家用,対象外当事者,乗用車,対象外当事者,指定の速度規制なし等,対象外当事者,80,00,小破,対象外当事者,その他,対象外当事者,その他,対象外当事者,損傷なし,死亡,月,その他,32.198854,130.765278,2020-06-29,15:50,red,,,,,,,,,,,,
本票,大分,中央,0264,死亡,1,0,02100,下,1350,201,夜－夜,曇,市街地－その他,舗装－湿潤,交差点付近－その他,環状交差点以外 環状交差点以外をいう。,点灯－押ボタン式,00,23,00,23,05,9,単路（交差点付近を含む）,規制なし,3,1,人対車両,65～74歳,65～74歳,乗用車－普通車,歩行者,自家用,対象外当事者,乗用車,対象外当事者,50㎞／ｈ以下,対象外当事者,10,00,小破,対象外当事者,その他,対象外当事者,その他,対象外当事者,損傷なし,死亡,土,その他,33.230496,131.597746,2020-06-13,22:38,red,,,,,,,,,,,,
本票,大分,白石,0113,死亡,1,0,30000,対象外,0000,202,昼－昼,曇,非市街地,舗装－乾燥,交差点－その他,環状交差点以外 環状交差点以外をいう。,施設なし,01,21,00,23,18,2,交差点内,規制なし,5,2,車両単独,65～74歳,不明,乗用車－軽自動車,物件等,自家用,対象外当事者,乗用車,対象外当事者,指定の速度規制なし等,対象外当事者,10,00,大破,対象外当事者,装備あり 作動,対象外当事者,その他,対象外当事者,死亡,対象外当事者,日,その他,33.248285,131.465179,2020-06-14,07:40,red,,,,,,,,,,,,
本票,大分,江別,0010,死亡,1,2,02130,対象外,0252,214,昼－昼,晴,非市街地,舗装－乾燥,交差点付近－その他,環状交差点以外 環状交差点以外をいう。,施設なし,00,23,00,23,03,4,単路（交差点付近を含む）,規制なし,4,2,車両相互,45～54歳,75歳以上,貨物車－準中型車,乗用車－軽自動車,自家用,自家用,貨物車,乗用車,指定の速度規制なし等,指定の速度規制なし等,50,50,中破,大破,その他,装備あり 作動,その他,その他,負傷,死亡,火,その他,33.467043,131.728122,2020-06-02,10:20,red,,,,,,,,,,,,
本票,宮崎,白石,0097,死亡,1,0,10330,対象外,0000,204,昼－昼,晴,市街地－その他,舗装－乾燥,単路－カーブ・屈折,環状交差点以外 環状交差点以外をいう。,施設なし,00,23,00,23,03,2,単路（交差点付近を含む）,規制なし,5,3,車両単独,65～74歳,不明,二輪車－自動二輪－小型二輪－251～400cc,物件等,自家用,対象外当事者,対象外当事者,対象外当事者,指定の速度規制なし等,対象外当事者,40,00,小破,対象外当事者,対象外当事者,対象外当事者,対象外当事者,対象外当事者,死亡,対象外当事者,月,その他,31.691441,131.311604,2020-06-22,13:05,red,,,,,,,,,,,,
本票,宮崎,つがる,0131,死亡,1,0,00100,上,2905,406,夜－夜,雨,市街地－その他,舗装－湿潤,単路－その他,環状交差点以外 環状交差点以外をいう。,施設なし,00,23,00,23,03,9,単路（交差点付近を含む）,規制なし,4,2,人対車両,0～24歳,65～74歳,乗用車－軽自動車,歩行者,自家用,対象外当事者,乗用車,対象外当事者,指定の速度規制なし等,対象外当事者,10,00,小破,対象外当事者,その他,対象外当事者,その他,対象外当事者,損傷なし,死亡,火,その他,32.259249,131.556729,2020-06-09,21:33,red,,,,,,,,,,,,
本票,鹿児島,室蘭,0049,死亡,1,1,10630,対象外,0000,221,昼－昼,雨,非市街地,舗装－湿潤,単路－カーブ・屈折,環状交差点以外 環状交差点以外をいう。,施設なし,00,23,00,23,04,5,単路（交差点付近を含む）,規制なし,6,4,車両相互,45～54歳,55～64歳,貨物車－大型車,貨物車－大型車,事業用,事業用,貨物車,貨物車,70㎞／ｈ以下,70㎞／ｈ以下,10,10,中破,中破,その他,その他,その他,その他,負傷,死亡,土,その他,31.521732,131.060994,2020-06-27,09:38,red,,,,,,,,,,,,
本票,沖縄,滝川,0078,死亡,1,0,03310,下,0039,201,夜－暮,晴,市街地－人口集中,舗装－乾燥,単路－その他,環状交差点以外 環状交差点以外をいう。,施設なし,00,23,00,23,05,9,その他,規制なし,1,2,車両単独,25～34歳,不明,二輪車－自動二輪－小型二輪－251～400cc,物件等,自家用,対象外当事者,対象外当事者,対象外当事者,50㎞／ｈ以下,対象外当事者,11,00,小破,対象外当事者,対象外当事者,対象外当事者,対象外当事者,対象外当事者,死亡,対象外当事者,火,その他,26.184903,127.655815,2020-06-16,20:17,red,,,,,,,,,,,,
本票,北海道（札幌方面）,中央,0239,死亡,1,0,39990,対象外,0000,101,昼－昼,晴,市街地－人口集中,舗装－乾燥,交差点－その他,環状交差点以外 環状交差点以外をいう。,施設なし,01,21,09,22,18,9,交差点内,規制なし,4,2,車両相互,55～64歳,0～24歳,貨物車－普通車,軽車両－自転車,自家用,対象外当事者,貨物車,対象外当事者,40㎞／ｈ以下,対象外当事者,80,10,小破,中破,その他,対象外当事者,その他,対象外当事者,損傷なし,死亡,月,その他,43.052026,141.349432,2020-07-06,15:16,red,,,,,,,,,,,,
本票,北海道（札幌方面）,西,0208,死亡,1,0,15070,対象外,0000,107,夜－夜,曇,市街地－人口集中,舗装－乾燥,単路－カーブ・屈折,環状交差点以外 環状交差点以外をいう。,施設なし,00,23,00,23,05,4,単路（交差点付近を含む）,規制なし,1,2,車両単独,25～34歳,不明,二輪車－自動二輪－小型二輪－251～400cc,物件等,自家用,対象外当事者,対象外当事者,対象外当事者,50㎞／ｈ以下,対象外当事者,20,00,小破,対象外当事者,対象外当事者,対象外当事者,対象外当事者,対象外当事者,死亡,対象外当事者,日,その他,43.089427,141.260519,2020-07-12,00:48,red,,,,,,,,,,,,
本票,北海道（札幌方面）,東,0263,死亡,3,0,39990,対象外,0000,103,昼－暮,曇,市街地－人口集中,舗装－乾燥,交差点－その他,環状交差点以外 環状交差点以外をいう。,施設なし,01,21,09,22,15,9,交差点内,規制なし,4,2,車両相互,65～74歳,25～34歳,乗用車－普通車,貨物車－普通車,自家用,自家用,乗用車,貨物車,指定の速度規制なし等,50㎞／ｈ以下,50,80,大破,大破,装備あり 作動,装備あり 作動,その他,装備あり 作動,死亡,死亡,日,その他,43.101738,141.432399,2020-07-05,18:44,red,,,,,,,,,,,,
本票,北海道（札幌方面）,余市,0011,死亡,1,0,03930,対象外,0204,409,昼－昼,晴,非市街地,舗装－乾燥,単路－カーブ・屈折,環状交差点以外 環状交差点以外をいう。,施設なし,00,23,00,23,03,4,単路（交差点付近を含む）,規制なし,4,4,車両単独,0～24歳,不明,二輪車－自動二輪－小型二輪－401～750ｃｃ,相手なし,自家用,対象外当事者,対象外当事者,対象外当事者,40㎞／ｈ以下,対象外当事者,10,00,大破,対象外当事者,対象外当事者,対象外当事者,対象外当事者,対象外当事者,死亡,対象外当事者,日,その他,43.087621,140.973075,2020-07-05,14:35,red,,,,,,,,,,,,
本票,北海道（札幌方面）,倶知安,0020,死亡,1,0,02300,対象外,0673,398,夜－夜,晴,非市街地,舗装－乾燥,単路－カーブ・屈折,環状交差点以外 環状交差点以外をいう。,施設なし,00,23,00,23,05,5,単路（交差点付近を含む）,規制なし,1,2,車両単独,45～54歳,不明,乗用車－普通車,物件等,自家用,対象外当事者,乗用車,対象外当事者,50㎞／ｈ以下,対象外当事者,50,00,大破,対象外当事者,その他,対象外当事者,その他,対象外当事者,死亡,対象外当事者,水,その他,42.783999,140.942497,2020-07-29,00:35,red,,,,,,,,,,,,
本票,北海道（札幌方面）,北,0326,死亡,1,0,10310,対象外,0000,303,昼－昼,晴,非市街地,舗装－乾燥,単路－カーブ・屈折,環状交差点以外 環状交差点以外をいう。,施設なし,00,23,00,23,03,3,単路（交差点付近を含む）,規制なし,4,2,車両単独,45～54歳,不明,二輪車－自動二輪－小型二輪－751ｃｃ以上,物件等,自家用,対象外当事者,対象外当事者,対象外当事者,指定の速度規制なし等,対象外当事者,10,00,大破,対象外当事者,対象外当事者,対象外当事者,対象外当事者,対象外当事者,死亡,対象外当事者,日,その他,43.357683,141.567799,2020-07-05,10:44,red,,,,,,,,,,,,
本票,北海道（札幌方面）,北,0334,死亡,1,1,99000,対象外,0000,102,昼－昼,晴,市街地－人口集中,舗装－乾燥,一般交通の場所,環状交差点以外 環状交差点以外をいう。,施設なし,00,23,00,23,00,0,その他,規制なし,0,4,人対車両,75歳以上,75歳以上,乗用車－軽自動車,歩行者,自家用,対象外当事者,乗用車,対象外当事者,指定の速度規制なし等,対象外当事者,10,00,小破,対象外当事者,その他,対象外当事者,その他,対象外当事者,損傷なし,死亡,土,その他,43.143181,141.371907,2020-07-11,14:46,red,,,,,,,,,,,,