資料区分,都道府県コード,警察署等コード,本票番号,事故内容,死者数,負傷者数,路線コード,上下線,地点コード,市区町村コード,昼夜,天候,地形,路面状態,道路形状,環状交差点の直径,信号機,一時停止規制　標識（当事者A）,一時停止規制　表示（当事者A）,一時停止規制　標識（当事者B）,一時停止規制　表示（当事者B）,車道幅員,道路線形,衝突地点,ゾーン規制,中央分離帯施設等,歩車道区分,事故類型,年齢（当事者A）,年齢（当事者B）,当事者種別（当事者A）,当事者種別（当事者B）,用途別（当事者A）,用途別（当事者B）,車両形状（当事者A）,車両形状（当事者B）,速度規制（指定のみ）（当事者A）,速度規制（指定のみ）（当事者B）,車両の衝突部位（当事者A）,車両の衝突部位（当事者B）,車両の損壊程度（当事者A）,車両の損壊程度（当事者B）,エアバッグの装備（当事者A）,エアバッグの装備（当事者B）,サイドエアバッグの装備（当事者A）,サイドエアバッグの装備（当事者B）,人身損傷程度（当事者A）,人身損傷程度（当事者B）,曜日(発生年月日),祝日(発生年月日),緯度,経度,発生日,発生時,color,発生地点,道路管理者区分,道路区分,道路構造,曲線半径,縦断勾配,トンネル番号,当事者車両台数,車両単独事故の対象物,臨時速度規制の有無,速度規制（臨時のみ）,トンネル延長距離
本票,北海道（札幌方面）,豊平,0338,死亡,1,0,29990,対象外,0000,110,夜－夜,晴,市街地－人口集中,舗装－乾燥,交差点－その他,環状交差点以外 環状交差点以外をいう。,点灯－３灯式,09,22,00,23,18,9,交差点内,規制なし,5,2,車両単独,0～24歳,不明,二輪車－自動二輪－原付二種－51～125cc,相手なし,自家用,対象外当事者,対象外当事者,対象外当事者,50㎞／ｈ以下,対象外当事者,12,00,小破,対象外当事者,対象外当事者,対象外当事者,対象外当事者,対象外当事者,死亡,対象外当事者,金,当日,42.994321,141.457338,2020-07-24,23:10,red,,,,,,,,,,,,
本票,北海道（札幌方面）,手稲,0120,死亡,1,0,39990,対象外,0000,109,昼－昼,晴,市街地－人口集中,舗装－乾燥,交差点－その他,環状交差点以外 環状交差点以外をいう。,施設なし,01,22,00,23,14,9,交差点内,規制なし,4,2,人対車両,35～44歳,65～74歳,乗用車－普通車,歩行者,自家用,対象外当事者,乗用車,対象外当事者,指定の速度規制なし等,対象外当事者,10,00,小破,対象外当事者,その他,対象外当事者,その他,対象外当事者,損傷なし,死亡,土,その他,43.116063,141.281906,2020-07-18,14:15,red,,,,,,,,,,,,
本票,北海道（函館方面）,江差,0006,死亡,1,0,10410,対象外,0000,367,昼－昼,晴,市街地－その他,舗装－乾燥,交差点－その他,環状交差点以外 環状交差点以外をいう。,施設なし,09,22,09,22,14,9,交差点内,規制なし,4,2,車両相互,35～44歳,75歳以上,貨物車－中型車,二輪車－原付自転車,自家用,自家用,貨物車,対象外当事者,40㎞／ｈ以下,指定の速度規制なし等,10,10,小破,小破,その他,対象外当事者,その他,対象外当事者,損傷なし,死亡,月,その他,42.064223,139.450623,2020-07-13,08:20,red,,,,,,,,,,,,
本票,北海道（旭川方面）,名寄,0010,死亡,1,1,00400,対象外,1018,469,昼－明,晴,非市街地,舗装－乾燥,単路－その他,環状交差点以外 環状交差点以外をいう。,施設なし,00,23,00,23,03,9,単路（交差点付近を含む）,規制なし,4,2,車両単独,65～74歳,不明,貨物車－普通車,物件等,自家用,対象外当事者,貨物車,対象外当事者,指定の速度規制なし等,対象外当事者,10,00,大破,対象外当事者,その他,対象外当事者,その他,対象外当事者,死亡,対象外当事者,火,その他,44.517267,142.329145,2020-07-14,04:59,red,,,,,,,,,,,,
本票,北海道（釧路方面）,弟子屈,0007,死亡,1,0,10150,対象外,0000,664,昼－昼,雨,非市街地,舗装－湿潤,単路－その他,環状交差点以外 環状交差点以外をいう。,施設なし,00,23,00,23,03,9,単路（交差点付近を含む）,規制なし,4,2,車両単独,35～44歳,不明,乗用車－普通車,物件等,自家用,対象外当事者,乗用車,対象外当事者,指定の速度規制なし等,対象外当事者,80,00,大破,対象外当事者,その他,対象外当事者,その他,対象外当事者,死亡,対象外当事者,水,前日,43.462297,144.668605,2020-07-22,06:10,red,,,,,,,,,,,,
本票,北海道（釧路方面）,帯広,0189,死亡,1,0,39990,対象外,0000,207,昼－昼,曇,市街地－人口集中,舗装－乾燥,交差点－その他,環状交差点以外 環状交差点以外をいう。,施設なし,09,22,00,23,15,9,交差点内,規制なし,5,2,車両単独,75歳以上,不明,乗用車－軽自動車,物件等,自家用,対象外当事者,乗用車,対象外当事者,指定の速度規制なし等,対象外当事者,10,00,中破,対象外当事者,装備あり 作動,対象外当事者,その他,対象外当事者,死亡,対象外当事者,日,その他,42.915439,143.118948,2020-07-12,10:15,red,,,,,,,,,,,,
本票,青森,中央,0278,死亡,1,0,30000,対象外,0000,201,夜－夜,曇,市街地－人口集中,舗装－乾燥,交差点－その他,環状交差点以外 環状交差点以外をいう。,施設なし,09,22,00,23,17,9,交差点内,規制なし,5,2,人対車両,45～54歳,55～64歳,乗用車－軽自動車,歩行者,自家用,対象外当事者,乗用車,対象外当事者,50㎞／ｈ以下,対象外当事者,80,00,中破,対象外当事者,その他,対象外当事者,その他,対象外当事者,損傷なし,死亡,木,その他,40.819488,140.772851,2020-07-30,23:47,red,,,,,,,,,,,,
本票,宮城,芦別,0067,死亡,1,0,30000,対象外,0000,212,昼－昼,晴,非市街地,舗装－乾燥,単路－カーブ・屈折,環状交差点以外 環状交差点以外をいう。,施設なし,00,23,00,23,02,3,単路（交差点付近を含む）,規制なし,5,4,車両単独,75歳以上,不明,軽車両－自転車,相手なし,対象外当事者,対象外当事者,対象外当事者,対象外当事者,対象外当事者,対象外当事者,10,00,損壊なし,対象外当事者,対象外当事者,対象外当事者,対象外当事者,対象外当事者,死亡,対象外当事者,月,当日,38.649376,141.209866,2020-05-04,10:50,red,,,,,,,,,,,,
本票,宮城,室蘭,0031,死亡,1,1,00040,上,4104,213,昼－昼,曇,非市街地,舗装－乾燥,単路－その他,環状交差点以外 環状交差点以外をいう。,施設なし,00,23,00,23,03,9,単路（交差点付近を含む）,規制なし,4,2,車両相互,35～44歳,55～64歳,乗用車－普通車,乗用車－軽自動車,自家用,自家用,乗用車,乗用車,50㎞／ｈ以下,50㎞／ｈ以下,10,10,中破,大破,装備あり 作動,装備あり 作動,その他,その他,負傷,死亡,月,その他,38.699749,141.005652,2020-07-13,13:25,red,,,,,,,,,,,,
本票,秋田,高速道路交通警察隊,0003,死亡,1,0,50010,上,1856,207,昼－昼,晴,非市街地,舗装－乾燥,単路－その他,環状交差点以外 環状交差点以外をいう。,施設なし,00,23,00,23,04,9,その他,規制なし,3,3,車両単独,65～74歳,不明,二輪車－自動二輪－小型二輪－751ｃｃ以上,物件等,自家用,対象外当事者,対象外当事者,対象外当事者,70㎞／ｈ以下,対象外当事者,10,00,小破,対象外当事者,対象外当事者,対象外当事者,対象外当事者,対象外当事者,死亡,対象外当事者,金,当日,39.084194,140.481988,2020-07-24,10:53,red,1856,国土交通省,走行車線－第一通行帯,非分離－その他,直線,平坦・該当なし,,1,その他,該当なし,70㎞/h以下,0
本票,秋田,白石,0032,死亡,1,0,02850,対象外,0000,204,昼－昼,晴,非市街地,舗装－乾燥,単路－その他,環状交差点以外 環状交差点以外をいう。,施設なし,00,23,00,23,03,9,単路（交差点付近を含む）,規制なし,4,2,車両相互,65～74歳,75歳以上,乗用車－普通車,貨物車－軽自動車,自家用,自家用,乗用車,貨物車,指定の速度規制なし等,指定の速度規制なし等,50,51,大破,大破,装備あり 作動,装備あり 作動,その他,その他,損傷なし,死亡,火,その他,40.186328,140.505648,2020-07-21,10:27,red,,,,,,,,,,,,
本票,福島,栗山,0256,死亡,1,0,30000,対象外,0000,203,夜－暮,曇,市街地－人口集中,舗装－乾燥,単路－その他,環状交差点以外 環状交差点以外をいう。,施設なし,00,23,00,23,04,9,単路（交差点付近を含む）,規制なし,4,2,人対車両,45～54歳,65～74歳,貨物車－普通車,歩行者,自家用,対象外当事者,貨物車,対象外当事者,40㎞／ｈ以下,対象外当事者,10,00,小破,対象外当事者,その他,対象外当事者,その他,対象外当事者,損傷なし,死亡,木,当日,37.398189,140.342764,2020-07-23,19:32,red,,,,,,,,,,,,
本票,福島,つがる,0063,死亡,1,0,20000,対象外,0000,207,昼－昼,曇,非市街地,舗装－乾燥,交差点－その他,環状交差点以外 環状交差点以外をいう。,施設なし,09,22,09,22,14,9,交差点内,規制なし,4,2,車両相互,55～64歳,35～44歳,貨物車－軽自動車,二輪車－自動二輪－小型二輪－751ｃｃ以上,自家用,自家用,貨物車,対象外当事者,指定の速度規制なし等,50㎞／ｈ以下,10,40,小破,中破,その他,対象外当事者,その他,対象外当事者,損傷なし,死亡,金,その他,37.269582,140.418876,2020-07-17,15:40,red,,,,,,,,,,,,
本票,福島,つがる,0065,死亡,1,0,00040,下,2172,207,夜－夜,曇,市街地－その他,舗装－湿潤,単路－その他,環状交差点以外 環状交差点以外をいう。,施設なし,00,23,00,23,04,9,単路（交差点付近を含む）,規制なし,1,2,車両相互,45～54歳,55～64歳,貨物車－大型車,二輪車－自動二輪－原付二種－51～125cc,事業用,自家用,貨物車,対象外当事者,指定の速度規制なし等,指定の速度規制なし等,80,30,小破,大破,その他,対象外当事者,その他,対象外当事者,損傷なし,死亡,日,その他,37.317427,140.364388,2020-07-26,01:28,red,,,,,,,,,,,,
本票,福島,厚別,0175,死亡,1,1,00490,下,0807,203,昼－昼,曇,非市街地,舗装－乾燥,単路－その他,環状交差点以外 環状交差点以外をいう。,施設なし,00,23,00,23,03,9,単路（交差点付近を含む）,規制なし,4,3,車両相互,35～44歳,75歳以上,貨物車－大型車,貨物車－軽自動車,事業用,自家用,貨物車,貨物車,指定の速度規制なし等,指定の速度規制なし等,20,50,小破,大破,その他,装備あり 作動,その他,その他,損傷なし,死亡,金,その他,37.470168,140.315100,2020-07-03,10:32,red,,,,,,,,,,,,
本票,福島,厚別,0190,死亡,1,0,30000,対象外,0000,203,昼－明,曇,非市街地,舗装－乾燥,単路－その他,環状交差点以外 環状交差点以外をいう。,施設なし,00,23,00,23,02,7,単路（交差点付近を含む）,規制なし,5,1,車両単独,75歳以上,不明,特殊車－小型－農耕作業用,相手なし,対象外当事者,対象外当事者,対象外当事者,対象外当事者,指定の速度規制なし等,対象外当事者,80,00,小破,対象外当事者,対象外当事者,対象外当事者,対象外当事者,対象外当事者,死亡,対象外当事者,日,その他,37.457471,140.404053,2020-07-19,04:40,red,,,,,,,,,,,,
本票,東京,高速道路交通警察隊,0257,死亡,1,1,50290,上,0000,121,夜－夜,雨,市街地－人口集中,舗装－湿潤,単路－カーブ・屈折,環状交差点以外 環状交差点以外をいう。,施設なし,00,23,00,23,04,1,単路（交差点付近を含む）,規制なし,1,4,車両単独,25～34歳,不明,乗用車－普通車,物件等,自家用,対象外当事者,乗用車,対象外当事者,60㎞／ｈ以下,対象外当事者,40,00,小破,対象外当事者,その他,対象外当事者,その他,対象外当事者,損傷なし,対象外当事者,水,その他,35.766156,139.761821,2020-07-01,23:30,red,0,首都高速道路,走行車線－第一通行帯,完全分離－その他,カーブ－100m以上,上り・下り－５％以上,,1,防護柵－コンクリート,該当なし,60㎞/h以下,0
本票,東京,高速道路交通警察隊,0258,死亡,1,1,50150,上,0000,119,夜－夜,曇,市街地－人口集中,舗装－湿潤,単路－その他,環状交差点以外 環状交差点以外をいう。,施設なし,00,23,00,23,03,7,単路（交差点付近を含む）,規制なし,1,4,車両単独,0～24歳,不明,乗用車－軽自動車,物件等,自家用,対象外当事者,乗用車,対象外当事者,40㎞／ｈ以下,対象外当事者,14,00,大破,対象外当事者,その他,対象外当事者,その他,対象外当事者,死亡,対象外当事者,月,その他,35.775437,139.681152,2020-07-13,01:55,red,0,首都高速道路,ランプウェイ－入路,その他,該当なし,平坦・該当なし,,1,防護柵－その他,該当なし,該当なし,0
本票,東京,高速道路交通警察隊,0259,死亡,1,0,50360,下,0000,205,夜－夜,曇,非市街地,舗装－乾燥,単路－トンネル,環状交差点以外 環状交差点以外をいう。,施設なし,00,23,00,23,03,9,単路（交差点付近を含む）,規制なし,1,4,車両単独,35～44歳,不明,二輪車－自動二輪－小型二輪－751ｃｃ以上,物件等,自家用,対象外当事者,対象外当事者,対象外当事者,80㎞／ｈ以下,対象外当事者,10,00,大破,対象外当事者,対象外当事者,対象外当事者,対象外当事者,対象外当事者,死亡,対象外当事者,月,その他,35.783051,139.297750,2020-07-27,00:55,red,553,東日本高速道路,走行車線－第一通行帯,完全分離－トンネル,直線,平坦・該当なし,青梅,1,防護柵－トンネル壁,該当なし,該当なし,2095
本票,東京,高速道路交通警察隊,0260,死亡,1,0,50350,上,0000,201,夜－夜,曇,非市街地,舗装－乾燥,単路－その他,環状交差点以外 環状交差点以外をいう。,施設なし,00,23,00,23,03,9,単路（交差点付近を含む）,規制なし,1,4,車両単独,75歳以上,不明,貨物車－軽自動車,物件等,自家用,対象外当事者,貨物車,対象外当事者,40㎞／ｈ以下,対象外当事者,10,00,大破,対象外当事者,装備あり 作動,対象外当事者,その他,対象外当事者,死亡,対象外当事者,木,その他,35.641092,139.248985,2020-07-30,20:30,red,366,中日本高速道路,減速車線,完全分離－高架・橋梁,直線,平坦・該当なし,,1,中央分離帯－ガードレール,該当なし,該当なし,0
本票,東京,大森,0222,死亡,2,0,10130,対象外,0000,111,夜－夜,曇,市街地－人口集中,舗装－湿潤,交差点－その他,環状交差点以外 環状交差点以外をいう。,点灯－３灯式,09,22,00,23,18,3,交差点内,規制なし,5,1,車両単独,0～24歳,不明,乗用車－普通車,物件等,自家用,対象外当事者,乗用車,対象外当事者,50㎞／ｈ以下,対象外当事者,10,00,大破,対象外当事者,その他,対象外当事者,その他,対象外当事者,死亡,対象外当事者,木,その他,35.591313,139.718722,2020-07-09,01:59,red,,,,,,,,,,,,
本票,東京,蒲田,0164,死亡,1,0,30000,対象外,0000,111,昼－昼,雨,市街地－人口集中,舗装－湿潤,踏切－第一種,環状交差点以外 環状交差点以外をいう。,施設なし,00,23,00,23,06,9,その他,規制なし,5,4,列車,25～34歳,35～44歳,列車,歩行者,対象外当事者,対象外当事者,対象外当事者,対象外当事者,対象外当事者,対象外当事者,10,00,損壊なし,対象外当事者,対象外当事者,対象外当事者,対象外当事者,対象外当事者,損傷なし,死亡,土,その他,35.554156,139.712620,2020-07-18,08:28,red,,,,,,,,,,,,
本票,東京,成城,0213,死亡,1,0,00200,下,0175,112,夜－夜,曇,市街地－人口集中,舗装－湿潤,交差点－その他,環状交差点以外 環状交差点以外をいう。,点灯－３灯式,09,22,00,23,18,9,交差点内,規制なし,5,1,人対車両,45～54歳,0～24歳,乗用車－軽自動車,歩行者,自家用,対象外当事者,乗用車,対象外当事者,50㎞／ｈ以下,対象外当事者,10,00,中破,対象外当事者,その他,対象外当事者,その他,対象外当事者,損傷なし,死亡,木,その他,35.672822,139.608870,2020-07-09,22:57,red,,,,,,,,,,,,
本票,東京,代々木,0086,死亡,1,0,00200,下,0107,113,昼－明,曇,市街地－人口集中,舗装－乾燥,交差点－その他,環状交差点以外 環状交差点以外をいう。,点灯－３灯式,09,22,09,22,18,9,交差点内,規制なし,5,2,車両相互,45～54歳,55～64歳,貨物車－軽自動車,二輪車－自動二輪－軽二輪－126～250cc,事業用,自家用,貨物車,対象外当事者,指定の速度規制なし等,指定の速度規制なし等,10,40,大破,大破,装備あり 作動,対象外当事者,その他,対象外当事者,損傷なし,死亡,月,その他,35.678635,139.681227,2020-07-13,05:24,red,,,,,,,,,,,,
本票,東京,王子,0051,死亡,1,0,10130,対象外,0000,117,夜－明,曇,市街地－人口集中,舗装－乾燥,単路－その他,環状交差点以外 環状交差点以外をいう。,施設なし,00,23,00,23,06,9,単路（交差点付近を含む）,規制なし,1,1,人対車両,45～54歳,0～24歳,乗用車－軽自動車,歩行者,自家用,対象外当事者,乗用車,対象外当事者,50㎞／ｈ以下,対象外当事者,10,00,小破,対象外当事者,その他,対象外当事者,その他,対象外当事者,損傷なし,死亡,日,その他,35.764033,139.715603,2020-07-19,04:06,red,,,,,,,,,,,,
本票,東京,赤羽,0069,死亡,1,0,30000,対象外,0000,117,昼－昼,曇,市街地－人口集中,舗装－乾燥,交差点－その他,環状交差点以外 環状交差点以外をいう。,施設なし,09,22,01,21,11,9,交差点内,規制なし,5,4,車両相互,0～24歳,75歳以上,貨物車－普通車,軽車両－自転車,自家用,対象外当事者,貨物車,対象外当事者,指定の速度規制なし等,対象外当事者,20,10,小破,小破,その他,対象外当事者,その他,対象外当事者,損傷なし,死亡,土,その他,35.782331,139.728442,2020-07-11,13:05,red,,,,,,,,,,,,
本票,東京,南大沢,0194,死亡,1,0,30820,対象外,0000,209,夜－夜,晴,市街地－人口集中,舗装－乾燥,交差点－その他,環状交差点以外 環状交差点以外をいう。,施設なし,09,22,00,23,15,8,交差点内,規制なし,4,2,人対車両,55～64歳,55～64歳,貨物車－大型車,歩行者,事業用,対象外当事者,貨物車,対象外当事者,40㎞／ｈ以下,対象外当事者,10,00,小破,対象外当事者,その他,対象外当事者,その他,対象外当事者,損傷なし,死亡,木,その他,35.603345,139.363268,2020-07-02,23:03,red,,,,,,,,,,,,
本票,東京,青梅,0158,死亡,1,0,20000,対象外,0000,205,昼－昼,晴,市街地－人口集中,舗装－乾燥,単路－カーブ・屈折,環状交差点以外 環状交差点以外をいう。,施設なし,00,23,00,23,03,4,単路（交差点付近を含む）,規制なし,4,3,車両単独,45～54歳,不明,二輪車－自動二輪－小型二輪－401～750ｃｃ,物件等,自家用,対象外当事者,対象外当事者,対象外当事者,30㎞／ｈ以下,対象外当事者,10,00,小破,対象外当事者,対象外当事者,対象外当事者,対象外当事者,対象外当事者,死亡,対象外当事者,日,その他,35.780815,139.222530,2020-07-19,14:45,red,,,,,,,,,,,,
本票,東京,町田,0258,死亡,1,0,10610,対象外,0000,209,昼－昼,雨,市街地－その他,舗装－湿潤,交差点－その他,環状交差点以外 環状交差点以外をいう。,施設なし,01,22,09,22,14,9,交差点内,規制なし,4,1,車両相互,35～44歳,65～74歳,乗用車－普通車,二輪車－自動二輪－原付二種－51～125cc,自家用,自家用,乗用車,対象外当事者,40㎞／ｈ以下,40㎞／ｈ以下,50,10,小破,小破,その他,対象外当事者,その他,対象外当事者,損傷なし,死亡,金,その他,35.599579,139.467217,2020-07-17,08:55,red,,,,,,,,,,,,
本票,東京,町田,0259,死亡,1,1,30560,対象外,0000,209,昼－暮,雨,市街地－人口集中,舗装－湿潤,交差点－その他,環状交差点以外 環状交差点以外をいう。,点灯－３灯式,09,22,09,22,14,9,交差点内,規制なし,5,2,車両相互,45～54歳,0～24歳,乗用車－軽自動車,二輪車－自動二輪－原付二種－51～125cc,自家用,自家用,乗用車,対象外当事者,40㎞／ｈ以下,40㎞／ｈ以下,10,10,小破,小破,その他,対象外当事者,その他,対象外当事者,損傷なし,死亡,月,その他,35.549844,139.434047,2020-07-27,18:13,red,,,,,,,,,,,,
本票,東京,小平,0126,死亡,1,0,10240,対象外,0000,211,夜－夜,曇,市街地－人口集中,舗装－乾燥,単路－その他,環状交差点以外 環状交差点以外をいう。,施設なし,00,23,00,23,04,9,単路（交差点付近を含む）,規制なし,4,1,車両相互,35～44歳,75歳以上,貨物車－軽自動車,軽車両－自転車,自家用,対象外当事者,貨物車,対象外当事者,40㎞／ｈ以下,対象外当事者,10,30,中破,中破,その他,対象外当事者,その他,対象外当事者,損傷なし,死亡,水,前日,35.730319,139.473488,2020-07-22,01:07,red,,,,,,,,,,,,
本票,茨城,美唄,0053,死亡,1,0,30000,対象外,0000,234,昼－昼,曇,非市街地,舗装－乾燥,単路－その他,環状交差点以外 環状交差点以外をいう。,施設なし,00,23,00,23,01,8,単路（交差点付近を含む）,規制なし,5,4,人対車両,45～54歳,65～74歳,貨物車－中型車,歩行者,自家用,対象外当事者,貨物車,対象外当事者,指定の速度規制なし等,対象外当事者,60,00,小破,対象外当事者,その他,対象外当事者,その他,対象外当事者,損傷なし,死亡,木,その他,36.179486,140.566977,2020-07-30,12:20,red,,,,,,,,,,,,
本票,茨城,三戸,0067,死亡,1,0,03540,上,0000,233,昼－暮,曇,非市街地,舗装－乾燥,単路－その他,環状交差点以外 環状交差点以外をいう。,施設なし,00,23,00,23,03,9,単路（交差点付近を含む）,規制なし,4,2,車両相互,65～74歳,35～44歳,乗用車－普通車,乗用車－普通車,自家用,自家用,乗用車,乗用車,指定の速度規制なし等,指定の速度規制なし等,51,51,大破,大破,装備あり 作動,装備あり 作動,その他,その他,死亡,損傷なし,日,その他,36.100439,140.418656,2020-07-05,18:05,red,,,,,,,,,,,,
本票,茨城,伊達,0070,死亡,1,0,21310,対象外,0000,210,昼－昼,曇,非市街地,舗装－湿潤,単路－その他,環状交差点以外 環状交差点以外をいう。,施設なし,00,23,00,23,03,9,単路（交差点付近を含む）,規制なし,4,2,車両相互,25～34歳,35～44歳,乗用車－普通車,二輪車－原付自転車,自家用,自家用,乗用車,対象外当事者,指定の速度規制なし等,指定の速度規制なし等,50,10,中破,大破,装備あり 作動,対象外当事者,その他,対象外当事者,損傷なし,死亡,水,その他,36.193156,139.974810,2020-07-01,06:25,red,,,,,,,,,,,,
本票,茨城,伊達,0072,死亡,1,0,21370,対象外,0000,521,昼－昼,曇,非市街地,舗装－乾燥,単路－カーブ・屈折,環状交差点以外 環状交差点以外をいう。,施設なし,00,23,00,23,03,6,単路（交差点付近を含む）,規制なし,4,3,車両相互,55～64歳,75歳以上,貨物車－大型車,乗用車－普通車,自家用,自家用,貨物車,乗用車,40㎞／ｈ以下,40㎞／ｈ以下,50,51,小破,大破,その他,装備あり 作動,その他,その他,損傷なし,死亡,土,その他,36.180875,139.896894,2020-07-11,05:35,red,,,,,,,,,,,,
本票,茨城,手稲,0179,死亡,1,0,21330,対象外,0000,220,昼－昼,晴,非市街地,舗装－乾燥,単路－その他,環状交差点以外 環状交差点以外をいう。,施設なし,00,23,00,23,03,9,単路（交差点付近を含む）,規制なし,4,2,人対車両,45～54歳,75歳以上,乗用車－普通車,歩行者,自家用,対象外当事者,乗用車,対象外当事者,50㎞／ｈ以下,対象外当事者,10,00,小破,対象外当事者,その他,対象外当事者,その他,対象外当事者,損傷なし,死亡,月,その他,36.086573,140.010462,2020-07-20,07:35,red,,,,,,,,,,,,
本票,栃木,白石,0170,死亡,1,0,22690,対象外,0000,203,昼－昼,曇,非市街地,舗装－乾燥,交差点－その他,環状交差点以外 環状交差点以外をいう。,施設なし,09,22,00,23,15,9,交差点内,規制なし,4,2,人対車両,65～74歳,75歳以上,乗用車－大型車,歩行者,事業用,対象外当事者,乗用車,対象外当事者,指定の速度規制なし等,対象外当事者,50,00,小破,対象外当事者,その他,対象外当事者,その他,対象外当事者,損傷なし,死亡,土,その他,36.379678,139.728305,2020-07-04,13:59,red,,,,,,,,,,,,
本票,栃木,東,0153,死亡,1,2,22700,対象外,0000,204,昼－昼,雨,市街地－その他,舗装－湿潤,単路－その他,環状交差点以外 環状交差点以外をいう。,施設なし,00,23,00,23,04,9,単路（交差点付近を含む）,規制なし,1,2,車両相互,25～34歳,35～44歳,乗用車－普通車,乗用車－軽自動車,自家用,自家用,乗用車,乗用車,50㎞／ｈ以下,50㎞／ｈ以下,80,20,小破,大破,その他,その他,その他,その他,負傷,死亡,水,前日,36.324223,139.566050,2020-07-22,06:27,red,,,,,,,,,,,,
本票,栃木,千歳,0091,死亡,1,0,30000,対象外,0000,342,昼－昼,曇,非市街地,舗装－乾燥,交差点－その他,環状交差点以外 環状交差点以外をいう。,点灯－３灯式,09,22,00,23,15,9,交差点内,規制なし,4,2,車両単独,65～74歳,不明,二輪車－原付自転車,相手なし,自家用,対象外当事者,対象外当事者,対象外当事者,30㎞／ｈ以下,対象外当事者,20,00,小破,対象外当事者,対象外当事者,対象外当事者,対象外当事者,対象外当事者,死亡,対象外当事者,日,その他,36.490756,140.098047,2020-07-05,10:19,red,,,,,,,,,,,,
本票,栃木,三戸,0085,死亡,1,1,02930,対象外,0000,214,昼－昼,雨,非市街地,舗装－湿潤,単路－その他,環状交差点以外 環状交差点以外をいう。,施設なし,00,23,00,23,01,9,単路（交差点付近を含む）,規制なし,5,2,車両相互,75歳以上,35～44歳,乗用車－軽自動車,乗用車－軽自動車,自家用,自家用,乗用車,乗用車,50㎞／ｈ以下,50㎞／ｈ以下,50,50,大破,大破,装備あり 作動,装備あり 作動,その他,その他,死亡,負傷,水,前日,36.698106,140.010744,2020-07-22,15:48,red,,,,,,,,,,,,
本票,群馬,高速道路交通警察隊,0024,死亡,1,1,42020,下,1054,208,昼－昼,晴,非市街地,舗装－乾燥,単路－橋,環状交差点以外 環状交差点以外をいう。,施設なし,00,23,00,23,05,4,単路（交差点付近を含む）,規制なし,1,4,人対車両,25～34歳,75歳以上,貨物車－中型車,歩行者,事業用,対象外当事者,貨物車,対象外当事者,80㎞／ｈ以下,対象外当事者,81,00,中破,対象外当事者,その他,対象外当事者,その他,対象外当事者,負傷,死亡,木,その他,36.485564,139.028221,2020-07-02,11:01,red,1054,東日本高速道路,登板車線,完全分離－高架・橋梁,カーブ－1000m以上,上り・下り－３％以上,,2,該当なし,該当なし,該当なし,0
本票,群馬,高速道路交通警察隊,0030,死亡,1,1,42040,下,0095,202,昼－昼,雨,非市街地,舗装－湿潤,単路－その他,環状交差点以外 環状交差点以外をいう。,施設なし,00,23,00,23,05,9,その他,規制なし,1,4,車両単独,35～44歳,不明,貨物車－普通車,物件等,自家用,対象外当事者,貨物車,対象外当事者,指定の速度規制なし等,対象外当事者,58,00,大破,対象外当事者,装備あり 作動,対象外当事者,その他,対象外当事者,負傷,対象外当事者,火,その他,36.243294,139.009742,2020-07-28,06:05,red,95,東日本高速道路,走行車線－第一通行帯,完全分離－高架・橋梁,該当なし,平坦－１％未満,,2,中央分離帯－ガードレール,あり－異常気象,80㎞/h以下,0
本票,群馬,西,1342,死亡,1,0,00170,上,0000,202,夜－夜,曇,市街地－その他,舗装－乾燥,単路－橋,環状交差点以外 環状交差点以外をいう。,施設なし,00,23,00,23,05,9,単路（交差点付近を含む）,規制なし,1,4,人対車両,45～54歳,45～54歳,乗用車－普通車,歩行者,自家用,対象外当事者,乗用車,対象外当事者,指定の速度規制なし等,対象外当事者,80,00,小破,対象外当事者,その他,対象外当事者,その他,対象外当事者,損傷なし,死亡,水,その他,36.311039,139.027034,2020-07-01,22:54,red,,,,,,,,,,,,
本票,群馬,東,0140,死亡,1,0,37000,対象外,0000,209,昼－昼,晴,非市街地,舗装－乾燥,単路－橋,環状交差点以外 環状交差点以外をいう。,施設なし,00,23,00,23,02,6,単路（交差点付近を含む）,規制なし,5,4,車両単独,75歳以上,不明,軽車両－自転車,相手なし,対象外当事者,対象外当事者,対象外当事者,対象外当事者,対象外当事者,対象外当事者,00,00,小破,対象外当事者,対象外当事者,対象外当事者,対象外当事者,対象外当事者,死亡,対象外当事者,月,その他,36.240901,139.046320,2020-07-20,08:35,red,,,,,,,,,,,,
本票,群馬,美唄,0549,死亡,1,0,10340,対象外,0000,205,昼－明,雨,市街地－その他,舗装－湿潤,交差点－その他,環状交差点以外 環状交差点以外をいう。,点灯－３灯式,09,22,00,23,15,9,その他,規制なし,5,2,車両単独,45～54歳,不明,乗用車－普通車,物件等,自家用,対象外当事者,乗用車,対象外当事者,40㎞／ｈ以下,対象外当事者,10,00,小破,対象外当事者,その他,対象外当事者,その他,対象外当事者,死亡,対象外当事者,水,その他,36.345935,139.287827,2020-07-01,04:42,red,,,,,,,,,,,,
本票,群馬,滝川,0288,死亡,1,1,00500,下,0000,203,昼－昼,曇,市街地－その他,舗装－乾燥,交差点－その他,環状交差点以外 環状交差点以外をいう。,点灯－３灯式,09,22,09,22,19,9,交差点内,規制なし,5,2,車両相互,0～24歳,55～64歳,乗用車－普通車,二輪車－自動二輪－小型二輪－751ｃｃ以上,自家用,自家用,乗用車,対象外当事者,指定の速度規制なし等,指定の速度規制なし等,70,10,中破,大破,装備あり 作動,対象外当事者,装備あり 作動,対象外当事者,負傷,死亡,土,その他,36.386976,139.323829,2020-07-11,05:45,red,,,,,,,,,,,,