資料区分,都道府県コード,警察署等コード,本票番号,事故内容,死者数,負傷者数,路線コード,上下線,地点コード,市区町村コード,昼夜,天候,地形,路面状態,道路形状,環状交差点の直径,信号機,一時停止規制　標識（当事者A）,一時停止規制　表示（当事者A）,一時停止規制　標識（当事者B）,一時停止規制　表示（当事者B）,車道幅員,道路線形,衝突地点,ゾーン規制,中央分離帯施設等,歩車道区分,事故類型,年齢（当事者A）,年齢（当事者B）,当事者種別（当事者A）,当事者種別（当事者B）,用途別（当事者A）,用途別（当事者B）,車両形状（当事者A）,車両形状（当事者B）,速度規制（指定のみ）（当事者A）,速度規制（指定のみ）（当事者B）,車両の衝突部位（当事者A）,車両の衝突部位（当事者B）,車両の損壊程度（当事者A）,車両の損壊程度（当事者B）,エアバッグの装備（当事者A）,エアバッグの装備（当事者B）,サイドエアバッグの装備（当事者A）,サイドエアバッグの装備（当事者B）,人身損傷程度（当事者A）,人身損傷程度（当事者B）,曜日(発生年月日),祝日(発生年月日),緯度,経度,発生日,発生時,color,発生地点,道路管理者区分,道路区分,道路構造,曲線半径,縦断勾配,トンネル番号,当事者車両台数,車両単独事故の対象物,臨時速度規制の有無,速度規制（臨時のみ）,トンネル延長距離
本票,群馬,芦別,0240,死亡,1,0,37000,対象外,0000,208,昼－昼,曇,非市街地,舗装－湿潤,単路－その他,環状交差点以外 環状交差点以外をいう。,施設なし,00,23,00,23,03,9,単路（交差点付近を含む）,規制なし,4,3,車両単独,55～64歳,不明,二輪車－自動二輪－軽二輪－126～250cc,物件等,自家用,対象外当事者,対象外当事者,対象外当事者,40㎞／ｈ以下,対象外当事者,10,00,小破,対象外当事者,対象外当事者,対象外当事者,対象外当事者,対象外当事者,死亡,対象外当事者,土,その他,36.545940,139.066900,2020-06-27,11:30,red,,,,,,,,,,,,
本票,群馬,岩内,0518,死亡,1,1,37020,対象外,0000,201,昼－明,曇,市街地－人口集中,舗装－乾燥,単路－カーブ・屈折,環状交差点以外 環状交差点以外をいう。,施設なし,00,23,00,23,04,6,単路（交差点付近を含む）,規制なし,4,2,車両相互,0～24歳,75歳以上,乗用車－普通車,乗用車－軽自動車,自家用,自家用,乗用車,乗用車,50㎞／ｈ以下,50㎞／ｈ以下,51,50,大破,大破,装備あり 作動,その他,その他,その他,損傷なし,死亡,土,その他,36.404185,139.080917,2020-07-11,05:32,red,,,,,,,,,,,,
本票,埼玉,栗山,0522,死亡,1,0,39990,対象外,0000,201,夜－明,雨,非市街地,舗装－湿潤,単路－カーブ・屈折,環状交差点以外 環状交差点以外をいう。,施設なし,00,23,00,23,03,6,単路（交差点付近を含む）,規制なし,4,3,車両単独,25～34歳,不明,二輪車－原付自転車,物件等,自家用,対象外当事者,対象外当事者,対象外当事者,30㎞／ｈ以下,対象外当事者,10,00,中破,対象外当事者,対象外当事者,対象外当事者,対象外当事者,対象外当事者,死亡,対象外当事者,日,その他,35.869697,139.491148,2020-07-12,04:09,red,,,,,,,,,,,,
本票,埼玉,砂川,0141,死亡,1,0,02991,対象外,0000,209,夜－夜,晴,非市街地,舗装－乾燥,単路－カーブ・屈折,環状交差点以外 環状交差点以外をいう。,施設なし,00,23,00,23,03,2,単路（交差点付近を含む）,規制なし,4,2,車両単独,0～24歳,不明,二輪車－自動二輪－原付二種－51～125cc,物件等,自家用,対象外当事者,対象外当事者,対象外当事者,40㎞／ｈ以下,対象外当事者,12,00,中破,対象外当事者,対象外当事者,対象外当事者,対象外当事者,対象外当事者,死亡,対象外当事者,金,その他,35.929180,139.195667,2020-07-03,00:25,red,,,,,,,,,,,,
本票,埼玉,南,0384,死亡,1,0,10490,対象外,0000,222,夜－夜,雨,市街地－その他,舗装－湿潤,単路－その他,環状交差点以外 環状交差点以外をいう。,施設なし,00,23,00,23,04,9,単路（交差点付近を含む）,規制なし,4,2,人対車両,45～54歳,45～54歳,乗用車－軽自動車,歩行者,自家用,対象外当事者,乗用車,対象外当事者,40㎞／ｈ以下,対象外当事者,50,00,小破,対象外当事者,その他,対象外当事者,その他,対象外当事者,損傷なし,死亡,月,その他,35.870979,139.794201,2020-07-13,22:52,red,,,,,,,,,,,,
本票,埼玉,南,0410,死亡,1,0,39990,対象外,0000,222,昼－昼,雨,非市街地,舗装－湿潤,単路－カーブ・屈折,環状交差点以外 環状交差点以外をいう。,施設なし,00,23,00,23,03,3,単路（交差点付近を含む）,規制なし,4,2,車両単独,35～44歳,不明,二輪車－自動二輪－軽二輪－126～250cc,物件等,自家用,対象外当事者,対象外当事者,対象外当事者,40㎞／ｈ以下,対象外当事者,12,00,大破,対象外当事者,対象外当事者,対象外当事者,対象外当事者,対象外当事者,死亡,対象外当事者,日,その他,35.895362,139.758815,2020-07-26,12:13,red,,,,,,,,,,,,
本票,埼玉,武南,0211,死亡,1,0,39990,対象外,0000,203,昼－昼,曇,市街地－その他,舗装－乾燥,交差点－その他,環状交差点以外 環状交差点以外をいう。,施設なし,09,22,00,23,15,7,交差点内,規制なし,5,3,車両単独,65～74歳,不明,乗用車－軽自動車,物件等,自家用,対象外当事者,乗用車,対象外当事者,30㎞／ｈ以下,対象外当事者,18,00,中破,対象外当事者,装備あり 作動,対象外当事者,その他,対象外当事者,死亡,対象外当事者,日,その他,35.826043,139.757113,2020-06-28,15:58,red,,,,,,,,,,,,
本票,千葉,余市,0030,死亡,1,0,30000,対象外,0000,235,夜－夜,曇,市街地－人口集中,舗装－乾燥,単路－カーブ・屈折,環状交差点以外 環状交差点以外をいう。,施設なし,00,23,00,23,03,6,単路（交差点付近を含む）,規制なし,4,3,人対車両,45～54歳,75歳以上,乗用車－軽自動車,歩行者,自家用,対象外当事者,乗用車,対象外当事者,40㎞／ｈ以下,対象外当事者,10,00,中破,対象外当事者,その他,対象外当事者,その他,対象外当事者,損傷なし,死亡,水,その他,35.704770,140.557322,2020-07-29,21:07,red,,,,,,,,,,,,
本票,千葉,倶知安,0092,死亡,1,0,30000,対象外,0000,237,夜－暮,雨,非市街地,舗装－湿潤,単路－その他,環状交差点以外 環状交差点以外をいう。,施設なし,00,23,00,23,03,9,単路（交差点付近を含む）,規制なし,5,3,人対車両,35～44歳,55～64歳,乗用車－普通車,歩行者,自家用,対象外当事者,乗用車,対象外当事者,指定の速度規制なし等,対象外当事者,80,00,中破,対象外当事者,その他,対象外当事者,その他,対象外当事者,損傷なし,死亡,木,その他,35.581548,140.483136,2020-07-09,19:51,red,,,,,,,,,,,,
本票,千葉,伊達,0189,死亡,1,1,10300,対象外,0000,423,昼－昼,曇,非市街地,舗装－乾燥,交差点－その他,環状交差点以外 環状交差点以外をいう。,施設なし,09,22,00,23,14,9,交差点内,規制なし,4,3,車両単独,65～74歳,不明,乗用車－普通車,物件等,自家用,対象外当事者,乗用車,対象外当事者,40㎞／ｈ以下,対象外当事者,80,00,大破,対象外当事者,装備あり 作動,対象外当事者,その他,対象外当事者,負傷,対象外当事者,金,その他,35.413945,140.389378,2020-07-31,14:47,red,,,,,,,,,,,,
本票,千葉,浦河,0372,死亡,2,0,30000,対象外,0000,219,昼－昼,曇,非市街地,舗装－乾燥,単路－カーブ・屈折,環状交差点以外 環状交差点以外をいう。,施設なし,00,23,00,23,03,3,単路（交差点付近を含む）,規制なし,4,3,車両相互,45～54歳,45～54歳,貨物車－大型車,貨物車－軽自動車,自家用,自家用,貨物車,貨物車,指定の速度規制なし等,指定の速度規制なし等,10,10,中破,大破,その他,装備あり 作動,その他,その他,損傷なし,死亡,土,その他,35.486647,140.159701,2020-07-11,14:43,red,,,,,,,,,,,,
本票,千葉,浦河,0379,死亡,1,0,30000,対象外,0000,219,夜－夜,雨,市街地－人口集中,舗装－湿潤,単路－その他,環状交差点以外 環状交差点以外をいう。,施設なし,00,23,00,23,05,9,単路（交差点付近を含む）,規制なし,4,2,人対車両,25～34歳,75歳以上,乗用車－普通車,歩行者,自家用,対象外当事者,乗用車,対象外当事者,50㎞／ｈ以下,対象外当事者,10,00,小破,対象外当事者,その他,対象外当事者,その他,対象外当事者,損傷なし,死亡,月,その他,35.522415,140.129698,2020-07-13,23:32,red,,,,,,,,,,,,
本票,千葉,浦河,0396,死亡,1,0,30000,対象外,0000,219,夜－暮,雨,非市街地,舗装－湿潤,単路－その他,環状交差点以外 環状交差点以外をいう。,施設なし,00,23,00,23,02,9,単路（交差点付近を含む）,規制なし,5,3,人対車両,45～54歳,75歳以上,乗用車－軽自動車,歩行者,自家用,対象外当事者,乗用車,対象外当事者,指定の速度規制なし等,対象外当事者,10,00,小破,対象外当事者,その他,対象外当事者,その他,対象外当事者,損傷なし,死亡,木,当日,35.427449,140.111843,2020-07-23,19:41,red,,,,,,,,,,,,
本票,千葉,千葉東,0171,死亡,1,0,01260,下,0000,104,昼－昼,晴,市街地－人口集中,舗装－乾燥,交差点付近－その他,環状交差点以外 環状交差点以外をいう。,施設なし,00,23,00,23,03,2,単路（交差点付近を含む）,規制なし,4,2,車両単独,65～74歳,不明,乗用車－軽自動車,物件等,自家用,対象外当事者,乗用車,対象外当事者,40㎞／ｈ以下,対象外当事者,10,00,大破,対象外当事者,装備あり 作動,対象外当事者,その他,対象外当事者,死亡,対象外当事者,水,その他,35.584119,140.249254,2020-07-08,17:10,red,,,,,,,,,,,,
本票,千葉,四街道,0098,死亡,1,0,30000,対象外,0000,228,夜－暮,雨,市街地－人口集中,舗装－湿潤,交差点－その他,環状交差点以外 環状交差点以外をいう。,施設なし,09,22,00,23,15,9,交差点内,規制なし,4,2,人対車両,45～54歳,75歳以上,乗用車－普通車,歩行者,自家用,対象外当事者,乗用車,対象外当事者,40㎞／ｈ以下,対象外当事者,10,00,中破,対象外当事者,その他,対象外当事者,その他,対象外当事者,損傷なし,死亡,金,その他,35.696360,140.184354,2020-07-17,19:28,red,,,,,,,,,,,,
本票,神奈川,高速道路交通警察隊,0199,死亡,1,2,42710,上,8660,364,昼－昼,曇,非市街地,舗装－乾燥,単路－その他,環状交差点以外 環状交差点以外をいう。,施設なし,00,23,00,23,05,8,単路（交差点付近を含む）,規制なし,1,3,人対車両,35～44歳,35～44歳,貨物車－準中型車,歩行者,自家用,対象外当事者,貨物車,対象外当事者,80㎞／ｈ以下,対象外当事者,54,00,中破,対象外当事者,その他,対象外当事者,その他,対象外当事者,負傷,死亡,木,その他,35.365127,139.101974,2020-07-16,07:22,red,650,中日本高速道路,追越車線,完全分離－高低分離,該当なし,上り・下り－３％以上,,1,該当なし,該当なし,該当なし,0
本票,神奈川,浦和東,0179,死亡,1,0,30440,対象外,0000,102,昼－昼,曇,市街地－その他,舗装－乾燥,単路－その他,環状交差点以外 環状交差点以外をいう。,施設なし,00,23,00,23,05,9,単路（交差点付近を含む）,規制なし,1,2,車両単独,25～34歳,不明,二輪車－自動二輪－軽二輪－126～250cc,物件等,自家用,対象外当事者,対象外当事者,対象外当事者,指定の速度規制なし等,対象外当事者,12,00,小破,対象外当事者,対象外当事者,対象外当事者,対象外当事者,対象外当事者,死亡,対象外当事者,日,その他,35.479459,139.579918,2020-07-05,17:50,red,,,,,,,,,,,,
本票,神奈川,大宮東,0260,死亡,1,0,30460,対象外,0000,101,夜－夜,曇,市街地－人口集中,舗装－乾燥,単路－その他,環状交差点以外 環状交差点以外をいう。,施設なし,00,23,00,23,05,9,単路（交差点付近を含む）,規制なし,4,1,車両相互,55～64歳,25～34歳,乗用車－普通車,二輪車－自動二輪－軽二輪－126～250cc,自家用,自家用,乗用車,対象外当事者,50㎞／ｈ以下,50㎞／ｈ以下,70,10,中破,大破,その他,対象外当事者,その他,対象外当事者,損傷なし,死亡,日,その他,35.531249,139.666756,2020-07-05,21:03,red,,,,,,,,,,,,
本票,神奈川,千葉東,0214,死亡,1,4,21090,対象外,0000,106,昼－昼,雨,市街地－その他,舗装－乾燥,交差点－その他,環状交差点以外 環状交差点以外をいう。,施設なし,08,22,00,23,15,9,交差点内,規制なし,4,3,車両単独,75歳以上,不明,二輪車－自動二輪－原付二種－51～125cc,物件等,自家用,対象外当事者,対象外当事者,対象外当事者,30㎞／ｈ以下,対象外当事者,10,00,小破,対象外当事者,対象外当事者,対象外当事者,対象外当事者,対象外当事者,死亡,対象外当事者,月,その他,35.480617,139.570344,2020-07-13,13:16,red,,,,,,,,,,,,
本票,神奈川,港北,0247,死亡,1,0,30440,対象外,0000,109,昼－昼,晴,市街地－人口集中,舗装－乾燥,交差点－その他,環状交差点以外 環状交差点以外をいう。,点灯－３灯式,09,22,09,22,17,9,交差点内,規制なし,1,2,車両相互,45～54歳,45～54歳,乗用車－大型車,二輪車－原付自転車,事業用,自家用,乗用車,対象外当事者,50㎞／ｈ以下,30㎞／ｈ以下,56,40,小破,小破,その他,対象外当事者,その他,対象外当事者,損傷なし,死亡,水,その他,35.522033,139.638364,2020-07-08,12:55,red,,,,,,,,,,,,
本票,神奈川,都筑,0231,死亡,1,0,30000,対象外,0000,118,昼－昼,曇,市街地－人口集中,舗装－乾燥,交差点－その他,環状交差点以外 環状交差点以外をいう。,点灯－３灯式,09,22,09,22,15,9,交差点内,規制なし,5,2,車両相互,35～44歳,0～24歳,乗用車－大型車,軽車両－自転車,事業用,対象外当事者,乗用車,対象外当事者,50㎞／ｈ以下,対象外当事者,10,14,小破,小破,その他,対象外当事者,その他,対象外当事者,損傷なし,死亡,金,当日,35.544721,139.575129,2020-07-24,16:25,red,,,,,,,,,,,,
本票,神奈川,麻生,0165,死亡,1,0,30000,対象外,0000,137,昼－昼,雨,市街地－人口集中,舗装－湿潤,単路－カーブ・屈折,環状交差点以外 環状交差点以外をいう。,施設なし,00,23,00,23,01,2,単路（交差点付近を含む）,規制なし,5,1,車両単独,65～74歳,不明,軽車両－自転車,相手なし,対象外当事者,対象外当事者,対象外当事者,対象外当事者,対象外当事者,対象外当事者,00,00,小破,対象外当事者,対象外当事者,対象外当事者,対象外当事者,対象外当事者,死亡,対象外当事者,土,その他,35.591440,139.521596,2020-07-11,13:00,red,,,,,,,,,,,,
本票,神奈川,多摩,0214,死亡,1,0,30000,対象外,0000,135,夜－暮,晴,市街地－人口集中,舗装－乾燥,単路－その他,環状交差点以外 環状交差点以外をいう。,施設なし,00,23,00,23,03,9,単路（交差点付近を含む）,規制なし,5,3,人対車両,0～24歳,75歳以上,二輪車－原付自転車,歩行者,自家用,対象外当事者,対象外当事者,対象外当事者,30㎞／ｈ以下,対象外当事者,10,00,小破,対象外当事者,対象外当事者,対象外当事者,対象外当事者,対象外当事者,損傷なし,死亡,日,その他,35.614513,139.535432,2020-07-19,19:49,red,,,,,,,,,,,,
本票,神奈川,藤沢北,0159,死亡,1,4,30000,対象外,0000,205,昼－暮,曇,市街地－人口集中,舗装－乾燥,単路－その他,環状交差点以外 環状交差点以外をいう。,施設なし,00,23,00,23,03,9,単路（交差点付近を含む）,規制なし,4,3,車両相互,35～44歳,25～34歳,乗用車－大型車,貨物車－普通車,事業用,自家用,乗用車,貨物車,30㎞／ｈ以下,30㎞／ｈ以下,50,10,小破,中破,その他,装備あり 作動,その他,その他,負傷,死亡,木,その他,35.380126,139.482081,2020-05-07,18:22,red,,,,,,,,,,,,
本票,神奈川,小田原,0323,死亡,1,2,01350,対象外,0000,206,昼－昼,晴,非市街地,舗装－乾燥,単路－カーブ・屈折,環状交差点以外 環状交差点以外をいう。,施設なし,00,23,00,23,03,6,単路（交差点付近を含む）,規制なし,4,4,車両相互,25～34歳,75歳以上,乗用車－普通車,乗用車－軽自動車,自家用,自家用,乗用車,乗用車,50㎞／ｈ以下,50㎞／ｈ以下,18,81,大破,大破,装備あり 作動,装備あり 作動,その他,その他,負傷,死亡,日,その他,35.215741,139.141289,2020-07-19,12:26,red,,,,,,,,,,,,
本票,神奈川,小田原,0338,死亡,1,0,02550,対象外,0000,206,昼－昼,曇,市街地－人口集中,舗装－乾燥,交差点付近－その他,環状交差点以外 環状交差点以外をいう。,施設なし,00,23,00,23,04,9,単路（交差点付近を含む）,規制なし,4,2,車両相互,0～24歳,45～54歳,軽車両－自転車,軽車両－駆動補助機付自転車,対象外当事者,対象外当事者,対象外当事者,対象外当事者,対象外当事者,対象外当事者,30,10,小破,小破,対象外当事者,対象外当事者,対象外当事者,対象外当事者,損傷なし,死亡,火,その他,35.260608,139.160105,2020-07-28,08:08,red,,,,,,,,,,,,
本票,神奈川,秦野,0164,死亡,1,1,10620,対象外,0000,211,夜－夜,雨,市街地－人口集中,舗装－湿潤,単路－その他,環状交差点以外 環状交差点以外をいう。,施設なし,00,23,00,23,04,9,単路（交差点付近を含む）,規制なし,4,2,車両単独,0～24歳,不明,二輪車－原付自転車,物件等,自家用,対象外当事者,対象外当事者,対象外当事者,指定の速度規制なし等,対象外当事者,10,00,大破,対象外当事者,対象外当事者,対象外当事者,対象外当事者,対象外当事者,死亡,対象外当事者,水,その他,35.362163,139.220798,2020-07-29,00:16,red,,,,,,,,,,,,
本票,神奈川,大和,0465,死亡,1,0,30000,対象外,0000,213,昼－昼,曇,市街地－その他,舗装－湿潤,交差点付近－その他,環状交差点以外 環状交差点以外をいう。,施設なし,00,23,00,23,03,9,単路（交差点付近を含む）,規制なし,5,4,人対車両,55～64歳,55～64歳,貨物車－大型車,歩行者,自家用,対象外当事者,貨物車,対象外当事者,指定の速度規制なし等,対象外当事者,80,00,損壊なし,対象外当事者,その他,対象外当事者,その他,対象外当事者,損傷なし,死亡,水,その他,35.495044,139.465460,2020-07-15,07:50,red,,,,,,,,,,,,
本票,神奈川,海老名,0140,死亡,1,2,30000,対象外,0000,215,昼－昼,雨,市街地－その他,舗装－湿潤,単路－カーブ・屈折,環状交差点以外 環状交差点以外をいう。,施設なし,00,23,00,23,02,6,単路（交差点付近を含む）,規制なし,5,3,人対車両,35～44歳,65～74歳,乗用車－普通車,歩行者,自家用,対象外当事者,乗用車,対象外当事者,30㎞／ｈ以下,対象外当事者,10,00,大破,対象外当事者,装備あり 作動,対象外当事者,その他,対象外当事者,負傷,死亡,火,その他,35.463527,139.410736,2020-07-14,07:10,red,,,,,,,,,,,,
本票,新潟,浦和西,0091,死亡,1,0,04050,対象外,0000,222,昼－明,雨,非市街地,舗装－湿潤,単路－その他,環状交差点以外 環状交差点以外をいう。,施設なし,00,23,00,23,03,9,その他,規制なし,4,2,車両単独,0～24歳,不明,乗用車－普通車,相手なし,自家用,対象外当事者,乗用車,対象外当事者,50㎞／ｈ以下,対象外当事者,80,00,大破,対象外当事者,装備あり 作動,対象外当事者,装備あり 作動,対象外当事者,死亡,対象外当事者,土,その他,37.099750,138.310572,2020-07-11,05:00,red,,,,,,,,,,,,
本票,新潟,浦和西,0094,死亡,1,2,25610,対象外,0000,222,夜－夜,雨,市街地－その他,舗装－湿潤,単路－カーブ・屈折,環状交差点以外 環状交差点以外をいう。,施設なし,00,23,00,23,03,3,その他,規制なし,5,2,車両単独,0～24歳,不明,乗用車－普通車,物件等,自家用,対象外当事者,乗用車,対象外当事者,40㎞／ｈ以下,対象外当事者,10,00,大破,対象外当事者,装備あり 作動,対象外当事者,その他,対象外当事者,負傷,対象外当事者,土,その他,37.177139,138.298508,2020-07-25,02:00,red,,,,,,,,,,,,
本票,山梨,東,0152,死亡,1,0,70000,対象外,0000,207,昼－昼,晴,非市街地,舗装－乾燥,単路－カーブ・屈折,環状交差点以外 環状交差点以外をいう。,施設なし,00,23,00,23,03,2,単路（交差点付近を含む）,規制なし,4,3,車両単独,45～54歳,不明,二輪車－自動二輪－小型二輪－751ｃｃ以上,相手なし,自家用,対象外当事者,対象外当事者,対象外当事者,40㎞／ｈ以下,対象外当事者,10,00,中破,対象外当事者,対象外当事者,対象外当事者,対象外当事者,対象外当事者,死亡,対象外当事者,日,その他,35.743624,138.477225,2020-07-12,14:50,red,,,,,,,,,,,,
本票,山梨,三戸,0080,死亡,1,2,01390,下,0000,202,昼－昼,曇,非市街地,舗装－乾燥,交差点付近－その他,環状交差点以外 環状交差点以外をいう。,点灯－３灯式,00,23,00,23,05,8,単路（交差点付近を含む）,規制なし,3,2,車両単独,0～24歳,不明,乗用車－普通車,物件等,自家用,対象外当事者,乗用車,対象外当事者,50㎞／ｈ以下,対象外当事者,10,00,大破,対象外当事者,装備あり 作動,対象外当事者,装備あり 作動,対象外当事者,死亡,対象外当事者,日,その他,35.481395,138.810008,2020-07-05,05:50,red,,,,,,,,,,,,
本票,長野,伊達,0052,死亡,1,0,10140,対象外,0000,204,夜－夜,曇,市街地－人口集中,舗装－乾燥,交差点付近－その他,環状交差点以外 環状交差点以外をいう。,施設なし,00,23,00,23,04,9,単路（交差点付近を含む）,規制なし,4,2,人対車両,45～54歳,65～74歳,貨物車－準中型車,歩行者,自家用,対象外当事者,貨物車,対象外当事者,40㎞／ｈ以下,対象外当事者,10,00,中破,対象外当事者,その他,対象外当事者,その他,対象外当事者,損傷なし,死亡,木,その他,36.051465,138.031339,2020-07-30,02:05,red,,,,,,,,,,,,
本票,静岡,高速道路交通警察隊,0100,死亡,1,0,42720,下,0000,344,夜－夜,雨,非市街地,舗装－湿潤,単路－カーブ・屈折,環状交差点以外 環状交差点以外をいう。,施設なし,00,23,00,23,03,6,単路（交差点付近を含む）,規制なし,1,3,車両相互,55～64歳,0～24歳,貨物車－大型車,貨物車－準中型車,事業用,自家用,貨物車,貨物車,80㎞／ｈ以下,80㎞／ｈ以下,50,75,小破,大破,その他,その他,その他,その他,損傷なし,死亡,月,その他,35.348376,138.982106,2020-07-06,20:29,red,744,中日本高速道路,走行車線－第一通行帯,完全分離－高低分離,カーブ－500m以上,平坦－１％未満,,2,該当なし,該当なし,該当なし,0
本票,静岡,芦別,0428,死亡,1,0,00010,下,1942,214,夜－夜,雨,非市街地,舗装－湿潤,単路－その他,環状交差点以外 環状交差点以外をいう。,施設なし,00,23,00,23,05,9,単路（交差点付近を含む）,規制なし,1,4,車両相互,45～54歳,35～44歳,貨物車－大型車,二輪車－原付自転車,事業用,自家用,貨物車,対象外当事者,60㎞／ｈ以下,30㎞／ｈ以下,80,30,小破,大破,その他,対象外当事者,その他,対象外当事者,損傷なし,死亡,水,その他,34.911256,138.288938,2020-07-08,00:57,red,,,,,,,,,,,,
本票,静岡,室蘭,0342,死亡,1,0,37000,対象外,0000,213,夜－暮,雨,非市街地,舗装－湿潤,交差点－その他,環状交差点以外 環状交差点以外をいう。,施設なし,09,22,01,21,15,9,交差点内,規制なし,4,3,車両相互,25～34歳,0～24歳,乗用車－普通車,二輪車－原付自転車,自家用,自家用,乗用車,対象外当事者,30㎞／ｈ以下,30㎞／ｈ以下,80,10,小破,大破,その他,対象外当事者,その他,対象外当事者,損傷なし,死亡,月,その他,34.788822,138.075677,2020-07-27,19:39,red,,,,,,,,,,,,
本票,静岡,門別,0643,死亡,1,0,10440,対象外,0000,211,夜－夜,雨,市街地－人口集中,舗装－湿潤,単路－その他,環状交差点以外 環状交差点以外をいう。,施設なし,00,23,00,23,04,9,単路（交差点付近を含む）,規制なし,4,2,車両相互,35～44歳,75歳以上,乗用車－普通車,軽車両－駆動補助機付自転車,自家用,対象外当事者,乗用車,対象外当事者,40㎞／ｈ以下,対象外当事者,10,30,小破,小破,その他,対象外当事者,その他,対象外当事者,損傷なし,死亡,月,その他,34.729910,137.849881,2020-07-13,20:25,red,,,,,,,,,,,,
本票,静岡,門別,0648,死亡,1,0,99000,対象外,0000,211,昼－昼,晴,非市街地,舗装－乾燥,一般交通の場所,環状交差点以外 環状交差点以外をいう。,施設なし,00,23,00,23,00,0,その他,規制なし,0,4,車両単独,35～44歳,不明,乗用車－普通車,相手なし,自家用,対象外当事者,乗用車,対象外当事者,指定の速度規制なし等,対象外当事者,10,00,小破,対象外当事者,その他,対象外当事者,その他,対象外当事者,死亡,対象外当事者,月,その他,34.665658,137.903801,2020-06-15,08:06,red,,,,,,,,,,,,
本票,静岡,北,1192,死亡,1,0,37000,対象外,0000,132,昼－昼,晴,市街地－その他,舗装－乾燥,交差点付近－その他,環状交差点以外 環状交差点以外をいう。,施設なし,00,23,00,23,03,9,単路（交差点付近を含む）,規制なし,4,4,人対車両,35～44歳,75歳以上,貨物車－普通車,歩行者,自家用,対象外当事者,貨物車,対象外当事者,指定の速度規制なし等,対象外当事者,50,00,小破,対象外当事者,その他,対象外当事者,その他,対象外当事者,損傷なし,死亡,金,その他,34.729452,137.762725,2020-07-31,09:25,red,,,,,,,,,,,,
本票,静岡,厚別,0304,死亡,1,0,99000,対象外,0000,135,昼－昼,晴,非市街地,舗装－乾燥,一般交通の場所,環状交差点以外 環状交差点以外をいう。,施設なし,00,23,00,23,00,0,その他,規制なし,0,4,車両単独,65～74歳,不明,貨物車－準中型車,相手なし,自家用,対象外当事者,貨物車,対象外当事者,指定の速度規制なし等,対象外当事者,33,00,小破,対象外当事者,その他,対象外当事者,その他,対象外当事者,死亡,対象外当事者,日,その他,34.844912,137.648425,2020-07-19,08:47,red,,,,,,,,,,,,
本票,富山,白石,0016,死亡,1,1,37000,対象外,0000,207,昼－昼,晴,非市街地,舗装－乾燥,交差点付近－その他,環状交差点以外 環状交差点以外をいう。,点灯－押ボタン式,00,23,00,23,03,6,単路（交差点付近を含む）,規制なし,4,3,車両単独,75歳以上,不明,乗用車－普通車,物件等,自家用,対象外当事者,乗用車,対象外当事者,50㎞／ｈ以下,対象外当事者,80,00,大破,対象外当事者,装備あり 作動,対象外当事者,その他,対象外当事者,負傷,対象外当事者,土,その他,36.865271,137.508389,2020-07-18,12:10,red,,,,,,,,,,,,
本票,富山,武南,0032,死亡,1,0,37000,対象外,0000,210,昼－昼,曇,非市街地,舗装－乾燥,単路－その他,環状交差点以外 環状交差点以外をいう。,施設なし,00,23,00,23,02,9,単路（交差点付近を含む）,規制なし,5,3,車両単独,75歳以上,不明,軽車両－自転車,相手なし,対象外当事者,対象外当事者,対象外当事者,対象外当事者,対象外当事者,対象外当事者,00,00,小破,対象外当事者,対象外当事者,対象外当事者,対象外当事者,対象外当事者,死亡,対象外当事者,金,その他,36.554634,136.915601,2020-07-03,08:55,red,,,,,,,,,,,,
本票,石川,白石,0172,死亡,1,0,30000,対象外,0000,201,夜－暮,晴,市街地－人口集中,舗装－乾燥,交差点－その他,環状交差点以外 環状交差点以外をいう。,点灯－３灯式,09,22,00,23,17,9,交差点内,規制なし,5,2,人対車両,65～74歳,75歳以上,乗用車－普通車,歩行者,自家用,対象外当事者,乗用車,対象外当事者,50㎞／ｈ以下,対象外当事者,50,00,小破,対象外当事者,その他,対象外当事者,その他,対象外当事者,損傷なし,死亡,木,当日,36.588264,136.647435,2020-07-23,20:03,red,,,,,,,,,,,,
本票,石川,岩見沢,0174,死亡,1,0,30000,対象外,0000,212,夜－夜,曇,市街地－人口集中,舗装－湿潤,交差点付近－その他,環状交差点以外 環状交差点以外をいう。,施設なし,00,23,00,23,05,9,単路（交差点付近を含む）,規制なし,4,2,車両相互,45～54歳,45～54歳,貨物車－大型車,乗用車－普通車,事業用,自家用,貨物車,乗用車,50㎞／ｈ以下,50㎞／ｈ以下,30,10,小破,中破,その他,装備あり 作動,その他,その他,損傷なし,死亡,火,その他,36.547169,136.602156,2020-07-28,03:49,red,,,,,,,,,,,,
本票,石川,美唄,0044,死亡,1,0,01590,下,0000,202,昼－昼,曇,市街地－その他,舗装－乾燥,単路－その他,環状交差点以外 環状交差点以外をいう。,施設なし,00,23,00,23,04,9,単路（交差点付近を含む）,規制なし,4,2,人対車両,35～44歳,45～54歳,乗用車－普通車,歩行者,自家用,対象外当事者,乗用車,対象外当事者,指定の速度規制なし等,対象外当事者,10,00,小破,対象外当事者,その他,対象外当事者,その他,対象外当事者,損傷なし,死亡,日,その他,37.034961,136.968681,2020-07-05,12:50,red,,,,,,,,,,,,