資料区分,都道府県コード,警察署等コード,本票番号,事故内容,死者数,負傷者数,路線コード,上下線,地点コード,市区町村コード,昼夜,天候,地形,路面状態,道路形状,環状交差点の直径,信号機,一時停止規制　標識（当事者A）,一時停止規制　表示（当事者A）,一時停止規制　標識（当事者B）,一時停止規制　表示（当事者B）,車道幅員,道路線形,衝突地点,ゾーン規制,中央分離帯施設等,歩車道区分,事故類型,年齢（当事者A）,年齢（当事者B）,当事者種別（当事者A）,当事者種別（当事者B）,用途別（当事者A）,用途別（当事者B）,車両形状（当事者A）,車両形状（当事者B）,速度規制（指定のみ）（当事者A）,速度規制（指定のみ）（当事者B）,車両の衝突部位（当事者A）,車両の衝突部位（当事者B）,車両の損壊程度（当事者A）,車両の損壊程度（当事者B）,エアバッグの装備（当事者A）,エアバッグの装備（当事者B）,サイドエアバッグの装備（当事者A）,サイドエアバッグの装備（当事者B）,人身損傷程度（当事者A）,人身損傷程度（当事者B）,曜日(発生年月日),祝日(発生年月日),緯度,経度,発生日,発生時,color,発生地点,道路管理者区分,道路区分,道路構造,曲線半径,縦断勾配,トンネル番号,当事者車両台数,車両単独事故の対象物,臨時速度規制の有無,速度規制（臨時のみ）,トンネル延長距離
本票,福井,中央,0116,死亡,1,0,37000,対象外,0000,201,昼－昼,曇,市街地－人口集中,舗装－湿潤,単路－その他,環状交差点以外 環状交差点以外をいう。,施設なし,00,23,00,23,03,9,単路（交差点付近を含む）,規制なし,4,2,人対車両,55～64歳,65～74歳,貨物車－準中型車,歩行者,自家用,対象外当事者,貨物車,対象外当事者,40㎞／ｈ以下,対象外当事者,10,00,小破,対象外当事者,その他,対象外当事者,その他,対象外当事者,損傷なし,死亡,火,その他,36.071087,136.202214,2020-06-30,17:00,red,,,,,,,,,,,,
本票,福井,中央,0118,死亡,1,0,37000,対象外,0000,322,昼－昼,雨,市街地－その他,舗装－湿潤,交差点－その他,環状交差点以外 環状交差点以外をいう。,点灯－３灯式,01,22,00,23,15,7,その他,規制なし,5,4,車両単独,65～74歳,不明,軽車両－自転車,相手なし,対象外当事者,対象外当事者,対象外当事者,対象外当事者,対象外当事者,対象外当事者,00,00,小破,対象外当事者,対象外当事者,対象外当事者,対象外当事者,対象外当事者,死亡,対象外当事者,月,その他,36.099217,136.311945,2020-07-06,17:00,red,,,,,,,,,,,,
本票,福井,西,0009,死亡,2,0,01580,対象外,0000,205,昼－昼,晴,非市街地,舗装－乾燥,単路－カーブ・屈折,環状交差点以外 環状交差点以外をいう。,施設なし,00,23,00,23,03,5,その他,規制なし,4,4,車両単独,65～74歳,不明,乗用車－軽自動車,相手なし,自家用,対象外当事者,乗用車,対象外当事者,50㎞／ｈ以下,対象外当事者,10,00,大破,対象外当事者,装備あり 作動,対象外当事者,その他,対象外当事者,死亡,対象外当事者,土,その他,35.875989,136.750207,2020-06-27,13:10,red,,,,,,,,,,,,
本票,福井,砂川,0058,死亡,1,2,37000,対象外,0000,202,昼－昼,曇,市街地－人口集中,舗装－乾燥,交差点－その他,環状交差点以外 環状交差点以外をいう。,施設なし,09,22,04,22,15,7,交差点内,規制なし,5,4,車両相互,35～44歳,35～44歳,貨物車－大型車,乗用車－軽自動車,事業用,自家用,貨物車,乗用車,指定の速度規制なし等,指定の速度規制なし等,10,20,中破,大破,装備あり 作動,装備あり 作動,その他,装備あり 作動,損傷なし,負傷,月,その他,35.654853,136.051544,2020-07-27,14:29,red,,,,,,,,,,,,
本票,岐阜,高速道路交通警察隊,0018,死亡,1,1,42620,下,0000,210,昼－昼,雨,非市街地,舗装－湿潤,単路－カーブ・屈折,環状交差点以外 環状交差点以外をいう。,施設なし,00,23,00,23,05,2,その他,規制なし,1,3,車両単独,35～44歳,不明,貨物車－準中型車,相手なし,自家用,対象外当事者,貨物車,対象外当事者,80㎞／ｈ以下,対象外当事者,54,00,小破,対象外当事者,その他,対象外当事者,その他,対象外当事者,損傷なし,対象外当事者,木,その他,35.454906,137.422649,2020-07-09,13:40,red,2946,中日本高速道路,追越車線,完全分離－その他,カーブ－400m以上,上り・下り－６％以上,,1,法面,該当なし,該当なし,0
本票,岐阜,江別,0126,死亡,1,0,30000,対象外,0000,209,昼－昼,雨,非市街地,舗装－湿潤,交差点－その他,環状交差点以外 環状交差点以外をいう。,施設なし,09,22,09,22,14,9,交差点内,規制なし,4,3,車両相互,65～74歳,75歳以上,乗用車－普通車,軽車両－自転車,自家用,対象外当事者,乗用車,対象外当事者,指定の速度規制なし等,対象外当事者,80,20,小破,小破,その他,対象外当事者,その他,対象外当事者,損傷なし,死亡,金,その他,35.261958,136.662726,2020-07-10,12:48,red,,,,,,,,,,,,
本票,岐阜,門別,0007,死亡,1,0,04710,対象外,0000,217,昼－昼,曇,非市街地,舗装－湿潤,単路－カーブ・屈折,環状交差点以外 環状交差点以外をいう。,施設なし,00,23,00,23,03,3,単路（交差点付近を含む）,規制なし,4,3,車両相互,35～44歳,75歳以上,乗用車－普通車,乗用車－普通車,自家用,自家用,乗用車,乗用車,指定の速度規制なし等,指定の速度規制なし等,50,50,中破,中破,装備あり 作動,装備あり 作動,その他,その他,損傷なし,死亡,金,当日,36.296184,137.129119,2020-07-24,13:37,red,,,,,,,,,,,,
本票,愛知,江別,0350,死亡,1,0,10570,対象外,0068,105,夜－暮,曇,市街地－人口集中,舗装－乾燥,交差点付近－その他,環状交差点以外 環状交差点以外をいう。,施設なし,00,23,00,23,05,1,単路（交差点付近を含む）,規制なし,1,1,車両単独,55～64歳,不明,二輪車－自動二輪－原付二種－51～125cc,相手なし,自家用,対象外当事者,対象外当事者,対象外当事者,50㎞／ｈ以下,対象外当事者,10,00,中破,対象外当事者,対象外当事者,対象外当事者,対象外当事者,対象外当事者,死亡,対象外当事者,日,その他,35.168474,136.838468,2020-07-05,19:45,red,,,,,,,,,,,,
本票,愛知,苫小牧,0277,死亡,1,1,30000,対象外,0000,111,昼－明,曇,非市街地,舗装－乾燥,交差点付近－その他,環状交差点以外 環状交差点以外をいう。,点灯－３灯式,00,23,00,23,03,7,単路（交差点付近を含む）,規制なし,4,4,車両相互,0～24歳,65～74歳,乗用車－普通車,二輪車－自動二輪－原付二種－51～125cc,自家用,自家用,乗用車,対象外当事者,40㎞／ｈ以下,40㎞／ｈ以下,10,13,小破,中破,その他,対象外当事者,その他,対象外当事者,損傷なし,死亡,水,その他,35.092743,136.843594,2020-07-15,05:05,red,,,,,,,,,,,,
本票,愛知,手稲,0378,死亡,1,1,03020,上,0269,113,昼－昼,雨,市街地－その他,舗装－湿潤,交差点－その他,環状交差点以外 環状交差点以外をいう。,点灯－３灯式,09,22,09,22,19,9,交差点内,規制なし,1,1,車両相互,25～34歳,65～74歳,貨物車－大型車,乗用車－軽自動車,事業用,自家用,貨物車,乗用車,指定の速度規制なし等,指定の速度規制なし等,10,40,小破,大破,その他,その他,その他,その他,損傷なし,負傷,火,その他,35.200687,136.993380,2020-07-07,12:40,red,,,,,,,,,,,,
本票,愛知,中原,0433,死亡,1,1,10720,対象外,0063,238,夜－夜,曇,非市街地,舗装－湿潤,単路－その他,環状交差点以外 環状交差点以外をいう。,施設なし,00,23,00,23,05,8,単路（交差点付近を含む）,規制なし,1,1,車両単独,0～24歳,不明,乗用車－軽自動車,物件等,自家用,対象外当事者,乗用車,対象外当事者,指定の速度規制なし等,対象外当事者,85,00,大破,対象外当事者,装備あり 作動,対象外当事者,その他,対象外当事者,損傷なし,対象外当事者,日,その他,35.176664,137.084784,2020-07-26,22:35,red,,,,,,,,,,,,
本票,愛知,宮前,0274,死亡,1,0,10790,対象外,0125,219,昼－明,晴,市街地－その他,舗装－湿潤,交差点－その他,環状交差点以外 環状交差点以外をいう。,点灯－３灯式,09,22,00,23,15,9,交差点内,規制なし,4,2,人対車両,55～64歳,45～54歳,貨物車－中型車,歩行者,事業用,対象外当事者,貨物車,対象外当事者,40㎞／ｈ以下,対象外当事者,10,00,小破,対象外当事者,その他,対象外当事者,その他,対象外当事者,損傷なし,死亡,日,その他,35.281006,136.890383,2020-07-05,04:45,red,,,,,,,,,,,,
本票,愛知,逗子,0633,死亡,1,0,35000,対象外,0000,203,夜－夜,雨,市街地－人口集中,舗装－湿潤,交差点付近－その他,環状交差点以外 環状交差点以外をいう。,施設なし,00,23,00,23,03,9,単路（交差点付近を含む）,規制なし,4,2,人対車両,35～44歳,35～44歳,貨物車－中型車,歩行者,事業用,対象外当事者,貨物車,対象外当事者,50㎞／ｈ以下,対象外当事者,00,00,小破,対象外当事者,その他,対象外当事者,その他,対象外当事者,損傷なし,死亡,火,その他,35.293014,136.835055,2020-06-30,23:35,red,,,,,,,,,,,,
本票,愛知,刈谷,0318,死亡,1,0,35000,対象外,0000,210,昼－昼,曇,非市街地,舗装－乾燥,交差点－その他,環状交差点以外 環状交差点以外をいう。,点灯－３灯式,09,22,09,22,18,9,交差点内,規制なし,4,2,車両相互,45～54歳,55～64歳,貨物車－大型車,軽車両－自転車,自家用,対象外当事者,貨物車,対象外当事者,50㎞／ｈ以下,対象外当事者,50,40,小破,小破,その他,対象外当事者,その他,対象外当事者,損傷なし,死亡,水,その他,34.969806,137.034378,2020-07-29,09:12,red,,,,,,,,,,,,
本票,愛知,岡崎,0624,死亡,1,0,35000,対象外,0000,202,夜－夜,雨,市街地－その他,舗装－湿潤,交差点－その他,環状交差点以外 環状交差点以外をいう。,施設なし,09,22,00,23,15,7,交差点内,規制なし,4,2,人対車両,45～54歳,75歳以上,乗用車－軽自動車,歩行者,自家用,対象外当事者,乗用車,対象外当事者,指定の速度規制なし等,対象外当事者,10,00,小破,対象外当事者,その他,対象外当事者,その他,対象外当事者,損傷なし,死亡,火,その他,34.936624,137.171368,2020-07-07,20:35,red,,,,,,,,,,,,
本票,三重,苫小牧,0076,死亡,1,1,00232,下,0000,201,昼－昼,雨,市街地－その他,舗装－湿潤,交差点－その他,環状交差点以外 環状交差点以外をいう。,点灯－３灯式,09,22,09,22,19,9,交差点内,規制なし,1,2,車両相互,55～64歳,55～64歳,乗用車－普通車,貨物車－軽自動車,自家用,自家用,乗用車,貨物車,指定の速度規制なし等,指定の速度規制なし等,50,80,大破,大破,装備あり 作動,その他,装備あり 作動,その他,負傷,死亡,木,その他,34.679260,136.494700,2020-07-09,07:45,red,,,,,,,,,,,,
本票,三重,上尾,0188,死亡,1,0,02600,下,0000,472,昼－昼,晴,非市街地,舗装－乾燥,単路－カーブ・屈折,環状交差点以外 環状交差点以外をいう。,施設なし,00,23,00,23,03,6,単路（交差点付近を含む）,規制なし,4,3,車両相互,55～64歳,55～64歳,乗用車－普通車,二輪車－自動二輪－軽二輪－126～250cc,自家用,自家用,乗用車,対象外当事者,40㎞／ｈ以下,40㎞／ｈ以下,10,10,小破,中破,その他,対象外当事者,その他,対象外当事者,損傷なし,死亡,金,その他,34.289390,136.570600,2020-07-31,12:34,red,,,,,,,,,,,,
本票,滋賀,中央,0427,死亡,1,0,01616,上,0834,201,夜－夜,曇,市街地－人口集中,舗装－乾燥,単路－カーブ・屈折,環状交差点以外 環状交差点以外をいう。,施設なし,00,23,00,23,05,6,その他,規制なし,1,3,車両単独,0～24歳,不明,乗用車－普通車,物件等,自家用,対象外当事者,乗用車,対象外当事者,70㎞／ｈ以下,対象外当事者,50,00,大破,対象外当事者,装備あり 作動,対象外当事者,その他,対象外当事者,死亡,対象外当事者,木,その他,35.036391,135.852705,2020-07-16,00:30,red,,,,,,,,,,,,
本票,滋賀,白石,0373,死亡,1,0,14310,対象外,0000,206,昼－昼,曇,非市街地,舗装－乾燥,単路－その他,環状交差点以外 環状交差点以外をいう。,施設なし,00,23,00,23,03,9,単路（交差点付近を含む）,規制なし,4,2,車両単独,75歳以上,不明,乗用車－普通車,相手なし,自家用,対象外当事者,乗用車,対象外当事者,指定の速度規制なし等,対象外当事者,00,00,小破,対象外当事者,その他,対象外当事者,その他,対象外当事者,死亡,対象外当事者,月,その他,35.050040,135.949017,2020-07-27,10:18,red,,,,,,,,,,,,
本票,滋賀,西,0234,死亡,1,1,25390,対象外,0000,210,昼－昼,晴,市街地－人口集中,舗装－乾燥,交差点－その他,環状交差点以外 環状交差点以外をいう。,施設なし,09,22,09,22,15,9,交差点内,規制なし,5,2,車両相互,55～64歳,0～24歳,乗用車－普通車,二輪車－自動二輪－軽二輪－126～250cc,自家用,自家用,乗用車,対象外当事者,40㎞／ｈ以下,40㎞／ｈ以下,10,10,小破,中破,その他,対象外当事者,その他,対象外当事者,損傷なし,負傷,日,その他,35.065399,136.027781,2020-07-19,12:25,red,,,,,,,,,,,,
本票,滋賀,東,0172,死亡,1,5,25110,対象外,0000,211,昼－昼,雨,非市街地,舗装－湿潤,交差点－その他,環状交差点以外 環状交差点以外をいう。,点灯－３灯式,09,22,09,22,15,3,交差点内,規制なし,5,2,車両相互,65～74歳,45～54歳,乗用車－普通車,貨物車－軽自動車,自家用,自家用,乗用車,貨物車,40㎞／ｈ以下,40㎞／ｈ以下,70,10,小破,中破,その他,装備あり 作動,その他,その他,負傷,損傷なし,土,その他,34.997004,136.048377,2020-07-11,09:05,red,,,,,,,,,,,,
本票,滋賀,つがる,0144,死亡,1,1,14260,対象外,0000,202,夜－夜,曇,非市街地,舗装－乾燥,単路－その他,環状交差点以外 環状交差点以外をいう。,施設なし,00,23,00,23,03,9,単路（交差点付近を含む）,規制なし,4,2,車両相互,25～34歳,65～74歳,貨物車－準中型車,乗用車－軽自動車,自家用,自家用,貨物車,乗用車,指定の速度規制なし等,指定の速度規制なし等,50,10,大破,大破,装備あり 作動,装備あり 作動,その他,その他,負傷,死亡,日,その他,35.241151,136.185493,2020-07-05,20:39,red,,,,,,,,,,,,
本票,滋賀,美唄,0101,死亡,1,0,70000,対象外,0000,203,昼－昼,曇,非市街地,舗装－乾燥,単路－その他,環状交差点以外 環状交差点以外をいう。,施設なし,00,23,00,23,01,9,単路（交差点付近を含む）,規制なし,5,4,車両単独,45～54歳,不明,特殊車－大型－その他,相手なし,対象外当事者,対象外当事者,対象外当事者,対象外当事者,指定の速度規制なし等,対象外当事者,20,00,小破,対象外当事者,対象外当事者,対象外当事者,対象外当事者,対象外当事者,死亡,対象外当事者,水,その他,35.367773,136.293075,2020-07-15,17:00,red,,,,,,,,,,,,
本票,滋賀,赤歌,0099,死亡,1,0,27230,対象外,0000,201,昼－昼,雨,非市街地,舗装－湿潤,交差点付近－その他,環状交差点以外 環状交差点以外をいう。,施設なし,00,23,00,23,03,6,単路（交差点付近を含む）,規制なし,4,3,車両単独,75歳以上,不明,貨物車－軽自動車,物件等,自家用,対象外当事者,貨物車,対象外当事者,40㎞／ｈ以下,対象外当事者,10,00,大破,対象外当事者,装備あり 作動,対象外当事者,その他,対象外当事者,死亡,対象外当事者,月,その他,35.208262,135.925987,2020-07-13,11:50,red,,,,,,,,,,,,
本票,京都,つがる,0296,死亡,1,0,37380,対象外,0000,109,夜－夜,曇,市街地－人口集中,舗装－乾燥,単路－その他,環状交差点以外 環状交差点以外をいう。,施設なし,00,23,00,23,03,9,単路（交差点付近を含む）,ゾーン30,5,3,人対車両,25～34歳,55～64歳,貨物車－準中型車,歩行者,事業用,対象外当事者,貨物車,対象外当事者,30㎞／ｈ以下,対象外当事者,10,00,小破,対象外当事者,その他,対象外当事者,その他,対象外当事者,損傷なし,死亡,木,その他,34.953046,135.771129,2020-07-16,03:51,red,,,,,,,,,,,,
本票,大阪,西,0119,死亡,1,0,00010,下,5405,102,昼－昼,曇,市街地－人口集中,舗装－乾燥,単路－その他,環状交差点以外 環状交差点以外をいう。,施設なし,00,23,00,23,05,9,単路（交差点付近を含む）,規制なし,4,2,車両相互,45～54歳,55～64歳,特殊車－大型－その他,二輪車－自動二輪－小型二輪－251～400cc,対象外当事者,自家用,対象外当事者,対象外当事者,40㎞／ｈ以下,40㎞／ｈ以下,80,20,小破,小破,対象外当事者,対象外当事者,対象外当事者,対象外当事者,損傷なし,死亡,木,その他,34.698057,135.530252,2020-07-02,07:28,red,,,,,,,,,,,,
本票,大阪,小樽,0150,死亡,1,0,15010,対象外,0067,115,夜－夜,曇,市街地－人口集中,舗装－湿潤,交差点付近－その他,環状交差点以外 環状交差点以外をいう。,施設なし,00,23,00,23,06,9,単路（交差点付近を含む）,規制なし,1,2,人対車両,65～74歳,35～44歳,貨物車－準中型車,歩行者,事業用,対象外当事者,貨物車,対象外当事者,指定の速度規制なし等,対象外当事者,10,00,中破,対象外当事者,その他,対象外当事者,その他,対象外当事者,損傷なし,死亡,土,その他,34.681656,135.544667,2020-07-11,02:52,red,,,,,,,,,,,,
本票,大阪,室蘭,0172,死亡,1,0,04790,対象外,0263,120,昼－昼,晴,市街地－人口集中,舗装－乾燥,交差点－その他,環状交差点以外 環状交差点以外をいう。,点灯－３灯式,09,22,00,23,18,9,交差点内,規制なし,1,1,人対車両,55～64歳,75歳以上,貨物車－大型車,歩行者,事業用,対象外当事者,貨物車,対象外当事者,60㎞／ｈ以下,対象外当事者,10,00,損壊なし,対象外当事者,その他,対象外当事者,その他,対象外当事者,損傷なし,死亡,木,その他,34.609342,135.511923,2020-07-02,17:13,red,,,,,,,,,,,,
本票,大阪,木古内,0115,死亡,1,0,10020,対象外,0489,204,昼－明,曇,市街地－人口集中,舗装－湿潤,単路－カーブ・屈折,環状交差点以外 環状交差点以外をいう。,施設なし,00,23,00,23,06,6,単路（交差点付近を含む）,規制なし,1,1,車両相互,35～44歳,45～54歳,貨物車－中型車,二輪車－自動二輪－原付二種－51～125cc,事業用,自家用,貨物車,対象外当事者,40㎞／ｈ以下,40㎞／ｈ以下,00,00,損壊なし,小破,その他,対象外当事者,その他,対象外当事者,損傷なし,死亡,月,その他,34.800060,135.442162,2020-07-06,05:51,red,,,,,,,,,,,,
本票,大阪,門真,0237,死亡,1,0,01630,対象外,0121,223,夜－暮,曇,市街地－人口集中,舗装－乾燥,交差点付近－その他,環状交差点以外 環状交差点以外をいう。,施設なし,00,23,00,23,05,9,単路（交差点付近を含む）,規制なし,4,1,車両相互,55～64歳,0～24歳,乗用車－軽自動車,二輪車－自動二輪－軽二輪－126～250cc,自家用,自家用,乗用車,対象外当事者,50㎞／ｈ以下,50㎞／ｈ以下,00,40,損壊なし,中破,その他,対象外当事者,その他,対象外当事者,損傷なし,死亡,火,その他,34.735897,135.602655,2020-07-14,19:56,red,,,,,,,,,,,,
本票,大阪,交野,0270,死亡,1,1,00011,上,0135,210,夜－夜,晴,市街地－人口集中,舗装－乾燥,交差点－その他,環状交差点以外 環状交差点以外をいう。,点灯－３灯式,09,22,09,22,19,9,交差点内,規制なし,1,1,車両相互,45～54歳,0～24歳,貨物車－普通車,二輪車－自動二輪－軽二輪－126～250cc,自家用,自家用,貨物車,対象外当事者,50㎞／ｈ以下,50㎞／ｈ以下,40,10,大破,大破,その他,対象外当事者,その他,対象外当事者,負傷,死亡,木,その他,34.813328,135.715782,2020-07-02,21:46,red,,,,,,,,,,,,
本票,兵庫,高速道路交通警察隊,0227,死亡,1,0,50090,上,0051,107,昼－昼,雨,非市街地,舗装－湿潤,単路－トンネル,環状交差点以外 環状交差点以外をいう。,施設なし,00,23,00,23,05,3,単路（交差点付近を含む）,規制なし,1,3,車両単独,45～54歳,不明,貨物車－大型車,物件等,事業用,対象外当事者,貨物車,対象外当事者,60㎞／ｈ以下,対象外当事者,85,00,大破,対象外当事者,その他,対象外当事者,その他,対象外当事者,死亡,対象外当事者,月,その他,34.672152,135.127062,2020-07-06,10:08,red,41,阪神高速道路,路肩,完全分離－トンネル,カーブ－700m以上,平坦・該当なし,中波,1,防護柵－コンクリート,該当なし,該当なし,2184
本票,兵庫,赤歌,0229,死亡,1,0,99000,対象外,0000,106,昼－昼,曇,市街地－人口集中,舗装－乾燥,一般交通の場所,環状交差点以外 環状交差点以外をいう。,施設なし,00,23,00,23,00,0,その他,規制なし,0,4,人対車両,55～64歳,65～74歳,乗用車－普通車,歩行者,自家用,対象外当事者,乗用車,対象外当事者,指定の速度規制なし等,対象外当事者,10,00,小破,対象外当事者,その他,対象外当事者,その他,対象外当事者,損傷なし,死亡,金,その他,34.668482,135.150682,2020-07-17,08:21,red,,,,,,,,,,,,
本票,兵庫,東入間,0236,死亡,1,0,39990,対象外,0000,202,昼－昼,晴,市街地－人口集中,舗装－乾燥,単路－カーブ・屈折,環状交差点以外 環状交差点以外をいう。,施設なし,00,23,00,23,03,6,単路（交差点付近を含む）,規制なし,4,2,車両単独,25～34歳,不明,乗用車－軽自動車,物件等,自家用,対象外当事者,乗用車,対象外当事者,40㎞／ｈ以下,対象外当事者,10,00,中破,対象外当事者,装備あり 作動,対象外当事者,その他,対象外当事者,損傷なし,対象外当事者,水,その他,34.721610,135.400775,2020-07-01,17:20,red,,,,,,,,,,,,
本票,兵庫,東入間,0272,死亡,1,0,39990,対象外,0000,202,昼－昼,晴,市街地－人口集中,舗装－乾燥,交差点－その他,環状交差点以外 環状交差点以外をいう。,施設なし,09,22,00,23,14,9,交差点内,規制なし,4,1,人対車両,45～54歳,75歳以上,貨物車－大型車,歩行者,自家用,対象外当事者,貨物車,対象外当事者,40㎞／ｈ以下,対象外当事者,80,00,小破,対象外当事者,その他,対象外当事者,その他,対象外当事者,損傷なし,死亡,金,その他,34.721222,135.388185,2020-07-31,13:22,red,,,,,,,,,,,,
本票,兵庫,飾磨,0570,死亡,1,0,90000,対象外,0000,201,昼－昼,晴,市街地－人口集中,舗装－乾燥,一般交通の場所,環状交差点以外 環状交差点以外をいう。,施設なし,00,23,00,23,00,0,その他,規制なし,0,4,車両単独,75歳以上,不明,軽車両－自転車,相手なし,対象外当事者,対象外当事者,対象外当事者,対象外当事者,対象外当事者,対象外当事者,20,00,小破,対象外当事者,対象外当事者,対象外当事者,対象外当事者,対象外当事者,死亡,対象外当事者,日,その他,34.785971,134.720436,2020-07-19,06:42,red,,,,,,,,,,,,
本票,兵庫,赤穂,0070,死亡,1,0,14480,対象外,0000,212,夜－暮,雨,非市街地,舗装－湿潤,単路－カーブ・屈折,環状交差点以外 環状交差点以外をいう。,施設なし,00,23,00,23,03,2,その他,規制なし,4,3,車両単独,55～64歳,不明,乗用車－軽自動車,相手なし,自家用,対象外当事者,乗用車,対象外当事者,50㎞／ｈ以下,対象外当事者,40,00,大破,対象外当事者,その他,対象外当事者,その他,対象外当事者,死亡,対象外当事者,月,その他,34.781127,134.323418,2020-07-06,20:15,red,,,,,,,,,,,,
本票,兵庫,宍粟,0064,死亡,1,0,00290,上,0271,227,夜－夜,曇,市街地－その他,舗装－乾燥,交差点付近－その他,環状交差点以外 環状交差点以外をいう。,施設なし,00,23,00,23,03,9,単路（交差点付近を含む）,規制なし,4,2,人対車両,65～74歳,65～74歳,乗用車－軽自動車,歩行者,自家用,対象外当事者,乗用車,対象外当事者,50㎞／ｈ以下,対象外当事者,10,00,中破,対象外当事者,その他,対象外当事者,その他,対象外当事者,損傷なし,死亡,水,前日,35.017601,134.550273,2020-07-22,20:20,red,,,,,,,,,,,,
本票,奈良,西,0146,死亡,1,0,00241,上,0488,203,昼－明,雨,市街地－人口集中,舗装－湿潤,単路－その他,環状交差点以外 環状交差点以外をいう。,施設なし,00,23,00,23,03,9,単路（交差点付近を含む）,規制なし,5,3,車両単独,55～64歳,不明,貨物車－軽自動車,物件等,自家用,対象外当事者,貨物車,対象外当事者,60㎞／ｈ以下,対象外当事者,20,00,大破,対象外当事者,装備あり 作動,対象外当事者,その他,対象外当事者,死亡,対象外当事者,木,その他,34.605236,135.794772,2020-07-09,05:49,red,,,,,,,,,,,,
本票,鳥取,千歳,0038,死亡,1,0,20350,対象外,0000,203,昼－昼,曇,市街地－その他,舗装－乾燥,交差点－その他,環状交差点以外 環状交差点以外をいう。,点灯－３灯式,09,22,09,22,15,9,交差点内,規制なし,4,2,車両相互,55～64歳,65～74歳,乗用車－軽自動車,軽車両－自転車,自家用,対象外当事者,乗用車,対象外当事者,30㎞／ｈ以下,対象外当事者,10,40,小破,中破,その他,対象外当事者,その他,対象外当事者,損傷なし,死亡,木,その他,35.433259,133.824062,2020-07-02,12:13,red,,,,,,,,,,,,
本票,島根,高速道路交通警察隊,0008,死亡,1,3,45250,対象外,0387,209,夜－夜,雨,非市街地,舗装－湿潤,単路－その他,環状交差点以外 環状交差点以外をいう。,施設なし,00,23,00,23,04,7,その他,規制なし,6,3,車両単独,0～24歳,不明,乗用車－普通車,物件等,自家用,対象外当事者,乗用車,対象外当事者,70㎞／ｈ以下,対象外当事者,10,00,大破,対象外当事者,その他,対象外当事者,その他,対象外当事者,死亡,対象外当事者,月,その他,35.150764,132.838812,2020-07-06,00:30,red,387,国土交通省,走行車線－第一通行帯,非分離－トンネル出入り口部－その他トンネル出入り口,該当なし,平坦・該当なし,,1,その他,該当なし,70㎞/h以下,0
本票,岡山,高速道路交通警察隊,0012,死亡,1,1,45120,下,0947,211,昼－昼,晴,非市街地,舗装－乾燥,単路－その他,環状交差点以外 環状交差点以外をいう。,施設なし,00,23,00,23,05,9,単路（交差点付近を含む）,規制なし,1,3,車両相互,0～24歳,35～44歳,貨物車－中型車,貨物車－中型車,事業用,事業用,貨物車,貨物車,50㎞／ｈ以下,50㎞／ｈ以下,10,61,大破,中破,その他,その他,その他,その他,損傷なし,負傷,水,前日,34.780997,134.306338,2020-07-22,11:28,red,947,西日本高速道路,走行車線－第一通行帯,完全分離－その他,該当なし,平坦・該当なし,,3,該当なし,あり－その他,50㎞/h以下,0
本票,岡山,岩見沢,0067,死亡,1,0,04300,対象外,0000,204,夜－夜,曇,市街地－人口集中,舗装－乾燥,単路－その他,環状交差点以外 環状交差点以外をいう。,施設なし,00,23,00,23,03,8,単路（交差点付近を含む）,規制なし,4,3,車両単独,45～54歳,不明,二輪車－原付自転車,物件等,自家用,対象外当事者,対象外当事者,対象外当事者,指定の速度規制なし等,対象外当事者,40,00,中破,対象外当事者,対象外当事者,対象外当事者,対象外当事者,対象外当事者,死亡,対象外当事者,火,その他,34.484663,133.931810,2020-07-28,03:38,red,,,,,,,,,,,,
本票,広島,つがる,0022,死亡,1,0,00020,下,3674,211,昼－昼,雨,市街地－人口集中,舗装－湿潤,交差点－その他,環状交差点以外 環状交差点以外をいう。,点灯－３灯式,09,22,09,22,18,9,交差点内,規制なし,5,2,車両相互,75歳以上,0～24歳,乗用車－軽自動車,二輪車－自動二輪－小型二輪－251～400cc,自家用,自家用,乗用車,対象外当事者,50㎞／ｈ以下,50㎞／ｈ以下,10,21,中破,中破,その他,対象外当事者,その他,対象外当事者,損傷なし,死亡,水,前日,34.242153,132.221667,2020-07-22,10:40,red,,,,,,,,,,,,
本票,広島,砂川,0154,死亡,1,0,37120,対象外,0000,212,昼－昼,雨,非市街地,舗装－湿潤,交差点－その他,環状交差点以外 環状交差点以外をいう。,施設なし,09,22,01,21,15,9,交差点内,規制なし,4,2,車両相互,0～24歳,65～74歳,乗用車－軽自動車,軽車両－自転車,自家用,対象外当事者,乗用車,対象外当事者,50㎞／ｈ以下,対象外当事者,10,40,中破,大破,その他,対象外当事者,その他,対象外当事者,損傷なし,死亡,金,その他,34.463331,132.630125,2020-07-10,08:02,red,,,,,,,,,,,,
本票,広島,伊達,0350,死亡,1,0,01820,対象外,0000,207,夜－夜,雨,市街地－人口集中,舗装－湿潤,単路－その他,環状交差点以外 環状交差点以外をいう。,施設なし,00,23,00,23,05,9,単路（交差点付近を含む）,規制なし,1,2,人対車両,55～64歳,65～74歳,貨物車－中型車,歩行者,自家用,対象外当事者,貨物車,対象外当事者,50㎞／ｈ以下,対象外当事者,10,00,小破,対象外当事者,その他,対象外当事者,その他,対象外当事者,損傷なし,死亡,金,その他,34.505597,133.397917,2020-07-10,03:02,red,,,,,,,,,,,,