資料区分,都道府県コード,警察署等コード,本票番号,事故内容,死者数,負傷者数,路線コード,上下線,地点コード,市区町村コード,昼夜,天候,地形,路面状態,道路形状,環状交差点の直径,信号機,一時停止規制　標識（当事者A）,一時停止規制　表示（当事者A）,一時停止規制　標識（当事者B）,一時停止規制　表示（当事者B）,車道幅員,道路線形,衝突地点,ゾーン規制,中央分離帯施設等,歩車道区分,事故類型,年齢（当事者A）,年齢（当事者B）,当事者種別（当事者A）,当事者種別（当事者B）,用途別（当事者A）,用途別（当事者B）,車両形状（当事者A）,車両形状（当事者B）,速度規制（指定のみ）（当事者A）,速度規制（指定のみ）（当事者B）,車両の衝突部位（当事者A）,車両の衝突部位（当事者B）,車両の損壊程度（当事者A）,車両の損壊程度（当事者B）,エアバッグの装備（当事者A）,エアバッグの装備（当事者B）,サイドエアバッグの装備（当事者A）,サイドエアバッグの装備（当事者B）,人身損傷程度（当事者A）,人身損傷程度（当事者B）,曜日(発生年月日),祝日(発生年月日),緯度,経度,発生日,発生時,color,発生地点,道路管理者区分,道路区分,道路構造,曲線半径,縦断勾配,トンネル番号,当事者車両台数,車両単独事故の対象物,臨時速度規制の有無,速度規制（臨時のみ）,トンネル延長距離
本票,広島,伊達,0357,死亡,1,0,00020,下,2299,207,昼－昼,曇,市街地－人口集中,舗装－乾燥,交差点－その他,環状交差点以外 環状交差点以外をいう。,点灯－３灯式,09,22,09,22,19,9,交差点内,規制なし,5,2,車両相互,45～54歳,55～64歳,乗用車－普通車,軽車両－自転車,自家用,対象外当事者,乗用車,対象外当事者,指定の速度規制なし等,対象外当事者,10,20,小破,中破,その他,対象外当事者,その他,対象外当事者,損傷なし,死亡,水,その他,34.486833,133.371472,2020-07-15,08:14,red,,,,,,,,,,,,
本票,広島,浦河,0199,死亡,1,1,00540,上,0096,105,夜－暮,曇,市街地－人口集中,舗装－乾燥,単路－その他,環状交差点以外 環状交差点以外をいう。,施設なし,00,23,00,23,06,9,単路（交差点付近を含む）,規制なし,1,2,人対車両,45～54歳,55～64歳,二輪車－自動二輪－小型二輪－751ｃｃ以上,歩行者,自家用,対象外当事者,対象外当事者,対象外当事者,指定の速度規制なし等,対象外当事者,10,00,中破,対象外当事者,対象外当事者,対象外当事者,対象外当事者,対象外当事者,負傷,死亡,日,その他,34.467792,132.480139,2020-07-12,20:00,red,,,,,,,,,,,,
本票,広島,北,0114,死亡,2,0,01820,対象外,0000,545,昼－昼,雨,非市街地,舗装－湿潤,単路－その他,環状交差点以外 環状交差点以外をいう。,施設なし,00,23,00,23,04,9,単路（交差点付近を含む）,規制なし,4,2,車両単独,35～44歳,不明,貨物車－準中型車,物件等,自家用,対象外当事者,貨物車,対象外当事者,指定の速度規制なし等,対象外当事者,41,00,大破,対象外当事者,その他,対象外当事者,その他,対象外当事者,死亡,対象外当事者,水,その他,34.822472,133.284444,2020-07-29,15:59,red,,,,,,,,,,,,
本票,山口,砂川,0101,死亡,1,0,04350,下,0000,203,昼－暮,雨,非市街地,舗装－湿潤,単路－カーブ・屈折,環状交差点以外 環状交差点以外をいう。,施設なし,00,23,00,23,03,1,単路（交差点付近を含む）,規制なし,4,2,車両相互,45～54歳,0～24歳,乗用車－大型車,乗用車－普通車,事業用,自家用,乗用車,乗用車,指定の速度規制なし等,指定の速度規制なし等,10,40,大破,大破,その他,その他,その他,その他,損傷なし,死亡,火,その他,34.187388,131.423241,2020-07-07,18:55,red,,,,,,,,,,,,
本票,徳島,中央,0257,死亡,1,0,04380,対象外,2000,321,昼－昼,晴,非市街地,舗装－乾燥,単路－カーブ・屈折,環状交差点以外 環状交差点以外をいう。,施設なし,00,23,00,23,03,5,単路（交差点付近を含む）,規制なし,4,2,車両相互,45～54歳,65～74歳,貨物車－中型車,乗用車－軽自動車,事業用,自家用,貨物車,乗用車,40㎞／ｈ以下,40㎞／ｈ以下,80,10,中破,大破,その他,装備あり 作動,その他,その他,損傷なし,死亡,水,その他,33.992882,134.455545,2020-07-29,13:18,red,,,,,,,,,,,,
本票,徳島,東,0050,死亡,1,0,10170,対象外,0000,203,昼－昼,晴,市街地－人口集中,舗装－乾燥,交差点－その他,環状交差点以外 環状交差点以外をいう。,点灯－３灯式,09,22,09,22,15,9,交差点内,規制なし,5,2,車両相互,25～34歳,0～24歳,乗用車－軽自動車,軽車両－自転車,自家用,対象外当事者,乗用車,対象外当事者,指定の速度規制なし等,対象外当事者,10,40,小破,大破,その他,対象外当事者,その他,対象外当事者,損傷なし,死亡,水,その他,34.016386,134.572027,2020-07-01,10:06,red,,,,,,,,,,,,
本票,徳島,砂川,0036,死亡,1,1,30000,対象外,0000,208,昼－昼,雨,非市街地,舗装－湿潤,単路－カーブ・屈折,環状交差点以外 環状交差点以外をいう。,施設なし,00,23,00,23,03,4,その他,規制なし,5,4,車両単独,35～44歳,不明,乗用車－普通車,相手なし,自家用,対象外当事者,乗用車,対象外当事者,指定の速度規制なし等,対象外当事者,30,00,大破,対象外当事者,その他,対象外当事者,その他,対象外当事者,負傷,対象外当事者,金,その他,34.016390,133.882181,2020-07-10,16:38,red,,,,,,,,,,,,
本票,香川,栗山,0539,死亡,1,0,37000,対象外,0000,201,昼－昼,晴,市街地－その他,舗装－乾燥,単路－その他,環状交差点以外 環状交差点以外をいう。,施設なし,00,23,00,23,02,9,その他,規制なし,5,3,車両単独,75歳以上,不明,軽車両－駆動補助機付自転車,相手なし,対象外当事者,対象外当事者,対象外当事者,対象外当事者,対象外当事者,対象外当事者,10,00,小破,対象外当事者,対象外当事者,対象外当事者,対象外当事者,対象外当事者,死亡,対象外当事者,日,その他,34.296199,134.058989,2020-07-12,16:07,red,,,,,,,,,,,,
本票,香川,つがる,0151,死亡,1,0,21860,対象外,0085,203,夜－夜,雨,市街地－その他,舗装－湿潤,交差点－その他,環状交差点以外 環状交差点以外をいう。,点灯－３灯式,09,22,00,23,18,3,交差点内,規制なし,5,2,車両単独,55～64歳,不明,乗用車－普通車,物件等,自家用,対象外当事者,乗用車,対象外当事者,50㎞／ｈ以下,対象外当事者,51,00,大破,対象外当事者,装備あり 作動,対象外当事者,その他,対象外当事者,死亡,対象外当事者,火,その他,34.329414,133.874848,2020-07-14,03:26,red,,,,,,,,,,,,
本票,香川,美唄,0307,死亡,1,0,37000,対象外,0000,202,夜－暮,雨,市街地－人口集中,舗装－湿潤,単路－その他,環状交差点以外 環状交差点以外をいう。,施設なし,00,23,00,23,05,9,単路（交差点付近を含む）,規制なし,4,2,人対車両,65～74歳,75歳以上,乗用車－普通車,歩行者,自家用,対象外当事者,乗用車,対象外当事者,50㎞／ｈ以下,対象外当事者,10,00,小破,対象外当事者,その他,対象外当事者,その他,対象外当事者,損傷なし,死亡,金,その他,34.292386,133.814264,2020-07-03,20:15,red,,,,,,,,,,,,
本票,香川,芦別,0068,死亡,1,0,37000,対象外,0000,205,昼－昼,晴,市街地－人口集中,舗装－乾燥,交差点－その他,環状交差点以外 環状交差点以外をいう。,施設なし,09,22,09,22,14,9,交差点内,規制なし,5,4,車両相互,55～64歳,75歳以上,乗用車－普通車,軽車両－自転車,自家用,対象外当事者,乗用車,対象外当事者,30㎞／ｈ以下,対象外当事者,10,40,中破,小破,その他,対象外当事者,その他,対象外当事者,損傷なし,死亡,日,その他,34.127391,133.656979,2020-07-19,09:59,red,,,,,,,,,,,,
本票,香川,小樽,0048,死亡,1,0,00110,下,0420,207,昼－昼,曇,非市街地,舗装－乾燥,単路－カーブ・屈折,環状交差点以外 環状交差点以外をいう。,施設なし,00,23,00,23,03,5,単路（交差点付近を含む）,規制なし,4,2,車両相互,45～54歳,65～74歳,貨物車－大型車,乗用車－軽自動車,事業用,自家用,貨物車,乗用車,50㎞／ｈ以下,50㎞／ｈ以下,18,18,小破,中破,その他,装備あり 作動,その他,その他,損傷なし,死亡,金,その他,34.223300,134.390897,2020-07-10,15:38,red,,,,,,,,,,,,
本票,香川,伊達,0083,死亡,1,3,14490,対象外,0000,208,昼－昼,晴,非市街地,舗装－乾燥,単路－カーブ・屈折,環状交差点以外 環状交差点以外をいう。,施設なし,00,23,00,23,03,5,単路（交差点付近を含む）,規制なし,4,3,車両相互,35～44歳,65～74歳,乗用車－軽自動車,貨物車－軽自動車,自家用,自家用,乗用車,貨物車,50㎞／ｈ以下,50㎞／ｈ以下,10,10,中破,中破,装備あり 作動,その他,その他,その他,負傷,死亡,木,その他,34.198155,133.742554,2020-07-30,09:58,red,,,,,,,,,,,,
本票,愛媛,千歳,0004,死亡,1,0,99000,対象外,0000,202,昼－昼,雨,市街地－その他,舗装－湿潤,一般交通の場所,環状交差点以外 環状交差点以外をいう。,施設なし,00,23,00,23,00,0,その他,規制なし,0,4,車両単独,75歳以上,不明,貨物車－軽自動車,物件等,自家用,対象外当事者,貨物車,対象外当事者,指定の速度規制なし等,対象外当事者,10,00,中破,対象外当事者,その他,対象外当事者,その他,対象外当事者,損傷なし,対象外当事者,月,その他,34.247384,132.998313,2020-07-06,08:57,red,,,,,,,,,,,,
本票,愛媛,つがる,0010,死亡,1,0,14060,対象外,0049,386,昼－昼,曇,非市街地,舗装－乾燥,単路－カーブ・屈折,環状交差点以外 環状交差点以外をいう。,施設なし,00,23,00,23,03,2,単路（交差点付近を含む）,規制なし,4,3,車両単独,45～54歳,不明,二輪車－自動二輪－原付二種－51～125cc,物件等,自家用,対象外当事者,対象外当事者,対象外当事者,40㎞／ｈ以下,対象外当事者,20,00,小破,対象外当事者,対象外当事者,対象外当事者,対象外当事者,対象外当事者,死亡,対象外当事者,木,当日,33.721837,133.106179,2020-07-23,14:57,red,,,,,,,,,,,,
本票,愛媛,野辺地,0043,死亡,1,0,37000,対象外,0000,401,昼－昼,曇,非市街地,舗装－乾燥,単路－カーブ・屈折,環状交差点以外 環状交差点以外をいう。,施設なし,00,23,00,23,01,6,単路（交差点付近を含む）,規制なし,5,4,車両単独,75歳以上,不明,軽車両－自転車,相手なし,対象外当事者,対象外当事者,対象外当事者,対象外当事者,対象外当事者,対象外当事者,20,00,小破,対象外当事者,対象外当事者,対象外当事者,対象外当事者,対象外当事者,死亡,対象外当事者,日,その他,33.792474,132.762862,2020-07-05,17:10,red,,,,,,,,,,,,
本票,愛媛,倶知安,0197,死亡,1,0,37200,対象外,0000,201,昼－昼,雨,市街地－人口集中,舗装－湿潤,単路－その他,環状交差点以外 環状交差点以外をいう。,施設なし,00,23,00,23,04,9,単路（交差点付近を含む）,規制なし,1,2,車両相互,25～34歳,75歳以上,貨物車－中型車,二輪車－原付自転車,事業用,自家用,貨物車,対象外当事者,50㎞／ｈ以下,指定の速度規制なし等,50,20,小破,中破,その他,対象外当事者,その他,対象外当事者,損傷なし,死亡,金,その他,33.821720,132.773578,2020-07-10,15:57,red,,,,,,,,,,,,
本票,愛媛,倶知安,0207,死亡,1,0,14230,対象外,0000,402,夜－暮,曇,非市街地,舗装－乾燥,単路－その他,環状交差点以外 環状交差点以外をいう。,施設なし,00,23,00,23,04,9,単路（交差点付近を含む）,規制なし,4,2,人対車両,35～44歳,75歳以上,乗用車－普通車,歩行者,自家用,対象外当事者,乗用車,対象外当事者,50㎞／ｈ以下,対象外当事者,10,00,小破,対象外当事者,その他,対象外当事者,その他,対象外当事者,損傷なし,死亡,火,その他,33.789223,132.777470,2020-07-21,19:45,red,,,,,,,,,,,,
本票,高知,美唄,0012,死亡,1,0,30000,対象外,0000,387,昼－昼,雨,非市街地,舗装－湿潤,単路－その他,環状交差点以外 環状交差点以外をいう。,施設なし,00,23,00,23,02,7,単路（交差点付近を含む）,規制なし,5,1,車両単独,75歳以上,不明,乗用車－軽自動車,物件等,自家用,対象外当事者,乗用車,対象外当事者,指定の速度規制なし等,対象外当事者,30,00,小破,対象外当事者,その他,対象外当事者,その他,対象外当事者,死亡,対象外当事者,月,その他,33.561619,133.140929,2020-07-06,12:01,red,,,,,,,,,,,,
本票,高知,滝川,0024,死亡,1,0,30000,対象外,0000,210,夜－明,雨,市街地－人口集中,舗装－湿潤,交差点－その他,環状交差点以外 環状交差点以外をいう。,施設なし,09,22,00,23,15,9,交差点内,規制なし,5,2,車両単独,35～44歳,不明,乗用車－軽自動車,物件等,自家用,対象外当事者,乗用車,対象外当事者,40㎞／ｈ以下,対象外当事者,10,00,大破,対象外当事者,装備あり 作動,対象外当事者,その他,対象外当事者,死亡,対象外当事者,金,その他,32.997172,132.937851,2020-07-10,03:40,red,,,,,,,,,,,,
本票,福岡,高速道路交通警察隊,0028,死亡,1,1,47010,上,1070,203,昼－明,雨,市街地－その他,舗装－湿潤,単路－カーブ・屈折,環状交差点以外 環状交差点以外をいう。,施設なし,00,23,00,23,05,3,単路（交差点付近を含む）,規制なし,1,4,車両単独,25～34歳,不明,貨物車－普通車,物件等,自家用,対象外当事者,貨物車,対象外当事者,100㎞/h以下,対象外当事者,50,00,大破,対象外当事者,その他,対象外当事者,その他,対象外当事者,負傷,対象外当事者,月,その他,33.305460,130.555178,2020-07-13,06:14,red,1070,西日本高速道路,走行車線－第二通行帯以上,完全分離－その他,カーブ－1000m以上,平坦－１％以上,,1,その他,該当なし,80㎞/h以下,0
本票,福岡,高速道路交通警察隊,0029,死亡,1,6,47020,下,1038,203,昼－昼,曇,市街地－その他,舗装－湿潤,単路－その他,環状交差点以外 環状交差点以外をいう。,施設なし,00,23,00,23,06,9,単路（交差点付近を含む）,規制なし,1,4,車両相互,25～34歳,45～54歳,貨物車－準中型車,乗用車－普通車,自家用,自家用,貨物車,乗用車,50㎞／ｈ以下,50㎞／ｈ以下,85,31,大破,大破,その他,装備あり 作動,その他,その他,負傷,負傷,火,その他,33.329424,130.546442,2020-07-28,13:49,red,1038,西日本高速道路,走行車線－第二通行帯以上,完全分離－盛土,直線,平坦・該当なし,,4,該当なし,あり－渋滞,50㎞/h以下,0
本票,福岡,白石,1026,死亡,1,0,37990,対象外,0000,132,昼－暮,雨,市街地－人口集中,舗装－湿潤,交差点－その他,環状交差点以外 環状交差点以外をいう。,点灯－３灯式,09,22,00,23,18,9,交差点内,規制なし,4,2,人対車両,55～64歳,45～54歳,乗用車－軽自動車,歩行者,自家用,対象外当事者,乗用車,対象外当事者,50㎞／ｈ以下,対象外当事者,18,00,中破,対象外当事者,その他,対象外当事者,その他,対象外当事者,損傷なし,死亡,日,その他,33.584260,130.416725,2020-07-05,19:23,red,,,,,,,,,,,,
本票,福岡,赤歌,1016,死亡,1,0,90000,対象外,0000,344,昼－昼,曇,市街地－その他,舗装－乾燥,単路－その他,環状交差点以外 環状交差点以外をいう。,施設なし,00,23,00,23,01,9,単路（交差点付近を含む）,規制なし,5,4,人対車両,25～34歳,65～74歳,貨物車－準中型車,歩行者,事業用,対象外当事者,貨物車,対象外当事者,指定の速度規制なし等,対象外当事者,30,00,小破,対象外当事者,その他,対象外当事者,その他,対象外当事者,損傷なし,死亡,水,その他,33.586561,130.497228,2020-07-08,09:57,red,,,,,,,,,,,,
本票,福岡,赤歌,1060,死亡,1,1,02010,下,0040,349,夜－夜,晴,市街地－その他,舗装－乾燥,交差点付近－その他,環状交差点以外 環状交差点以外をいう。,点灯－３灯式,00,23,00,23,06,9,単路（交差点付近を含む）,規制なし,1,2,車両相互,35～44歳,25～34歳,貨物車－大型車,貨物車－準中型車,事業用,事業用,貨物車,貨物車,指定の速度規制なし等,指定の速度規制なし等,30,10,中破,大破,その他,装備あり 作動,その他,その他,負傷,死亡,土,その他,33.626766,130.491607,2020-07-18,03:36,red,,,,,,,,,,,,
本票,福岡,函館西,0154,死亡,1,0,37990,対象外,0000,105,昼－昼,曇,市街地－人口集中,舗装－乾燥,単路－その他,環状交差点以外 環状交差点以外をいう。,施設なし,00,23,00,23,05,9,単路（交差点付近を含む）,規制なし,4,2,人対車両,35～44歳,75歳以上,乗用車－普通車,歩行者,自家用,対象外当事者,乗用車,対象外当事者,指定の速度規制なし等,対象外当事者,50,00,小破,対象外当事者,その他,対象外当事者,その他,対象外当事者,損傷なし,死亡,火,その他,33.894512,130.818333,2020-07-14,12:52,red,,,,,,,,,,,,
本票,福岡,釧路,0913,死亡,1,0,10860,対象外,0000,203,夜－夜,曇,市街地－人口集中,舗装－乾燥,交差点－その他,環状交差点以外 環状交差点以外をいう。,点灯－３灯式,09,22,09,22,18,9,交差点内,規制なし,5,2,車両相互,45～54歳,0～24歳,貨物車－大型車,二輪車－原付自転車,事業用,自家用,貨物車,対象外当事者,指定の速度規制なし等,30㎞／ｈ以下,10,10,中破,大破,その他,対象外当事者,その他,対象外当事者,損傷なし,死亡,火,その他,33.306903,130.552619,2020-07-14,22:36,red,,,,,,,,,,,,
本票,佐賀,小樽,0337,死亡,1,0,30000,対象外,1058,201,昼－昼,雨,非市街地,舗装－湿潤,交差点－その他,環状交差点以外 環状交差点以外をいう。,施設なし,09,22,09,22,14,9,交差点内,規制なし,4,3,車両相互,45～54歳,55～64歳,乗用車－普通車,乗用車－軽自動車,自家用,自家用,乗用車,乗用車,指定の速度規制なし等,指定の速度規制なし等,42,10,大破,中破,その他,その他,その他,その他,死亡,損傷なし,日,その他,33.232330,130.264580,2020-07-12,08:15,red,,,,,,,,,,,,
本票,長崎,東,0154,死亡,1,1,30000,対象外,0000,201,昼－昼,雨,市街地－人口集中,舗装－湿潤,交差点－その他,環状交差点以外 環状交差点以外をいう。,施設なし,01,21,00,23,14,8,交差点内,規制なし,4,2,車両単独,75歳以上,不明,乗用車－軽自動車,物件等,自家用,対象外当事者,乗用車,対象外当事者,指定の速度規制なし等,対象外当事者,10,00,大破,対象外当事者,装備あり 作動,対象外当事者,その他,対象外当事者,負傷,対象外当事者,月,その他,32.778833,129.839393,2020-07-27,12:50,red,,,,,,,,,,,,
本票,長崎,三戸,0012,死亡,1,0,03890,対象外,0000,214,昼－昼,晴,非市街地,舗装－乾燥,交差点付近－その他,環状交差点以外 環状交差点以外をいう。,施設なし,00,23,00,23,03,8,単路（交差点付近を含む）,規制なし,4,2,車両単独,35～44歳,不明,貨物車－大型車,相手なし,事業用,対象外当事者,貨物車,対象外当事者,50㎞／ｈ以下,対象外当事者,00,00,損壊なし,対象外当事者,その他,対象外当事者,その他,対象外当事者,死亡,対象外当事者,月,その他,32.641247,130.184879,2020-03-02,13:20,red,,,,,,,,,,,,
本票,長崎,芦別,0050,死亡,1,0,02050,上,0167,322,夜－夜,晴,市街地－その他,舗装－乾燥,交差点付近－その他,環状交差点以外 環状交差点以外をいう。,施設なし,00,23,00,23,04,9,単路（交差点付近を含む）,規制なし,4,2,車両相互,65～74歳,75歳以上,乗用車－普通車,軽車両－自転車,自家用,対象外当事者,乗用車,対象外当事者,50㎞／ｈ以下,対象外当事者,80,40,小破,小破,その他,対象外当事者,その他,対象外当事者,損傷なし,死亡,金,その他,33.068243,129.871781,2020-07-17,20:59,red,,,,,,,,,,,,
本票,長崎,伊達,0022,死亡,1,0,30000,対象外,0000,208,昼－昼,晴,非市街地,舗装－乾燥,交差点－その他,環状交差点以外 環状交差点以外をいう。,施設なし,09,22,00,23,11,9,交差点内,規制なし,5,4,車両単独,65～74歳,不明,貨物車－軽自動車,物件等,自家用,対象外当事者,貨物車,対象外当事者,指定の速度規制なし等,対象外当事者,10,00,中破,対象外当事者,その他,対象外当事者,その他,対象外当事者,死亡,対象外当事者,日,その他,33.441286,129.754733,2020-07-19,15:00,red,,,,,,,,,,,,
本票,長崎,浦河,0012,死亡,1,0,85000,対象外,0000,210,夜－夜,晴,非市街地,舗装－乾燥,交差点－その他,環状交差点以外 環状交差点以外をいう。,施設なし,01,21,00,23,14,9,その他,規制なし,5,3,車両単独,65～74歳,不明,乗用車－普通車,相手なし,自家用,対象外当事者,乗用車,対象外当事者,30㎞／ｈ以下,対象外当事者,10,00,大破,対象外当事者,その他,対象外当事者,その他,対象外当事者,死亡,対象外当事者,日,その他,33.851197,129.693807,2020-06-28,23:26,red,,,,,,,,,,,,
本票,熊本,中央,0159,死亡,1,1,00030,下,0000,101,昼－明,雨,市街地－人口集中,舗装－湿潤,交差点－その他,環状交差点以外 環状交差点以外をいう。,点灯－３灯式,09,22,09,22,19,3,交差点内,規制なし,5,1,車両相互,25～34歳,45～54歳,貨物車－大型車,乗用車－普通車,事業用,自家用,貨物車,乗用車,50㎞／ｈ以下,50㎞／ｈ以下,40,17,中破,中破,その他,装備あり 作動,その他,装備あり 作動,負傷,死亡,火,その他,32.810472,130.715301,2020-07-07,05:37,red,,,,,,,,,,,,
本票,大分,砂川,0016,死亡,1,0,10050,対象外,0000,208,昼－昼,曇,非市街地,舗装－乾燥,交差点付近－その他,環状交差点以外 環状交差点以外をいう。,施設なし,00,23,00,23,03,9,単路（交差点付近を含む）,規制なし,4,1,人対車両,55～64歳,75歳以上,貨物車－軽自動車,歩行者,自家用,対象外当事者,貨物車,対象外当事者,40㎞／ｈ以下,対象外当事者,10,00,小破,対象外当事者,その他,対象外当事者,その他,対象外当事者,損傷なし,死亡,土,その他,32.971344,131.391861,2020-07-18,12:23,red,,,,,,,,,,,,
本票,宮崎,江別,0107,死亡,1,0,10420,対象外,0000,205,昼－昼,晴,非市街地,舗装－乾燥,交差点付近－その他,環状交差点以外 環状交差点以外をいう。,点灯－３灯式,00,23,00,23,03,9,単路（交差点付近を含む）,規制なし,4,2,人対車両,65～74歳,75歳以上,乗用車－軽自動車,歩行者,自家用,対象外当事者,乗用車,対象外当事者,指定の速度規制なし等,対象外当事者,10,00,小破,対象外当事者,その他,対象外当事者,その他,対象外当事者,損傷なし,死亡,水,その他,31.957787,131.061305,2020-07-01,11:05,red,,,,,,,,,,,,
本票,宮崎,美唄,0234,死亡,1,0,99000,対象外,0000,203,昼－昼,雨,非市街地,舗装－乾燥,一般交通の場所,環状交差点以外 環状交差点以外をいう。,施設なし,00,23,00,23,00,0,その他,規制なし,0,4,車両単独,65～74歳,不明,軽車両－自転車,相手なし,対象外当事者,対象外当事者,対象外当事者,対象外当事者,対象外当事者,対象外当事者,10,00,小破,対象外当事者,対象外当事者,対象外当事者,対象外当事者,対象外当事者,死亡,対象外当事者,水,その他,32.582783,131.702113,2020-07-15,13:05,red,,,,,,,,,,,,
本票,鹿児島,東,0257,死亡,1,0,00030,上,9999,201,昼－昼,雨,市街地－人口集中,舗装－湿潤,単路－その他,環状交差点以外 環状交差点以外をいう。,施設なし,00,23,00,23,05,9,単路（交差点付近を含む）,規制なし,4,1,車両相互,25～34歳,75歳以上,貨物車－準中型車,二輪車－原付自転車,自家用,自家用,貨物車,対象外当事者,50㎞／ｈ以下,指定の速度規制なし等,10,10,小破,小破,その他,対象外当事者,その他,対象外当事者,損傷なし,死亡,金,その他,31.612183,130.532245,2020-07-10,13:58,red,,,,,,,,,,,,
本票,鹿児島,門別,0167,死亡,1,0,39000,対象外,0000,203,夜－暮,曇,市街地－その他,舗装－湿潤,単路－その他,環状交差点以外 環状交差点以外をいう。,施設なし,00,23,00,23,02,7,単路（交差点付近を含む）,規制なし,4,2,人対車両,35～44歳,75歳以上,乗用車－普通車,歩行者,自家用,対象外当事者,乗用車,対象外当事者,指定の速度規制なし等,対象外当事者,88,00,小破,対象外当事者,その他,対象外当事者,その他,対象外当事者,損傷なし,死亡,土,その他,31.383103,130.855061,2020-07-11,20:14,red,,,,,,,,,,,,
本票,鹿児島,豊平,0027,死亡,1,0,00580,上,0000,222,昼－明,晴,非市街地,舗装－乾燥,交差点－その他,環状交差点以外 環状交差点以外をいう。,施設なし,08,22,00,23,14,9,交差点内,規制なし,4,2,人対車両,25～34歳,75歳以上,乗用車－軽自動車,歩行者,自家用,対象外当事者,乗用車,対象外当事者,40㎞／ｈ以下,対象外当事者,81,00,中破,対象外当事者,その他,対象外当事者,その他,対象外当事者,損傷なし,死亡,火,その他,28.440485,129.671117,2020-07-14,05:50,red,,,,,,,,,,,,
本票,北海道（札幌方面）,江別,0134,死亡,1,0,29990,対象外,0000,217,昼－昼,晴,非市街地,舗装－乾燥,単路－その他,環状交差点以外 環状交差点以外をいう。,施設なし,00,23,00,23,04,9,単路（交差点付近を含む）,規制なし,4,2,車両相互,0～24歳,65～74歳,乗用車－普通車,軽車両－自転車,自家用,対象外当事者,乗用車,対象外当事者,指定の速度規制なし等,対象外当事者,10,40,中破,大破,その他,対象外当事者,その他,対象外当事者,損傷なし,死亡,日,その他,43.123091,141.534678,2020-08-23,13:06,red,,,,,,,,,,,,
本票,北海道（札幌方面）,小樽,0088,死亡,1,0,00050,対象外,2520,203,夜－夜,晴,非市街地,舗装－乾燥,単路－カーブ・屈折,環状交差点以外 環状交差点以外をいう。,施設なし,00,23,00,23,05,5,単路（交差点付近を含む）,規制なし,1,2,車両単独,0～24歳,不明,二輪車－自動二輪－小型二輪－251～400cc,相手なし,自家用,対象外当事者,対象外当事者,対象外当事者,指定の速度規制なし等,対象外当事者,10,00,小破,対象外当事者,対象外当事者,対象外当事者,対象外当事者,対象外当事者,死亡,対象外当事者,土,その他,43.170474,141.080860,2020-08-08,20:23,red,,,,,,,,,,,,
本票,北海道（札幌方面）,苫小牧,0245,死亡,1,0,39990,対象外,0000,213,夜－暮,雨,市街地－人口集中,舗装－湿潤,単路－その他,環状交差点以外 環状交差点以外をいう。,施設なし,00,23,00,23,04,9,単路（交差点付近を含む）,規制なし,4,2,人対車両,65～74歳,65～74歳,乗用車－普通車,歩行者,自家用,対象外当事者,乗用車,対象外当事者,40㎞／ｈ以下,対象外当事者,10,00,中破,対象外当事者,その他,対象外当事者,その他,対象外当事者,損傷なし,死亡,金,その他,42.622262,141.514534,2020-08-14,19:34,red,,,,,,,,,,,,
本票,北海道（札幌方面）,苫小牧,0251,死亡,1,2,24790,対象外,0000,213,昼－昼,晴,市街地－人口集中,舗装－乾燥,交差点－その他,環状交差点以外 環状交差点以外をいう。,点灯－３灯式,09,22,09,22,18,9,交差点内,規制なし,5,2,車両相互,65～74歳,55～64歳,乗用車－普通車,乗用車－普通車,自家用,自家用,乗用車,乗用車,50㎞／ｈ以下,50㎞／ｈ以下,10,40,中破,中破,装備あり 作動,その他,その他,その他,負傷,負傷,月,その他,42.635501,141.564703,2020-08-24,13:15,red,,,,,,,,,,,,
本票,北海道（札幌方面）,苫小牧,0258,死亡,2,1,00360,対象外,1080,578,昼－明,雨,非市街地,舗装－湿潤,単路－カーブ・屈折,環状交差点以外 環状交差点以外をいう。,施設なし,00,23,00,23,05,6,単路（交差点付近を含む）,規制なし,4,2,車両相互,35～44歳,25～34歳,貨物車－大型車,貨物車－普通車,事業用,自家用,貨物車,貨物車,指定の速度規制なし等,指定の速度規制なし等,10,10,中破,大破,装備あり 作動,装備あり 作動,その他,その他,負傷,死亡,月,その他,42.457134,141.185408,2020-08-31,05:24,red,,,,,,,,,,,,
本票,北海道（札幌方面）,門別,0006,死亡,1,1,02740,対象外,1230,601,昼－昼,曇,非市街地,舗装－乾燥,単路－その他,環状交差点以外 環状交差点以外をいう。,施設なし,00,23,00,23,03,9,単路（交差点付近を含む）,規制なし,4,2,車両相互,25～34歳,35～44歳,貨物車－大型車,貨物車－大型車,事業用,事業用,貨物車,貨物車,指定の速度規制なし等,指定の速度規制なし等,10,10,大破,中破,その他,その他,その他,その他,負傷,損傷なし,木,その他,42.886802,142.461136,2020-08-06,16:40,red,,,,,,,,,,,,
本票,北海道（札幌方面）,北,0396,死亡,1,0,39990,対象外,0000,102,昼－昼,晴,市街地－人口集中,舗装－乾燥,交差点－その他,環状交差点以外 環状交差点以外をいう。,施設なし,01,22,09,22,18,9,交差点内,規制なし,4,2,車両相互,0～24歳,75歳以上,乗用車－普通車,軽車両－自転車,自家用,対象外当事者,乗用車,対象外当事者,30㎞／ｈ以下,対象外当事者,10,40,小破,小破,その他,対象外当事者,その他,対象外当事者,損傷なし,死亡,土,その他,43.106201,141.316398,2020-08-08,12:10,red,,,,,,,,,,,,