資料区分,都道府県コード,警察署等コード,本票番号,事故内容,死者数,負傷者数,路線コード,上下線,地点コード,市区町村コード,昼夜,天候,地形,路面状態,道路形状,環状交差点の直径,信号機,一時停止規制　標識（当事者A）,一時停止規制　表示（当事者A）,一時停止規制　標識（当事者B）,一時停止規制　表示（当事者B）,車道幅員,道路線形,衝突地点,ゾーン規制,中央分離帯施設等,歩車道区分,事故類型,年齢（当事者A）,年齢（当事者B）,当事者種別（当事者A）,当事者種別（当事者B）,用途別（当事者A）,用途別（当事者B）,車両形状（当事者A）,車両形状（当事者B）,速度規制（指定のみ）（当事者A）,速度規制（指定のみ）（当事者B）,車両の衝突部位（当事者A）,車両の衝突部位（当事者B）,車両の損壊程度（当事者A）,車両の損壊程度（当事者B）,エアバッグの装備（当事者A）,エアバッグの装備（当事者B）,サイドエアバッグの装備（当事者A）,サイドエアバッグの装備（当事者B）,人身損傷程度（当事者A）,人身損傷程度（当事者B）,曜日(発生年月日),祝日(発生年月日),緯度,経度,発生日,発生時,color,発生地点,道路管理者区分,道路区分,道路構造,曲線半径,縦断勾配,トンネル番号,当事者車両台数,車両単独事故の対象物,臨時速度規制の有無,速度規制（臨時のみ）,トンネル延長距離
本票,北海道（札幌方面）,北,0400,死亡,1,0,39990,対象外,0000,102,昼－昼,曇,市街地－人口集中,舗装－湿潤,交差点付近－その他,環状交差点以外 環状交差点以外をいう。,施設なし,00,23,00,23,04,9,その他,規制なし,4,2,人対車両,45～54歳,45～54歳,特殊車－大型－その他,歩行者,対象外当事者,対象外当事者,対象外当事者,対象外当事者,50㎞／ｈ以下,対象外当事者,30,00,中破,対象外当事者,対象外当事者,対象外当事者,対象外当事者,対象外当事者,損傷なし,死亡,木,その他,43.147362,141.372747,2020-06-11,12:25,red,,,,,,,,,,,,
本票,北海道（札幌方面）,北,0402,死亡,1,0,02310,対象外,0225,235,昼－昼,曇,非市街地,舗装－乾燥,交差点付近－その他,環状交差点以外 環状交差点以外をいう。,点灯－３灯式,00,23,00,23,06,9,単路（交差点付近を含む）,規制なし,1,2,車両相互,55～64歳,65～74歳,貨物車－普通車,二輪車－自動二輪－原付二種－51～125cc,自家用,自家用,貨物車,対象外当事者,指定の速度規制なし等,指定の速度規制なし等,70,10,小破,大破,その他,対象外当事者,その他,対象外当事者,損傷なし,死亡,火,その他,43.208198,141.332999,2020-08-11,15:15,red,,,,,,,,,,,,
本票,北海道（札幌方面）,北,0403,死亡,1,0,03370,対象外,0790,102,昼－昼,晴,非市街地,舗装－乾燥,単路－その他,環状交差点以外 環状交差点以外をいう。,施設なし,00,23,00,23,05,9,単路（交差点付近を含む）,規制なし,1,2,車両相互,45～54歳,45～54歳,乗用車－普通車,二輪車－自動二輪－原付二種－51～125cc,自家用,自家用,乗用車,対象外当事者,指定の速度規制なし等,指定の速度規制なし等,62,14,小破,中破,その他,対象外当事者,その他,対象外当事者,損傷なし,死亡,木,その他,43.170784,141.414998,2020-08-13,15:35,red,,,,,,,,,,,,
本票,北海道（札幌方面）,厚別,0183,死亡,1,0,29990,対象外,0000,108,昼－昼,曇,市街地－人口集中,舗装－乾燥,単路－その他,環状交差点以外 環状交差点以外をいう。,施設なし,00,23,00,23,02,9,単路（交差点付近を含む）,規制なし,4,4,車両単独,75歳以上,不明,軽車両－駆動補助機付自転車,物件等,対象外当事者,対象外当事者,対象外当事者,対象外当事者,対象外当事者,対象外当事者,10,00,中破,対象外当事者,対象外当事者,対象外当事者,対象外当事者,対象外当事者,死亡,対象外当事者,月,当日,43.027550,141.456072,2020-08-10,06:53,red,,,,,,,,,,,,
本票,北海道（旭川方面）,枝幸,0006,死亡,1,1,10140,対象外,0000,514,昼－昼,雨,非市街地,舗装－湿潤,単路－その他,環状交差点以外 環状交差点以外をいう。,施設なし,00,23,00,23,03,9,単路（交差点付近を含む）,規制なし,4,2,車両単独,45～54歳,不明,乗用車－普通車,物件等,自家用,対象外当事者,乗用車,対象外当事者,指定の速度規制なし等,対象外当事者,52,00,大破,対象外当事者,装備あり 作動,対象外当事者,その他,対象外当事者,死亡,対象外当事者,月,当日,44.849393,142.478205,2020-08-10,15:59,red,,,,,,,,,,,,
本票,北海道（釧路方面）,帯広,0221,死亡,2,3,38880,対象外,0000,643,夜－夜,晴,非市街地,舗装－乾燥,単路－その他,環状交差点以外 環状交差点以外をいう。,施設なし,00,23,00,23,03,9,その他,規制なし,4,2,車両単独,0～24歳,不明,乗用車－普通車,相手なし,自家用,対象外当事者,乗用車,対象外当事者,50㎞／ｈ以下,対象外当事者,10,00,大破,対象外当事者,その他,対象外当事者,その他,対象外当事者,負傷,対象外当事者,火,その他,42.920621,143.256102,2020-08-25,23:23,red,,,,,,,,,,,,
本票,北海道（釧路方面）,新得,0013,死亡,1,0,10860,対象外,0000,634,昼－昼,晴,非市街地,舗装－乾燥,単路－カーブ・屈折,環状交差点以外 環状交差点以外をいう。,施設なし,00,23,00,23,03,5,単路（交差点付近を含む）,規制なし,4,2,車両単独,45～54歳,不明,二輪車－自動二輪－小型二輪－751ｃｃ以上,相手なし,自家用,対象外当事者,対象外当事者,対象外当事者,指定の速度規制なし等,対象外当事者,13,00,小破,対象外当事者,対象外当事者,対象外当事者,対象外当事者,対象外当事者,死亡,対象外当事者,火,その他,43.247086,143.087451,2020-08-25,11:47,red,,,,,,,,,,,,
本票,青森,中央,0308,死亡,1,0,30000,対象外,0000,201,昼－暮,曇,非市街地,舗装－乾燥,単路－その他,環状交差点以外 環状交差点以外をいう。,施設なし,00,23,00,23,03,8,単路（交差点付近を含む）,規制なし,4,2,車両単独,55～64歳,不明,軽車両－自転車,物件等,対象外当事者,対象外当事者,対象外当事者,対象外当事者,対象外当事者,対象外当事者,40,00,小破,対象外当事者,対象外当事者,対象外当事者,対象外当事者,対象外当事者,死亡,対象外当事者,土,その他,40.792512,140.801387,2020-08-15,18:03,red,,,,,,,,,,,,
本票,青森,東,0080,死亡,1,0,30000,対象外,0000,210,夜－夜,曇,非市街地,舗装－乾燥,単路－その他,環状交差点以外 環状交差点以外をいう。,施設なし,00,23,00,23,02,9,単路（交差点付近を含む）,規制なし,5,4,車両単独,65～74歳,不明,貨物車－軽自動車,相手なし,自家用,対象外当事者,貨物車,対象外当事者,指定の速度規制なし等,対象外当事者,10,00,大破,対象外当事者,装備あり 作動,対象外当事者,その他,対象外当事者,死亡,対象外当事者,月,その他,40.488579,140.648914,2020-08-03,21:40,red,,,,,,,,,,,,
本票,青森,滝川,0030,死亡,1,0,10390,対象外,0165,408,昼－昼,晴,非市街地,舗装－湿潤,単路－カーブ・屈折,環状交差点以外 環状交差点以外をいう。,施設なし,00,23,00,23,03,3,単路（交差点付近を含む）,規制なし,4,4,車両単独,25～34歳,不明,二輪車－自動二輪－軽二輪－126～250cc,物件等,自家用,対象外当事者,対象外当事者,対象外当事者,40㎞／ｈ以下,対象外当事者,42,00,中破,対象外当事者,対象外当事者,対象外当事者,対象外当事者,対象外当事者,死亡,対象外当事者,日,その他,40.696091,141.191092,2020-08-02,06:56,red,,,,,,,,,,,,
本票,岩手,白石,0023,死亡,1,3,00040,上,5671,303,昼－昼,晴,非市街地,舗装－乾燥,単路－カーブ・屈折,環状交差点以外 環状交差点以外をいう。,施設なし,00,23,00,23,04,6,単路（交差点付近を含む）,規制なし,4,2,車両相互,75歳以上,45～54歳,乗用車－軽自動車,貨物車－軽自動車,自家用,自家用,乗用車,貨物車,50㎞／ｈ以下,50㎞／ｈ以下,10,10,中破,中破,装備あり 作動,装備あり 作動,その他,その他,負傷,死亡,火,その他,39.942611,141.214466,2020-08-25,13:35,red,,,,,,,,,,,,
本票,岩手,江別,0117,死亡,1,1,25070,対象外,0000,206,昼－昼,晴,非市街地,舗装－乾燥,交差点－その他,環状交差点以外 環状交差点以外をいう。,点灯－３灯式,09,22,09,22,15,9,交差点内,規制なし,5,2,車両相互,55～64歳,55～64歳,乗用車－普通車,乗用車－軽自動車,自家用,自家用,乗用車,乗用車,50㎞／ｈ以下,50㎞／ｈ以下,40,10,中破,大破,その他,装備あり 作動,その他,その他,損傷なし,負傷,土,その他,39.297807,141.054325,2020-08-22,16:35,red,,,,,,,,,,,,
本票,宮城,高速道路交通警察隊,0034,死亡,1,0,50070,上,0000,214,昼－昼,晴,非市街地,舗装－乾燥,単路－カーブ・屈折,環状交差点以外 環状交差点以外をいう。,施設なし,00,23,00,23,03,5,単路（交差点付近を含む）,規制なし,5,4,車両単独,55～64歳,不明,貨物車－大型車,物件等,事業用,対象外当事者,貨物車,対象外当事者,40㎞／ｈ以下,対象外当事者,52,00,大破,対象外当事者,その他,対象外当事者,その他,対象外当事者,死亡,対象外当事者,火,その他,38.440275,141.242042,2020-08-25,10:40,red,354,国土交通省,ランプウェイ－出路 減速車線（減速車線のない場合は本線車道）から一般道路に至るまでの部分をいう（料金所付近を除く。）。,その他,該当なし,平坦・該当なし,,1,防護柵－ガードレール,該当なし,該当なし,0
本票,秋田,白石,0039,死亡,1,3,00070,上,3712,204,昼－昼,晴,非市街地,舗装－乾燥,単路－その他,環状交差点以外 環状交差点以外をいう。,施設なし,00,23,00,23,03,9,単路（交差点付近を含む）,規制なし,4,2,車両相互,45～54歳,25～34歳,乗用車－普通車,乗用車－軽自動車,自家用,自家用,乗用車,乗用車,指定の速度規制なし等,指定の速度規制なし等,51,51,大破,大破,装備あり 作動,装備あり 作動,その他,その他,負傷,負傷,金,その他,40.264387,140.420276,2020-08-28,11:58,red,,,,,,,,,,,,
本票,山形,岩見沢,0071,死亡,1,4,20000,対象外,0000,213,昼－昼,晴,市街地－その他,舗装－乾燥,交差点－その他,環状交差点以外 環状交差点以外をいう。,施設なし,09,21,01,22,15,9,交差点内,規制なし,5,2,車両相互,75歳以上,55～64歳,乗用車－軽自動車,貨物車－軽自動車,自家用,自家用,乗用車,貨物車,指定の速度規制なし等,指定の速度規制なし等,10,40,中破,中破,装備あり 作動,その他,その他,その他,負傷,負傷,木,その他,38.033611,140.117806,2020-08-13,09:14,red,,,,,,,,,,,,
本票,福島,北,0056,死亡,1,0,00060,対象外,2848,212,昼－昼,晴,非市街地,舗装－乾燥,交差点－その他,環状交差点以外 環状交差点以外をいう。,点灯－３灯式,09,22,09,22,15,9,交差点内,規制なし,5,2,車両相互,65～74歳,25～34歳,貨物車－軽自動車,二輪車－自動二輪－小型二輪－251～400cc,自家用,自家用,貨物車,対象外当事者,指定の速度規制なし等,指定の速度規制なし等,50,10,中破,中破,その他,対象外当事者,その他,対象外当事者,損傷なし,死亡,木,その他,37.693895,140.974902,2020-08-13,14:42,red,,,,,,,,,,,,
本票,福島,豊平,0036,死亡,1,0,20000,対象外,0000,209,夜－暮,晴,市街地－その他,舗装－乾燥,交差点－その他,環状交差点以外 環状交差点以外をいう。,施設なし,09,22,00,23,14,9,交差点内,規制なし,4,2,人対車両,25～34歳,75歳以上,乗用車－普通車,歩行者,自家用,対象外当事者,乗用車,対象外当事者,40㎞／ｈ以下,対象外当事者,80,00,小破,対象外当事者,その他,対象外当事者,その他,対象外当事者,損傷なし,死亡,水,その他,37.799709,140.911840,2020-08-26,18:48,red,,,,,,,,,,,,
本票,東京,池上,0158,死亡,1,0,00010,上,0158,111,昼－昼,晴,市街地－人口集中,舗装－乾燥,単路－その他,環状交差点以外 環状交差点以外をいう。,施設なし,00,23,00,23,06,9,単路（交差点付近を含む）,規制なし,1,1,車両相互,65～74歳,25～34歳,乗用車－大型車,二輪車－原付自転車,事業用,自家用,乗用車,対象外当事者,指定の速度規制なし等,指定の速度規制なし等,60,10,小破,小破,その他,対象外当事者,その他,対象外当事者,損傷なし,死亡,火,その他,35.578421,139.700250,2020-08-11,07:10,red,,,,,,,,,,,,
本票,東京,東京空港,0005,死亡,1,0,03570,上,0436,111,昼－暮,晴,市街地－人口集中,舗装－乾燥,単路－その他,環状交差点以外 環状交差点以外をいう。,施設なし,00,23,00,23,03,7,単路（交差点付近を含む）,規制なし,1,4,車両単独,0～24歳,不明,二輪車－自動二輪－軽二輪－126～250cc,物件等,自家用,対象外当事者,対象外当事者,対象外当事者,指定の速度規制なし等,対象外当事者,10,00,中破,対象外当事者,対象外当事者,対象外当事者,対象外当事者,対象外当事者,死亡,対象外当事者,日,その他,35.541114,139.792182,2020-08-30,17:20,red,,,,,,,,,,,,
本票,東京,世田谷,0178,死亡,1,0,10130,対象外,0000,112,夜－明,晴,市街地－人口集中,舗装－乾燥,交差点－その他,環状交差点以外 環状交差点以外をいう。,点灯－３灯式,09,22,09,22,18,9,交差点内,規制なし,5,1,車両相互,55～64歳,0～24歳,貨物車－大型車,二輪車－自動二輪－軽二輪－126～250cc,事業用,自家用,貨物車,対象外当事者,50㎞／ｈ以下,50㎞／ｈ以下,10,30,小破,小破,その他,対象外当事者,その他,対象外当事者,損傷なし,死亡,木,その他,35.633124,139.667745,2020-08-13,04:46,red,,,,,,,,,,,,
本票,東京,中野,0159,死亡,1,1,10240,対象外,0000,114,昼－昼,晴,市街地－人口集中,舗装－乾燥,交差点－その他,環状交差点以外 環状交差点以外をいう。,点灯－３灯式,09,22,09,22,18,9,交差点内,規制なし,5,1,車両相互,75歳以上,25～34歳,貨物車－軽自動車,二輪車－自動二輪－小型二輪－401～750ｃｃ,自家用,自家用,貨物車,対象外当事者,指定の速度規制なし等,指定の速度規制なし等,10,20,中破,大破,その他,対象外当事者,その他,対象外当事者,損傷なし,死亡,水,その他,35.697562,139.673874,2020-08-26,07:27,red,,,,,,,,,,,,
本票,東京,石神井,0221,死亡,1,1,10240,対象外,0000,120,昼－昼,晴,市街地－人口集中,舗装－乾燥,単路－その他,環状交差点以外 環状交差点以外をいう。,施設なし,00,23,00,23,05,9,単路（交差点付近を含む）,規制なし,1,1,車両相互,35～44歳,45～54歳,貨物車－準中型車,二輪車－自動二輪－原付二種－51～125cc,事業用,自家用,貨物車,対象外当事者,指定の速度規制なし等,指定の速度規制なし等,10,31,小破,大破,その他,対象外当事者,その他,対象外当事者,損傷なし,死亡,火,その他,35.723061,139.569789,2020-08-04,17:16,red,,,,,,,,,,,,
本票,東京,西新井,0232,死亡,1,0,30000,対象外,0000,121,昼－昼,晴,市街地－人口集中,舗装－乾燥,交差点－その他,環状交差点以外 環状交差点以外をいう。,施設なし,09,22,01,21,14,9,交差点内,規制なし,4,1,車両相互,25～34歳,45～54歳,貨物車－準中型車,二輪車－原付自転車,自家用,自家用,貨物車,対象外当事者,40㎞／ｈ以下,指定の速度規制なし等,40,10,小破,中破,その他,対象外当事者,その他,対象外当事者,損傷なし,死亡,水,その他,35.782173,139.779259,2020-08-05,12:47,red,,,,,,,,,,,,
本票,東京,八王子,0307,死亡,1,0,00200,上,0435,201,夜－夜,晴,市街地－人口集中,舗装－乾燥,交差点－その他,環状交差点以外 環状交差点以外をいう。,点滅－３灯式,09,22,09,22,18,9,交差点内,規制なし,5,1,車両相互,0～24歳,35～44歳,乗用車－軽自動車,二輪車－自動二輪－小型二輪－251～400cc,自家用,自家用,乗用車,対象外当事者,50㎞／ｈ以下,50㎞／ｈ以下,80,10,大破,大破,その他,対象外当事者,その他,対象外当事者,損傷なし,死亡,火,その他,35.662337,139.350450,2020-08-04,23:10,red,,,,,,,,,,,,
本票,東京,八王子,0308,死亡,1,0,30540,対象外,0000,201,昼－昼,晴,市街地－人口集中,舗装－乾燥,交差点－その他,環状交差点以外 環状交差点以外をいう。,点灯－３灯式,09,22,00,23,18,9,交差点内,規制なし,5,1,車両単独,45～54歳,不明,二輪車－自動二輪－原付二種－51～125cc,物件等,自家用,対象外当事者,対象外当事者,対象外当事者,40㎞／ｈ以下,対象外当事者,10,00,大破,対象外当事者,対象外当事者,対象外当事者,対象外当事者,対象外当事者,死亡,対象外当事者,金,その他,35.663570,139.323530,2020-08-21,09:35,red,,,,,,,,,,,,
本票,東京,町田,0304,死亡,1,0,99000,対象外,0000,209,昼－昼,晴,市街地－その他,舗装－乾燥,一般交通の場所,環状交差点以外 環状交差点以外をいう。,施設なし,00,23,00,23,00,0,その他,規制なし,0,4,人対車両,45～54歳,75歳以上,貨物車－準中型車,歩行者,事業用,対象外当事者,貨物車,対象外当事者,指定の速度規制なし等,対象外当事者,30,00,損壊なし,対象外当事者,その他,対象外当事者,その他,対象外当事者,損傷なし,死亡,火,その他,35.576200,139.411491,2020-07-28,12:18,red,,,,,,,,,,,,
本票,東京,町田,0305,死亡,1,0,95000,対象外,0000,209,夜－夜,晴,市街地－その他,舗装－乾燥,単路－その他,環状交差点以外 環状交差点以外をいう。,施設なし,00,23,00,23,01,9,単路（交差点付近を含む）,規制なし,5,1,車両単独,55～64歳,不明,軽車両－自転車,相手なし,対象外当事者,対象外当事者,対象外当事者,対象外当事者,対象外当事者,対象外当事者,10,00,小破,対象外当事者,対象外当事者,対象外当事者,対象外当事者,対象外当事者,死亡,対象外当事者,木,その他,35.547509,139.434842,2020-08-20,19:53,red,,,,,,,,,,,,
本票,茨城,中央,0461,死亡,1,0,00501,上,1467,201,昼－昼,晴,市街地－人口集中,舗装－乾燥,交差点－その他,環状交差点以外 環状交差点以外をいう。,点灯－押ボタン式,01,21,00,23,17,9,交差点内,規制なし,1,2,人対車両,45～54歳,55～64歳,貨物車－準中型車,歩行者,自家用,対象外当事者,貨物車,対象外当事者,指定の速度規制なし等,対象外当事者,11,00,損壊なし,対象外当事者,その他,対象外当事者,その他,対象外当事者,損傷なし,死亡,火,その他,36.342556,140.477914,2020-08-04,13:45,red,,,,,,,,,,,,
本票,茨城,中央,0480,死亡,1,0,10020,対象外,0000,309,昼－昼,晴,非市街地,舗装－乾燥,単路－その他,環状交差点以外 環状交差点以外をいう。,施設なし,00,23,00,23,03,8,単路（交差点付近を含む）,規制なし,4,2,人対車両,65～74歳,65～74歳,乗用車－普通車,歩行者,自家用,対象外当事者,乗用車,対象外当事者,指定の速度規制なし等,対象外当事者,10,00,小破,対象外当事者,その他,対象外当事者,その他,対象外当事者,損傷なし,死亡,土,その他,36.318549,140.568059,2020-08-15,11:05,red,,,,,,,,,,,,
本票,茨城,白石,0128,死亡,1,0,30000,対象外,0000,216,夜－夜,晴,非市街地,舗装－乾燥,単路－カーブ・屈折,環状交差点以外 環状交差点以外をいう。,施設なし,00,23,00,23,03,2,単路（交差点付近を含む）,規制なし,5,4,車両単独,0～24歳,不明,貨物車－普通車,相手なし,自家用,対象外当事者,貨物車,対象外当事者,指定の速度規制なし等,対象外当事者,00,00,損壊なし,対象外当事者,その他,対象外当事者,その他,対象外当事者,損傷なし,対象外当事者,土,その他,36.290979,140.253209,2020-08-29,23:35,red,,,,,,,,,,,,
本票,茨城,赤歌,0071,死亡,1,0,30000,対象外,0000,229,夜－夜,曇,非市街地,舗装－乾燥,単路－その他,環状交差点以外 環状交差点以外をいう。,施設なし,00,23,00,23,02,9,単路（交差点付近を含む）,規制なし,5,4,車両単独,65～74歳,不明,軽車両－自転車,相手なし,対象外当事者,対象外当事者,対象外当事者,対象外当事者,対象外当事者,対象外当事者,10,00,小破,対象外当事者,対象外当事者,対象外当事者,対象外当事者,対象外当事者,死亡,対象外当事者,土,その他,35.904028,140.293358,2020-05-23,20:30,red,,,,,,,,,,,,
本票,茨城,芦別,0319,死亡,1,1,00060,上,0650,203,夜－夜,晴,市街地－その他,舗装－乾燥,単路－その他,環状交差点以外 環状交差点以外をいう。,施設なし,00,23,00,23,06,9,単路（交差点付近を含む）,規制なし,1,3,車両相互,0～24歳,0～24歳,乗用車－普通車,二輪車－自動二輪－小型二輪－251～400cc,自家用,自家用,乗用車,対象外当事者,指定の速度規制なし等,指定の速度規制なし等,10,30,大破,大破,装備あり 作動,対象外当事者,その他,対象外当事者,損傷なし,負傷,土,その他,36.090301,140.180141,2020-08-22,20:25,red,,,,,,,,,,,,
本票,茨城,岩内,0123,死亡,1,0,30000,対象外,0000,227,昼－昼,曇,非市街地,舗装－乾燥,単路－カーブ・屈折,環状交差点以外 環状交差点以外をいう。,施設なし,00,23,00,23,01,6,単路（交差点付近を含む）,規制なし,5,4,車両単独,75歳以上,不明,軽車両－自転車,相手なし,対象外当事者,対象外当事者,対象外当事者,対象外当事者,対象外当事者,対象外当事者,20,00,小破,対象外当事者,対象外当事者,対象外当事者,対象外当事者,対象外当事者,死亡,対象外当事者,月,その他,36.367590,139.974671,2020-07-20,11:00,red,,,,,,,,,,,,
本票,栃木,中央,0294,死亡,1,0,30000,対象外,0000,201,昼－昼,晴,市街地－人口集中,舗装－乾燥,交差点－その他,環状交差点以外 環状交差点以外をいう。,点灯－３灯式,09,22,09,22,15,9,交差点内,規制なし,4,2,車両相互,75歳以上,75歳以上,乗用車－普通車,軽車両－自転車,自家用,対象外当事者,乗用車,対象外当事者,40㎞／ｈ以下,対象外当事者,10,20,小破,中破,その他,対象外当事者,その他,対象外当事者,損傷なし,死亡,木,その他,36.580847,139.864510,2020-08-20,09:38,red,,,,,,,,,,,,
本票,栃木,西,0194,死亡,1,0,30000,対象外,0000,202,昼－昼,曇,非市街地,舗装－乾燥,交差点－その他,環状交差点以外 環状交差点以外をいう。,施設なし,09,22,09,22,11,9,交差点内,規制なし,5,4,車両相互,45～54歳,75歳以上,乗用車－普通車,軽車両－自転車,自家用,対象外当事者,乗用車,対象外当事者,指定の速度規制なし等,対象外当事者,50,10,小破,大破,その他,対象外当事者,その他,対象外当事者,損傷なし,死亡,月,その他,36.370582,139.396571,2020-08-31,15:27,red,,,,,,,,,,,,
本票,栃木,岩見沢,0203,死亡,1,0,20000,対象外,0000,208,夜－夜,晴,非市街地,舗装－乾燥,単路－その他,環状交差点以外 環状交差点以外をいう。,施設なし,00,23,00,23,04,9,単路（交差点付近を含む）,規制なし,4,2,車両相互,65～74歳,65～74歳,貨物車－大型車,軽車両－自転車,事業用,対象外当事者,貨物車,対象外当事者,指定の速度規制なし等,対象外当事者,50,30,小破,中破,その他,対象外当事者,その他,対象外当事者,損傷なし,死亡,日,前日,36.337608,139.857686,2020-08-09,01:40,red,,,,,,,,,,,,
本票,栃木,栗山,0049,死亡,1,1,04000,対象外,0000,210,昼－明,晴,非市街地,舗装－乾燥,単路－カーブ・屈折,環状交差点以外 環状交差点以外をいう。,施設なし,00,23,00,23,03,6,単路（交差点付近を含む）,規制なし,4,2,車両相互,35～44歳,75歳以上,貨物車－準中型車,乗用車－軽自動車,自家用,自家用,貨物車,乗用車,指定の速度規制なし等,50㎞／ｈ以下,10,00,大破,大破,装備あり 作動,装備あり 作動,装備あり 作動,装備あり 作動,負傷,死亡,金,その他,36.849816,140.051127,2020-08-21,05:55,red,,,,,,,,,,,,
本票,栃木,室蘭,0325,死亡,1,0,02930,対象外,0000,201,夜－夜,晴,非市街地,舗装－乾燥,交差点－その他,環状交差点以外 環状交差点以外をいう。,点灯－押ボタン式,09,22,00,23,11,9,交差点内,規制なし,5,2,人対車両,45～54歳,75歳以上,乗用車－普通車,歩行者,自家用,対象外当事者,乗用車,対象外当事者,指定の速度規制なし等,対象外当事者,10,00,中破,対象外当事者,その他,対象外当事者,その他,対象外当事者,損傷なし,死亡,金,その他,36.680088,139.903882,2020-08-28,22:12,red,,,,,,,,,,,,
本票,群馬,江別,0130,死亡,1,1,02540,対象外,0000,382,夜－暮,晴,非市街地,舗装－乾燥,交差点－その他,環状交差点以外 環状交差点以外をいう。,施設なし,09,22,09,22,15,4,交差点内,規制なし,4,3,車両相互,35～44歳,65～74歳,貨物車－大型車,乗用車－普通車,事業用,自家用,貨物車,乗用車,40㎞／ｈ以下,40㎞／ｈ以下,50,17,小破,大破,その他,装備あり 作動,その他,その他,負傷,死亡,金,その他,36.231149,138.629231,2020-08-21,18:50,red,,,,,,,,,,,,
本票,群馬,三戸,0211,死亡,1,0,23000,対象外,0000,522,昼－昼,晴,非市街地,舗装－乾燥,交差点－その他,環状交差点以外 環状交差点以外をいう。,施設なし,09,22,01,21,14,9,交差点内,規制なし,4,1,車両相互,55～64歳,75歳以上,乗用車－普通車,軽車両－駆動補助機付自転車,自家用,対象外当事者,乗用車,対象外当事者,40㎞／ｈ以下,対象外当事者,10,40,小破,中破,その他,対象外当事者,その他,対象外当事者,損傷なし,死亡,土,その他,36.214397,139.542925,2020-08-22,09:55,red,,,,,,,,,,,,
本票,群馬,余市,0079,死亡,1,0,01450,対象外,0000,429,昼－昼,晴,非市街地,舗装－乾燥,単路－その他,環状交差点以外 環状交差点以外をいう。,施設なし,00,23,00,23,03,9,単路（交差点付近を含む）,規制なし,4,2,車両単独,45～54歳,不明,二輪車－自動二輪－軽二輪－126～250cc,物件等,自家用,対象外当事者,対象外当事者,対象外当事者,50㎞／ｈ以下,対象外当事者,10,00,大破,対象外当事者,対象外当事者,対象外当事者,対象外当事者,対象外当事者,死亡,対象外当事者,火,その他,36.551327,138.785245,2020-08-25,14:43,red,,,,,,,,,,,,
本票,埼玉,高速道路交通警察隊,0186,死亡,1,0,50340,下,0012,241,昼－昼,晴,非市街地,舗装－乾燥,単路－カーブ・屈折,環状交差点以外 環状交差点以外をいう。,施設なし,00,23,00,23,02,2,単路（交差点付近を含む）,規制なし,1,4,車両単独,65～74歳,不明,二輪車－自動二輪－小型二輪－751ｃｃ以上,物件等,自家用,対象外当事者,対象外当事者,対象外当事者,50㎞／ｈ以下,対象外当事者,10,00,小破,対象外当事者,対象外当事者,対象外当事者,対象外当事者,対象外当事者,死亡,対象外当事者,日,その他,35.931819,139.407801,2020-08-30,16:44,red,778,東日本高速道路,ランプウェイ－入路,その他,該当なし,平坦・該当なし,,1,防護柵－その他,該当なし,該当なし,0
本票,埼玉,砂川,0198,死亡,1,0,22180,対象外,0000,209,夜－暮,曇,市街地－その他,舗装－乾燥,交差点－その他,環状交差点以外 環状交差点以外をいう。,施設なし,01,21,09,22,14,9,交差点内,規制なし,4,3,車両相互,35～44歳,35～44歳,貨物車－軽自動車,二輪車－自動二輪－小型二輪－751ｃｃ以上,事業用,自家用,貨物車,対象外当事者,指定の速度規制なし等,40㎞／ｈ以下,60,12,中破,中破,その他,対象外当事者,その他,対象外当事者,損傷なし,死亡,日,その他,35.844135,139.321482,2020-08-30,18:25,red,,,,,,,,,,,,
本票,埼玉,赤歌,0135,死亡,1,1,01400,対象外,0401,207,昼－昼,晴,非市街地,舗装－湿潤,単路－トンネル,環状交差点以外 環状交差点以外をいう。,施設なし,00,23,00,23,03,9,単路（交差点付近を含む）,規制なし,6,2,車両相互,45～54歳,45～54歳,二輪車－自動二輪－小型二輪－751ｃｃ以上,二輪車－自動二輪－小型二輪－751ｃｃ以上,自家用,自家用,対象外当事者,対象外当事者,40㎞／ｈ以下,40㎞／ｈ以下,12,34,中破,中破,対象外当事者,対象外当事者,対象外当事者,対象外当事者,死亡,負傷,火,その他,35.887196,138.792015,2020-08-11,07:15,red,,,,,,,,,,,,
本票,埼玉,倶知安,0321,死亡,1,0,23410,対象外,0000,202,昼－昼,晴,市街地－その他,舗装－乾燥,単路－その他,環状交差点以外 環状交差点以外をいう。,施設なし,00,23,00,23,03,9,単路（交差点付近を含む）,規制なし,4,1,車両相互,35～44歳,35～44歳,貨物車－大型車,軽車両－自転車,事業用,対象外当事者,貨物車,対象外当事者,40㎞／ｈ以下,対象外当事者,80,20,小破,大破,その他,対象外当事者,その他,対象外当事者,損傷なし,死亡,土,その他,36.164461,139.384728,2020-08-15,09:55,red,,,,,,,,,,,,