資料区分,都道府県コード,警察署等コード,本票番号,事故内容,死者数,負傷者数,路線コード,上下線,地点コード,市区町村コード,昼夜,天候,地形,路面状態,道路形状,環状交差点の直径,信号機,一時停止規制　標識（当事者A）,一時停止規制　表示（当事者A）,一時停止規制　標識（当事者B）,一時停止規制　表示（当事者B）,車道幅員,道路線形,衝突地点,ゾーン規制,中央分離帯施設等,歩車道区分,事故類型,年齢（当事者A）,年齢（当事者B）,当事者種別（当事者A）,当事者種別（当事者B）,用途別（当事者A）,用途別（当事者B）,車両形状（当事者A）,車両形状（当事者B）,速度規制（指定のみ）（当事者A）,速度規制（指定のみ）（当事者B）,車両の衝突部位（当事者A）,車両の衝突部位（当事者B）,車両の損壊程度（当事者A）,車両の損壊程度（当事者B）,エアバッグの装備（当事者A）,エアバッグの装備（当事者B）,サイドエアバッグの装備（当事者A）,サイドエアバッグの装備（当事者B）,人身損傷程度（当事者A）,人身損傷程度（当事者B）,曜日(発生年月日),祝日(発生年月日),緯度,経度,発生日,発生時,color,発生地点,道路管理者区分,道路区分,道路構造,曲線半径,縦断勾配,トンネル番号,当事者車両台数,車両単独事故の対象物,臨時速度規制の有無,速度規制（臨時のみ）,トンネル延長距離
本票,埼玉,南,0453,死亡,1,0,39990,対象外,3999,222,昼－昼,晴,市街地－その他,舗装－乾燥,交差点－その他,環状交差点以外 環状交差点以外をいう。,施設なし,01,22,00,23,17,9,交差点内,規制なし,5,1,人対車両,65～74歳,75歳以上,貨物車－普通車,歩行者,自家用,対象外当事者,貨物車,対象外当事者,40㎞／ｈ以下,対象外当事者,80,00,小破,対象外当事者,その他,対象外当事者,その他,対象外当事者,損傷なし,死亡,金,その他,35.877173,139.794589,2020-08-28,10:29,red,,,,,,,,,,,,
本票,埼玉,北,0239,死亡,1,0,39990,対象外,0000,232,昼－昼,晴,非市街地,非舗装,交差点付近－その他,環状交差点以外 環状交差点以外をいう。,施設なし,00,23,00,23,01,9,その他,規制なし,5,4,車両単独,45～54歳,不明,軽車両－自転車,相手なし,対象外当事者,対象外当事者,対象外当事者,対象外当事者,対象外当事者,対象外当事者,20,00,小破,対象外当事者,対象外当事者,対象外当事者,対象外当事者,対象外当事者,死亡,対象外当事者,水,その他,36.075751,139.654674,2020-08-12,11:47,red,,,,,,,,,,,,
本票,埼玉,手稲,0344,死亡,1,0,10670,対象外,0000,243,昼－昼,晴,市街地－人口集中,舗装－乾燥,交差点付近－その他,環状交差点以外 環状交差点以外をいう。,施設なし,00,23,00,23,03,7,単路（交差点付近を含む）,規制なし,4,2,人対車両,0～24歳,65～74歳,貨物車－準中型車,歩行者,事業用,対象外当事者,貨物車,対象外当事者,30㎞／ｈ以下,対象外当事者,58,00,小破,対象外当事者,その他,対象外当事者,その他,対象外当事者,損傷なし,死亡,金,その他,35.876600,139.842198,2020-08-21,16:57,red,,,,,,,,,,,,
本票,埼玉,新座,0202,死亡,1,0,02540,対象外,0000,230,夜－夜,晴,市街地－その他,舗装－乾燥,単路－その他,環状交差点以外 環状交差点以外をいう。,施設なし,00,23,00,23,04,9,単路（交差点付近を含む）,規制なし,1,1,人対車両,0～24歳,45～54歳,乗用車－普通車,歩行者,自家用,対象外当事者,乗用車,対象外当事者,50㎞／ｈ以下,対象外当事者,50,00,小破,対象外当事者,その他,対象外当事者,その他,対象外当事者,損傷なし,死亡,木,その他,35.801961,139.557259,2020-08-20,23:25,red,,,,,,,,,,,,
本票,千葉,つがる,0496,死亡,1,0,22820,対象外,0000,217,昼－暮,晴,市街地－その他,舗装－乾燥,交差点付近－その他,環状交差点以外 環状交差点以外をいう。,施設なし,00,23,00,23,03,9,単路（交差点付近を含む）,規制なし,4,2,人対車両,65～74歳,0～24歳,貨物車－準中型車,歩行者,自家用,対象外当事者,貨物車,対象外当事者,40㎞／ｈ以下,対象外当事者,10,00,中破,対象外当事者,その他,対象外当事者,その他,対象外当事者,損傷なし,死亡,火,その他,35.841496,140.020381,2020-08-25,17:54,red,,,,,,,,,,,,
本票,千葉,つがる,0502,死亡,1,0,10470,対象外,0000,217,昼－昼,晴,市街地－その他,舗装－乾燥,単路－その他,環状交差点以外 環状交差点以外をいう。,施設なし,00,23,00,23,03,9,単路（交差点付近を含む）,規制なし,4,2,車両相互,45～54歳,55～64歳,貨物車－大型車,軽車両－自転車,事業用,対象外当事者,貨物車,対象外当事者,40㎞／ｈ以下,対象外当事者,40,40,損壊なし,小破,その他,対象外当事者,その他,対象外当事者,損傷なし,死亡,水,その他,35.886684,139.927818,2020-08-26,09:59,red,,,,,,,,,,,,
本票,千葉,砂川,0169,死亡,1,0,03560,下,0000,329,昼－昼,晴,非市街地,舗装－乾燥,交差点－その他,環状交差点以外 環状交差点以外をいう。,点灯－３灯式,09,22,09,22,15,9,交差点内,規制なし,5,2,車両相互,45～54歳,65～74歳,乗用車－普通車,貨物車－普通車,自家用,自家用,乗用車,貨物車,50㎞／ｈ以下,指定の速度規制なし等,80,20,中破,中破,その他,装備あり 作動,その他,その他,損傷なし,死亡,木,その他,35.852881,140.199896,2020-08-13,07:01,red,,,,,,,,,,,,
本票,千葉,余市,0032,死亡,1,0,70000,対象外,0000,235,昼－昼,晴,非市街地,非舗装,交差点付近－その他,環状交差点以外 環状交差点以外をいう。,施設なし,00,23,00,23,02,9,その他,規制なし,5,4,車両単独,25～34歳,不明,特殊車－小型－その他,相手なし,対象外当事者,対象外当事者,対象外当事者,対象外当事者,指定の速度規制なし等,対象外当事者,60,00,損壊なし,対象外当事者,対象外当事者,対象外当事者,対象外当事者,対象外当事者,死亡,対象外当事者,日,その他,35.725983,140.571429,2020-08-30,15:45,red,,,,,,,,,,,,
本票,千葉,浦河,0462,死亡,1,0,10210,対象外,0000,219,昼－明,晴,市街地－人口集中,舗装－乾燥,単路－橋,環状交差点以外 環状交差点以外をいう。,施設なし,00,23,00,23,03,9,単路（交差点付近を含む）,規制なし,4,2,車両相互,0～24歳,35～44歳,乗用車－軽自動車,二輪車－原付自転車,自家用,自家用,乗用車,対象外当事者,50㎞／ｈ以下,指定の速度規制なし等,10,10,大破,大破,その他,対象外当事者,その他,対象外当事者,損傷なし,死亡,木,その他,35.509216,140.108978,2020-08-27,05:32,red,,,,,,,,,,,,
本票,千葉,北,0341,死亡,1,0,21430,対象外,0000,229,夜－夜,晴,市街地－その他,舗装－乾燥,単路－その他,環状交差点以外 環状交差点以外をいう。,施設なし,00,23,00,23,03,9,単路（交差点付近を含む）,規制なし,4,4,人対車両,45～54歳,55～64歳,乗用車－普通車,歩行者,自家用,対象外当事者,乗用車,対象外当事者,指定の速度規制なし等,対象外当事者,10,00,大破,対象外当事者,その他,対象外当事者,その他,対象外当事者,損傷なし,死亡,月,当日,35.408706,140.045485,2020-08-10,21:07,red,,,,,,,,,,,,
本票,千葉,北,0343,死亡,1,0,30000,対象外,0000,229,昼－昼,晴,非市街地,舗装－乾燥,単路－その他,環状交差点以外 環状交差点以外をいう。,施設なし,00,23,00,23,04,9,単路（交差点付近を含む）,規制なし,1,2,車両相互,45～54歳,0～24歳,貨物車－普通車,二輪車－自動二輪－小型二輪－751ｃｃ以上,自家用,自家用,貨物車,対象外当事者,指定の速度規制なし等,指定の速度規制なし等,40,10,小破,大破,その他,対象外当事者,その他,対象外当事者,損傷なし,死亡,水,その他,35.448966,139.950093,2020-08-12,15:30,red,,,,,,,,,,,,
本票,千葉,豊平,0150,死亡,1,0,04100,上,0000,225,昼－昼,晴,非市街地,舗装－乾燥,単路－その他,環状交差点以外 環状交差点以外をいう。,点灯－押ボタン式,00,23,00,23,03,8,単路（交差点付近を含む）,規制なし,4,3,人対車両,55～64歳,75歳以上,貨物車－軽自動車,歩行者,自家用,対象外当事者,貨物車,対象外当事者,指定の速度規制なし等,対象外当事者,10,00,中破,対象外当事者,その他,対象外当事者,その他,対象外当事者,損傷なし,死亡,月,その他,35.178992,140.007461,2020-08-17,06:49,red,,,,,,,,,,,,
本票,千葉,手稲,0180,死亡,1,0,01270,下,0000,234,昼－暮,晴,市街地－その他,舗装－乾燥,交差点－その他,環状交差点以外 環状交差点以外をいう。,点灯－３灯式,09,22,00,23,15,9,交差点内,規制なし,5,2,人対車両,45～54歳,75歳以上,貨物車－大型車,歩行者,事業用,対象外当事者,貨物車,対象外当事者,40㎞／ｈ以下,対象外当事者,50,00,小破,対象外当事者,その他,対象外当事者,その他,対象外当事者,損傷なし,死亡,日,その他,35.039474,139.833350,2020-08-16,17:50,red,,,,,,,,,,,,
本票,千葉,浦和西,0194,死亡,1,3,00160,上,0000,221,夜－夜,晴,市街地－その他,舗装－乾燥,交差点付近－その他,環状交差点以外 環状交差点以外をいう。,点灯－３灯式,00,23,00,23,05,8,単路（交差点付近を含む）,規制なし,4,2,車両相互,45～54歳,25～34歳,貨物車－中型車,乗用車－普通車,事業用,自家用,貨物車,乗用車,指定の速度規制なし等,指定の速度規制なし等,30,10,小破,大破,その他,装備あり 作動,その他,装備あり 作動,負傷,死亡,水,その他,35.774318,140.090814,2020-08-26,02:36,red,,,,,,,,,,,,
本票,千葉,大宮西,0152,死亡,1,0,21700,対象外,0000,222,夜－夜,晴,非市街地,舗装－乾燥,単路－その他,環状交差点以外 環状交差点以外をいう。,施設なし,00,23,00,23,03,9,単路（交差点付近を含む）,規制なし,4,3,車両単独,0～24歳,不明,二輪車－自動二輪－小型二輪－251～400cc,物件等,自家用,対象外当事者,対象外当事者,対象外当事者,50㎞／ｈ以下,対象外当事者,40,00,小破,対象外当事者,対象外当事者,対象外当事者,対象外当事者,対象外当事者,死亡,対象外当事者,水,その他,35.883080,140.061916,2020-08-19,00:16,red,,,,,,,,,,,,
本票,千葉,千葉北,0357,死亡,1,0,30000,対象外,0000,103,昼－明,晴,市街地－人口集中,舗装－乾燥,単路－その他,環状交差点以外 環状交差点以外をいう。,施設なし,00,23,00,23,03,9,単路（交差点付近を含む）,規制なし,4,3,人対車両,0～24歳,75歳以上,乗用車－軽自動車,歩行者,自家用,対象外当事者,乗用車,対象外当事者,40㎞／ｈ以下,対象外当事者,50,00,大破,対象外当事者,その他,対象外当事者,その他,対象外当事者,損傷なし,死亡,水,その他,35.645601,140.120380,2020-08-26,05:56,red,,,,,,,,,,,,
本票,神奈川,高速道路交通警察隊,0229,死亡,2,0,50080,下,0000,131,昼－昼,晴,非市街地,舗装－乾燥,単路－その他,環状交差点以外 環状交差点以外をいう。,施設なし,00,23,00,23,06,9,単路（交差点付近を含む）,規制なし,1,4,車両相互,45～54歳,65～74歳,乗用車－普通車,乗用車－普通車,自家用,自家用,乗用車,乗用車,80㎞／ｈ以下,80㎞／ｈ以下,86,35,中破,大破,その他,装備あり 作動,その他,その他,損傷なし,死亡,日,その他,35.475328,139.706972,2020-08-02,08:15,red,398,首都高速道路,走行車線－第二通行帯以上,完全分離－盛土,直線,平坦・該当なし,,2,該当なし,該当なし,該当なし,0
本票,神奈川,千葉東,0249,死亡,1,0,30440,対象外,0000,106,昼－明,晴,市街地－人口集中,舗装－乾燥,単路－カーブ・屈折,環状交差点以外 環状交差点以外をいう。,施設なし,00,23,00,23,06,3,単路（交差点付近を含む）,規制なし,1,1,車両単独,45～54歳,不明,二輪車－自動二輪－小型二輪－751ｃｃ以上,物件等,自家用,対象外当事者,対象外当事者,対象外当事者,指定の速度規制なし等,対象外当事者,10,00,小破,対象外当事者,対象外当事者,対象外当事者,対象外当事者,対象外当事者,死亡,対象外当事者,木,その他,35.468016,139.566375,2020-08-20,05:10,red,,,,,,,,,,,,
本票,神奈川,横須賀,0311,死亡,1,0,22170,対象外,0000,201,昼－昼,晴,非市街地,舗装－乾燥,単路－その他,環状交差点以外 環状交差点以外をいう。,施設なし,00,23,00,23,03,8,単路（交差点付近を含む）,規制なし,4,2,車両単独,65～74歳,不明,二輪車－自動二輪－原付二種－51～125cc,物件等,自家用,対象外当事者,対象外当事者,対象外当事者,40㎞／ｈ以下,対象外当事者,10,00,小破,対象外当事者,対象外当事者,対象外当事者,対象外当事者,対象外当事者,死亡,対象外当事者,日,その他,35.255017,139.605554,2020-08-30,13:29,red,,,,,,,,,,,,
本票,神奈川,小田原,0351,死亡,1,0,30001,対象外,0000,384,昼－昼,曇,非市街地,舗装－乾燥,単路－カーブ・屈折,環状交差点以外 環状交差点以外をいう。,施設なし,00,23,00,23,01,2,単路（交差点付近を含む）,規制なし,5,4,車両単独,75歳以上,不明,乗用車－軽自動車,物件等,自家用,対象外当事者,乗用車,対象外当事者,指定の速度規制なし等,対象外当事者,18,00,中破,対象外当事者,装備あり 作動,対象外当事者,その他,対象外当事者,死亡,対象外当事者,土,その他,35.161426,139.107355,2020-08-01,11:18,red,,,,,,,,,,,,
本票,新潟,高速道路交通警察隊,0018,死亡,2,4,41180,下,1845,223,昼－昼,晴,非市街地,舗装－乾燥,単路－その他,環状交差点以外 環状交差点以外をいう。,施設なし,00,23,00,23,03,9,その他,規制なし,6,4,車両単独,55～64歳,不明,貨物車－普通車,物件等,自家用,対象外当事者,貨物車,対象外当事者,70㎞／ｈ以下,対象外当事者,10,00,大破,対象外当事者,その他,対象外当事者,その他,対象外当事者,負傷,対象外当事者,日,その他,37.742194,139.280797,2020-08-23,09:15,red,1845,東日本高速道路,走行車線－第一通行帯,非分離－切土,直線,平坦・該当なし,,1,その他,該当なし,該当なし,0
本票,新潟,東,0059,死亡,1,0,02900,対象外,0000,581,昼－昼,晴,非市街地,舗装－乾燥,交差点付近－その他,環状交差点以外 環状交差点以外をいう。,施設なし,00,23,00,23,03,5,その他,規制なし,4,2,車両単独,65～74歳,不明,乗用車－軽自動車,相手なし,自家用,対象外当事者,乗用車,対象外当事者,指定の速度規制なし等,対象外当事者,50,00,大破,対象外当事者,その他,対象外当事者,その他,対象外当事者,死亡,対象外当事者,日,その他,38.094792,139.526417,2020-08-02,10:43,red,,,,,,,,,,,,
本票,新潟,東,0070,死亡,1,0,37810,対象外,0000,212,夜－夜,晴,非市街地,舗装－乾燥,交差点付近－その他,環状交差点以外 環状交差点以外をいう。,施設なし,00,23,00,23,02,9,単路（交差点付近を含む）,規制なし,5,4,車両単独,45～54歳,不明,軽車両－自転車,相手なし,対象外当事者,対象外当事者,対象外当事者,対象外当事者,対象外当事者,対象外当事者,10,00,損壊なし,対象外当事者,対象外当事者,対象外当事者,対象外当事者,対象外当事者,死亡,対象外当事者,月,その他,38.109050,139.457783,2020-08-24,00:00,red,,,,,,,,,,,,
本票,新潟,千歳,0137,死亡,1,0,37750,対象外,0000,206,昼－昼,晴,非市街地,舗装－乾燥,交差点付近－その他,環状交差点以外 環状交差点以外をいう。,施設なし,00,23,00,23,02,9,その他,規制なし,5,4,車両単独,75歳以上,不明,乗用車－普通車,相手なし,自家用,対象外当事者,乗用車,対象外当事者,40㎞／ｈ以下,対象外当事者,80,00,大破,対象外当事者,装備あり 作動,対象外当事者,その他,対象外当事者,死亡,対象外当事者,木,その他,37.993192,139.364364,2020-08-06,15:45,red,,,,,,,,,,,,
本票,新潟,倶知安,0108,死亡,1,0,02900,対象外,0000,202,昼－昼,晴,非市街地,舗装－乾燥,単路－カーブ・屈折,環状交差点以外 環状交差点以外をいう。,施設なし,00,23,00,23,03,2,単路（交差点付近を含む）,規制なし,4,3,車両単独,75歳以上,不明,貨物車－軽自動車,物件等,自家用,対象外当事者,貨物車,対象外当事者,40㎞／ｈ以下,対象外当事者,81,00,小破,対象外当事者,その他,対象外当事者,その他,対象外当事者,損傷なし,対象外当事者,土,その他,37.520297,139.016769,2020-08-01,15:10,red,,,,,,,,,,,,
本票,新潟,浦和西,0102,死亡,1,0,14130,対象外,0000,222,昼－昼,晴,市街地－人口集中,舗装－乾燥,交差点－その他,環状交差点以外 環状交差点以外をいう。,点灯－３灯式,09,22,00,23,18,6,交差点内,規制なし,5,2,人対車両,65～74歳,75歳以上,乗用車－普通車,歩行者,自家用,対象外当事者,乗用車,対象外当事者,指定の速度規制なし等,対象外当事者,10,00,小破,対象外当事者,その他,対象外当事者,その他,対象外当事者,損傷なし,死亡,水,その他,37.124928,138.246136,2020-08-26,15:58,red,,,,,,,,,,,,
本票,新潟,新座,0152,死亡,1,0,37700,対象外,0000,102,夜－暮,曇,市街地－人口集中,舗装－湿潤,交差点－その他,環状交差点以外 環状交差点以外をいう。,点灯－押ボタン式,09,22,00,23,14,9,交差点内,規制なし,5,2,人対車両,35～44歳,75歳以上,乗用車－普通車,歩行者,自家用,対象外当事者,乗用車,対象外当事者,40㎞／ｈ以下,対象外当事者,10,00,小破,対象外当事者,その他,対象外当事者,その他,対象外当事者,損傷なし,死亡,土,その他,37.917236,139.090933,2020-08-08,19:00,red,,,,,,,,,,,,
本票,山梨,三戸,0106,死亡,1,0,25340,対象外,0000,425,昼－昼,晴,非市街地,舗装－乾燥,単路－その他,環状交差点以外 環状交差点以外をいう。,施設なし,00,23,00,23,03,9,単路（交差点付近を含む）,規制なし,4,1,人対車両,25～34歳,65～74歳,乗用車－普通車,歩行者,自家用,対象外当事者,乗用車,対象外当事者,40㎞／ｈ以下,対象外当事者,50,00,中破,対象外当事者,その他,対象外当事者,その他,対象外当事者,損傷なし,死亡,土,その他,35.427793,138.863902,2020-08-15,16:00,red,,,,,,,,,,,,
本票,山梨,滝川,0045,死亡,1,0,14190,対象外,0000,422,夜－夜,晴,非市街地,舗装－乾燥,単路－カーブ・屈折,環状交差点以外 環状交差点以外をいう。,施設なし,00,23,00,23,03,2,単路（交差点付近を含む）,規制なし,4,3,車両単独,0～24歳,不明,二輪車－自動二輪－小型二輪－751ｃｃ以上,相手なし,自家用,対象外当事者,対象外当事者,対象外当事者,40㎞／ｈ以下,対象外当事者,20,00,大破,対象外当事者,対象外当事者,対象外当事者,対象外当事者,対象外当事者,死亡,対象外当事者,木,その他,35.511400,138.973897,2020-08-06,22:45,red,,,,,,,,,,,,
本票,長野,中央,0426,死亡,1,0,99000,対象外,0000,588,夜－暮,曇,非市街地,非舗装,一般交通の場所,環状交差点以外 環状交差点以外をいう。,施設なし,00,23,00,23,00,0,その他,規制なし,0,4,車両単独,75歳以上,不明,乗用車－軽自動車,相手なし,自家用,対象外当事者,乗用車,対象外当事者,指定の速度規制なし等,対象外当事者,80,00,中破,対象外当事者,装備あり 作動,対象外当事者,その他,対象外当事者,死亡,対象外当事者,木,その他,36.634869,137.965958,2020-08-13,19:00,red,,,,,,,,,,,,
本票,長野,中央,0430,死亡,1,0,00190,上,0000,201,昼－暮,晴,市街地－その他,舗装－乾燥,交差点－その他,環状交差点以外 環状交差点以外をいう。,施設なし,09,22,09,22,14,9,交差点内,規制なし,4,2,車両相互,45～54歳,0～24歳,乗用車－普通車,軽車両－自転車,自家用,対象外当事者,乗用車,対象外当事者,50㎞／ｈ以下,対象外当事者,10,40,小破,大破,その他,対象外当事者,その他,対象外当事者,損傷なし,死亡,水,その他,36.624674,138.140386,2020-08-19,18:00,red,,,,,,,,,,,,
本票,長野,千歳,0111,死亡,1,0,23400,対象外,0000,218,昼－昼,晴,非市街地,舗装－乾燥,単路－カーブ・屈折,環状交差点以外 環状交差点以外をいう。,施設なし,00,23,00,23,03,5,単路（交差点付近を含む）,規制なし,4,4,車両相互,45～54歳,0～24歳,貨物車－準中型車,軽車両－自転車,事業用,対象外当事者,貨物車,対象外当事者,指定の速度規制なし等,対象外当事者,20,40,小破,小破,その他,対象外当事者,その他,対象外当事者,損傷なし,死亡,土,その他,36.511335,138.082029,2020-08-15,11:05,red,,,,,,,,,,,,
本票,長野,静内,0038,死亡,1,0,37000,対象外,0000,210,昼－昼,曇,非市街地,舗装－乾燥,単路－カーブ・屈折,環状交差点以外 環状交差点以外をいう。,施設なし,00,23,00,23,03,6,単路（交差点付近を含む）,規制なし,4,4,車両単独,65～74歳,不明,二輪車－自動二輪－小型二輪－751ｃｃ以上,物件等,自家用,対象外当事者,対象外当事者,対象外当事者,指定の速度規制なし等,対象外当事者,10,00,中破,対象外当事者,対象外当事者,対象外当事者,対象外当事者,対象外当事者,死亡,対象外当事者,日,その他,35.700924,137.953958,2020-08-02,14:50,red,,,,,,,,,,,,
本票,長野,北,0092,死亡,1,0,99000,対象外,0000,214,昼－昼,晴,非市街地,非舗装,一般交通の場所,環状交差点以外 環状交差点以外をいう。,施設なし,00,23,00,23,00,0,その他,規制なし,0,4,車両単独,75歳以上,不明,乗用車－普通車,物件等,自家用,対象外当事者,乗用車,対象外当事者,指定の速度規制なし等,対象外当事者,10,00,小破,対象外当事者,装備あり 作動,対象外当事者,その他,対象外当事者,損傷なし,対象外当事者,火,その他,36.048722,138.285690,2020-08-11,17:20,red,,,,,,,,,,,,
本票,静岡,高速道路交通警察隊,0117,死亡,1,0,42810,上,0000,215,昼－昼,晴,非市街地,舗装－乾燥,単路－カーブ・屈折,環状交差点以外 環状交差点以外をいう。,施設なし,00,23,00,23,03,6,単路（交差点付近を含む）,規制なし,1,3,車両単独,25～34歳,不明,二輪車－自動二輪－小型二輪－751ｃｃ以上,物件等,自家用,対象外当事者,対象外当事者,対象外当事者,100㎞/h以下,対象外当事者,21,00,小破,対象外当事者,対象外当事者,対象外当事者,対象外当事者,対象外当事者,死亡,対象外当事者,月,当日,35.259376,138.910884,2020-08-10,07:06,red,539,中日本高速道路,ジャンクション,完全分離－高架・橋梁,カーブ－300m以上,平坦－１％以上,,1,中央分離帯－コンクリート,該当なし,該当なし,0
本票,静岡,千歳,0103,死亡,1,1,10110,対象外,0000,205,昼－昼,晴,非市街地,舗装－乾燥,交差点付近－その他,環状交差点以外 環状交差点以外をいう。,施設なし,00,23,00,23,03,8,単路（交差点付近を含む）,規制なし,4,2,車両単独,75歳以上,不明,乗用車－普通車,相手なし,自家用,対象外当事者,乗用車,対象外当事者,40㎞／ｈ以下,対象外当事者,21,00,大破,対象外当事者,その他,対象外当事者,その他,対象外当事者,死亡,対象外当事者,火,その他,35.103371,139.052309,2020-08-18,06:25,red,,,,,,,,,,,,
本票,静岡,岩見沢,0927,死亡,1,1,10220,対象外,0000,203,昼－昼,晴,非市街地,舗装－乾燥,交差点－その他,環状交差点以外 環状交差点以外をいう。,施設なし,09,22,01,21,15,9,交差点内,規制なし,4,3,車両相互,35～44歳,75歳以上,貨物車－大型車,貨物車－軽自動車,事業用,自家用,貨物車,貨物車,50㎞／ｈ以下,50㎞／ｈ以下,10,20,小破,大破,その他,その他,その他,その他,損傷なし,死亡,月,その他,35.142414,138.785851,2020-08-03,13:47,red,,,,,,,,,,,,
本票,静岡,栗山,0262,死亡,1,0,37000,対象外,0000,215,昼－昼,晴,非市街地,舗装－乾燥,交差点－その他,環状交差点以外 環状交差点以外をいう。,施設なし,09,22,00,23,18,9,その他,規制なし,5,4,車両単独,75歳以上,不明,特殊車－小型－農耕作業用,相手なし,対象外当事者,対象外当事者,対象外当事者,対象外当事者,指定の速度規制なし等,対象外当事者,10,00,中破,対象外当事者,対象外当事者,対象外当事者,対象外当事者,対象外当事者,死亡,対象外当事者,月,当日,35.245338,138.910812,2020-08-10,09:29,red,,,,,,,,,,,,
本票,静岡,三戸,0687,死亡,1,0,37000,対象外,0000,103,昼－昼,晴,市街地－人口集中,舗装－乾燥,交差点付近－その他,環状交差点以外 環状交差点以外をいう。,施設なし,00,23,00,23,03,9,単路（交差点付近を含む）,規制なし,5,4,人対車両,35～44歳,75歳以上,乗用車－普通車,歩行者,自家用,対象外当事者,乗用車,対象外当事者,30㎞／ｈ以下,対象外当事者,55,00,小破,対象外当事者,その他,対象外当事者,その他,対象外当事者,損傷なし,死亡,木,その他,35.007044,138.488116,2020-08-20,07:30,red,,,,,,,,,,,,
本票,富山,赤歌,0328,死亡,1,0,37000,対象外,0000,201,夜－暮,曇,市街地－その他,舗装－乾燥,単路－その他,環状交差点以外 環状交差点以外をいう。,施設なし,00,23,00,23,04,9,単路（交差点付近を含む）,規制なし,4,2,人対車両,25～34歳,75歳以上,乗用車－普通車,歩行者,自家用,対象外当事者,乗用車,対象外当事者,40㎞／ｈ以下,対象外当事者,10,00,小破,対象外当事者,その他,対象外当事者,その他,対象外当事者,損傷なし,死亡,土,その他,36.674115,137.212179,2020-08-29,18:39,red,,,,,,,,,,,,
本票,石川,中央,0248,死亡,1,0,10450,対象外,0000,201,昼－昼,晴,市街地－人口集中,舗装－乾燥,単路－その他,環状交差点以外 環状交差点以外をいう。,施設なし,00,23,00,23,05,9,単路（交差点付近を含む）,規制なし,4,2,車両単独,75歳以上,不明,乗用車－普通車,物件等,自家用,対象外当事者,乗用車,対象外当事者,40㎞／ｈ以下,対象外当事者,82,00,中破,対象外当事者,装備あり 作動,対象外当事者,その他,対象外当事者,死亡,対象外当事者,水,その他,36.555606,136.650715,2020-08-26,12:25,red,,,,,,,,,,,,
本票,石川,三戸,0019,死亡,1,0,10370,対象外,0000,204,昼－昼,晴,非市街地,舗装－乾燥,交差点付近－その他,環状交差点以外 環状交差点以外をいう。,施設なし,00,23,00,23,03,1,単路（交差点付近を含む）,規制なし,5,4,車両単独,45～54歳,不明,二輪車－自動二輪－小型二輪－751ｃｃ以上,相手なし,自家用,対象外当事者,対象外当事者,対象外当事者,指定の速度規制なし等,対象外当事者,00,00,小破,対象外当事者,対象外当事者,対象外当事者,対象外当事者,対象外当事者,死亡,対象外当事者,日,その他,37.327046,136.971663,2020-08-02,12:38,red,,,,,,,,,,,,
本票,福井,中央,0139,死亡,1,0,04160,対象外,0000,201,夜－暮,晴,市街地－その他,舗装－乾燥,交差点付近－その他,環状交差点以外 環状交差点以外をいう。,点灯－３灯式,00,23,00,23,05,9,単路（交差点付近を含む）,規制なし,4,3,人対車両,0～24歳,75歳以上,乗用車－軽自動車,歩行者,自家用,対象外当事者,乗用車,対象外当事者,50㎞／ｈ以下,対象外当事者,10,00,小破,対象外当事者,その他,対象外当事者,その他,対象外当事者,損傷なし,死亡,木,その他,36.086044,136.263288,2020-08-06,19:30,red,,,,,,,,,,,,
本票,岐阜,中央,0185,死亡,1,0,10920,対象外,0000,201,夜－暮,晴,市街地－人口集中,舗装－乾燥,交差点付近－その他,環状交差点以外 環状交差点以外をいう。,点灯－３灯式,00,23,00,23,03,9,単路（交差点付近を含む）,規制なし,4,1,人対車両,45～54歳,75歳以上,乗用車－普通車,歩行者,自家用,対象外当事者,乗用車,対象外当事者,50㎞／ｈ以下,対象外当事者,10,00,小破,対象外当事者,その他,対象外当事者,その他,対象外当事者,損傷なし,死亡,火,その他,35.424520,136.814327,2020-08-25,19:17,red,,,,,,,,,,,,
本票,岐阜,白石,0153,死亡,1,0,10010,対象外,0000,201,夜－夜,晴,市街地－人口集中,舗装－乾燥,交差点－その他,環状交差点以外 環状交差点以外をいう。,点灯－３灯式,09,22,00,23,18,9,交差点内,規制なし,5,1,人対車両,25～34歳,35～44歳,乗用車－普通車,歩行者,自家用,対象外当事者,乗用車,対象外当事者,50㎞／ｈ以下,対象外当事者,50,00,中破,対象外当事者,その他,対象外当事者,その他,対象外当事者,損傷なし,死亡,水,その他,35.407996,136.767294,2020-08-12,21:33,red,,,,,,,,,,,,
本票,岐阜,西,0112,死亡,1,0,02560,対象外,0000,201,昼－昼,晴,市街地－その他,舗装－乾燥,交差点－その他,環状交差点以外 環状交差点以外をいう。,点灯－３灯式,09,22,09,22,18,9,交差点内,規制なし,5,1,車両相互,25～34歳,25～34歳,貨物車－準中型車,二輪車－自動二輪－小型二輪－251～400cc,自家用,自家用,貨物車,対象外当事者,50㎞／ｈ以下,50㎞／ｈ以下,40,43,小破,中破,その他,対象外当事者,その他,対象外当事者,損傷なし,死亡,土,その他,35.465733,136.775472,2020-08-22,14:02,red,,,,,,,,,,,,