資料区分,都道府県コード,警察署等コード,本票番号,事故内容,死者数,負傷者数,路線コード,上下線,地点コード,市区町村コード,昼夜,天候,地形,路面状態,道路形状,環状交差点の直径,信号機,一時停止規制　標識（当事者A）,一時停止規制　表示（当事者A）,一時停止規制　標識（当事者B）,一時停止規制　表示（当事者B）,車道幅員,道路線形,衝突地点,ゾーン規制,中央分離帯施設等,歩車道区分,事故類型,年齢（当事者A）,年齢（当事者B）,当事者種別（当事者A）,当事者種別（当事者B）,用途別（当事者A）,用途別（当事者B）,車両形状（当事者A）,車両形状（当事者B）,速度規制（指定のみ）（当事者A）,速度規制（指定のみ）（当事者B）,車両の衝突部位（当事者A）,車両の衝突部位（当事者B）,車両の損壊程度（当事者A）,車両の損壊程度（当事者B）,エアバッグの装備（当事者A）,エアバッグの装備（当事者B）,サイドエアバッグの装備（当事者A）,サイドエアバッグの装備（当事者B）,人身損傷程度（当事者A）,人身損傷程度（当事者B）,曜日(発生年月日),祝日(発生年月日),緯度,経度,発生日,発生時,color,発生地点,道路管理者区分,道路区分,道路構造,曲線半径,縦断勾配,トンネル番号,当事者車両台数,車両単独事故の対象物,臨時速度規制の有無,速度規制（臨時のみ）,トンネル延長距離
本票,岐阜,岩見沢,0016,死亡,1,0,35000,対象外,0000,341,昼－昼,曇,非市街地,舗装－乾燥,交差点－その他,環状交差点以外 環状交差点以外をいう。,施設なし,09,22,01,21,11,9,交差点内,規制なし,5,4,車両相互,65～74歳,75歳以上,乗用車－普通車,二輪車－原付自転車,自家用,自家用,乗用車,対象外当事者,40㎞／ｈ以下,指定の速度規制なし等,50,10,小破,大破,その他,対象外当事者,その他,対象外当事者,損傷なし,死亡,金,その他,35.324487,136.561330,2020-08-07,11:50,red,,,,,,,,,,,,
本票,岐阜,砂川,0020,死亡,1,1,10790,対象外,0000,215,昼－昼,晴,非市街地,舗装－乾燥,交差点付近－その他,環状交差点以外 環状交差点以外をいう。,施設なし,00,23,00,23,03,3,単路（交差点付近を含む）,規制なし,4,3,車両相互,25～34歳,55～64歳,乗用車－大型車,乗用車－普通車,事業用,自家用,乗用車,乗用車,50㎞／ｈ以下,50㎞／ｈ以下,50,51,中破,大破,その他,装備あり 作動,その他,その他,負傷,死亡,水,その他,35.513986,136.758293,2020-08-05,15:56,red,,,,,,,,,,,,
本票,岐阜,余市,0170,死亡,1,0,10660,対象外,0000,212,夜－暮,晴,市街地－人口集中,舗装－乾燥,交差点－その他,環状交差点以外 環状交差点以外をいう。,施設なし,09,21,00,23,14,9,交差点内,規制なし,4,1,人対車両,65～74歳,75歳以上,乗用車－普通車,歩行者,自家用,対象外当事者,乗用車,対象外当事者,40㎞／ｈ以下,対象外当事者,50,00,小破,対象外当事者,その他,対象外当事者,その他,対象外当事者,損傷なし,死亡,土,その他,35.323152,137.199241,2020-08-08,19:12,red,,,,,,,,,,,,
本票,岐阜,門別,0010,死亡,1,0,03600,対象外,0000,217,昼－昼,晴,非市街地,舗装－乾燥,単路－その他,環状交差点以外 環状交差点以外をいう。,施設なし,00,23,00,23,03,9,単路（交差点付近を含む）,規制なし,4,1,車両単独,45～54歳,不明,貨物車－普通車,物件等,自家用,対象外当事者,貨物車,対象外当事者,50㎞／ｈ以下,対象外当事者,10,00,大破,対象外当事者,装備あり 作動,対象外当事者,その他,対象外当事者,死亡,対象外当事者,日,その他,36.338433,137.163651,2020-08-30,17:10,red,,,,,,,,,,,,
本票,愛知,芦別,0418,死亡,1,0,10490,対象外,0031,106,夜－夜,晴,市街地－人口集中,舗装－乾燥,交差点－その他,環状交差点以外 環状交差点以外をいう。,点灯－３灯式,08,22,09,22,19,9,交差点内,規制なし,1,2,車両相互,45～54歳,25～34歳,乗用車－普通車,二輪車－原付自転車,自家用,自家用,乗用車,対象外当事者,50㎞／ｈ以下,指定の速度規制なし等,10,30,小破,大破,その他,対象外当事者,その他,対象外当事者,損傷なし,死亡,土,その他,35.169044,136.909083,2020-08-01,23:44,red,,,,,,,,,,,,
本票,愛知,中原,0465,死亡,1,0,21330,対象外,0064,230,昼－昼,晴,非市街地,舗装－乾燥,交差点－その他,環状交差点以外 環状交差点以外をいう。,施設なし,09,22,09,22,14,9,交差点内,規制なし,5,1,車両相互,35～44歳,75歳以上,乗用車－普通車,軽車両－自転車,自家用,対象外当事者,乗用車,対象外当事者,指定の速度規制なし等,対象外当事者,50,10,小破,小破,その他,対象外当事者,その他,対象外当事者,損傷なし,死亡,水,その他,35.124632,137.067099,2020-08-19,08:40,red,,,,,,,,,,,,
本票,愛知,藤沢,0326,死亡,1,0,23570,対象外,0000,235,夜－夜,晴,非市街地,舗装－乾燥,単路－カーブ・屈折,環状交差点以外 環状交差点以外をいう。,施設なし,00,23,00,23,03,6,単路（交差点付近を含む）,規制なし,5,1,車両単独,25～34歳,不明,二輪車－自動二輪－軽二輪－126～250cc,物件等,自家用,対象外当事者,対象外当事者,対象外当事者,30㎞／ｈ以下,対象外当事者,10,00,小破,対象外当事者,対象外当事者,対象外当事者,対象外当事者,対象外当事者,死亡,対象外当事者,火,その他,35.110781,136.784323,2020-08-25,23:22,red,,,,,,,,,,,,
本票,愛知,西尾,0324,死亡,1,1,35000,対象外,0000,213,昼－昼,晴,非市街地,舗装－乾燥,交差点－その他,環状交差点以外 環状交差点以外をいう。,施設なし,09,22,00,23,14,3,交差点内,規制なし,5,4,車両単独,45～54歳,不明,乗用車－普通車,物件等,自家用,対象外当事者,乗用車,対象外当事者,指定の速度規制なし等,対象外当事者,10,00,小破,対象外当事者,装備あり 作動,対象外当事者,その他,対象外当事者,負傷,対象外当事者,日,その他,34.784822,137.048341,2020-08-23,16:40,red,,,,,,,,,,,,
本票,愛知,岡崎,0700,死亡,1,0,35000,対象外,0000,202,昼－昼,晴,市街地－その他,舗装－乾燥,単路－その他,環状交差点以外 環状交差点以外をいう。,施設なし,00,23,00,23,02,9,単路（交差点付近を含む）,規制なし,5,4,車両単独,65～74歳,不明,二輪車－自動二輪－小型二輪－751ｃｃ以上,物件等,自家用,対象外当事者,対象外当事者,対象外当事者,指定の速度規制なし等,対象外当事者,40,00,小破,対象外当事者,対象外当事者,対象外当事者,対象外当事者,対象外当事者,死亡,対象外当事者,日,その他,34.922176,137.156709,2020-08-02,12:35,red,,,,,,,,,,,,
本票,愛知,岡崎,0709,死亡,1,0,23720,対象外,0181,202,昼－昼,晴,非市街地,舗装－湿潤,単路－カーブ・屈折,環状交差点以外 環状交差点以外をいう。,施設なし,00,23,00,23,03,5,単路（交差点付近を含む）,規制なし,4,3,車両単独,0～24歳,不明,二輪車－自動二輪－軽二輪－126～250cc,相手なし,自家用,対象外当事者,対象外当事者,対象外当事者,40㎞／ｈ以下,対象外当事者,20,00,小破,対象外当事者,対象外当事者,対象外当事者,対象外当事者,対象外当事者,死亡,対象外当事者,火,その他,35.020396,137.285368,2020-08-04,09:15,red,,,,,,,,,,,,
本票,愛知,岡崎,0742,死亡,1,0,00010,上,3190,202,昼－昼,晴,市街地－その他,舗装－乾燥,交差点－その他,環状交差点以外 環状交差点以外をいう。,施設なし,01,21,09,22,18,9,交差点内,規制なし,1,1,車両相互,0～24歳,35～44歳,乗用車－普通車,二輪車－自動二輪－小型二輪－401～750ｃｃ,自家用,自家用,乗用車,対象外当事者,指定の速度規制なし等,50㎞／ｈ以下,80,10,中破,大破,その他,対象外当事者,その他,対象外当事者,損傷なし,死亡,土,その他,34.911236,137.225682,2020-08-15,17:10,red,,,,,,,,,,,,
本票,愛知,豊田,0685,死亡,1,0,35000,対象外,0000,211,昼－昼,晴,市街地－人口集中,舗装－乾燥,交差点付近－その他,環状交差点以外 環状交差点以外をいう。,施設なし,00,23,00,23,05,7,単路（交差点付近を含む）,規制なし,4,1,人対車両,45～54歳,35～44歳,貨物車－大型車,歩行者,自家用,対象外当事者,貨物車,対象外当事者,50㎞／ｈ以下,対象外当事者,30,00,小破,対象外当事者,その他,対象外当事者,その他,対象外当事者,損傷なし,死亡,土,その他,35.044043,137.112156,2020-08-01,09:45,red,,,,,,,,,,,,
本票,愛知,足助,0015,死亡,1,0,35000,対象外,0000,211,昼－昼,晴,非市街地,舗装－乾燥,単路－カーブ・屈折,環状交差点以外 環状交差点以外をいう。,施設なし,00,23,00,23,02,6,その他,規制なし,5,4,車両単独,75歳以上,不明,乗用車－普通車,相手なし,自家用,対象外当事者,乗用車,対象外当事者,指定の速度規制なし等,対象外当事者,10,00,小破,対象外当事者,その他,対象外当事者,その他,対象外当事者,死亡,対象外当事者,月,その他,35.128784,137.314436,2020-08-17,10:30,red,,,,,,,,,,,,
本票,愛知,豊橋,1025,死亡,1,0,00010,下,2891,201,夜－夜,晴,市街地－その他,舗装－乾燥,単路－その他,環状交差点以外 環状交差点以外をいう。,施設なし,00,23,00,23,05,8,単路（交差点付近を含む）,規制なし,1,1,人対車両,45～54歳,55～64歳,乗用車－普通車,歩行者,自家用,対象外当事者,乗用車,対象外当事者,50㎞／ｈ以下,対象外当事者,80,00,小破,対象外当事者,その他,対象外当事者,その他,対象外当事者,損傷なし,死亡,火,その他,34.722134,137.440513,2020-08-25,00:35,red,,,,,,,,,,,,
本票,愛知,田原,0072,死亡,1,0,70000,対象外,0000,231,昼－昼,晴,非市街地,非舗装,単路－その他,環状交差点以外 環状交差点以外をいう。,施設なし,00,23,00,23,01,8,単路（交差点付近を含む）,規制なし,5,4,車両単独,25～34歳,不明,特殊車－小型－農耕作業用,相手なし,対象外当事者,対象外当事者,対象外当事者,対象外当事者,指定の速度規制なし等,対象外当事者,20,00,小破,対象外当事者,対象外当事者,対象外当事者,対象外当事者,対象外当事者,死亡,対象外当事者,火,その他,34.641185,137.247724,2020-08-04,11:00,red,,,,,,,,,,,,
本票,三重,苫小牧,0091,死亡,1,0,21140,対象外,0000,201,夜－暮,晴,市街地－人口集中,舗装－乾燥,交差点付近－その他,環状交差点以外 環状交差点以外をいう。,施設なし,00,23,00,23,03,9,単路（交差点付近を含む）,規制なし,4,3,人対車両,45～54歳,75歳以上,貨物車－軽自動車,歩行者,事業用,対象外当事者,貨物車,対象外当事者,40㎞／ｈ以下,対象外当事者,50,00,小破,対象外当事者,その他,対象外当事者,その他,対象外当事者,損傷なし,死亡,火,その他,34.678250,136.503900,2020-08-11,19:13,red,,,,,,,,,,,,
本票,三重,厚別,0163,死亡,1,0,27560,対象外,0000,204,夜－夜,晴,市街地－その他,舗装－乾燥,単路－その他,環状交差点以外 環状交差点以外をいう。,施設なし,00,23,00,23,03,9,単路（交差点付近を含む）,規制なし,4,2,車両相互,25～34歳,55～64歳,乗用車－軽自動車,軽車両－自転車,自家用,対象外当事者,乗用車,対象外当事者,40㎞／ｈ以下,対象外当事者,10,40,中破,大破,その他,対象外当事者,その他,対象外当事者,損傷なし,死亡,火,その他,34.556320,136.549700,2020-08-04,21:31,red,,,,,,,,,,,,
本票,三重,厚別,0170,死亡,1,0,01660,上,0000,204,夜－夜,晴,市街地－その他,舗装－乾燥,単路－カーブ・屈折,環状交差点以外 環状交差点以外をいう。,施設なし,00,23,00,23,03,3,単路（交差点付近を含む）,規制なし,4,1,車両単独,55～64歳,不明,乗用車－軽自動車,物件等,自家用,対象外当事者,乗用車,対象外当事者,40㎞／ｈ以下,対象外当事者,10,00,大破,対象外当事者,装備あり 作動,対象外当事者,その他,対象外当事者,死亡,対象外当事者,金,その他,34.567310,136.532000,2020-08-14,01:38,red,,,,,,,,,,,,
本票,三重,東入間,0046,死亡,1,0,10170,対象外,0000,215,昼－明,晴,非市街地,舗装－乾燥,交差点付近－その他,環状交差点以外 環状交差点以外をいう。,点灯－３灯式,00,23,00,23,03,2,単路（交差点付近を含む）,規制なし,4,3,車両単独,0～24歳,不明,貨物車－軽自動車,物件等,自家用,対象外当事者,貨物車,対象外当事者,50㎞／ｈ以下,対象外当事者,10,00,小破,対象外当事者,装備あり 作動,対象外当事者,その他,対象外当事者,死亡,対象外当事者,土,その他,34.315880,136.788800,2020-08-01,06:00,red,,,,,,,,,,,,
本票,三重,東入間,0052,死亡,1,0,21280,対象外,0000,211,昼－昼,晴,非市街地,舗装－乾燥,単路－カーブ・屈折,環状交差点以外 環状交差点以外をいう。,施設なし,00,23,00,23,03,2,単路（交差点付近を含む）,規制なし,4,3,車両単独,45～54歳,不明,二輪車－自動二輪－小型二輪－751ｃｃ以上,物件等,自家用,対象外当事者,対象外当事者,対象外当事者,40㎞／ｈ以下,対象外当事者,40,00,中破,対象外当事者,対象外当事者,対象外当事者,対象外当事者,対象外当事者,死亡,対象外当事者,土,その他,34.414390,136.907400,2020-08-29,14:27,red,,,,,,,,,,,,
本票,滋賀,中央,0516,死亡,1,0,37990,対象外,0000,201,昼－昼,晴,市街地－人口集中,舗装－乾燥,交差点－その他,環状交差点以外 環状交差点以外をいう。,施設なし,09,22,00,23,11,9,交差点内,規制なし,5,4,人対車両,35～44歳,55～64歳,貨物車－中型車,歩行者,自家用,対象外当事者,貨物車,対象外当事者,指定の速度規制なし等,対象外当事者,30,00,小破,対象外当事者,その他,対象外当事者,その他,対象外当事者,損傷なし,死亡,火,その他,34.998681,135.834051,2020-08-18,10:52,red,,,,,,,,,,,,
本票,滋賀,白石,0413,死亡,1,0,14210,対象外,0000,206,夜－夜,晴,市街地－その他,舗装－乾燥,交差点－その他,環状交差点以外 環状交差点以外をいう。,施設なし,09,22,00,23,14,9,交差点内,規制なし,5,1,人対車両,25～34歳,75歳以上,乗用車－軽自動車,歩行者,自家用,対象外当事者,乗用車,対象外当事者,50㎞／ｈ以下,対象外当事者,50,00,中破,対象外当事者,その他,対象外当事者,その他,対象外当事者,損傷なし,死亡,木,その他,35.007857,135.938236,2020-08-20,22:05,red,,,,,,,,,,,,
本票,滋賀,西,0268,死亡,1,0,37990,対象外,0000,207,昼－昼,晴,市街地－その他,舗装－乾燥,単路－その他,環状交差点以外 環状交差点以外をいう。,施設なし,00,23,00,23,02,9,単路（交差点付近を含む）,規制なし,5,4,人対車両,65～74歳,0～24歳,貨物車－軽自動車,歩行者,自家用,対象外当事者,貨物車,対象外当事者,指定の速度規制なし等,対象外当事者,10,00,小破,対象外当事者,その他,対象外当事者,その他,対象外当事者,損傷なし,死亡,金,その他,35.105862,135.944014,2020-08-14,17:30,red,,,,,,,,,,,,
本票,滋賀,東,0196,死亡,1,0,37990,対象外,0000,209,昼－昼,晴,非市街地,舗装－乾燥,単路－その他,環状交差点以外 環状交差点以外をいう。,施設なし,00,23,00,23,03,9,単路（交差点付近を含む）,規制なし,4,4,車両単独,75歳以上,不明,乗用車－普通車,物件等,自家用,対象外当事者,乗用車,対象外当事者,指定の速度規制なし等,対象外当事者,10,00,中破,対象外当事者,装備あり 作動,対象外当事者,その他,対象外当事者,死亡,対象外当事者,日,前日,34.905626,136.194211,2020-08-09,17:25,red,,,,,,,,,,,,
本票,滋賀,赤歌,0134,死亡,1,0,03670,対象外,0000,201,昼－昼,雨,非市街地,舗装－湿潤,単路－トンネル,環状交差点以外 環状交差点以外をいう。,施設なし,00,23,00,23,03,6,単路（交差点付近を含む）,規制なし,4,2,車両単独,65～74歳,不明,貨物車－普通車,物件等,事業用,対象外当事者,貨物車,対象外当事者,指定の速度規制なし等,対象外当事者,85,00,中破,対象外当事者,装備あり 作動,対象外当事者,その他,対象外当事者,死亡,対象外当事者,金,その他,35.215854,135.859329,2020-08-28,07:15,red,,,,,,,,,,,,
本票,京都,南,0242,死亡,1,0,01710,上,0017,107,夜－夜,晴,市街地－人口集中,舗装－乾燥,交差点－その他,環状交差点以外 環状交差点以外をいう。,施設なし,01,21,09,22,18,9,交差点内,規制なし,5,2,車両相互,55～64歳,35～44歳,貨物車－中型車,二輪車－自動二輪－小型二輪－751ｃｃ以上,自家用,自家用,貨物車,対象外当事者,指定の速度規制なし等,50㎞／ｈ以下,40,00,小破,大破,その他,対象外当事者,その他,対象外当事者,損傷なし,死亡,水,その他,34.975716,135.728399,2020-08-26,22:25,red,,,,,,,,,,,,
本票,京都,北,0279,死亡,1,0,37820,対象外,0000,108,昼－昼,晴,市街地－人口集中,舗装－乾燥,交差点－その他,環状交差点以外 環状交差点以外をいう。,点灯－３灯式,09,22,09,22,19,9,交差点内,規制なし,5,1,車両相互,35～44歳,35～44歳,貨物車－軽自動車,二輪車－自動二輪－軽二輪－126～250cc,自家用,自家用,貨物車,対象外当事者,50㎞／ｈ以下,50㎞／ｈ以下,10,10,大破,大破,装備あり 作動,対象外当事者,その他,対象外当事者,損傷なし,死亡,日,その他,35.003596,135.719593,2020-08-16,06:58,red,,,,,,,,,,,,
本票,京都,手稲,0213,死亡,1,0,00090,上,0050,111,夜－夜,晴,市街地－その他,舗装－乾燥,交差点付近－その他,環状交差点以外 環状交差点以外をいう。,点灯－３灯式,00,23,00,23,05,9,単路（交差点付近を含む）,規制なし,5,2,車両単独,45～54歳,不明,二輪車－自動二輪－原付二種－51～125cc,物件等,自家用,対象外当事者,対象外当事者,対象外当事者,50㎞／ｈ以下,対象外当事者,10,00,小破,対象外当事者,対象外当事者,対象外当事者,対象外当事者,対象外当事者,死亡,対象外当事者,水,その他,34.992165,135.705565,2020-08-05,02:22,red,,,,,,,,,,,,
本票,京都,南丹,0087,死亡,1,0,00090,上,0545,407,昼－昼,晴,非市街地,舗装－乾燥,単路－カーブ・屈折,環状交差点以外 環状交差点以外をいう。,施設なし,00,23,00,23,03,6,単路（交差点付近を含む）,規制なし,4,2,車両相互,45～54歳,65～74歳,特殊車－大型－その他,軽車両－自転車,対象外当事者,対象外当事者,対象外当事者,対象外当事者,50㎞／ｈ以下,対象外当事者,10,20,小破,大破,対象外当事者,対象外当事者,対象外当事者,対象外当事者,損傷なし,死亡,金,その他,35.185370,135.339011,2020-08-21,09:10,red,,,,,,,,,,,,
本票,大阪,木古内,0149,死亡,1,2,01730,対象外,0022,204,夜－夜,晴,市街地－人口集中,舗装－乾燥,単路－その他,環状交差点以外 環状交差点以外をいう。,施設なし,00,23,00,23,05,9,単路（交差点付近を含む）,規制なし,1,2,車両相互,0～24歳,75歳以上,乗用車－普通車,乗用車－普通車,自家用,自家用,乗用車,乗用車,50㎞／ｈ以下,50㎞／ｈ以下,10,40,大破,大破,装備あり 作動,その他,その他,装備あり 作動,負傷,負傷,金,その他,34.844455,135.423052,2020-08-21,21:37,red,,,,,,,,,,,,
本票,大阪,江差,0289,死亡,1,0,30990,対象外,0000,141,昼－昼,晴,市街地－その他,舗装－乾燥,交差点－その他,環状交差点以外 環状交差点以外をいう。,点灯－３灯式,09,22,09,22,15,9,交差点内,規制なし,5,1,車両相互,35～44歳,55～64歳,乗用車－軽自動車,二輪車－原付自転車,自家用,自家用,乗用車,対象外当事者,30㎞／ｈ以下,指定の速度規制なし等,70,10,小破,中破,その他,対象外当事者,その他,対象外当事者,損傷なし,死亡,土,その他,34.563344,135.473051,2020-08-08,10:21,red,,,,,,,,,,,,
本票,大阪,江差,0314,死亡,1,0,20230,対象外,0070,141,昼－昼,曇,市街地－人口集中,舗装－乾燥,交差点－その他,環状交差点以外 環状交差点以外をいう。,点灯－３灯式,09,22,09,22,19,9,交差点内,規制なし,1,1,車両相互,65～74歳,75歳以上,乗用車－普通車,軽車両－自転車,自家用,対象外当事者,乗用車,対象外当事者,40㎞／ｈ以下,対象外当事者,10,40,中破,中破,その他,対象外当事者,その他,対象外当事者,損傷なし,死亡,木,その他,34.569572,135.465987,2020-08-27,14:22,red,,,,,,,,,,,,
本票,大阪,泉佐野,0325,死亡,1,0,04810,対象外,1100,213,昼－昼,晴,市街地－人口集中,舗装－乾燥,交差点付近－その他,環状交差点以外 環状交差点以外をいう。,施設なし,00,23,00,23,05,9,単路（交差点付近を含む）,規制なし,1,1,車両相互,45～54歳,75歳以上,乗用車－普通車,貨物車－軽自動車,自家用,自家用,乗用車,貨物車,60㎞／ｈ以下,60㎞／ｈ以下,80,56,大破,中破,その他,その他,その他,その他,損傷なし,死亡,月,その他,34.388724,135.320932,2020-08-17,13:32,red,,,,,,,,,,,,
本票,大阪,大森,0134,死亡,1,0,01701,対象外,0417,216,夜－夜,晴,市街地－人口集中,舗装－乾燥,交差点－その他,環状交差点以外 環状交差点以外をいう。,点灯－３灯式,09,22,09,22,18,9,交差点内,規制なし,5,1,車両相互,55～64歳,45～54歳,乗用車－普通車,二輪車－自動二輪－原付二種－51～125cc,自家用,自家用,乗用車,対象外当事者,40㎞／ｈ以下,40㎞／ｈ以下,10,10,中破,中破,その他,対象外当事者,その他,対象外当事者,損傷なし,死亡,月,その他,34.445096,135.553031,2020-08-24,23:00,red,,,,,,,,,,,,
本票,大阪,池上,0473,死亡,1,0,30990,対象外,0000,227,夜－明,晴,市街地－人口集中,舗装－乾燥,単路－その他,環状交差点以外 環状交差点以外をいう。,施設なし,00,23,00,23,03,9,単路（交差点付近を含む）,規制なし,5,2,人対車両,45～54歳,55～64歳,乗用車－普通車,歩行者,自家用,対象外当事者,乗用車,対象外当事者,20㎞／ｈ以下,対象外当事者,10,00,小破,対象外当事者,その他,対象外当事者,その他,対象外当事者,損傷なし,死亡,水,その他,34.670988,135.605082,2020-08-26,04:36,red,,,,,,,,,,,,
本票,大阪,北堺,0297,死亡,1,0,30990,対象外,0000,146,昼－昼,晴,市街地－人口集中,舗装－乾燥,交差点－その他,環状交差点以外 環状交差点以外をいう。,施設なし,01,21,09,22,14,9,交差点内,規制なし,5,3,車両相互,45～54歳,65～74歳,貨物車－普通車,二輪車－原付自転車,自家用,自家用,貨物車,対象外当事者,指定の速度規制なし等,20㎞／ｈ以下,10,20,小破,小破,その他,対象外当事者,その他,対象外当事者,損傷なし,死亡,日,その他,34.562095,135.492373,2020-08-16,10:59,red,,,,,,,,,,,,
本票,大阪,箕面,0162,死亡,1,0,01710,下,0338,220,昼－昼,晴,市街地－人口集中,舗装－乾燥,交差点－その他,環状交差点以外 環状交差点以外をいう。,点灯－３灯式,09,22,09,22,18,9,交差点内,規制なし,5,1,車両相互,35～44歳,25～34歳,乗用車－普通車,二輪車－自動二輪－小型二輪－751ｃｃ以上,自家用,自家用,乗用車,対象外当事者,50㎞／ｈ以下,50㎞／ｈ以下,70,10,大破,大破,その他,対象外当事者,装備あり 作動,対象外当事者,損傷なし,死亡,木,その他,34.831190,135.492092,2020-08-06,11:08,red,,,,,,,,,,,,
本票,兵庫,西脇,0101,死亡,1,0,39990,対象外,0000,213,昼－昼,晴,市街地－その他,舗装－乾燥,単路－その他,環状交差点以外 環状交差点以外をいう。,施設なし,00,23,00,23,03,9,その他,規制なし,4,3,車両単独,75歳以上,不明,貨物車－軽自動車,相手なし,自家用,対象外当事者,貨物車,対象外当事者,40㎞／ｈ以下,対象外当事者,80,00,中破,対象外当事者,装備あり 作動,対象外当事者,その他,対象外当事者,損傷なし,対象外当事者,月,その他,34.970859,134.911064,2020-08-17,11:40,red,,,,,,,,,,,,
本票,兵庫,たつの,0312,死亡,1,0,00020,下,1058,229,夜－夜,晴,市街地－その他,舗装－乾燥,交差点－その他,環状交差点以外 環状交差点以外をいう。,点灯－３灯式,09,22,00,23,18,9,交差点内,規制なし,5,1,人対車両,65～74歳,75歳以上,貨物車－中型車,歩行者,事業用,対象外当事者,貨物車,対象外当事者,60㎞／ｈ以下,対象外当事者,10,00,小破,対象外当事者,その他,対象外当事者,その他,対象外当事者,損傷なし,死亡,木,その他,34.826428,134.524765,2020-08-27,02:33,red,,,,,,,,,,,,
本票,奈良,白石,0094,死亡,1,0,37990,対象外,0000,209,夜－夜,晴,市街地－人口集中,舗装－乾燥,交差点－その他,環状交差点以外 環状交差点以外をいう。,施設なし,09,22,00,23,14,8,交差点内,規制なし,4,2,人対車両,55～64歳,75歳以上,乗用車－大型車,歩行者,事業用,対象外当事者,乗用車,対象外当事者,40㎞／ｈ以下,対象外当事者,50,00,小破,対象外当事者,その他,対象外当事者,その他,対象外当事者,損傷なし,死亡,金,その他,34.678929,135.718656,2020-08-07,22:09,red,,,,,,,,,,,,
本票,奈良,砂川,0027,死亡,1,0,01680,対象外,0000,449,昼－昼,晴,非市街地,舗装－乾燥,単路－カーブ・屈折,環状交差点以外 環状交差点以外をいう。,施設なし,00,23,00,23,03,5,単路（交差点付近を含む）,規制なし,4,3,車両単独,45～54歳,不明,二輪車－自動二輪－小型二輪－751ｃｃ以上,相手なし,自家用,対象外当事者,対象外当事者,対象外当事者,60㎞／ｈ以下,対象外当事者,10,00,中破,対象外当事者,対象外当事者,対象外当事者,対象外当事者,対象外当事者,死亡,対象外当事者,日,その他,33.905045,135.775257,2020-08-30,11:18,red,,,,,,,,,,,,
本票,奈良,小樽,0176,死亡,1,1,14360,対象外,0000,427,昼－昼,晴,市街地－その他,舗装－乾燥,交差点付近－その他,環状交差点以外 環状交差点以外をいう。,点灯－３灯式,00,23,00,23,05,9,単路（交差点付近を含む）,規制なし,4,2,車両相互,45～54歳,65～74歳,乗用車－大型車,乗用車－普通車,事業用,自家用,乗用車,乗用車,50㎞／ｈ以下,50㎞／ｈ以下,30,10,中破,中破,その他,装備あり 作動,その他,その他,負傷,死亡,金,その他,34.586948,135.714204,2020-08-14,07:10,red,,,,,,,,,,,,
本票,奈良,余市,0137,死亡,1,0,37990,対象外,0000,426,昼－昼,晴,市街地－人口集中,舗装－乾燥,交差点－その他,環状交差点以外 環状交差点以外をいう。,施設なし,09,22,00,23,11,7,交差点内,規制なし,5,3,車両単独,75歳以上,不明,乗用車－軽自動車,物件等,自家用,対象外当事者,乗用車,対象外当事者,指定の速度規制なし等,対象外当事者,10,00,小破,対象外当事者,装備あり 作動,対象外当事者,その他,対象外当事者,死亡,対象外当事者,月,その他,34.550955,135.728753,2020-08-03,15:35,red,,,,,,,,,,,,
本票,和歌山,白石,0019,死亡,1,0,30000,対象外,0000,341,夜－暮,晴,非市街地,舗装－乾燥,単路－その他,環状交差点以外 環状交差点以外をいう。,施設なし,00,23,00,23,03,9,単路（交差点付近を含む）,規制なし,4,2,人対車両,75歳以上,75歳以上,貨物車－軽自動車,歩行者,自家用,対象外当事者,貨物車,対象外当事者,50㎞／ｈ以下,対象外当事者,10,00,中破,対象外当事者,その他,対象外当事者,その他,対象外当事者,損傷なし,死亡,木,その他,34.296197,135.497190,2020-08-13,19:20,red,,,,,,,,,,,,
本票,鳥取,栗山,0166,死亡,1,0,01810,対象外,0000,202,昼－昼,晴,非市街地,舗装－乾燥,単路－その他,環状交差点以外 環状交差点以外をいう。,施設なし,00,23,00,23,05,9,単路（交差点付近を含む）,規制なし,6,2,車両相互,25～34歳,65～74歳,乗用車－普通車,貨物車－軽自動車,自家用,自家用,乗用車,貨物車,50㎞／ｈ以下,指定の速度規制なし等,10,20,小破,中破,その他,その他,その他,その他,損傷なし,死亡,木,その他,35.401492,133.372598,2020-08-27,09:50,red,,,,,,,,,,,,
本票,鳥取,美唄,0007,死亡,1,0,30000,対象外,0000,390,昼－昼,曇,非市街地,舗装－乾燥,交差点－その他,環状交差点以外 環状交差点以外をいう。,施設なし,09,22,00,23,11,8,交差点内,規制なし,5,4,車両単独,75歳以上,不明,貨物車－軽自動車,相手なし,自家用,対象外当事者,貨物車,対象外当事者,指定の速度規制なし等,対象外当事者,10,00,中破,対象外当事者,その他,対象外当事者,その他,対象外当事者,死亡,対象外当事者,木,その他,35.334276,133.437427,2020-06-11,10:00,red,,,,,,,,,,,,
本票,島根,芦別,0003,死亡,1,1,04850,対象外,0000,528,昼－昼,晴,非市街地,舗装－乾燥,交差点付近－その他,環状交差点以外 環状交差点以外をいう。,施設なし,00,23,00,23,03,9,単路（交差点付近を含む）,規制なし,4,2,車両単独,75歳以上,不明,貨物車－軽自動車,物件等,自家用,対象外当事者,貨物車,対象外当事者,40㎞／ｈ以下,対象外当事者,10,00,中破,対象外当事者,装備あり 作動,対象外当事者,その他,対象外当事者,負傷,対象外当事者,火,その他,36.228538,133.296518,2020-08-11,11:50,red,,,,,,,,,,,,