資料区分,都道府県コード,警察署等コード,本票番号,事故内容,死者数,負傷者数,路線コード,上下線,地点コード,市区町村コード,昼夜,天候,地形,路面状態,道路形状,環状交差点の直径,信号機,一時停止規制　標識（当事者A）,一時停止規制　表示（当事者A）,一時停止規制　標識（当事者B）,一時停止規制　表示（当事者B）,車道幅員,道路線形,衝突地点,ゾーン規制,中央分離帯施設等,歩車道区分,事故類型,年齢（当事者A）,年齢（当事者B）,当事者種別（当事者A）,当事者種別（当事者B）,用途別（当事者A）,用途別（当事者B）,車両形状（当事者A）,車両形状（当事者B）,速度規制（指定のみ）（当事者A）,速度規制（指定のみ）（当事者B）,車両の衝突部位（当事者A）,車両の衝突部位（当事者B）,車両の損壊程度（当事者A）,車両の損壊程度（当事者B）,エアバッグの装備（当事者A）,エアバッグの装備（当事者B）,サイドエアバッグの装備（当事者A）,サイドエアバッグの装備（当事者B）,人身損傷程度（当事者A）,人身損傷程度（当事者B）,曜日(発生年月日),祝日(発生年月日),緯度,経度,発生日,発生時,color,発生地点,道路管理者区分,道路区分,道路構造,曲線半径,縦断勾配,トンネル番号,当事者車両台数,車両単独事故の対象物,臨時速度規制の有無,速度規制（臨時のみ）,トンネル延長距離
本票,沖縄,砂川,0029,死亡,1,0,33810,対象外,0000,381,昼－昼,晴,非市街地,舗装－乾燥,単路－その他,環状交差点以外 環状交差点以外をいう。,施設なし,00,23,00,23,02,9,単路（交差点付近を含む）,規制なし,5,4,人対車両,25～34歳,0～24歳,貨物車－軽自動車,歩行者,自家用,対象外当事者,貨物車,対象外当事者,指定の速度規制なし等,対象外当事者,80,00,損壊なし,対象外当事者,その他,対象外当事者,その他,対象外当事者,損傷なし,死亡,日,前日,24.431083,123.769462,2020-08-09,09:20,red,,,,,,,,,,,,
本票,北海道（札幌方面）,高速道路交通警察隊,0024,死亡,1,1,40120,下,0000,203,昼－昼,晴,非市街地,舗装－乾燥,単路－トンネル,環状交差点以外 環状交差点以外をいう。,施設なし,00,23,00,23,04,6,単路（交差点付近を含む）,規制なし,1,2,車両単独,35～44歳,不明,二輪車－自動二輪－小型二輪－751ｃｃ以上,物件等,自家用,対象外当事者,対象外当事者,対象外当事者,80㎞／ｈ以下,対象外当事者,20,00,中破,対象外当事者,対象外当事者,対象外当事者,対象外当事者,対象外当事者,負傷,対象外当事者,日,その他,43.162491,141.097475,2020-09-06,14:01,red,310,東日本高速道路,走行車線－第二通行帯以上,完全分離－トンネル,カーブ－400m以上,平坦・該当なし,張碓,2,防護柵－トンネル壁,該当なし,80㎞/h以下,617
本票,北海道（札幌方面）,小樽,0098,死亡,1,0,03930,対象外,0127,203,昼－昼,晴,非市街地,舗装－乾燥,単路－カーブ・屈折,環状交差点以外 環状交差点以外をいう。,施設なし,00,23,00,23,04,4,単路（交差点付近を含む）,規制なし,4,3,車両相互,55～64歳,35～44歳,乗用車－普通車,二輪車－自動二輪－小型二輪－751ｃｃ以上,自家用,自家用,乗用車,対象外当事者,50㎞／ｈ以下,50㎞／ｈ以下,10,10,中破,中破,その他,対象外当事者,その他,対象外当事者,損傷なし,死亡,日,その他,43.139552,141.014770,2020-09-06,14:55,red,,,,,,,,,,,,
本票,北海道（札幌方面）,小樽,0103,死亡,1,0,03370,対象外,1018,203,夜－夜,曇,非市街地,舗装－乾燥,単路－カーブ・屈折,環状交差点以外 環状交差点以外をいう。,施設なし,00,23,00,23,04,4,単路（交差点付近を含む）,規制なし,5,2,車両単独,35～44歳,不明,乗用車－普通車,物件等,自家用,対象外当事者,乗用車,対象外当事者,50㎞／ｈ以下,対象外当事者,10,00,中破,対象外当事者,その他,対象外当事者,その他,対象外当事者,死亡,対象外当事者,水,その他,43.135638,141.177445,2020-09-16,22:11,red,,,,,,,,,,,,
本票,北海道（札幌方面）,小樽,0107,死亡,1,0,39990,対象外,0000,203,夜－夜,晴,市街地－人口集中,舗装－乾燥,交差点－その他,環状交差点以外 環状交差点以外をいう。,施設なし,09,22,00,23,14,9,交差点内,規制なし,5,2,車両単独,55～64歳,不明,乗用車－軽自動車,相手なし,自家用,対象外当事者,乗用車,対象外当事者,指定の速度規制なし等,対象外当事者,10,00,中破,対象外当事者,装備あり 作動,対象外当事者,その他,対象外当事者,死亡,対象外当事者,土,その他,43.169019,140.989182,2020-09-26,23:15,red,,,,,,,,,,,,
本票,北海道（札幌方面）,岩内,0015,死亡,2,0,99000,対象外,0000,402,夜－夜,曇,非市街地,舗装－乾燥,一般交通の場所,環状交差点以外 環状交差点以外をいう。,施設なし,00,23,00,23,00,0,その他,規制なし,0,4,車両単独,45～54歳,不明,乗用車－普通車,相手なし,自家用,対象外当事者,乗用車,対象外当事者,指定の速度規制なし等,対象外当事者,10,00,小破,対象外当事者,その他,対象外当事者,その他,対象外当事者,死亡,対象外当事者,月,当日,42.996396,140.521946,2020-09-21,00:45,red,,,,,,,,,,,,
本票,北海道（札幌方面）,室蘭,0078,死亡,1,0,39990,対象外,0000,205,昼－昼,晴,市街地－人口集中,舗装－乾燥,交差点－その他,環状交差点以外 環状交差点以外をいう。,点灯－３灯式,09,22,00,23,15,9,交差点内,規制なし,5,2,人対車両,65～74歳,75歳以上,乗用車－軽自動車,歩行者,自家用,対象外当事者,乗用車,対象外当事者,30㎞／ｈ以下,対象外当事者,10,00,小破,対象外当事者,その他,対象外当事者,その他,対象外当事者,損傷なし,死亡,水,その他,42.354073,141.013103,2020-09-16,10:22,red,,,,,,,,,,,,
本票,北海道（札幌方面）,苫小牧,0287,死亡,1,0,00360,対象外,1070,578,夜－夜,雨,非市街地,舗装－湿潤,単路－その他,環状交差点以外 環状交差点以外をいう。,施設なし,00,23,00,23,04,9,単路（交差点付近を含む）,規制なし,1,2,人対車両,45～54歳,45～54歳,乗用車－軽自動車,歩行者,自家用,対象外当事者,乗用車,対象外当事者,指定の速度規制なし等,対象外当事者,10,00,小破,対象外当事者,その他,対象外当事者,その他,対象外当事者,損傷なし,死亡,土,その他,42.456666,141.193433,2020-09-26,02:05,red,,,,,,,,,,,,
本票,北海道（札幌方面）,苫小牧,0288,死亡,3,0,24790,対象外,0000,213,夜－明,曇,市街地－人口集中,舗装－湿潤,単路－その他,環状交差点以外 環状交差点以外をいう。,施設なし,00,23,00,23,06,9,単路（交差点付近を含む）,規制なし,1,2,車両相互,35～44歳,0～24歳,貨物車－大型車,乗用車－普通車,事業用,自家用,貨物車,乗用車,50㎞／ｈ以下,50㎞／ｈ以下,70,10,小破,大破,その他,装備あり 作動,その他,その他,損傷なし,死亡,土,その他,42.615931,141.506536,2020-09-26,04:47,red,,,,,,,,,,,,
本票,北海道（札幌方面）,門別,0009,死亡,1,0,02370,対象外,1620,602,昼－昼,晴,非市街地,舗装－乾燥,単路－カーブ・屈折,環状交差点以外 環状交差点以外をいう。,施設なし,00,23,00,23,04,5,単路（交差点付近を含む）,規制なし,4,2,車両相互,65～74歳,65～74歳,貨物車－大型車,乗用車－軽自動車,事業用,自家用,貨物車,乗用車,指定の速度規制なし等,指定の速度規制なし等,50,10,中破,大破,その他,装備あり 作動,その他,その他,損傷なし,死亡,金,その他,42.625279,142.150660,2020-09-18,12:15,red,,,,,,,,,,,,
本票,北海道（札幌方面）,北,0481,死亡,1,0,10120,対象外,0000,303,昼－昼,晴,非市街地,舗装－乾燥,単路－カーブ・屈折,環状交差点以外 環状交差点以外をいう。,施設なし,00,23,00,23,03,4,単路（交差点付近を含む）,規制なし,4,3,車両単独,45～54歳,不明,二輪車－自動二輪－小型二輪－751ｃｃ以上,物件等,自家用,対象外当事者,対象外当事者,対象外当事者,指定の速度規制なし等,対象外当事者,10,00,中破,対象外当事者,対象外当事者,対象外当事者,対象外当事者,対象外当事者,死亡,対象外当事者,火,その他,43.402772,141.576374,2020-09-29,16:00,red,,,,,,,,,,,,
本票,北海道（函館方面）,函館中央,0233,死亡,1,0,21530,対象外,0000,337,昼－昼,晴,非市街地,舗装－乾燥,単路－カーブ・屈折,環状交差点以外 環状交差点以外をいう。,施設なし,00,23,00,23,03,1,単路（交差点付近を含む）,規制なし,4,2,人対車両,65～74歳,65～74歳,貨物車－中型車,歩行者,自家用,対象外当事者,貨物車,対象外当事者,30㎞／ｈ以下,対象外当事者,60,00,小破,対象外当事者,その他,対象外当事者,その他,対象外当事者,損傷なし,死亡,土,その他,41.988353,140.666973,2020-09-05,08:29,red,,,,,,,,,,,,
本票,北海道（旭川方面）,旭川中央,0176,死亡,1,0,39990,対象外,0000,204,昼－昼,曇,市街地－その他,舗装－乾燥,単路－その他,環状交差点以外 環状交差点以外をいう。,施設なし,00,23,00,23,03,9,単路（交差点付近を含む）,規制なし,4,2,車両単独,65～74歳,不明,特殊車－小型－農耕作業用,相手なし,対象外当事者,対象外当事者,対象外当事者,対象外当事者,指定の速度規制なし等,対象外当事者,10,00,中破,対象外当事者,対象外当事者,対象外当事者,対象外当事者,対象外当事者,死亡,対象外当事者,金,その他,43.822470,142.422574,2020-09-25,14:36,red,,,,,,,,,,,,
本票,北海道（旭川方面）,士別,0013,死亡,1,1,00400,対象外,0298,464,夜－夜,晴,非市街地,舗装－乾燥,単路－その他,環状交差点以外 環状交差点以外をいう。,施設なし,00,23,00,23,04,8,単路（交差点付近を含む）,規制なし,4,2,車両相互,25～34歳,75歳以上,貨物車－大型車,乗用車－普通車,事業用,自家用,貨物車,乗用車,指定の速度規制なし等,指定の速度規制なし等,10,10,中破,大破,その他,装備あり 作動,その他,その他,負傷,死亡,月,当日,43.967285,142.449173,2020-09-21,20:10,red,,,,,,,,,,,,
本票,北海道（旭川方面）,富良野,0017,死亡,1,1,29990,対象外,0000,229,昼－昼,晴,非市街地,舗装－乾燥,単路－カーブ・屈折,環状交差点以外 環状交差点以外をいう。,施設なし,00,23,00,23,04,4,単路（交差点付近を含む）,規制なし,4,3,車両相互,0～24歳,35～44歳,乗用車－普通車,二輪車－自動二輪－小型二輪－751ｃｃ以上,自家用,自家用,乗用車,対象外当事者,指定の速度規制なし等,指定の速度規制なし等,10,10,中破,大破,装備あり 作動,対象外当事者,その他,対象外当事者,負傷,死亡,日,その他,43.281049,142.512898,2020-09-06,11:45,red,,,,,,,,,,,,
本票,北海道（旭川方面）,旭川東,0205,死亡,1,0,39990,対象外,0000,204,昼－昼,晴,非市街地,舗装－乾燥,交差点－その他,環状交差点以外 環状交差点以外をいう。,施設なし,09,22,04,22,15,9,交差点内,規制なし,5,2,車両相互,55～64歳,75歳以上,乗用車－普通車,軽車両－自転車,自家用,対象外当事者,乗用車,対象外当事者,指定の速度規制なし等,対象外当事者,10,20,小破,中破,その他,対象外当事者,その他,対象外当事者,損傷なし,死亡,月,その他,43.809312,142.468138,2020-09-28,15:41,red,,,,,,,,,,,,
本票,北海道（北見方面）,紋別,0007,死亡,1,0,99000,対象外,0000,219,昼－昼,曇,非市街地,舗装－乾燥,一般交通の場所,環状交差点以外 環状交差点以外をいう。,施設なし,00,23,00,23,00,0,その他,規制なし,0,4,車両単独,75歳以上,不明,貨物車－軽自動車,物件等,自家用,対象外当事者,貨物車,対象外当事者,指定の速度規制なし等,対象外当事者,10,00,中破,対象外当事者,その他,対象外当事者,その他,対象外当事者,死亡,対象外当事者,火,当日,44.344869,143.363856,2020-09-22,11:28,red,,,,,,,,,,,,
本票,青森,千歳,0041,死亡,1,0,99000,対象外,0000,208,昼－昼,曇,市街地－その他,舗装－乾燥,一般交通の場所,環状交差点以外 環状交差点以外をいう。,施設なし,00,23,00,23,00,0,その他,規制なし,0,4,車両単独,75歳以上,不明,乗用車－軽自動車,物件等,自家用,対象外当事者,乗用車,対象外当事者,指定の速度規制なし等,対象外当事者,10,00,大破,対象外当事者,その他,対象外当事者,その他,対象外当事者,死亡,対象外当事者,木,その他,41.206049,141.085384,2020-09-24,13:17,red,,,,,,,,,,,,
本票,青森,岩見沢,0108,死亡,1,4,30000,対象外,0000,412,夜－夜,曇,非市街地,舗装－湿潤,単路－カーブ・屈折,環状交差点以外 環状交差点以外をいう。,施設なし,00,23,00,23,03,2,単路（交差点付近を含む）,規制なし,4,4,車両相互,0～24歳,45～54歳,乗用車－普通車,乗用車－普通車,自家用,自家用,乗用車,乗用車,指定の速度規制なし等,指定の速度規制なし等,80,10,大破,大破,装備あり 作動,装備あり 作動,その他,その他,負傷,負傷,土,その他,40.635286,141.421084,2020-09-26,23:00,red,,,,,,,,,,,,
本票,青森,栗山,0138,死亡,1,0,01021,対象外,0296,206,昼－昼,晴,非市街地,舗装－乾燥,単路－カーブ・屈折,環状交差点以外 環状交差点以外をいう。,施設なし,00,23,00,23,04,2,単路（交差点付近を含む）,規制なし,4,3,車両単独,55～64歳,不明,二輪車－自動二輪－小型二輪－751ｃｃ以上,物件等,自家用,対象外当事者,対象外当事者,対象外当事者,指定の速度規制なし等,対象外当事者,40,00,中破,対象外当事者,対象外当事者,対象外当事者,対象外当事者,対象外当事者,死亡,対象外当事者,日,前日,40.518355,140.929069,2020-09-20,13:15,red,,,,,,,,,,,,
本票,青森,砂川,0010,死亡,1,0,01010,対象外,0890,323,昼－暮,晴,市街地－その他,舗装－乾燥,交差点－その他,環状交差点以外 環状交差点以外をいう。,施設なし,09,22,00,23,14,9,交差点内,規制なし,5,2,人対車両,55～64歳,75歳以上,乗用車－軽自動車,歩行者,自家用,対象外当事者,乗用車,対象外当事者,40㎞／ｈ以下,対象外当事者,10,00,中破,対象外当事者,その他,対象外当事者,その他,対象外当事者,損傷なし,死亡,火,その他,40.586555,139.910267,2020-09-08,17:20,red,,,,,,,,,,,,
本票,青森,倶知安,0019,死亡,1,0,30000,対象外,0000,381,昼－昼,曇,非市街地,舗装－乾燥,単路－その他,環状交差点以外 環状交差点以外をいう。,施設なし,00,23,00,23,02,9,単路（交差点付近を含む）,規制なし,5,4,車両単独,55～64歳,不明,二輪車－原付自転車,相手なし,自家用,対象外当事者,対象外当事者,対象外当事者,指定の速度規制なし等,対象外当事者,10,00,小破,対象外当事者,対象外当事者,対象外当事者,対象外当事者,対象外当事者,死亡,対象外当事者,日,その他,40.719378,140.452114,2020-09-13,06:25,red,,,,,,,,,,,,
本票,岩手,栗山,0067,死亡,1,0,03420,対象外,0000,209,昼－明,雨,非市街地,舗装－湿潤,単路－カーブ・屈折,環状交差点以外 環状交差点以外をいう。,施設なし,00,23,00,23,03,6,単路（交差点付近を含む）,規制なし,4,2,車両単独,55～64歳,不明,乗用車－普通車,物件等,自家用,対象外当事者,乗用車,対象外当事者,指定の速度規制なし等,対象外当事者,50,00,大破,対象外当事者,その他,対象外当事者,その他,対象外当事者,死亡,対象外当事者,土,その他,38.960938,141.012620,2020-09-12,05:14,red,,,,,,,,,,,,
本票,岩手,栗山,0069,死亡,1,0,30000,対象外,0000,402,昼－昼,曇,非市街地,舗装－乾燥,交差点－その他,環状交差点以外 環状交差点以外をいう。,施設なし,09,22,00,23,11,1,交差点内,規制なし,5,4,人対車両,55～64歳,75歳以上,貨物車－準中型車,歩行者,自家用,対象外当事者,貨物車,対象外当事者,指定の速度規制なし等,対象外当事者,30,00,損壊なし,対象外当事者,その他,対象外当事者,その他,対象外当事者,損傷なし,死亡,日,前日,38.957456,141.115526,2020-09-20,15:30,red,,,,,,,,,,,,
本票,岩手,赤歌,0047,死亡,1,0,00450,上,3340,485,昼－昼,曇,市街地－その他,舗装－乾燥,単路－その他,環状交差点以外 環状交差点以外をいう。,施設なし,00,23,00,23,04,7,単路（交差点付近を含む）,規制なし,5,2,車両単独,75歳以上,不明,貨物車－軽自動車,物件等,自家用,対象外当事者,貨物車,対象外当事者,60㎞／ｈ以下,対象外当事者,10,00,中破,対象外当事者,その他,対象外当事者,その他,対象外当事者,死亡,対象外当事者,水,その他,40.038351,141.869842,2020-09-30,11:20,red,,,,,,,,,,,,
本票,宮城,東,0251,死亡,1,0,10080,対象外,0000,401,昼－昼,晴,市街地－その他,舗装－乾燥,単路－カーブ・屈折,環状交差点以外 環状交差点以外をいう。,施設なし,00,23,00,23,03,6,その他,規制なし,4,3,車両単独,45～54歳,不明,貨物車－軽自動車,相手なし,自家用,対象外当事者,貨物車,対象外当事者,50㎞／ｈ以下,対象外当事者,10,00,大破,対象外当事者,装備あり 作動,対象外当事者,その他,対象外当事者,死亡,対象外当事者,水,その他,38.393435,141.041688,2020-09-09,08:30,red,,,,,,,,,,,,
本票,宮城,東,0264,死亡,1,0,00450,対象外,0250,401,昼－昼,晴,市街地－人口集中,舗装－乾燥,交差点付近－その他,環状交差点以外 環状交差点以外をいう。,施設なし,00,23,00,23,04,9,単路（交差点付近を含む）,規制なし,4,2,車両相互,55～64歳,45～54歳,乗用車－普通車,二輪車－自動二輪－小型二輪－401～750ｃｃ,自家用,自家用,乗用車,対象外当事者,50㎞／ｈ以下,50㎞／ｈ以下,40,10,中破,中破,その他,対象外当事者,その他,対象外当事者,損傷なし,死亡,月,当日,38.386167,141.067806,2020-09-21,10:56,red,,,,,,,,,,,,
本票,宮城,赤歌,0011,死亡,1,0,03420,下,0018,212,夜－夜,雨,市街地－その他,舗装－湿潤,単路－その他,環状交差点以外 環状交差点以外をいう。,施設なし,00,23,00,23,03,7,単路（交差点付近を含む）,規制なし,4,3,人対車両,65～74歳,65～74歳,貨物車－大型車,歩行者,事業用,対象外当事者,貨物車,対象外当事者,40㎞／ｈ以下,対象外当事者,18,00,小破,対象外当事者,その他,対象外当事者,その他,対象外当事者,損傷なし,死亡,水,その他,38.615989,141.298867,2020-09-23,21:53,red,,,,,,,,,,,,
本票,秋田,白石,0040,死亡,1,2,00070,下,3715,204,昼－昼,晴,非市街地,舗装－乾燥,単路－カーブ・屈折,環状交差点以外 環状交差点以外をいう。,施設なし,00,23,00,23,03,6,単路（交差点付近を含む）,規制なし,4,2,車両相互,55～64歳,75歳以上,貨物車－大型車,乗用車－軽自動車,自家用,自家用,貨物車,乗用車,指定の速度規制なし等,指定の速度規制なし等,50,10,中破,大破,その他,装備あり 作動,その他,その他,負傷,死亡,水,その他,40.264454,140.424030,2020-09-02,14:37,red,,,,,,,,,,,,
本票,秋田,白石,0044,死亡,1,2,00070,上,3952,204,夜－暮,晴,非市街地,舗装－乾燥,単路－その他,環状交差点以外 環状交差点以外をいう。,施設なし,00,23,00,23,03,9,単路（交差点付近を含む）,規制なし,4,2,人対車両,65～74歳,75歳以上,貨物車－中型車,歩行者,事業用,対象外当事者,貨物車,対象外当事者,指定の速度規制なし等,対象外当事者,15,00,小破,対象外当事者,その他,対象外当事者,その他,対象外当事者,損傷なし,死亡,火,当日,40.360420,140.597226,2020-09-22,18:24,red,,,,,,,,,,,,
本票,秋田,江別,0078,死亡,1,0,37000,対象外,0000,202,昼－昼,曇,非市街地,舗装－乾燥,単路－その他,環状交差点以外 環状交差点以外をいう。,施設なし,00,23,00,23,03,9,単路（交差点付近を含む）,ゾーン30,5,3,車両単独,45～54歳,不明,二輪車－原付自転車,物件等,自家用,対象外当事者,対象外当事者,対象外当事者,指定の速度規制なし等,対象外当事者,12,00,中破,対象外当事者,対象外当事者,対象外当事者,対象外当事者,対象外当事者,死亡,対象外当事者,水,その他,40.210826,140.016740,2020-09-02,17:00,red,,,,,,,,,,,,
本票,山形,白石,0252,死亡,1,1,00070,下,1570,426,昼－昼,晴,非市街地,舗装－乾燥,交差点－その他,環状交差点以外 環状交差点以外をいう。,点灯－３灯式,09,21,09,21,18,9,交差点内,規制なし,5,2,車両相互,25～34歳,55～64歳,乗用車－軽自動車,二輪車－自動二輪－小型二輪－751ｃｃ以上,自家用,自家用,乗用車,対象外当事者,指定の速度規制なし等,指定の速度規制なし等,80,10,中破,大破,装備あり 作動,対象外当事者,その他,対象外当事者,負傷,死亡,日,前日,38.818694,139.832750,2020-09-20,14:23,red,,,,,,,,,,,,
本票,山形,岩見沢,0082,死亡,1,0,00130,下,0650,213,夜－暮,雨,非市街地,舗装－湿潤,単路－その他,環状交差点以外 環状交差点以外をいう。,施設なし,00,23,00,23,04,9,単路（交差点付近を含む）,規制なし,4,2,車両相互,35～44歳,55～64歳,貨物車－大型車,軽車両－自転車,事業用,対象外当事者,貨物車,対象外当事者,指定の速度規制なし等,対象外当事者,10,30,小破,大破,その他,対象外当事者,その他,対象外当事者,損傷なし,死亡,日,その他,38.089222,140.189611,2020-09-13,18:32,red,,,,,,,,,,,,
本票,福島,栗山,0302,死亡,1,0,30000,対象外,0000,203,夜－暮,曇,非市街地,舗装－乾燥,単路－その他,環状交差点以外 環状交差点以外をいう。,施設なし,00,23,00,23,03,9,単路（交差点付近を含む）,規制なし,5,4,人対車両,55～64歳,75歳以上,貨物車－軽自動車,歩行者,自家用,対象外当事者,貨物車,対象外当事者,指定の速度規制なし等,対象外当事者,50,00,小破,対象外当事者,その他,対象外当事者,その他,対象外当事者,損傷なし,死亡,木,その他,37.371786,140.503802,2020-09-10,18:08,red,,,,,,,,,,,,
本票,福島,砂川,0021,死亡,1,0,30000,対象外,0000,481,昼－暮,晴,非市街地,舗装－乾燥,単路－その他,環状交差点以外 環状交差点以外をいう。,施設なし,00,23,00,23,01,9,その他,規制なし,5,4,車両単独,55～64歳,不明,二輪車－原付自転車,相手なし,自家用,対象外当事者,対象外当事者,対象外当事者,指定の速度規制なし等,対象外当事者,10,00,小破,対象外当事者,対象外当事者,対象外当事者,対象外当事者,対象外当事者,死亡,対象外当事者,月,当日,37.016329,140.388889,2020-09-21,17:20,red,,,,,,,,,,,,
本票,福島,伊達,0372,死亡,1,0,03990,上,0000,204,夜－夜,雨,非市街地,舗装－湿潤,単路－その他,環状交差点以外 環状交差点以外をいう。,施設なし,00,23,00,23,05,9,単路（交差点付近を含む）,規制なし,4,2,人対車両,55～64歳,75歳以上,乗用車－普通車,歩行者,自家用,対象外当事者,乗用車,対象外当事者,50㎞／ｈ以下,対象外当事者,50,00,小破,対象外当事者,その他,対象外当事者,その他,対象外当事者,損傷なし,死亡,火,その他,37.058880,140.919046,2020-09-01,19:51,red,,,,,,,,,,,,
本票,福島,北,0066,死亡,1,0,30000,対象外,0000,212,夜－明,曇,非市街地,舗装－湿潤,交差点付近－その他,環状交差点以外 環状交差点以外をいう。,施設なし,00,23,00,23,02,8,単路（交差点付近を含む）,規制なし,5,4,車両単独,55～64歳,不明,貨物車－準中型車,物件等,自家用,対象外当事者,貨物車,対象外当事者,指定の速度規制なし等,対象外当事者,50,00,小破,対象外当事者,その他,対象外当事者,その他,対象外当事者,死亡,対象外当事者,日,その他,37.670246,140.951976,2020-09-27,04:50,red,,,,,,,,,,,,
本票,福島,厚別,0261,死亡,1,0,20000,対象外,0000,322,夜－暮,曇,非市街地,舗装－乾燥,交差点－その他,環状交差点以外 環状交差点以外をいう。,施設なし,09,22,00,23,14,9,交差点内,規制なし,4,2,人対車両,55～64歳,75歳以上,乗用車－軽自動車,歩行者,自家用,対象外当事者,乗用車,対象外当事者,50㎞／ｈ以下,対象外当事者,50,00,小破,対象外当事者,その他,対象外当事者,その他,対象外当事者,損傷なし,死亡,水,その他,37.525810,140.379165,2020-09-30,17:55,red,,,,,,,,,,,,
本票,東京,玉川,0233,死亡,1,0,02460,上,0000,112,夜－暮,雨,市街地－人口集中,舗装－湿潤,単路－その他,環状交差点以外 環状交差点以外をいう。,施設なし,00,23,00,23,06,9,単路（交差点付近を含む）,規制なし,1,1,車両相互,45～54歳,45～54歳,乗用車－普通車,二輪車－自動二輪－原付二種－51～125cc,自家用,自家用,乗用車,対象外当事者,指定の速度規制なし等,指定の速度規制なし等,30,10,小破,大破,その他,対象外当事者,その他,対象外当事者,損傷なし,死亡,日,その他,35.622982,139.635109,2020-09-27,18:20,red,,,,,,,,,,,,
本票,東京,碑文谷,0120,死亡,1,0,20240,対象外,0000,110,昼－暮,曇,市街地－人口集中,舗装－乾燥,交差点－その他,環状交差点以外 環状交差点以外をいう。,点灯－３灯式,09,22,09,22,15,9,交差点内,規制なし,5,1,車両相互,45～54歳,25～34歳,特殊車－大型－その他,軽車両－自転車,対象外当事者,対象外当事者,対象外当事者,対象外当事者,40㎞／ｈ以下,対象外当事者,10,10,小破,小破,対象外当事者,対象外当事者,対象外当事者,対象外当事者,損傷なし,死亡,火,その他,35.626294,139.672236,2020-09-15,17:37,red,,,,,,,,,,,,
本票,東京,戸塚,0079,死亡,1,0,30000,対象外,0000,104,昼－昼,雨,市街地－人口集中,舗装－湿潤,交差点付近－その他,環状交差点以外 環状交差点以外をいう。,施設なし,00,23,00,23,02,8,単路（交差点付近を含む）,規制なし,4,3,人対車両,55～64歳,45～54歳,乗用車－普通車,歩行者,自家用,対象外当事者,乗用車,対象外当事者,30㎞／ｈ以下,対象外当事者,00,00,損壊なし,対象外当事者,その他,対象外当事者,その他,対象外当事者,損傷なし,死亡,月,その他,35.719954,139.674617,2020-06-22,15:25,red,,,,,,,,,,,,
本票,東京,中野,0192,死亡,1,0,30000,対象外,0000,114,昼－昼,曇,市街地－人口集中,舗装－乾燥,交差点－その他,環状交差点以外 環状交差点以外をいう。,施設なし,09,22,00,23,11,5,交差点内,規制なし,5,4,人対車両,25～34歳,65～74歳,軽車両－自転車,歩行者,対象外当事者,対象外当事者,対象外当事者,対象外当事者,対象外当事者,対象外当事者,10,00,損壊なし,対象外当事者,対象外当事者,対象外当事者,対象外当事者,対象外当事者,損傷なし,死亡,日,その他,35.692912,139.669104,2020-09-06,13:50,red,,,,,,,,,,,,
本票,東京,志村,0188,死亡,1,1,30000,対象外,0000,119,昼－昼,晴,市街地－人口集中,舗装－乾燥,単路－その他,環状交差点以外 環状交差点以外をいう。,施設なし,00,23,00,23,03,9,単路（交差点付近を含む）,規制なし,5,3,人対車両,35～44歳,35～44歳,貨物車－準中型車,歩行者,事業用,対象外当事者,貨物車,対象外当事者,40㎞／ｈ以下,対象外当事者,10,00,大破,対象外当事者,装備あり 作動,対象外当事者,その他,対象外当事者,負傷,死亡,火,その他,35.795830,139.683296,2020-09-29,15:30,red,,,,,,,,,,,,
本票,東京,本所,0129,死亡,1,0,00140,対象外,0231,107,夜－明,晴,市街地－人口集中,舗装－乾燥,交差点－その他,環状交差点以外 環状交差点以外をいう。,点灯－３灯式,09,22,09,22,19,9,交差点内,規制なし,5,1,車両相互,55～64歳,0～24歳,貨物車－準中型車,二輪車－自動二輪－小型二輪－751ｃｃ以上,自家用,自家用,貨物車,対象外当事者,50㎞／ｈ以下,50㎞／ｈ以下,40,10,小破,大破,その他,対象外当事者,その他,対象外当事者,損傷なし,死亡,土,その他,35.694998,139.805468,2020-09-05,04:43,red,,,,,,,,,,,,
本票,東京,青梅,0226,死亡,1,0,20000,対象外,0000,205,昼－昼,晴,市街地－その他,舗装－乾燥,交差点付近－その他,環状交差点以外 環状交差点以外をいう。,点灯－３灯式,00,23,00,23,05,9,単路（交差点付近を含む）,規制なし,1,1,車両相互,35～44歳,45～54歳,貨物車－大型車,軽車両－自転車,事業用,対象外当事者,貨物車,対象外当事者,指定の速度規制なし等,対象外当事者,10,10,小破,大破,その他,対象外当事者,その他,対象外当事者,損傷なし,死亡,火,その他,35.779788,139.306952,2020-09-15,07:17,red,,,,,,,,,,,,
本票,東京,立川,0411,死亡,1,0,30000,対象外,0000,215,昼－暮,晴,市街地－その他,舗装－乾燥,交差点付近－その他,環状交差点以外 環状交差点以外をいう。,点灯－３灯式,00,23,00,23,03,9,単路（交差点付近を含む）,規制なし,4,3,車両単独,45～54歳,不明,軽車両－自転車,物件等,対象外当事者,対象外当事者,対象外当事者,対象外当事者,対象外当事者,対象外当事者,10,00,小破,対象外当事者,対象外当事者,対象外当事者,対象外当事者,対象外当事者,死亡,対象外当事者,金,その他,35.672945,139.450854,2020-09-04,17:07,red,,,,,,,,,,,,