資料区分,都道府県コード,警察署等コード,本票番号,事故内容,死者数,負傷者数,路線コード,上下線,地点コード,市区町村コード,昼夜,天候,地形,路面状態,道路形状,環状交差点の直径,信号機,一時停止規制　標識（当事者A）,一時停止規制　表示（当事者A）,一時停止規制　標識（当事者B）,一時停止規制　表示（当事者B）,車道幅員,道路線形,衝突地点,ゾーン規制,中央分離帯施設等,歩車道区分,事故類型,年齢（当事者A）,年齢（当事者B）,当事者種別（当事者A）,当事者種別（当事者B）,用途別（当事者A）,用途別（当事者B）,車両形状（当事者A）,車両形状（当事者B）,速度規制（指定のみ）（当事者A）,速度規制（指定のみ）（当事者B）,車両の衝突部位（当事者A）,車両の衝突部位（当事者B）,車両の損壊程度（当事者A）,車両の損壊程度（当事者B）,エアバッグの装備（当事者A）,エアバッグの装備（当事者B）,サイドエアバッグの装備（当事者A）,サイドエアバッグの装備（当事者B）,人身損傷程度（当事者A）,人身損傷程度（当事者B）,曜日(発生年月日),祝日(発生年月日),緯度,経度,発生日,発生時,color,発生地点,道路管理者区分,道路区分,道路構造,曲線半径,縦断勾配,トンネル番号,当事者車両台数,車両単独事故の対象物,臨時速度規制の有無,速度規制（臨時のみ）,トンネル延長距離
本票,愛知,豊田,0855,死亡,1,0,10650,対象外,0120,211,夜－夜,晴,非市街地,舗装－乾燥,単路－その他,環状交差点以外 環状交差点以外をいう。,施設なし,00,23,00,23,05,7,単路（交差点付近を含む）,規制なし,4,2,人対車両,45～54歳,55～64歳,乗用車－普通車,歩行者,自家用,対象外当事者,乗用車,対象外当事者,50㎞／ｈ以下,対象外当事者,10,00,小破,対象外当事者,その他,対象外当事者,その他,対象外当事者,損傷なし,死亡,火,その他,35.039825,137.136267,2020-09-29,22:11,red,,,,,,,,,,,,
本票,三重,三戸,0257,死亡,1,0,30000,対象外,0000,202,夜－暮,曇,市街地－その他,舗装－乾燥,交差点付近－その他,環状交差点以外 環状交差点以外をいう。,施設なし,00,23,00,23,03,9,単路（交差点付近を含む）,規制なし,4,2,人対車両,75歳以上,55～64歳,貨物車－軽自動車,歩行者,自家用,対象外当事者,貨物車,対象外当事者,40㎞／ｈ以下,対象外当事者,10,00,小破,対象外当事者,その他,対象外当事者,その他,対象外当事者,損傷なし,死亡,水,その他,34.945320,136.579800,2020-09-02,18:43,red,,,,,,,,,,,,
本票,三重,三戸,0272,死亡,1,0,30000,対象外,0000,202,昼－昼,曇,市街地－その他,舗装－乾燥,交差点－その他,環状交差点以外 環状交差点以外をいう。,施設なし,09,22,00,23,14,9,交差点内,規制なし,4,2,人対車両,0～24歳,75歳以上,乗用車－軽自動車,歩行者,自家用,対象外当事者,乗用車,対象外当事者,40㎞／ｈ以下,対象外当事者,10,00,中破,対象外当事者,その他,対象外当事者,その他,対象外当事者,損傷なし,死亡,木,その他,34.977820,136.637100,2020-09-17,07:32,red,,,,,,,,,,,,
本票,三重,三戸,0275,死亡,1,0,00010,上,0000,202,夜－夜,曇,非市街地,舗装－乾燥,交差点－その他,環状交差点以外 環状交差点以外をいう。,点灯－３灯式,09,22,09,22,19,9,交差点内,規制なし,1,2,車両相互,0～24歳,35～44歳,乗用車－普通車,二輪車－原付自転車,自家用,自家用,乗用車,対象外当事者,指定の速度規制なし等,指定の速度規制なし等,10,40,中破,大破,装備あり 作動,対象外当事者,その他,対象外当事者,損傷なし,死亡,木,その他,34.914530,136.565700,2020-09-24,04:34,red,,,,,,,,,,,,
本票,三重,伊達,0205,死亡,1,0,00010,下,0000,207,夜－夜,晴,非市街地,舗装－乾燥,単路－カーブ・屈折,環状交差点以外 環状交差点以外をいう。,施設なし,00,23,00,23,05,1,単路（交差点付近を含む）,規制なし,1,2,車両単独,0～24歳,不明,二輪車－自動二輪－小型二輪－751ｃｃ以上,物件等,自家用,対象外当事者,対象外当事者,対象外当事者,指定の速度規制なし等,対象外当事者,10,00,大破,対象外当事者,対象外当事者,対象外当事者,対象外当事者,対象外当事者,死亡,対象外当事者,土,その他,34.877140,136.505200,2020-09-12,20:10,red,,,,,,,,,,,,
本票,三重,厚別,0188,死亡,1,0,01660,上,0000,204,昼－昼,曇,市街地－その他,舗装－湿潤,単路－その他,環状交差点以外 環状交差点以外をいう。,施設なし,00,23,00,23,04,9,単路（交差点付近を含む）,規制なし,4,2,車両相互,25～34歳,0～24歳,貨物車－中型車,二輪車－自動二輪－小型二輪－251～400cc,自家用,自家用,貨物車,対象外当事者,50㎞／ｈ以下,50㎞／ｈ以下,70,10,損壊なし,大破,その他,対象外当事者,その他,対象外当事者,損傷なし,死亡,土,その他,34.597720,136.519600,2020-09-12,06:34,red,,,,,,,,,,,,
本票,三重,厚別,0193,死亡,1,0,95000,対象外,0000,204,昼－昼,晴,非市街地,舗装－乾燥,単路－その他,環状交差点以外 環状交差点以外をいう。,施設なし,00,23,00,23,03,9,単路（交差点付近を含む）,規制なし,5,4,車両単独,65～74歳,不明,乗用車－普通車,物件等,事業用,対象外当事者,乗用車,対象外当事者,指定の速度規制なし等,対象外当事者,10,00,大破,対象外当事者,装備あり 作動,対象外当事者,その他,対象外当事者,死亡,対象外当事者,水,その他,34.586690,136.588100,2020-09-30,15:30,red,,,,,,,,,,,,
本票,三重,鎌ケ谷,0014,死亡,2,1,00420,下,0000,212,夜－夜,晴,非市街地,舗装－乾燥,単路－カーブ・屈折,環状交差点以外 環状交差点以外をいう。,施設なし,00,23,00,23,03,4,単路（交差点付近を含む）,規制なし,4,3,車両相互,55～64歳,0～24歳,乗用車－軽自動車,二輪車－自動二輪－小型二輪－751ｃｃ以上,自家用,自家用,乗用車,対象外当事者,50㎞／ｈ以下,50㎞／ｈ以下,10,10,大破,大破,装備あり 作動,対象外当事者,その他,対象外当事者,負傷,死亡,火,その他,33.891570,136.109900,2020-09-29,21:56,red,,,,,,,,,,,,
本票,滋賀,高速道路交通警察隊,0087,死亡,1,0,42630,上,4560,208,夜－夜,曇,非市街地,舗装－湿潤,単路－カーブ・屈折,環状交差点以外 環状交差点以外をいう。,施設なし,00,23,00,23,05,6,単路（交差点付近を含む）,規制なし,1,3,人対車両,25～34歳,65～74歳,貨物車－大型車,歩行者,事業用,対象外当事者,貨物車,対象外当事者,指定の速度規制なし等,対象外当事者,80,00,小破,対象外当事者,その他,対象外当事者,その他,対象外当事者,損傷なし,死亡,金,その他,35.016627,136.029707,2020-09-18,23:30,red,4560,西日本高速道路,走行車線－第一通行帯,完全分離－その他,カーブ－500m以上,平坦－１％未満,,2,該当なし,該当なし,該当なし,0
本票,滋賀,東,0230,死亡,1,0,04770,対象外,0000,209,昼－昼,晴,非市街地,舗装－乾燥,単路－カーブ・屈折,環状交差点以外 環状交差点以外をいう。,施設なし,00,23,00,23,02,2,単路（交差点付近を含む）,規制なし,2,4,車両単独,45～54歳,不明,二輪車－自動二輪－軽二輪－126～250cc,相手なし,自家用,対象外当事者,対象外当事者,対象外当事者,40㎞／ｈ以下,対象外当事者,10,00,中破,対象外当事者,対象外当事者,対象外当事者,対象外当事者,対象外当事者,死亡,対象外当事者,木,その他,35.010154,136.407688,2020-09-17,09:00,red,,,,,,,,,,,,
本票,滋賀,つがる,0210,死亡,1,0,14260,対象外,0000,202,昼－暮,晴,非市街地,舗装－乾燥,交差点－その他,環状交差点以外 環状交差点以外をいう。,点灯－３灯式,09,22,09,22,15,9,交差点内,規制なし,5,2,車両相互,45～54歳,75歳以上,貨物車－中型車,乗用車－軽自動車,事業用,自家用,貨物車,乗用車,指定の速度規制なし等,指定の速度規制なし等,10,20,小破,大破,その他,その他,その他,その他,損傷なし,死亡,月,その他,35.237120,136.178502,2020-09-28,16:45,red,,,,,,,,,,,,
本票,滋賀,野辺地,0103,死亡,1,0,14010,対象外,0000,214,昼－昼,曇,非市街地,舗装－乾燥,単路－カーブ・屈折,環状交差点以外 環状交差点以外をいう。,施設なし,00,23,00,23,03,3,単路（交差点付近を含む）,規制なし,4,2,車両単独,0～24歳,不明,二輪車－自動二輪－小型二輪－251～400cc,物件等,自家用,対象外当事者,対象外当事者,対象外当事者,50㎞／ｈ以下,対象外当事者,10,00,中破,対象外当事者,対象外当事者,対象外当事者,対象外当事者,対象外当事者,死亡,対象外当事者,土,その他,35.301776,136.255017,2020-09-26,07:30,red,,,,,,,,,,,,
本票,京都,麻生,0116,死亡,1,0,00090,下,1014,201,夜－夜,雨,非市街地,舗装－湿潤,単路－その他,環状交差点以外 環状交差点以外をいう。,施設なし,00,23,00,23,03,9,単路（交差点付近を含む）,規制なし,4,3,車両相互,45～54歳,35～44歳,貨物車－大型車,貨物車－軽自動車,事業用,自家用,貨物車,貨物車,50㎞／ｈ以下,50㎞／ｈ以下,10,10,大破,大破,その他,装備あり 作動,その他,その他,損傷なし,死亡,日,その他,35.321780,134.981527,2020-09-27,01:32,red,,,,,,,,,,,,
本票,大阪,岩内,0262,死亡,1,5,15010,対象外,0060,118,夜－夜,晴,市街地－人口集中,舗装－乾燥,交差点付近－その他,環状交差点以外 環状交差点以外をいう。,点灯－３灯式,00,23,00,23,05,9,単路（交差点付近を含む）,規制なし,1,1,車両相互,0～24歳,45～54歳,乗用車－普通車,乗用車－普通車,自家用,自家用,乗用車,乗用車,指定の速度規制なし等,指定の速度規制なし等,40,60,大破,中破,その他,その他,装備あり 作動,装備あり 作動,負傷,負傷,火,その他,34.688074,135.545602,2020-09-29,00:43,red,,,,,,,,,,,,
本票,大阪,北,0260,死亡,1,0,10090,対象外,0097,125,夜－暮,晴,市街地－人口集中,舗装－乾燥,交差点－その他,環状交差点以外 環状交差点以外をいう。,点灯－３灯式,09,22,00,23,19,9,交差点内,規制なし,5,2,人対車両,0～24歳,75歳以上,乗用車－普通車,歩行者,自家用,対象外当事者,乗用車,対象外当事者,60㎞／ｈ以下,対象外当事者,50,00,小破,対象外当事者,その他,対象外当事者,その他,対象外当事者,損傷なし,死亡,金,その他,34.620580,135.475852,2020-09-18,18:11,red,,,,,,,,,,,,
本票,大阪,函館西,0472,死亡,1,0,01710,上,0250,211,昼－昼,晴,市街地－人口集中,舗装－乾燥,交差点－その他,環状交差点以外 環状交差点以外をいう。,点灯－３灯式,09,22,00,23,15,9,交差点内,規制なし,5,2,人対車両,65～74歳,75歳以上,貨物車－軽自動車,歩行者,自家用,対象外当事者,貨物車,対象外当事者,50㎞／ｈ以下,対象外当事者,10,00,小破,対象外当事者,その他,対象外当事者,その他,対象外当事者,損傷なし,死亡,日,その他,34.835872,135.580588,2020-09-27,11:35,red,,,,,,,,,,,,
本票,大阪,せたな,0561,死亡,1,0,30990,対象外,0000,144,夜－夜,雨,市街地－その他,舗装－湿潤,交差点－その他,環状交差点以外 環状交差点以外をいう。,施設なし,09,22,00,23,14,9,交差点内,規制なし,4,3,人対車両,35～44歳,65～74歳,乗用車－普通車,歩行者,自家用,対象外当事者,乗用車,対象外当事者,40㎞／ｈ以下,対象外当事者,50,00,中破,対象外当事者,その他,対象外当事者,その他,対象外当事者,損傷なし,死亡,金,その他,34.545322,135.450885,2020-09-18,19:25,red,,,,,,,,,,,,
本票,大阪,貝塚,0200,死亡,1,0,00260,上,0348,208,昼－昼,曇,市街地－その他,舗装－乾燥,交差点－その他,環状交差点以外 環状交差点以外をいう。,点灯－３灯式,09,22,09,22,17,9,交差点内,規制なし,5,4,車両相互,25～34歳,75歳以上,乗用車－軽自動車,軽車両－駆動補助機付自転車,自家用,対象外当事者,乗用車,対象外当事者,30㎞／ｈ以下,対象外当事者,52,14,小破,小破,その他,対象外当事者,その他,対象外当事者,損傷なし,死亡,金,その他,34.431997,135.357401,2020-09-18,10:45,red,,,,,,,,,,,,
本票,大阪,大井,0313,死亡,1,0,70000,対象外,0000,222,夜－夜,晴,市街地－人口集中,舗装－乾燥,単路－その他,環状交差点以外 環状交差点以外をいう。,施設なし,00,23,00,23,03,8,単路（交差点付近を含む）,規制なし,4,4,車両相互,25～34歳,45～54歳,乗用車－普通車,二輪車－自動二輪－小型二輪－751ｃｃ以上,自家用,自家用,乗用車,対象外当事者,40㎞／ｈ以下,40㎞／ｈ以下,60,20,中破,中破,その他,対象外当事者,その他,対象外当事者,損傷なし,死亡,月,その他,34.538756,135.634834,2020-09-14,21:55,red,,,,,,,,,,,,
本票,大阪,蒲田,0424,死亡,1,0,20050,対象外,0015,227,昼－昼,曇,市街地－その他,舗装－乾燥,交差点付近－その他,環状交差点以外 環状交差点以外をいう。,点灯－３灯式,00,23,00,23,03,9,単路（交差点付近を含む）,規制なし,4,2,人対車両,45～54歳,65～74歳,貨物車－大型車,歩行者,事業用,対象外当事者,貨物車,対象外当事者,40㎞／ｈ以下,対象外当事者,40,00,小破,対象外当事者,その他,対象外当事者,その他,対象外当事者,損傷なし,死亡,木,その他,34.687723,135.627565,2020-09-24,09:12,red,,,,,,,,,,,,
本票,大阪,寝屋川,0533,死亡,1,0,01700,対象外,0071,215,夜－明,曇,市街地－人口集中,舗装－乾燥,単路－その他,環状交差点以外 環状交差点以外をいう。,施設なし,00,23,00,23,05,9,単路（交差点付近を含む）,規制なし,4,1,車両相互,55～64歳,75歳以上,乗用車－普通車,軽車両－駆動補助機付自転車,自家用,対象外当事者,乗用車,対象外当事者,50㎞／ｈ以下,対象外当事者,80,20,中破,中破,その他,対象外当事者,その他,対象外当事者,損傷なし,死亡,水,その他,34.784499,135.621958,2020-09-16,05:32,red,,,,,,,,,,,,
本票,大阪,寝屋川,0565,死亡,1,0,10170,対象外,0121,215,夜－夜,雨,市街地－その他,舗装－湿潤,交差点－その他,環状交差点以外 環状交差点以外をいう。,点灯－３灯式,09,22,09,22,15,9,交差点内,規制なし,5,2,車両相互,35～44歳,0～24歳,乗用車－普通車,二輪車－原付自転車,自家用,自家用,乗用車,対象外当事者,40㎞／ｈ以下,指定の速度規制なし等,50,30,小破,小破,その他,対象外当事者,その他,対象外当事者,損傷なし,死亡,木,その他,34.770659,135.648911,2020-09-24,21:48,red,,,,,,,,,,,,
本票,兵庫,高速道路交通警察隊,0243,死亡,1,1,50310,下,0159,204,昼－昼,雨,市街地－人口集中,舗装－湿潤,単路－その他,環状交差点以外 環状交差点以外をいう。,施設なし,00,23,00,23,02,9,単路（交差点付近を含む）,規制なし,5,3,車両相互,45～54歳,35～44歳,貨物車－大型車,貨物車－準中型車,事業用,事業用,貨物車,貨物車,40㎞／ｈ以下,40㎞／ｈ以下,10,30,中破,大破,装備あり 作動,その他,その他,その他,死亡,負傷,火,その他,34.709338,135.349741,2020-07-14,12:15,red,149,阪神高速道路,ランプウェイ－出路 減速車線（減速車線のない場合は本線車道）から一般道路に至るまでの部分をいう（料金所付近を除く。）。,その他,該当なし,平坦・該当なし,,2,該当なし,該当なし,該当なし,0
本票,兵庫,伊達,0216,死亡,1,0,14310,対象外,0032,109,昼－昼,曇,市街地－人口集中,舗装－乾燥,交差点－その他,環状交差点以外 環状交差点以外をいう。,点灯－３灯式,09,22,00,23,18,9,交差点内,規制なし,5,1,人対車両,55～64歳,75歳以上,乗用車－軽自動車,歩行者,自家用,対象外当事者,乗用車,対象外当事者,40㎞／ｈ以下,対象外当事者,10,00,小破,対象外当事者,その他,対象外当事者,その他,対象外当事者,損傷なし,死亡,木,その他,34.727118,135.134363,2020-09-10,11:12,red,,,,,,,,,,,,
本票,兵庫,手稲,0657,死亡,1,0,01710,上,0526,204,夜－夜,晴,市街地－人口集中,舗装－乾燥,交差点付近－その他,環状交差点以外 環状交差点以外をいう。,点灯－３灯式,00,23,00,23,05,9,単路（交差点付近を含む）,規制なし,4,2,車両相互,35～44歳,55～64歳,乗用車－普通車,二輪車－自動二輪－軽二輪－126～250cc,自家用,自家用,乗用車,対象外当事者,50㎞／ｈ以下,50㎞／ｈ以下,20,41,小破,小破,その他,対象外当事者,その他,対象外当事者,損傷なし,死亡,木,その他,34.761846,135.366152,2020-09-03,20:28,red,,,,,,,,,,,,
本票,兵庫,新座,0360,死亡,1,0,39990,対象外,0000,202,夜－夜,晴,市街地－人口集中,舗装－乾燥,単路－その他,環状交差点以外 環状交差点以外をいう。,施設なし,00,23,00,23,02,9,単路（交差点付近を含む）,規制なし,5,3,車両相互,45～54歳,45～54歳,乗用車－普通車,二輪車－自動二輪－小型二輪－401～750ｃｃ,自家用,自家用,乗用車,対象外当事者,40㎞／ｈ以下,40㎞／ｈ以下,80,10,中破,中破,その他,対象外当事者,その他,対象外当事者,損傷なし,死亡,木,その他,34.774491,135.376092,2020-09-17,19:33,red,,,,,,,,,,,,
本票,兵庫,浦和東,0461,死亡,1,0,39990,対象外,0000,217,昼－昼,晴,市街地－人口集中,舗装－乾燥,単路－その他,環状交差点以外 環状交差点以外をいう。,施設なし,00,23,00,23,02,9,単路（交差点付近を含む）,規制なし,5,3,人対車両,25～34歳,75歳以上,貨物車－普通車,歩行者,自家用,対象外当事者,貨物車,対象外当事者,40㎞／ｈ以下,対象外当事者,80,00,小破,対象外当事者,その他,対象外当事者,その他,対象外当事者,損傷なし,死亡,月,その他,34.854880,135.417793,2020-09-28,10:39,red,,,,,,,,,,,,
本票,兵庫,加古川,0926,死亡,1,0,39990,対象外,0000,210,昼－昼,曇,市街地－人口集中,舗装－乾燥,交差点－その他,環状交差点以外 環状交差点以外をいう。,施設なし,09,22,09,22,11,9,交差点内,規制なし,5,4,車両相互,25～34歳,75歳以上,乗用車－軽自動車,二輪車－原付自転車,自家用,自家用,乗用車,対象外当事者,40㎞／ｈ以下,指定の速度規制なし等,50,10,中破,中破,その他,対象外当事者,その他,対象外当事者,損傷なし,死亡,木,その他,34.733771,134.828168,2020-09-17,10:29,red,,,,,,,,,,,,
本票,兵庫,高砂,0306,死亡,1,0,39990,対象外,0000,216,夜－夜,晴,市街地－人口集中,舗装－乾燥,交差点－その他,環状交差点以外 環状交差点以外をいう。,施設なし,09,22,00,23,14,9,交差点内,規制なし,5,4,車両単独,65～74歳,不明,軽車両－自転車,物件等,対象外当事者,対象外当事者,対象外当事者,対象外当事者,対象外当事者,対象外当事者,10,00,小破,対象外当事者,対象外当事者,対象外当事者,対象外当事者,対象外当事者,死亡,対象外当事者,日,その他,34.767699,134.774588,2020-09-27,20:20,red,,,,,,,,,,,,
本票,兵庫,網干,0338,死亡,1,0,25390,対象外,0059,201,昼－昼,晴,市街地－人口集中,舗装－乾燥,交差点－その他,環状交差点以外 環状交差点以外をいう。,施設なし,09,22,01,21,15,9,交差点内,規制なし,4,2,車両相互,55～64歳,65～74歳,乗用車－軽自動車,軽車両－自転車,自家用,対象外当事者,乗用車,対象外当事者,50㎞／ｈ以下,対象外当事者,10,40,小破,大破,その他,対象外当事者,その他,対象外当事者,損傷なし,死亡,火,当日,34.807557,134.628232,2020-09-22,09:08,red,,,,,,,,,,,,
本票,兵庫,朝来,0050,死亡,1,0,39990,対象外,0000,225,昼－昼,晴,非市街地,舗装－乾燥,単路－その他,環状交差点以外 環状交差点以外をいう。,施設なし,00,23,00,23,01,8,その他,規制なし,5,4,車両単独,65～74歳,不明,特殊車－小型－農耕作業用,相手なし,対象外当事者,対象外当事者,対象外当事者,対象外当事者,指定の速度規制なし等,対象外当事者,50,00,小破,対象外当事者,対象外当事者,対象外当事者,対象外当事者,対象外当事者,死亡,対象外当事者,土,その他,35.351219,134.811884,2020-08-29,15:55,red,,,,,,,,,,,,
本票,奈良,野辺地,0164,死亡,1,0,37990,対象外,0000,211,夜－暮,晴,市街地－人口集中,舗装－乾燥,交差点付近－その他,環状交差点以外 環状交差点以外をいう。,施設なし,00,23,00,23,02,9,その他,規制なし,5,4,車両単独,35～44歳,不明,軽車両－自転車,相手なし,対象外当事者,対象外当事者,対象外当事者,対象外当事者,対象外当事者,対象外当事者,00,00,小破,対象外当事者,対象外当事者,対象外当事者,対象外当事者,対象外当事者,死亡,対象外当事者,日,その他,34.500392,135.717269,2020-05-24,19:16,red,,,,,,,,,,,,
本票,奈良,小樽,0204,死亡,1,0,00250,下,1030,344,夜－夜,曇,市街地－その他,舗装－湿潤,単路－その他,環状交差点以外 環状交差点以外をいう。,施設なし,00,23,00,23,04,9,単路（交差点付近を含む）,規制なし,4,2,車両単独,65～74歳,不明,乗用車－軽自動車,物件等,自家用,対象外当事者,乗用車,対象外当事者,50㎞／ｈ以下,対象外当事者,10,00,小破,対象外当事者,装備あり 作動,対象外当事者,その他,対象外当事者,死亡,対象外当事者,水,その他,34.616769,135.748917,2020-09-23,02:10,red,,,,,,,,,,,,
本票,和歌山,東,0256,死亡,1,0,95000,対象外,0000,201,夜－暮,晴,市街地－その他,舗装－乾燥,単路－その他,環状交差点以外 環状交差点以外をいう。,施設なし,00,23,00,23,01,9,単路（交差点付近を含む）,規制なし,5,4,車両単独,55～64歳,不明,軽車両－自転車,相手なし,対象外当事者,対象外当事者,対象外当事者,対象外当事者,対象外当事者,対象外当事者,10,00,小破,対象外当事者,対象外当事者,対象外当事者,対象外当事者,対象外当事者,死亡,対象外当事者,土,その他,34.214157,135.220792,2020-08-29,19:15,red,,,,,,,,,,,,
本票,和歌山,東,0272,死亡,1,0,95000,対象外,0000,201,夜－明,晴,非市街地,舗装－乾燥,単路－その他,環状交差点以外 環状交差点以外をいう。,施設なし,00,23,00,23,01,9,単路（交差点付近を含む）,規制なし,5,4,車両単独,55～64歳,不明,軽車両－自転車,相手なし,対象外当事者,対象外当事者,対象外当事者,対象外当事者,対象外当事者,対象外当事者,10,00,小破,対象外当事者,対象外当事者,対象外当事者,対象外当事者,対象外当事者,死亡,対象外当事者,土,その他,34.207284,135.209227,2020-09-19,05:04,red,,,,,,,,,,,,
本票,和歌山,美唄,0019,死亡,1,0,80000,対象外,0000,424,夜－夜,晴,非市街地,舗装－乾燥,単路－カーブ・屈折,環状交差点以外 環状交差点以外をいう。,施設なし,00,23,00,23,02,6,単路（交差点付近を含む）,規制なし,5,4,車両単独,65～74歳,不明,貨物車－軽自動車,相手なし,自家用,対象外当事者,貨物車,対象外当事者,指定の速度規制なし等,対象外当事者,10,00,大破,対象外当事者,その他,対象外当事者,その他,対象外当事者,死亡,対象外当事者,水,その他,33.598004,135.802927,2020-09-23,21:00,red,,,,,,,,,,,,
本票,和歌山,滝川,0136,死亡,1,0,30000,対象外,0000,201,夜－夜,晴,市街地－人口集中,舗装－乾燥,交差点－その他,環状交差点以外 環状交差点以外をいう。,施設なし,09,22,01,21,14,9,交差点内,規制なし,5,3,車両相互,35～44歳,0～24歳,乗用車－普通車,二輪車－原付自転車,自家用,自家用,乗用車,対象外当事者,30㎞／ｈ以下,指定の速度規制なし等,10,24,小破,大破,その他,対象外当事者,その他,対象外当事者,損傷なし,死亡,月,その他,34.243775,135.148142,2020-09-14,22:53,red,,,,,,,,,,,,
本票,鳥取,岩見沢,0016,死亡,1,0,00090,上,2792,386,夜－夜,雨,非市街地,舗装－湿潤,単路－その他,環状交差点以外 環状交差点以外をいう。,施設なし,00,23,00,23,03,9,単路（交差点付近を含む）,規制なし,4,2,人対車両,55～64歳,65～74歳,貨物車－軽自動車,歩行者,自家用,対象外当事者,貨物車,対象外当事者,50㎞／ｈ以下,対象外当事者,80,00,小破,対象外当事者,その他,対象外当事者,その他,対象外当事者,損傷なし,死亡,水,その他,35.513684,133.527836,2020-09-30,19:30,red,,,,,,,,,,,,
本票,鳥取,栗山,0174,死亡,1,0,30000,対象外,0000,202,夜－夜,晴,市街地－その他,舗装－乾燥,単路－その他,環状交差点以外 環状交差点以外をいう。,施設なし,00,23,00,23,03,9,単路（交差点付近を含む）,規制なし,5,3,人対車両,45～54歳,75歳以上,乗用車－普通車,歩行者,自家用,対象外当事者,乗用車,対象外当事者,30㎞／ｈ以下,対象外当事者,10,00,小破,対象外当事者,その他,対象外当事者,その他,対象外当事者,損傷なし,死亡,火,その他,35.460789,133.317356,2020-09-08,21:30,red,,,,,,,,,,,,
本票,鳥取,栗山,0183,死亡,1,0,04310,対象外,0000,202,昼－昼,晴,非市街地,舗装－乾燥,単路－その他,環状交差点以外 環状交差点以外をいう。,施設なし,00,23,00,23,05,9,単路（交差点付近を含む）,規制なし,1,2,車両単独,45～54歳,不明,乗用車－軽自動車,物件等,自家用,対象外当事者,乗用車,対象外当事者,指定の速度規制なし等,対象外当事者,10,00,中破,対象外当事者,装備あり 作動,対象外当事者,その他,対象外当事者,死亡,対象外当事者,土,その他,35.494110,133.267124,2020-09-19,12:39,red,,,,,,,,,,,,
本票,島根,中央,0152,死亡,1,1,30000,対象外,0000,201,昼－昼,晴,非市街地,舗装－乾燥,交差点付近－その他,環状交差点以外 環状交差点以外をいう。,施設なし,00,23,00,23,03,9,単路（交差点付近を含む）,規制なし,4,2,車両単独,65～74歳,不明,貨物車－軽自動車,物件等,自家用,対象外当事者,貨物車,対象外当事者,40㎞／ｈ以下,対象外当事者,10,00,中破,対象外当事者,装備あり 作動,対象外当事者,その他,対象外当事者,負傷,対象外当事者,月,当日,35.414249,133.009927,2020-09-21,09:35,red,,,,,,,,,,,,
本票,岡山,中央,0364,死亡,1,1,30000,対象外,0000,102,夜－夜,晴,市街地－人口集中,舗装－乾燥,単路－その他,環状交差点以外 環状交差点以外をいう。,施設なし,00,23,00,23,02,9,単路（交差点付近を含む）,規制なし,5,3,車両相互,55～64歳,75歳以上,二輪車－自動二輪－軽二輪－126～250cc,軽車両－自転車,自家用,対象外当事者,対象外当事者,対象外当事者,40㎞／ｈ以下,対象外当事者,10,30,中破,大破,対象外当事者,対象外当事者,対象外当事者,対象外当事者,死亡,負傷,土,その他,34.644746,133.933321,2020-09-12,19:28,red,,,,,,,,,,,,
本票,岡山,白石,0350,死亡,1,0,04290,対象外,0000,101,昼－昼,晴,非市街地,舗装－乾燥,単路－その他,環状交差点以外 環状交差点以外をいう。,点灯－３灯式,00,23,00,23,03,7,単路（交差点付近を含む）,規制なし,4,2,車両相互,35～44歳,75歳以上,乗用車－普通車,乗用車－軽自動車,自家用,自家用,乗用車,乗用車,40㎞／ｈ以下,40㎞／ｈ以下,30,10,中破,中破,その他,装備あり 作動,その他,その他,損傷なし,損傷なし,火,その他,34.739224,133.799085,2020-09-29,13:45,red,,,,,,,,,,,,
本票,岡山,西,0030,死亡,1,0,30000,対象外,0000,681,昼－昼,晴,非市街地,舗装－乾燥,交差点－その他,環状交差点以外 環状交差点以外をいう。,施設なし,09,22,00,23,14,6,その他,規制なし,5,4,車両単独,75歳以上,不明,貨物車－軽自動車,相手なし,自家用,対象外当事者,貨物車,対象外当事者,指定の速度規制なし等,対象外当事者,10,00,小破,対象外当事者,その他,対象外当事者,その他,対象外当事者,死亡,対象外当事者,火,その他,34.782266,133.700464,2020-09-15,14:30,red,,,,,,,,,,,,
本票,岡山,千歳,0134,死亡,1,0,30000,対象外,0000,103,昼－暮,晴,非市街地,舗装－乾燥,単路－その他,環状交差点以外 環状交差点以外をいう。,施設なし,00,23,00,23,02,9,単路（交差点付近を含む）,規制なし,5,4,車両単独,55～64歳,不明,乗用車－普通車,物件等,自家用,対象外当事者,乗用車,対象外当事者,指定の速度規制なし等,対象外当事者,10,00,中破,対象外当事者,装備あり 作動,対象外当事者,その他,対象外当事者,死亡,対象外当事者,木,その他,34.620856,134.018499,2020-09-17,17:56,red,,,,,,,,,,,,
本票,岡山,美唄,0175,死亡,1,0,30000,対象外,0000,216,昼－昼,晴,非市街地,舗装－乾燥,交差点－その他,環状交差点以外 環状交差点以外をいう。,施設なし,09,22,09,22,15,9,交差点内,規制なし,4,2,車両相互,0～24歳,65～74歳,貨物車－中型車,二輪車－自動二輪－小型二輪－751ｃｃ以上,自家用,自家用,貨物車,対象外当事者,30㎞／ｈ以下,30㎞／ｈ以下,20,10,小破,小破,その他,対象外当事者,その他,対象外当事者,損傷なし,死亡,火,その他,34.523801,133.586991,2020-09-15,09:40,red,,,,,,,,,,,,
本票,岡山,砂川,0071,死亡,1,1,04860,対象外,0000,208,昼－昼,晴,非市街地,舗装－乾燥,単路－その他,環状交差点以外 環状交差点以外をいう。,施設なし,00,23,00,23,03,9,単路（交差点付近を含む）,規制なし,4,3,車両相互,75歳以上,45～54歳,乗用車－普通車,乗用車－軽自動車,自家用,自家用,乗用車,乗用車,50㎞／ｈ以下,50㎞／ｈ以下,10,10,中破,中破,装備あり 作動,装備あり 作動,その他,その他,死亡,負傷,日,その他,34.624550,133.741484,2020-09-13,12:08,red,,,,,,,,,,,,