資料区分,都道府県コード,警察署等コード,本票番号,事故内容,死者数,負傷者数,路線コード,上下線,地点コード,市区町村コード,昼夜,天候,地形,路面状態,道路形状,環状交差点の直径,信号機,一時停止規制　標識（当事者A）,一時停止規制　表示（当事者A）,一時停止規制　標識（当事者B）,一時停止規制　表示（当事者B）,車道幅員,道路線形,衝突地点,ゾーン規制,中央分離帯施設等,歩車道区分,事故類型,年齢（当事者A）,年齢（当事者B）,当事者種別（当事者A）,当事者種別（当事者B）,用途別（当事者A）,用途別（当事者B）,車両形状（当事者A）,車両形状（当事者B）,速度規制（指定のみ）（当事者A）,速度規制（指定のみ）（当事者B）,車両の衝突部位（当事者A）,車両の衝突部位（当事者B）,車両の損壊程度（当事者A）,車両の損壊程度（当事者B）,エアバッグの装備（当事者A）,エアバッグの装備（当事者B）,サイドエアバッグの装備（当事者A）,サイドエアバッグの装備（当事者B）,人身損傷程度（当事者A）,人身損傷程度（当事者B）,曜日(発生年月日),祝日(発生年月日),緯度,経度,発生日,発生時,color,発生地点,道路管理者区分,道路区分,道路構造,曲線半径,縦断勾配,トンネル番号,当事者車両台数,車両単独事故の対象物,臨時速度規制の有無,速度規制（臨時のみ）,トンネル延長距離
本票,岡山,三戸,0382,死亡,1,0,00021,上,1792,104,夜－夜,曇,市街地－その他,舗装－乾燥,交差点－その他,環状交差点以外 環状交差点以外をいう。,点灯－３灯式,09,22,00,23,18,9,交差点内,規制なし,5,2,人対車両,0～24歳,25～34歳,乗用車－普通車,歩行者,自家用,対象外当事者,乗用車,対象外当事者,60㎞／ｈ以下,対象外当事者,10,00,小破,対象外当事者,その他,対象外当事者,その他,対象外当事者,損傷なし,死亡,金,その他,34.623002,133.871110,2020-09-11,03:35,red,,,,,,,,,,,,
本票,岡山,三戸,0404,死亡,1,0,30000,対象外,0000,104,昼－昼,晴,非市街地,舗装－乾燥,単路－その他,環状交差点以外 環状交差点以外をいう。,施設なし,00,23,00,23,02,9,単路（交差点付近を含む）,規制なし,5,4,車両単独,75歳以上,不明,軽車両－駆動補助機付自転車,相手なし,対象外当事者,対象外当事者,対象外当事者,対象外当事者,対象外当事者,対象外当事者,14,00,小破,対象外当事者,対象外当事者,対象外当事者,対象外当事者,対象外当事者,死亡,対象外当事者,月,その他,34.601564,133.850968,2020-09-28,10:00,red,,,,,,,,,,,,
本票,岡山,南,0024,死亡,1,0,30000,対象外,0000,586,昼－昼,曇,非市街地,舗装－湿潤,単路－カーブ・屈折,環状交差点以外 環状交差点以外をいう。,施設なし,00,23,00,23,02,5,その他,規制なし,5,3,車両単独,75歳以上,不明,貨物車－軽自動車,相手なし,自家用,対象外当事者,貨物車,対象外当事者,指定の速度規制なし等,対象外当事者,15,00,中破,対象外当事者,その他,対象外当事者,その他,対象外当事者,死亡,対象外当事者,土,その他,35.195467,133.544567,2020-09-05,15:50,red,,,,,,,,,,,,
本票,岡山,北,0134,死亡,1,0,00530,上,0537,203,夜－明,曇,非市街地,舗装－乾燥,単路－その他,環状交差点以外 環状交差点以外をいう。,施設なし,00,23,00,23,03,9,単路（交差点付近を含む）,規制なし,4,3,人対車両,65～74歳,35～44歳,貨物車－軽自動車,歩行者,自家用,対象外当事者,貨物車,対象外当事者,50㎞／ｈ以下,対象外当事者,50,00,小破,対象外当事者,その他,対象外当事者,その他,対象外当事者,損傷なし,死亡,金,その他,35.018207,133.960125,2020-09-11,05:23,red,,,,,,,,,,,,
本票,広島,高速道路交通警察隊,0069,死亡,1,0,54510,上,0202,212,夜－夜,晴,非市街地,舗装－乾燥,単路－カーブ・屈折,環状交差点以外 環状交差点以外をいう。,施設なし,00,23,00,23,03,6,単路（交差点付近を含む）,規制なし,6,3,車両単独,45～54歳,不明,二輪車－自動二輪－小型二輪－251～400cc,物件等,自家用,対象外当事者,対象外当事者,対象外当事者,70㎞／ｈ以下,対象外当事者,10,00,小破,対象外当事者,対象外当事者,対象外当事者,対象外当事者,対象外当事者,死亡,対象外当事者,火,その他,34.361619,132.719653,2020-09-15,04:00,red,202,国土交通省,路肩,非分離－高架・橋梁,カーブ－1000m以上,平坦－２％以上,,1,防護柵－コンクリート,該当なし,該当なし,0
本票,広島,栗山,0120,死亡,1,0,37080,対象外,0000,213,夜－夜,晴,市街地－その他,舗装－乾燥,交差点－その他,環状交差点以外 環状交差点以外をいう。,施設なし,09,21,00,23,15,9,交差点内,規制なし,5,2,人対車両,55～64歳,65～74歳,乗用車－軽自動車,歩行者,自家用,対象外当事者,乗用車,対象外当事者,30㎞／ｈ以下,対象外当事者,50,00,小破,対象外当事者,その他,対象外当事者,その他,対象外当事者,損傷なし,死亡,金,その他,34.301981,132.285722,2020-09-18,20:38,red,,,,,,,,,,,,
本票,広島,栗山,0123,死亡,1,0,37080,対象外,0000,213,夜－夜,曇,市街地－人口集中,舗装－乾燥,交差点付近－その他,環状交差点以外 環状交差点以外をいう。,施設なし,00,23,00,23,03,7,単路（交差点付近を含む）,規制なし,4,2,人対車両,45～54歳,75歳以上,乗用車－普通車,歩行者,自家用,対象外当事者,乗用車,対象外当事者,40㎞／ｈ以下,対象外当事者,50,00,小破,対象外当事者,その他,対象外当事者,その他,対象外当事者,損傷なし,死亡,火,その他,34.316944,132.297500,2020-09-29,19:43,red,,,,,,,,,,,,
本票,広島,砂川,0194,死亡,1,1,14340,対象外,0000,212,夜－夜,晴,市街地－その他,舗装－乾燥,交差点－その他,環状交差点以外 環状交差点以外をいう。,施設なし,09,22,09,22,15,9,交差点内,規制なし,4,2,車両相互,65～74歳,0～24歳,乗用車－普通車,乗用車－軽自動車,自家用,自家用,乗用車,乗用車,50㎞／ｈ以下,50㎞／ｈ以下,51,20,中破,小破,その他,その他,その他,その他,損傷なし,負傷,火,その他,34.322217,132.667731,2020-09-01,19:57,red,,,,,,,,,,,,
本票,広島,滝川,0163,死亡,1,0,14370,対象外,0000,106,夜－夜,曇,非市街地,舗装－乾燥,単路－その他,環状交差点以外 環状交差点以外をいう。,施設なし,00,23,00,23,03,9,単路（交差点付近を含む）,規制なし,3,2,車両相互,45～54歳,45～54歳,貨物車－軽自動車,軽車両－自転車,自家用,対象外当事者,貨物車,対象外当事者,50㎞／ｈ以下,対象外当事者,80,30,小破,中破,その他,対象外当事者,その他,対象外当事者,損傷なし,死亡,水,その他,34.476156,132.546953,2020-09-30,20:25,red,,,,,,,,,,,,
本票,山口,高速道路交通警察隊,0029,死亡,1,0,45010,上,4834,203,昼－昼,曇,非市街地,舗装－湿潤,単路－カーブ・屈折,環状交差点以外 環状交差点以外をいう。,施設なし,00,23,00,23,03,3,単路（交差点付近を含む）,規制なし,1,4,車両単独,45～54歳,不明,貨物車－大型車,相手なし,事業用,対象外当事者,貨物車,対象外当事者,指定の速度規制なし等,対象外当事者,10,00,大破,対象外当事者,装備あり 作動,対象外当事者,その他,対象外当事者,死亡,対象外当事者,木,その他,34.131039,131.376882,2020-09-17,12:55,red,4834,西日本高速道路,走行車線－第一通行帯,完全分離－その他,カーブ－300m以上,平坦－２％以上,,1,その他,該当なし,20㎞/h以下,0
本票,山口,つがる,0197,死亡,1,0,00020,上,4279,215,夜－夜,晴,市街地－その他,舗装－乾燥,交差点－その他,環状交差点以外 環状交差点以外をいう。,点灯－３灯式,09,22,00,23,18,9,交差点内,規制なし,5,2,人対車両,55～64歳,75歳以上,貨物車－中型車,歩行者,事業用,対象外当事者,貨物車,対象外当事者,50㎞／ｈ以下,対象外当事者,10,00,小破,対象外当事者,その他,対象外当事者,その他,対象外当事者,損傷なし,死亡,金,その他,34.047639,131.832583,2020-09-11,01:17,red,,,,,,,,,,,,
本票,山口,つがる,0203,死亡,1,0,03760,対象外,0000,215,昼－昼,雨,非市街地,舗装－湿潤,交差点－その他,環状交差点以外 環状交差点以外をいう。,施設なし,09,22,00,23,14,5,交差点内,規制なし,5,2,車両単独,35～44歳,不明,二輪車－自動二輪－小型二輪－251～400cc,物件等,自家用,対象外当事者,対象外当事者,対象外当事者,指定の速度規制なし等,対象外当事者,10,00,大破,対象外当事者,対象外当事者,対象外当事者,対象外当事者,対象外当事者,死亡,対象外当事者,水,その他,34.162939,131.776179,2020-09-16,13:30,red,,,,,,,,,,,,
本票,山口,美唄,0175,死亡,1,2,14420,対象外,0000,206,昼－昼,晴,非市街地,舗装－乾燥,単路－その他,環状交差点以外 環状交差点以外をいう。,施設なし,00,23,00,23,03,9,単路（交差点付近を含む）,規制なし,5,2,車両相互,45～54歳,25～34歳,貨物車－準中型車,乗用車－普通車,事業用,自家用,貨物車,乗用車,指定の速度規制なし等,指定の速度規制なし等,10,10,大破,大破,その他,装備あり 作動,その他,その他,負傷,死亡,日,その他,34.038917,131.483283,2020-09-27,08:57,red,,,,,,,,,,,,
本票,徳島,中央,0308,死亡,1,0,10290,対象外,0000,201,昼－昼,曇,非市街地,舗装－乾燥,交差点－その他,環状交差点以外 環状交差点以外をいう。,点灯－３灯式,09,22,09,22,18,9,交差点内,規制なし,5,2,車両相互,35～44歳,45～54歳,乗用車－普通車,二輪車－原付自転車,自家用,自家用,乗用車,対象外当事者,40㎞／ｈ以下,指定の速度規制なし等,80,20,小破,小破,その他,対象外当事者,その他,対象外当事者,損傷なし,死亡,木,その他,34.043040,134.555253,2020-09-10,07:36,red,,,,,,,,,,,,
本票,徳島,西,0139,死亡,1,0,00280,上,0129,202,夜－暮,曇,非市街地,舗装－乾燥,交差点－その他,環状交差点以外 環状交差点以外をいう。,点灯－押ボタン式,09,22,00,23,14,9,交差点内,規制なし,5,2,人対車両,45～54歳,65～74歳,乗用車－普通車,歩行者,自家用,対象外当事者,乗用車,対象外当事者,50㎞／ｈ以下,対象外当事者,10,00,小破,対象外当事者,その他,対象外当事者,その他,対象外当事者,損傷なし,死亡,火,当日,34.157793,134.592657,2020-09-22,18:26,red,,,,,,,,,,,,
本票,香川,高速道路交通警察隊,0010,死亡,1,0,46140,下,0456,205,昼－昼,雨,非市街地,舗装－湿潤,単路－その他,環状交差点以外 環状交差点以外をいう。,施設なし,00,23,00,23,06,9,単路（交差点付近を含む）,規制なし,1,4,車両単独,0～24歳,不明,乗用車－普通車,物件等,自家用,対象外当事者,乗用車,対象外当事者,指定の速度規制なし等,対象外当事者,18,00,大破,対象外当事者,その他,対象外当事者,その他,対象外当事者,損傷なし,対象外当事者,土,その他,34.084083,133.654056,2020-09-05,15:38,red,456,西日本高速道路,路肩,完全分離－その他,直線,平坦・該当なし,,1,防護柵－ガードレール,あり－異常気象,50㎞/h以下,0
本票,香川,高速道路交通警察隊,0011,死亡,1,0,46130,上,0420,205,昼－昼,曇,非市街地,舗装－乾燥,単路－その他,環状交差点以外 環状交差点以外をいう。,施設なし,00,23,00,23,06,9,単路（交差点付近を含む）,規制なし,1,4,人対車両,35～44歳,25～34歳,乗用車－普通車,歩行者,自家用,対象外当事者,乗用車,対象外当事者,指定の速度規制なし等,対象外当事者,84,00,小破,対象外当事者,その他,対象外当事者,その他,対象外当事者,損傷なし,死亡,木,その他,34.108661,133.679001,2020-09-24,09:34,red,420,西日本高速道路,走行車線－第一通行帯,完全分離－盛土,直線,平坦・該当なし,,1,該当なし,該当なし,該当なし,0
本票,香川,小樽,0059,死亡,1,0,00110,上,0441,207,夜－夜,雨,市街地－その他,舗装－湿潤,交差点－その他,環状交差点以外 環状交差点以外をいう。,施設なし,09,22,09,22,15,4,交差点内,規制なし,4,2,車両相互,45～54歳,65～74歳,乗用車－普通車,軽車両－自転車,自家用,対象外当事者,乗用車,対象外当事者,50㎞／ｈ以下,対象外当事者,80,00,小破,小破,その他,対象外当事者,その他,対象外当事者,損傷なし,死亡,日,その他,34.237524,134.376450,2020-09-06,21:18,red,,,,,,,,,,,,
本票,愛媛,白石,0150,死亡,1,0,37000,対象外,0000,205,夜－夜,晴,市街地－人口集中,舗装－乾燥,単路－その他,環状交差点以外 環状交差点以外をいう。,施設なし,00,23,00,23,03,9,単路（交差点付近を含む）,規制なし,5,4,車両単独,35～44歳,不明,乗用車－軽自動車,物件等,自家用,対象外当事者,乗用車,対象外当事者,30㎞／ｈ以下,対象外当事者,80,00,中破,対象外当事者,装備あり 作動,対象外当事者,その他,対象外当事者,死亡,対象外当事者,金,その他,33.964802,133.282693,2020-09-04,03:44,red,,,,,,,,,,,,
本票,愛媛,白石,0157,死亡,1,0,37000,対象外,0000,205,夜－暮,雨,市街地－その他,舗装－湿潤,交差点付近－その他,環状交差点以外 環状交差点以外をいう。,点灯－押ボタン式,00,23,00,23,03,9,単路（交差点付近を含む）,規制なし,4,2,車両相互,65～74歳,75歳以上,乗用車－普通車,軽車両－自転車,自家用,対象外当事者,乗用車,対象外当事者,40㎞／ｈ以下,対象外当事者,80,30,小破,中破,その他,対象外当事者,その他,対象外当事者,損傷なし,死亡,金,その他,33.930410,133.305349,2020-09-11,18:27,red,,,,,,,,,,,,
本票,愛媛,江別,0196,死亡,1,1,70000,対象外,0000,202,昼－昼,雨,非市街地,舗装－湿潤,単路－カーブ・屈折,環状交差点以外 環状交差点以外をいう。,施設なし,00,23,00,23,04,6,単路（交差点付近を含む）,規制なし,4,3,車両相互,0～24歳,65～74歳,乗用車－普通車,乗用車－軽自動車,自家用,自家用,乗用車,乗用車,50㎞／ｈ以下,50㎞／ｈ以下,50,50,大破,大破,装備あり 作動,装備あり 作動,装備あり 作動,その他,負傷,死亡,水,その他,34.044926,132.915197,2020-09-30,07:22,red,,,,,,,,,,,,
本票,愛媛,岩見沢,0354,死亡,1,0,37000,対象外,0000,201,昼－昼,晴,市街地－人口集中,舗装－乾燥,交差点－その他,環状交差点以外 環状交差点以外をいう。,点灯－３灯式,09,22,00,23,15,9,交差点内,規制なし,4,2,人対車両,25～34歳,75歳以上,乗用車－普通車,歩行者,自家用,対象外当事者,乗用車,対象外当事者,40㎞／ｈ以下,対象外当事者,10,00,中破,対象外当事者,その他,対象外当事者,その他,対象外当事者,損傷なし,死亡,火,その他,33.840289,132.785494,2020-09-01,07:04,red,,,,,,,,,,,,
本票,愛媛,芦別,0072,死亡,1,0,37000,対象外,0000,203,夜－夜,晴,非市街地,舗装－乾燥,単路－カーブ・屈折,環状交差点以外 環状交差点以外をいう。,施設なし,00,23,00,23,02,4,単路（交差点付近を含む）,規制なし,5,4,車両単独,65～74歳,不明,軽車両－自転車,相手なし,対象外当事者,対象外当事者,対象外当事者,対象外当事者,対象外当事者,対象外当事者,00,00,小破,対象外当事者,対象外当事者,対象外当事者,対象外当事者,対象外当事者,死亡,対象外当事者,火,その他,33.206493,132.558247,2020-09-15,00:15,red,,,,,,,,,,,,
本票,愛媛,芦別,0077,死亡,1,1,00560,上,0000,203,昼－昼,曇,非市街地,舗装－乾燥,単路－カーブ・屈折,環状交差点以外 環状交差点以外をいう。,施設なし,00,23,00,23,03,5,単路（交差点付近を含む）,規制なし,4,2,車両単独,75歳以上,不明,乗用車－軽自動車,物件等,自家用,対象外当事者,乗用車,対象外当事者,50㎞／ｈ以下,対象外当事者,10,00,大破,対象外当事者,装備あり 作動,対象外当事者,その他,対象外当事者,死亡,対象外当事者,火,その他,33.141161,132.525285,2020-09-29,11:03,red,,,,,,,,,,,,
本票,高知,中央,0277,死亡,1,0,22700,対象外,0000,201,夜－夜,晴,市街地－人口集中,舗装－乾燥,交差点付近－その他,環状交差点以外 環状交差点以外をいう。,施設なし,00,23,00,23,03,9,単路（交差点付近を含む）,規制なし,4,2,車両相互,0～24歳,55～64歳,乗用車－普通車,二輪車－原付自転車,自家用,自家用,乗用車,対象外当事者,40㎞／ｈ以下,指定の速度規制なし等,80,20,小破,中破,その他,対象外当事者,その他,対象外当事者,損傷なし,死亡,月,その他,33.569461,133.519440,2020-09-28,03:50,red,,,,,,,,,,,,
本票,高知,東,0026,死亡,1,0,30000,対象外,0000,302,昼－昼,曇,非市街地,舗装－乾燥,単路－その他,環状交差点以外 環状交差点以外をいう。,施設なし,00,23,00,23,01,9,単路（交差点付近を含む）,規制なし,5,4,車両単独,75歳以上,不明,軽車両－自転車,相手なし,対象外当事者,対象外当事者,対象外当事者,対象外当事者,対象外当事者,対象外当事者,20,00,小破,対象外当事者,対象外当事者,対象外当事者,対象外当事者,対象外当事者,死亡,対象外当事者,土,その他,33.434391,134.025801,2020-09-19,11:30,red,,,,,,,,,,,,
本票,高知,東,0027,死亡,1,0,00550,上,1742,203,夜－夜,曇,市街地－その他,舗装－乾燥,単路－その他,環状交差点以外 環状交差点以外をいう。,施設なし,00,23,00,23,03,9,単路（交差点付近を含む）,規制なし,4,2,人対車両,75歳以上,75歳以上,乗用車－普通車,歩行者,自家用,対象外当事者,乗用車,対象外当事者,40㎞／ｈ以下,対象外当事者,10,00,小破,対象外当事者,その他,対象外当事者,その他,対象外当事者,損傷なし,死亡,日,前日,33.501780,133.908383,2020-09-20,19:45,red,,,,,,,,,,,,
本票,高知,三戸,0009,死亡,1,0,00560,下,0679,412,昼－昼,曇,非市街地,舗装－乾燥,単路－その他,環状交差点以外 環状交差点以外をいう。,施設なし,00,23,00,23,03,7,単路（交差点付近を含む）,規制なし,4,2,人対車両,65～74歳,75歳以上,貨物車－準中型車,歩行者,自家用,対象外当事者,貨物車,対象外当事者,40㎞／ｈ以下,対象外当事者,80,00,中破,対象外当事者,その他,対象外当事者,その他,対象外当事者,損傷なし,死亡,金,その他,33.202191,133.142831,2020-09-18,16:55,red,,,,,,,,,,,,
本票,福岡,美唄,0228,死亡,1,0,04950,対象外,0000,224,夜－夜,晴,市街地－その他,舗装－乾燥,単路－その他,環状交差点以外 環状交差点以外をいう。,施設なし,00,23,00,23,03,9,単路（交差点付近を含む）,規制なし,4,2,車両相互,35～44歳,25～34歳,乗用車－普通車,乗用車－軽自動車,自家用,自家用,乗用車,乗用車,50㎞／ｈ以下,50㎞／ｈ以下,50,50,大破,大破,装備あり 作動,装備あり 作動,その他,その他,損傷なし,死亡,金,その他,33.774835,130.472691,2020-05-08,23:11,red,,,,,,,,,,,,
本票,福岡,三戸,0797,死亡,1,0,37990,対象外,0000,217,夜－明,雨,市街地－人口集中,舗装－乾燥,踏切－第一種,環状交差点以外 環状交差点以外をいう。,施設なし,00,23,00,23,03,9,その他,規制なし,5,4,列車,0～24歳,75歳以上,列車,歩行者,対象外当事者,対象外当事者,対象外当事者,対象外当事者,対象外当事者,対象外当事者,80,00,小破,対象外当事者,対象外当事者,対象外当事者,対象外当事者,対象外当事者,損傷なし,死亡,月,その他,33.494913,130.523585,2020-07-20,05:10,red,,,,,,,,,,,,
本票,福岡,赤歌,1389,死亡,1,0,04950,対象外,0000,223,昼－昼,晴,市街地－人口集中,舗装－乾燥,交差点－その他,環状交差点以外 環状交差点以外をいう。,施設なし,09,22,00,23,15,9,交差点内,規制なし,4,2,人対車両,0～24歳,75歳以上,乗用車－普通車,歩行者,自家用,対象外当事者,乗用車,対象外当事者,40㎞／ｈ以下,対象外当事者,50,00,小破,対象外当事者,その他,対象外当事者,その他,対象外当事者,損傷なし,死亡,月,当日,33.721694,130.455692,2020-09-21,16:02,red,,,,,,,,,,,,
本票,福岡,泉大津,0730,死亡,1,0,37990,対象外,0000,109,夜－夜,曇,市街地－人口集中,舗装－乾燥,踏切－第一種,環状交差点以外 環状交差点以外をいう。,施設なし,00,23,00,23,04,9,その他,規制なし,5,4,列車,35～44歳,65～74歳,列車,歩行者,対象外当事者,対象外当事者,対象外当事者,対象外当事者,対象外当事者,対象外当事者,50,00,小破,対象外当事者,対象外当事者,対象外当事者,対象外当事者,対象外当事者,損傷なし,死亡,水,その他,33.867840,130.774672,2020-09-16,20:06,red,,,,,,,,,,,,
本票,福岡,根室,0379,死亡,1,0,37990,対象外,0000,544,昼－暮,晴,市街地－その他,舗装－乾燥,交差点－その他,環状交差点以外 環状交差点以外をいう。,点灯－３灯式,09,22,00,23,15,9,交差点内,規制なし,4,2,人対車両,75歳以上,75歳以上,貨物車－軽自動車,歩行者,自家用,対象外当事者,貨物車,対象外当事者,指定の速度規制なし等,対象外当事者,10,00,小破,対象外当事者,その他,対象外当事者,その他,対象外当事者,損傷なし,死亡,月,その他,33.256134,130.551144,2020-09-14,18:09,red,,,,,,,,,,,,
本票,福岡,根室,0403,死亡,1,0,14860,対象外,0000,544,昼－昼,晴,市街地－その他,舗装－乾燥,単路－カーブ・屈折,環状交差点以外 環状交差点以外をいう。,施設なし,00,23,00,23,03,6,単路（交差点付近を含む）,規制なし,4,2,車両相互,25～34歳,0～24歳,乗用車－普通車,二輪車－原付自転車,自家用,自家用,乗用車,対象外当事者,40㎞／ｈ以下,指定の速度規制なし等,50,10,小破,小破,その他,対象外当事者,その他,対象外当事者,損傷なし,死亡,月,その他,33.242193,130.610510,2020-09-28,13:23,red,,,,,,,,,,,,
本票,福岡,大牟田,0430,死亡,1,0,37990,対象外,0000,202,昼－昼,晴,市街地－人口集中,舗装－乾燥,交差点付近－その他,環状交差点以外 環状交差点以外をいう。,施設なし,00,23,00,23,03,9,単路（交差点付近を含む）,規制なし,5,4,人対車両,75歳以上,75歳以上,乗用車－普通車,歩行者,自家用,対象外当事者,乗用車,対象外当事者,指定の速度規制なし等,対象外当事者,50,00,損壊なし,対象外当事者,その他,対象外当事者,その他,対象外当事者,損傷なし,死亡,金,その他,33.017184,130.453958,2020-09-25,17:10,red,,,,,,,,,,,,
本票,長崎,中央,0275,死亡,1,0,20020,対象外,0000,201,昼－昼,曇,市街地－人口集中,舗装－乾燥,交差点－その他,環状交差点以外 環状交差点以外をいう。,施設なし,09,22,09,22,19,4,交差点内,規制なし,1,2,車両相互,35～44歳,35～44歳,貨物車－大型車,二輪車－原付自転車,自家用,自家用,貨物車,対象外当事者,50㎞／ｈ以下,指定の速度規制なし等,10,30,小破,大破,その他,対象外当事者,その他,対象外当事者,損傷なし,死亡,火,その他,32.756781,129.886415,2020-09-01,11:18,red,,,,,,,,,,,,
本票,長崎,美唄,0070,死亡,1,0,30000,対象外,0000,203,昼－昼,晴,非市街地,舗装－乾燥,交差点付近－その他,環状交差点以外 環状交差点以外をいう。,施設なし,00,23,00,23,02,5,単路（交差点付近を含む）,規制なし,5,4,車両単独,75歳以上,不明,貨物車－軽自動車,物件等,自家用,対象外当事者,貨物車,対象外当事者,指定の速度規制なし等,対象外当事者,58,00,中破,対象外当事者,その他,対象外当事者,その他,対象外当事者,死亡,対象外当事者,金,その他,32.750262,130.348007,2020-09-25,11:10,red,,,,,,,,,,,,
本票,長崎,三戸,0001,死亡,1,0,30000,対象外,0000,214,夜－暮,晴,市街地－その他,舗装－乾燥,交差点付近－その他,環状交差点以外 環状交差点以外をいう。,施設なし,00,23,00,23,02,8,単路（交差点付近を含む）,規制なし,5,4,車両単独,45～54歳,不明,軽車両－自転車,相手なし,対象外当事者,対象外当事者,対象外当事者,対象外当事者,対象外当事者,対象外当事者,00,00,小破,対象外当事者,対象外当事者,対象外当事者,対象外当事者,対象外当事者,死亡,対象外当事者,土,その他,32.653453,130.285007,2020-01-04,18:00,red,,,,,,,,,,,,
本票,長崎,余市,0146,死亡,1,0,00350,上,0315,202,夜－夜,晴,市街地－その他,舗装－乾燥,交差点付近－その他,環状交差点以外 環状交差点以外をいう。,点灯－３灯式,00,23,00,23,05,4,単路（交差点付近を含む）,規制なし,4,1,車両相互,25～34歳,0～24歳,乗用車－普通車,二輪車－自動二輪－小型二輪－751ｃｃ以上,自家用,自家用,乗用車,対象外当事者,50㎞／ｈ以下,50㎞／ｈ以下,20,12,小破,大破,その他,対象外当事者,その他,対象外当事者,損傷なし,死亡,月,その他,33.161979,129.746132,2020-09-28,22:08,red,,,,,,,,,,,,
本票,熊本,高速道路交通警察隊,0021,死亡,1,1,50010,下,0000,202,昼－暮,雨,非市街地,舗装－湿潤,単路－トンネル,環状交差点以外 環状交差点以外をいう。,施設なし,00,23,00,23,04,9,その他,規制なし,6,4,車両単独,45～54歳,不明,貨物車－普通車,物件等,自家用,対象外当事者,貨物車,対象外当事者,70㎞／ｈ以下,対象外当事者,18,00,大破,対象外当事者,装備あり 作動,対象外当事者,その他,対象外当事者,負傷,対象外当事者,木,その他,32.421030,130.562339,2020-09-24,17:59,red,128,国土交通省,走行車線－第一通行帯,非分離－トンネル,直線,平坦・該当なし,朝里,1,その他,該当なし,該当なし,1936
本票,熊本,三戸,0019,死亡,1,0,30000,対象外,0000,428,昼－昼,晴,非市街地,舗装－乾燥,単路－カーブ・屈折,環状交差点以外 環状交差点以外をいう。,施設なし,00,23,00,23,03,4,単路（交差点付近を含む）,規制なし,4,4,車両相互,55～64歳,55～64歳,乗用車－普通車,二輪車－自動二輪－小型二輪－751ｃｃ以上,自家用,自家用,乗用車,対象外当事者,指定の速度規制なし等,指定の速度規制なし等,50,10,小破,中破,その他,対象外当事者,その他,対象外当事者,損傷なし,死亡,日,その他,32.799052,131.230196,2020-09-27,11:15,red,,,,,,,,,,,,
本票,大分,西,0059,死亡,1,0,30000,対象外,0000,210,昼－暮,晴,非市街地,舗装－乾燥,一般交通の場所,環状交差点以外 環状交差点以外をいう。,施設なし,00,23,00,23,00,0,その他,規制なし,0,4,人対車両,65～74歳,65～74歳,特殊車－大型－農耕作業用,歩行者,対象外当事者,対象外当事者,対象外当事者,対象外当事者,指定の速度規制なし等,対象外当事者,60,00,損壊なし,対象外当事者,対象外当事者,対象外当事者,対象外当事者,対象外当事者,損傷なし,死亡,日,その他,33.402812,131.435186,2020-08-16,18:30,red,,,,,,,,,,,,
本票,大分,岩見沢,0090,死亡,1,1,20730,対象外,0000,211,夜－暮,晴,非市街地,舗装－乾燥,単路－その他,環状交差点以外 環状交差点以外をいう。,施設なし,00,23,00,23,03,7,単路（交差点付近を含む）,規制なし,4,3,車両相互,35～44歳,45～54歳,乗用車－普通車,乗用車－軽自動車,自家用,自家用,乗用車,乗用車,50㎞／ｈ以下,50㎞／ｈ以下,50,50,中破,中破,装備あり 作動,装備あり 作動,その他,その他,負傷,死亡,火,その他,33.551856,131.390179,2020-09-08,18:50,red,,,,,,,,,,,,
本票,宮崎,美唄,0301,死亡,1,0,02180,対象外,0145,203,昼－昼,雨,市街地－人口集中,舗装－湿潤,交差点－その他,環状交差点以外 環状交差点以外をいう。,点灯－３灯式,09,22,00,23,15,9,交差点内,規制なし,4,2,人対車両,35～44歳,75歳以上,乗用車－大型車,歩行者,事業用,対象外当事者,乗用車,対象外当事者,40㎞／ｈ以下,対象外当事者,10,00,小破,対象外当事者,その他,対象外当事者,その他,対象外当事者,損傷なし,死亡,金,その他,32.585656,131.674399,2020-09-11,15:56,red,,,,,,,,,,,,
本票,鹿児島,中央,0385,死亡,1,0,22040,対象外,0000,201,昼－昼,曇,市街地－その他,舗装－湿潤,交差点－その他,環状交差点以外 環状交差点以外をいう。,点灯－３灯式,09,22,09,22,18,9,交差点内,規制なし,4,2,車両相互,45～54歳,45～54歳,乗用車－普通車,二輪車－自動二輪－小型二輪－401～750ｃｃ,自家用,自家用,乗用車,対象外当事者,50㎞／ｈ以下,50㎞／ｈ以下,40,10,中破,中破,その他,対象外当事者,その他,対象外当事者,損傷なし,死亡,木,その他,31.597408,130.561529,2020-09-03,07:00,red,,,,,,,,,,,,
本票,鹿児島,中央,0392,死亡,1,1,10160,対象外,0000,201,夜－夜,雨,市街地－その他,舗装－湿潤,交差点付近－その他,環状交差点以外 環状交差点以外をいう。,施設なし,00,23,00,23,05,5,単路（交差点付近を含む）,規制なし,4,3,人対車両,55～64歳,75歳以上,二輪車－自動二輪－原付二種－51～125cc,歩行者,自家用,対象外当事者,対象外当事者,対象外当事者,50㎞／ｈ以下,対象外当事者,11,00,大破,対象外当事者,対象外当事者,対象外当事者,対象外当事者,対象外当事者,負傷,死亡,金,その他,31.668860,130.567035,2020-09-11,02:09,red,,,,,,,,,,,,