資料区分,都道府県コード,警察署等コード,本票番号,事故内容,死者数,負傷者数,路線コード,上下線,地点コード,市区町村コード,昼夜,天候,地形,路面状態,道路形状,環状交差点の直径,信号機,一時停止規制　標識（当事者A）,一時停止規制　表示（当事者A）,一時停止規制　標識（当事者B）,一時停止規制　表示（当事者B）,車道幅員,道路線形,衝突地点,ゾーン規制,中央分離帯施設等,歩車道区分,事故類型,年齢（当事者A）,年齢（当事者B）,当事者種別（当事者A）,当事者種別（当事者B）,用途別（当事者A）,用途別（当事者B）,車両形状（当事者A）,車両形状（当事者B）,速度規制（指定のみ）（当事者A）,速度規制（指定のみ）（当事者B）,車両の衝突部位（当事者A）,車両の衝突部位（当事者B）,車両の損壊程度（当事者A）,車両の損壊程度（当事者B）,エアバッグの装備（当事者A）,エアバッグの装備（当事者B）,サイドエアバッグの装備（当事者A）,サイドエアバッグの装備（当事者B）,人身損傷程度（当事者A）,人身損傷程度（当事者B）,曜日(発生年月日),祝日(発生年月日),緯度,経度,発生日,発生時,color,発生地点,道路管理者区分,道路区分,道路構造,曲線半径,縦断勾配,トンネル番号,当事者車両台数,車両単独事故の対象物,臨時速度規制の有無,速度規制（臨時のみ）,トンネル延長距離
本票,東京,東大和,0370,死亡,1,0,10240,対象外,0000,223,夜－夜,晴,市街地－その他,舗装－乾燥,交差点付近－その他,環状交差点以外 環状交差点以外をいう。,施設なし,00,23,00,23,04,3,単路（交差点付近を含む）,規制なし,4,1,車両単独,0～24歳,不明,二輪車－自動二輪－小型二輪－401～750ｃｃ,物件等,自家用,対象外当事者,対象外当事者,対象外当事者,40㎞／ｈ以下,対象外当事者,10,00,小破,対象外当事者,対象外当事者,対象外当事者,対象外当事者,対象外当事者,死亡,対象外当事者,月,その他,35.757933,139.380067,2020-10-05,23:26,red,,,,,,,,,,,,
本票,東京,青梅,0257,死亡,1,1,10450,対象外,0000,205,夜－夜,曇,市街地－人口集中,舗装－乾燥,単路－その他,環状交差点以外 環状交差点以外をいう。,点灯－３灯式,00,23,00,23,04,9,単路（交差点付近を含む）,規制なし,5,2,車両相互,45～54歳,0～24歳,乗用車－普通車,二輪車－自動二輪－小型二輪－251～400cc,自家用,自家用,乗用車,対象外当事者,40㎞／ｈ以下,40㎞／ｈ以下,70,10,中破,大破,その他,対象外当事者,その他,対象外当事者,損傷なし,死亡,金,その他,35.775054,139.280497,2020-10-30,20:06,red,,,,,,,,,,,,
本票,東京,福生,0307,死亡,1,0,30000,対象外,0000,218,昼－昼,晴,市街地－人口集中,舗装－乾燥,交差点－その他,環状交差点以外 環状交差点以外をいう。,施設なし,01,21,09,22,14,9,交差点内,規制なし,5,1,車両相互,45～54歳,45～54歳,乗用車－普通車,二輪車－自動二輪－小型二輪－751ｃｃ以上,自家用,自家用,乗用車,対象外当事者,40㎞／ｈ以下,40㎞／ｈ以下,30,10,中破,中破,その他,対象外当事者,その他,対象外当事者,損傷なし,死亡,土,その他,35.726409,139.330965,2020-10-31,09:23,red,,,,,,,,,,,,
本票,東京,八王子,0392,死亡,1,0,00160,上,0000,201,昼－昼,雨,市街地－その他,舗装－湿潤,単路－カーブ・屈折,環状交差点以外 環状交差点以外をいう。,施設なし,00,23,00,23,03,5,単路（交差点付近を含む）,規制なし,5,1,車両相互,25～34歳,0～24歳,貨物車－準中型車,軽車両－自転車,自家用,対象外当事者,貨物車,対象外当事者,50㎞／ｈ以下,対象外当事者,10,40,小破,小破,その他,対象外当事者,その他,対象外当事者,損傷なし,死亡,金,その他,35.679376,139.339040,2020-10-09,08:04,red,,,,,,,,,,,,
本票,東京,八王子,0393,死亡,1,0,30000,対象外,0000,201,夜－暮,雨,市街地－人口集中,舗装－湿潤,交差点－その他,環状交差点以外 環状交差点以外をいう。,施設なし,09,22,00,23,14,9,交差点内,規制なし,5,1,人対車両,65～74歳,75歳以上,乗用車－普通車,歩行者,自家用,対象外当事者,乗用車,対象外当事者,40㎞／ｈ以下,対象外当事者,10,00,小破,対象外当事者,その他,対象外当事者,その他,対象外当事者,損傷なし,死亡,金,その他,35.672839,139.324491,2020-10-09,17:55,red,,,,,,,,,,,,
本票,東京,日野,0323,死亡,1,0,30000,対象外,0000,212,夜－夜,晴,市街地－その他,舗装－乾燥,単路－その他,環状交差点以外 環状交差点以外をいう。,施設なし,00,23,00,23,03,9,単路（交差点付近を含む）,規制なし,5,3,人対車両,35～44歳,35～44歳,貨物車－軽自動車,歩行者,自家用,対象外当事者,貨物車,対象外当事者,30㎞／ｈ以下,対象外当事者,50,00,小破,対象外当事者,その他,対象外当事者,その他,対象外当事者,損傷なし,死亡,水,その他,35.676008,139.408972,2020-10-28,01:00,red,,,,,,,,,,,,
本票,東京,昭島,0311,死亡,1,0,30000,対象外,0000,207,夜－夜,晴,市街地－人口集中,舗装－乾燥,単路－その他,環状交差点以外 環状交差点以外をいう。,施設なし,00,23,00,23,04,9,単路（交差点付近を含む）,規制なし,4,2,車両相互,55～64歳,0～24歳,乗用車－軽自動車,二輪車－自動二輪－小型二輪－251～400cc,自家用,自家用,乗用車,対象外当事者,40㎞／ｈ以下,40㎞／ｈ以下,80,10,中破,大破,装備あり 作動,対象外当事者,その他,対象外当事者,損傷なし,死亡,日,その他,35.719437,139.372502,2020-10-04,01:42,red,,,,,,,,,,,,
本票,東京,調布,0347,死亡,1,0,20890,対象外,0000,208,夜－夜,晴,市街地－人口集中,舗装－乾燥,単路－その他,環状交差点以外 環状交差点以外をいう。,施設なし,00,23,00,23,03,9,単路（交差点付近を含む）,規制なし,4,2,車両相互,0～24歳,35～44歳,貨物車－普通車,二輪車－原付自転車,自家用,自家用,貨物車,対象外当事者,30㎞／ｈ以下,指定の速度規制なし等,80,30,中破,大破,その他,対象外当事者,その他,対象外当事者,損傷なし,死亡,水,その他,35.652037,139.547810,2020-10-28,04:20,red,,,,,,,,,,,,
本票,茨城,岩見沢,0035,死亡,1,0,30000,対象外,0000,212,昼－昼,曇,非市街地,舗装－乾燥,交差点－その他,環状交差点以外 環状交差点以外をいう。,施設なし,01,21,09,22,14,8,交差点内,規制なし,4,4,車両相互,45～54歳,75歳以上,乗用車－普通車,貨物車－軽自動車,自家用,自家用,乗用車,貨物車,指定の速度規制なし等,指定の速度規制なし等,81,84,中破,大破,その他,装備あり 作動,その他,その他,損傷なし,死亡,火,その他,36.753955,140.490618,2020-10-06,12:35,red,,,,,,,,,,,,
本票,茨城,美唄,0072,死亡,1,0,10180,対象外,0000,234,夜－暮,晴,非市街地,舗装－乾燥,交差点付近－その他,環状交差点以外 環状交差点以外をいう。,施設なし,00,23,00,23,03,9,単路（交差点付近を含む）,規制なし,4,2,人対車両,35～44歳,75歳以上,乗用車－普通車,歩行者,自家用,対象外当事者,乗用車,対象外当事者,50㎞／ｈ以下,対象外当事者,81,00,小破,対象外当事者,その他,対象外当事者,その他,対象外当事者,損傷なし,死亡,水,その他,36.090078,140.544678,2020-10-28,17:42,red,,,,,,,,,,,,
本票,茨城,芦別,0399,死亡,1,0,00060,下,0600,203,昼－昼,曇,市街地－その他,舗装－乾燥,交差点－その他,環状交差点以外 環状交差点以外をいう。,点灯－３灯式,09,22,00,23,19,9,交差点内,規制なし,3,2,人対車両,55～64歳,75歳以上,貨物車－中型車,歩行者,自家用,対象外当事者,貨物車,対象外当事者,50㎞／ｈ以下,対象外当事者,80,00,小破,対象外当事者,その他,対象外当事者,その他,対象外当事者,損傷なし,死亡,月,その他,36.037757,140.162990,2020-10-12,10:20,red,,,,,,,,,,,,
本票,茨城,芦別,0409,死亡,1,1,03540,対象外,0000,203,夜－夜,曇,非市街地,舗装－乾燥,交差点付近－その他,環状交差点以外 環状交差点以外をいう。,点灯－歩車分式,00,23,00,23,03,3,単路（交差点付近を含む）,規制なし,4,2,車両単独,0～24歳,不明,乗用車－軽自動車,物件等,自家用,対象外当事者,乗用車,対象外当事者,40㎞／ｈ以下,対象外当事者,10,00,中破,対象外当事者,装備あり 作動,対象外当事者,装備あり 作動,対象外当事者,損傷なし,対象外当事者,木,その他,36.096800,140.250516,2020-10-15,23:10,red,,,,,,,,,,,,
本票,茨城,南,0264,死亡,1,0,30000,対象外,0000,217,夜－夜,曇,市街地－その他,舗装－乾燥,交差点－その他,環状交差点以外 環状交差点以外をいう。,点灯－押ボタン式,09,22,00,23,14,9,交差点内,規制なし,4,2,人対車両,35～44歳,35～44歳,乗用車－普通車,歩行者,自家用,対象外当事者,乗用車,対象外当事者,40㎞／ｈ以下,対象外当事者,50,00,小破,対象外当事者,その他,対象外当事者,その他,対象外当事者,損傷なし,死亡,日,その他,35.897601,140.058665,2020-10-25,00:15,red,,,,,,,,,,,,
本票,茨城,北,0247,死亡,1,0,10340,対象外,0000,219,夜－夜,曇,非市街地,舗装－湿潤,単路－その他,環状交差点以外 環状交差点以外をいう。,施設なし,00,23,00,23,03,7,単路（交差点付近を含む）,規制なし,4,2,車両単独,45～54歳,不明,二輪車－自動二輪－軽二輪－126～250cc,物件等,自家用,対象外当事者,対象外当事者,対象外当事者,40㎞／ｈ以下,対象外当事者,14,00,大破,対象外当事者,対象外当事者,対象外当事者,対象外当事者,対象外当事者,死亡,対象外当事者,月,その他,35.957572,140.225421,2020-10-12,23:35,red,,,,,,,,,,,,
本票,茨城,北,0261,死亡,1,0,10250,対象外,0000,443,夜－夜,晴,非市街地,舗装－乾燥,単路－その他,環状交差点以外 環状交差点以外をいう。,施設なし,00,23,00,23,05,9,単路（交差点付近を含む）,規制なし,1,2,人対車両,25～34歳,75歳以上,乗用車－普通車,歩行者,自家用,対象外当事者,乗用車,対象外当事者,指定の速度規制なし等,対象外当事者,80,00,小破,対象外当事者,その他,対象外当事者,その他,対象外当事者,損傷なし,死亡,水,その他,36.016727,140.164346,2020-10-28,04:25,red,,,,,,,,,,,,
本票,栃木,白石,0281,死亡,1,0,10020,対象外,0000,361,昼－昼,晴,非市街地,舗装－乾燥,交差点－その他,環状交差点以外 環状交差点以外をいう。,点灯－３灯式,09,22,09,22,18,9,交差点内,規制なし,1,2,車両相互,45～54歳,75歳以上,貨物車－準中型車,軽車両－自転車,自家用,対象外当事者,貨物車,対象外当事者,指定の速度規制なし等,対象外当事者,10,22,小破,小破,その他,対象外当事者,その他,対象外当事者,損傷なし,死亡,金,その他,36.435641,139.807587,2020-10-02,14:20,red,,,,,,,,,,,,
本票,栃木,白石,0311,死亡,1,0,10320,対象外,0000,203,昼－昼,晴,非市街地,舗装－乾燥,交差点－その他,環状交差点以外 環状交差点以外をいう。,施設なし,09,22,09,22,14,7,交差点内,規制なし,4,2,車両相互,45～54歳,45～54歳,乗用車－普通車,二輪車－自動二輪－小型二輪－751ｃｃ以上,自家用,自家用,乗用車,対象外当事者,指定の速度規制なし等,指定の速度規制なし等,40,10,中破,中破,その他,対象外当事者,その他,対象外当事者,損傷なし,死亡,日,その他,36.471783,139.625725,2020-10-25,14:00,red,,,,,,,,,,,,
本票,栃木,美唄,0155,死亡,1,0,30000,対象外,0000,407,昼－昼,晴,非市街地,舗装－乾燥,単路－カーブ・屈折,環状交差点以外 環状交差点以外をいう。,施設なし,00,23,00,23,01,6,その他,規制なし,5,4,車両単独,45～54歳,不明,特殊車－小型－農耕作業用,相手なし,対象外当事者,対象外当事者,対象外当事者,対象外当事者,指定の速度規制なし等,対象外当事者,30,00,小破,対象外当事者,対象外当事者,対象外当事者,対象外当事者,対象外当事者,死亡,対象外当事者,火,その他,37.039333,140.121630,2020-10-06,15:45,red,,,,,,,,,,,,
本票,栃木,苫小牧,0280,死亡,1,0,30000,対象外,0000,201,昼－昼,雨,市街地－人口集中,舗装－湿潤,単路－その他,環状交差点以外 環状交差点以外をいう。,施設なし,00,23,00,23,03,9,単路（交差点付近を含む）,規制なし,4,2,車両単独,65～74歳,不明,乗用車－軽自動車,物件等,自家用,対象外当事者,乗用車,対象外当事者,40㎞／ｈ以下,対象外当事者,50,00,中破,対象外当事者,装備あり 作動,対象外当事者,その他,対象外当事者,死亡,対象外当事者,金,その他,36.525712,139.851901,2020-10-09,14:35,red,,,,,,,,,,,,
本票,栃木,苫小牧,0281,死亡,1,1,01210,対象外,0000,201,夜－夜,雨,市街地－その他,舗装－湿潤,単路－その他,環状交差点以外 環状交差点以外をいう。,施設なし,00,23,00,23,05,9,その他,規制なし,1,2,車両単独,0～24歳,不明,乗用車－普通車,物件等,自家用,対象外当事者,乗用車,対象外当事者,60㎞／ｈ以下,対象外当事者,84,00,大破,対象外当事者,装備あり 作動,対象外当事者,装備あり 作動,対象外当事者,死亡,対象外当事者,土,その他,36.512507,139.839733,2020-10-17,22:28,red,,,,,,,,,,,,
本票,群馬,西,2295,死亡,1,1,10300,対象外,0000,202,夜－夜,晴,非市街地,舗装－乾燥,単路－その他,環状交差点以外 環状交差点以外をいう。,施設なし,00,23,00,23,03,9,単路（交差点付近を含む）,規制なし,4,2,車両相互,0～24歳,0～24歳,二輪車－自動二輪－小型二輪－751ｃｃ以上,二輪車－自動二輪－軽二輪－126～250cc,自家用,自家用,対象外当事者,対象外当事者,50㎞／ｈ以下,50㎞／ｈ以下,10,20,大破,大破,対象外当事者,対象外当事者,対象外当事者,対象外当事者,負傷,死亡,火,その他,36.477621,138.891130,2020-10-27,19:30,red,,,,,,,,,,,,
本票,群馬,岩見沢,0272,死亡,1,0,37000,対象外,0000,211,昼－暮,晴,市街地－その他,舗装－乾燥,単路－その他,環状交差点以外 環状交差点以外をいう。,施設なし,00,23,00,23,02,9,単路（交差点付近を含む）,規制なし,5,4,人対車両,75歳以上,75歳以上,乗用車－普通車,歩行者,自家用,対象外当事者,乗用車,対象外当事者,40㎞／ｈ以下,対象外当事者,10,00,小破,対象外当事者,その他,対象外当事者,その他,対象外当事者,損傷なし,死亡,日,その他,36.310037,138.847255,2020-10-25,16:04,red,,,,,,,,,,,,
本票,埼玉,高速道路交通警察隊,0235,死亡,1,0,41020,下,0000,216,昼－明,晴,非市街地,舗装－乾燥,単路－その他,環状交差点以外 環状交差点以外をいう。,施設なし,00,23,00,23,05,9,単路（交差点付近を含む）,規制なし,1,4,車両相互,35～44歳,65～74歳,乗用車－普通車,二輪車－自動二輪－小型二輪－751ｃｃ以上,自家用,自家用,乗用車,対象外当事者,指定の速度規制なし等,指定の速度規制なし等,63,14,小破,大破,その他,対象外当事者,その他,対象外当事者,損傷なし,死亡,水,その他,36.199466,139.578791,2020-10-21,06:12,red,428,東日本高速道路,追越車線,完全分離－盛土,直線,平坦－１％未満,,2,該当なし,該当なし,該当なし,0
本票,埼玉,江別,0606,死亡,1,1,39990,対象外,0000,234,夜－暮,晴,市街地－その他,舗装－乾燥,交差点－その他,環状交差点以外 環状交差点以外をいう。,施設なし,09,22,00,23,14,9,交差点内,規制なし,5,2,人対車両,55～64歳,75歳以上,二輪車－自動二輪－原付二種－51～125cc,歩行者,自家用,対象外当事者,対象外当事者,対象外当事者,40㎞／ｈ以下,対象外当事者,10,00,小破,対象外当事者,対象外当事者,対象外当事者,対象外当事者,対象外当事者,負傷,死亡,土,その他,35.827182,139.832903,2020-10-03,18:05,red,,,,,,,,,,,,
本票,埼玉,野辺地,0522,死亡,2,2,95000,対象外,0000,215,夜－夜,晴,非市街地,舗装－乾燥,単路－カーブ・屈折,環状交差点以外 環状交差点以外をいう。,施設なし,00,23,00,23,02,6,単路（交差点付近を含む）,規制なし,5,1,車両単独,0～24歳,不明,乗用車－普通車,物件等,自家用,対象外当事者,乗用車,対象外当事者,指定の速度規制なし等,対象外当事者,10,00,大破,対象外当事者,装備あり 作動,対象外当事者,その他,対象外当事者,死亡,対象外当事者,月,その他,35.868932,139.408540,2020-10-19,21:35,red,,,,,,,,,,,,
本票,埼玉,静内,0349,死亡,1,1,39990,対象外,0000,238,夜－暮,晴,市街地－その他,舗装－乾燥,単路－その他,環状交差点以外 環状交差点以外をいう。,施設なし,00,23,00,23,02,9,単路（交差点付近を含む）,規制なし,5,4,人対車両,0～24歳,55～64歳,二輪車－自動二輪－小型二輪－751ｃｃ以上,歩行者,自家用,対象外当事者,対象外当事者,対象外当事者,指定の速度規制なし等,対象外当事者,10,00,小破,対象外当事者,対象外当事者,対象外当事者,対象外当事者,対象外当事者,死亡,負傷,火,その他,35.977294,139.678786,2020-10-06,17:25,red,,,,,,,,,,,,
本票,埼玉,静内,0359,死亡,1,0,01221,対象外,0000,110,夜－夜,雨,非市街地,舗装－湿潤,単路－その他,環状交差点以外 環状交差点以外をいう。,施設なし,00,23,00,23,04,9,単路（交差点付近を含む）,規制なし,1,2,車両相互,45～54歳,0～24歳,貨物車－大型車,二輪車－原付自転車,事業用,自家用,貨物車,対象外当事者,指定の速度規制なし等,指定の速度規制なし等,10,30,小破,中破,その他,対象外当事者,その他,対象外当事者,損傷なし,死亡,日,その他,35.912224,139.708058,2020-10-18,02:01,red,,,,,,,,,,,,
本票,埼玉,北,0302,死亡,1,2,39990,対象外,0000,232,昼－昼,雨,非市街地,舗装－湿潤,交差点－その他,環状交差点以外 環状交差点以外をいう。,施設なし,09,22,01,21,11,9,交差点内,規制なし,5,4,車両相互,35～44歳,65～74歳,乗用車－普通車,乗用車－軽自動車,自家用,自家用,乗用車,乗用車,指定の速度規制なし等,指定の速度規制なし等,50,80,大破,大破,装備あり 作動,装備あり 作動,その他,その他,負傷,死亡,金,その他,36.045716,139.587716,2020-10-09,15:13,red,,,,,,,,,,,,
本票,埼玉,手稲,0457,死亡,1,0,10190,対象外,0035,465,昼－昼,晴,市街地－人口集中,舗装－乾燥,単路－その他,環状交差点以外 環状交差点以外をいう。,施設なし,00,23,00,23,03,9,単路（交差点付近を含む）,規制なし,4,2,車両相互,45～54歳,45～54歳,貨物車－普通車,二輪車－原付自転車,自家用,自家用,貨物車,対象外当事者,40㎞／ｈ以下,指定の速度規制なし等,10,10,中破,中破,その他,対象外当事者,その他,対象外当事者,損傷なし,死亡,日,その他,35.919411,139.807871,2020-10-25,11:05,red,,,,,,,,,,,,
本票,埼玉,手稲,0471,死亡,1,0,39990,対象外,0000,243,夜－夜,晴,市街地－その他,舗装－乾燥,交差点－その他,環状交差点以外 環状交差点以外をいう。,施設なし,01,22,09,22,15,9,交差点内,規制なし,5,3,車両相互,55～64歳,55～64歳,貨物車－軽自動車,二輪車－原付自転車,自家用,自家用,貨物車,対象外当事者,指定の速度規制なし等,指定の速度規制なし等,10,40,小破,大破,その他,対象外当事者,その他,対象外当事者,損傷なし,死亡,土,その他,35.920170,139.849273,2020-10-31,19:50,red,,,,,,,,,,,,
本票,千葉,つがる,0701,死亡,1,0,30000,対象外,0000,217,夜－夜,晴,市街地－人口集中,舗装－乾燥,交差点－その他,環状交差点以外 環状交差点以外をいう。,施設なし,09,22,00,23,15,3,交差点内,規制なし,4,2,人対車両,65～74歳,75歳以上,乗用車－普通車,歩行者,自家用,対象外当事者,乗用車,対象外当事者,40㎞／ｈ以下,対象外当事者,10,00,小破,対象外当事者,その他,対象外当事者,その他,対象外当事者,損傷なし,死亡,土,その他,35.871975,139.986611,2020-10-31,18:57,red,,,,,,,,,,,,
本票,千葉,野辺地,0359,死亡,1,0,30000,対象外,0000,322,昼－昼,晴,非市街地,舗装－乾燥,単路－カーブ・屈折,環状交差点以外 環状交差点以外をいう。,施設なし,00,23,00,23,02,5,単路（交差点付近を含む）,規制なし,5,4,車両単独,45～54歳,不明,軽車両－自転車,相手なし,対象外当事者,対象外当事者,対象外当事者,対象外当事者,対象外当事者,対象外当事者,20,00,中破,対象外当事者,対象外当事者,対象外当事者,対象外当事者,対象外当事者,死亡,対象外当事者,土,その他,35.711964,140.267675,2020-10-03,12:58,red,,,,,,,,,,,,
本票,千葉,美唄,0419,死亡,1,6,10630,対象外,0000,211,昼－暮,曇,非市街地,舗装－乾燥,交差点－その他,環状交差点以外 環状交差点以外をいう。,点灯－３灯式,09,22,09,22,15,5,交差点内,規制なし,5,2,車両相互,55～64歳,45～54歳,乗用車－普通車,乗用車－普通車,自家用,自家用,乗用車,乗用車,指定の速度規制なし等,指定の速度規制なし等,80,40,大破,大破,装備あり 作動,その他,その他,その他,負傷,負傷,日,その他,35.862395,140.388700,2020-10-11,16:53,red,,,,,,,,,,,,
本票,千葉,小樽,0107,死亡,1,0,10300,対象外,0000,215,昼－暮,晴,非市街地,舗装－乾燥,単路－その他,環状交差点以外 環状交差点以外をいう。,施設なし,00,23,00,23,03,9,単路（交差点付近を含む）,規制なし,4,3,車両単独,45～54歳,不明,乗用車－普通車,物件等,自家用,対象外当事者,乗用車,対象外当事者,50㎞／ｈ以下,対象外当事者,10,00,大破,対象外当事者,その他,対象外当事者,その他,対象外当事者,死亡,対象外当事者,月,その他,35.689573,140.651975,2020-10-26,16:50,red,,,,,,,,,,,,
本票,千葉,倶知安,0141,死亡,1,0,30000,対象外,0000,237,夜－夜,晴,非市街地,舗装－乾燥,交差点付近－その他,環状交差点以外 環状交差点以外をいう。,施設なし,00,23,00,23,03,9,単路（交差点付近を含む）,規制なし,4,3,人対車両,35～44歳,25～34歳,乗用車－軽自動車,歩行者,自家用,対象外当事者,乗用車,対象外当事者,指定の速度規制なし等,対象外当事者,10,00,小破,対象外当事者,その他,対象外当事者,その他,対象外当事者,損傷なし,死亡,土,その他,35.654339,140.358016,2020-10-03,03:23,red,,,,,,,,,,,,
本票,千葉,苫小牧,0052,死亡,1,0,99000,対象外,0000,238,昼－昼,晴,非市街地,舗装－乾燥,一般交通の場所,環状交差点以外 環状交差点以外をいう。,施設なし,00,23,00,23,00,0,その他,規制なし,0,4,人対車両,55～64歳,75歳以上,乗用車－軽自動車,歩行者,自家用,対象外当事者,乗用車,対象外当事者,指定の速度規制なし等,対象外当事者,80,00,小破,対象外当事者,その他,対象外当事者,その他,対象外当事者,損傷なし,死亡,金,その他,35.244433,140.350971,2020-08-21,13:07,red,,,,,,,,,,,,
本票,千葉,静内,0043,死亡,1,0,02970,上,0000,441,夜－夜,曇,非市街地,舗装－乾燥,単路－その他,環状交差点以外 環状交差点以外をいう。,施設なし,00,23,00,23,03,9,単路（交差点付近を含む）,規制なし,4,2,車両相互,25～34歳,65～74歳,乗用車－普通車,軽車両－自転車,自家用,対象外当事者,乗用車,対象外当事者,指定の速度規制なし等,対象外当事者,80,30,中破,大破,その他,対象外当事者,その他,対象外当事者,損傷なし,死亡,木,その他,35.294679,140.249381,2020-10-22,20:28,red,,,,,,,,,,,,
本票,千葉,浦河,0528,死亡,1,0,02970,下,0000,219,昼－昼,晴,市街地－その他,舗装－乾燥,交差点－その他,環状交差点以外 環状交差点以外をいう。,施設なし,06,21,00,23,15,2,交差点内,規制なし,5,4,車両単独,55～64歳,不明,乗用車－軽自動車,物件等,自家用,対象外当事者,乗用車,対象外当事者,50㎞／ｈ以下,対象外当事者,10,00,中破,対象外当事者,その他,対象外当事者,その他,対象外当事者,損傷なし,対象外当事者,月,その他,35.369496,140.183858,2020-10-05,11:51,red,,,,,,,,,,,,
本票,千葉,浦河,0542,死亡,1,0,10240,対象外,0000,219,昼－暮,雨,非市街地,舗装－湿潤,単路－その他,環状交差点以外 環状交差点以外をいう。,施設なし,00,23,00,23,03,9,単路（交差点付近を含む）,規制なし,4,4,人対車両,65～74歳,55～64歳,乗用車－軽自動車,歩行者,自家用,対象外当事者,乗用車,対象外当事者,40㎞／ｈ以下,対象外当事者,80,00,大破,対象外当事者,その他,対象外当事者,その他,対象外当事者,損傷なし,死亡,金,その他,35.486718,140.056904,2020-10-09,17:06,red,,,,,,,,,,,,
本票,千葉,豊平,0186,死亡,1,0,30000,対象外,0000,225,昼－昼,曇,市街地－その他,舗装－乾燥,交差点－その他,環状交差点以外 環状交差点以外をいう。,施設なし,09,22,00,23,11,9,交差点内,規制なし,5,1,人対車両,35～44歳,75歳以上,乗用車－普通車,歩行者,自家用,対象外当事者,乗用車,対象外当事者,指定の速度規制なし等,対象外当事者,10,00,中破,対象外当事者,その他,対象外当事者,その他,対象外当事者,損傷なし,死亡,月,その他,35.324876,139.903842,2020-10-12,06:48,red,,,,,,,,,,,,
本票,千葉,浦和西,0233,死亡,1,0,30000,対象外,0000,221,夜－明,晴,市街地－その他,舗装－乾燥,交差点－その他,環状交差点以外 環状交差点以外をいう。,施設なし,09,22,00,23,15,9,交差点内,規制なし,5,2,人対車両,45～54歳,65～74歳,乗用車－普通車,歩行者,自家用,対象外当事者,乗用車,対象外当事者,30㎞／ｈ以下,対象外当事者,80,00,中破,対象外当事者,その他,対象外当事者,その他,対象外当事者,損傷なし,死亡,水,その他,35.752580,140.115270,2020-10-07,04:39,red,,,,,,,,,,,,
本票,千葉,浦和西,0251,死亡,1,0,30000,対象外,0000,221,昼－暮,曇,市街地－人口集中,舗装－乾燥,交差点付近－その他,環状交差点以外 環状交差点以外をいう。,施設なし,00,23,00,23,03,8,単路（交差点付近を含む）,規制なし,4,2,人対車両,45～54歳,75歳以上,乗用車－普通車,歩行者,自家用,対象外当事者,乗用車,対象外当事者,40㎞／ｈ以下,対象外当事者,80,00,小破,対象外当事者,その他,対象外当事者,その他,対象外当事者,損傷なし,死亡,日,その他,35.713786,140.088396,2020-10-25,16:26,red,,,,,,,,,,,,
本票,千葉,新座,0340,死亡,1,0,21930,対象外,0000,204,昼－昼,曇,市街地－人口集中,舗装－乾燥,交差点付近－その他,環状交差点以外 環状交差点以外をいう。,施設なし,00,23,00,23,03,9,単路（交差点付近を含む）,規制なし,4,2,人対車両,0～24歳,65～74歳,乗用車－普通車,歩行者,自家用,対象外当事者,乗用車,対象外当事者,40㎞／ｈ以下,対象外当事者,80,00,小破,対象外当事者,その他,対象外当事者,その他,対象外当事者,損傷なし,死亡,月,その他,35.793137,140.070735,2020-10-05,10:35,red,,,,,,,,,,,,
本票,千葉,千葉北,0461,死亡,1,1,30000,対象外,0000,102,昼－昼,曇,市街地－人口集中,舗装－乾燥,単路－その他,環状交差点以外 環状交差点以外をいう。,施設なし,00,23,00,23,01,9,単路（交差点付近を含む）,規制なし,5,4,車両相互,65～74歳,35～44歳,軽車両－自転車,軽車両－自転車,対象外当事者,対象外当事者,対象外当事者,対象外当事者,対象外当事者,対象外当事者,10,10,小破,小破,対象外当事者,対象外当事者,対象外当事者,対象外当事者,死亡,負傷,日,その他,35.674800,140.093639,2020-10-18,13:47,red,,,,,,,,,,,,
本票,神奈川,浦和西,0271,死亡,1,0,30070,対象外,0000,105,夜－夜,晴,市街地－人口集中,舗装－乾燥,交差点－その他,環状交差点以外 環状交差点以外をいう。,点灯－歩車分式,09,22,00,23,19,9,交差点内,規制なし,5,2,人対車両,55～64歳,25～34歳,貨物車－普通車,歩行者,自家用,対象外当事者,貨物車,対象外当事者,50㎞／ｈ以下,対象外当事者,10,00,小破,対象外当事者,その他,対象外当事者,その他,対象外当事者,損傷なし,死亡,金,その他,35.433731,139.621972,2020-10-02,00:07,red,,,,,,,,,,,,
本票,神奈川,川崎臨港,0186,死亡,1,0,01320,対象外,0000,131,夜－夜,雨,市街地－人口集中,舗装－湿潤,単路－その他,環状交差点以外 環状交差点以外をいう。,施設なし,00,23,00,23,05,9,単路（交差点付近を含む）,規制なし,4,2,人対車両,35～44歳,25～34歳,貨物車－準中型車,歩行者,事業用,対象外当事者,貨物車,対象外当事者,50㎞／ｈ以下,対象外当事者,10,00,小破,対象外当事者,その他,対象外当事者,その他,対象外当事者,損傷なし,死亡,木,その他,35.529390,139.736375,2020-10-15,19:56,red,,,,,,,,,,,,