資料区分,都道府県コード,警察署等コード,本票番号,事故内容,死者数,負傷者数,路線コード,上下線,地点コード,市区町村コード,昼夜,天候,地形,路面状態,道路形状,環状交差点の直径,信号機,一時停止規制　標識（当事者A）,一時停止規制　表示（当事者A）,一時停止規制　標識（当事者B）,一時停止規制　表示（当事者B）,車道幅員,道路線形,衝突地点,ゾーン規制,中央分離帯施設等,歩車道区分,事故類型,年齢（当事者A）,年齢（当事者B）,当事者種別（当事者A）,当事者種別（当事者B）,用途別（当事者A）,用途別（当事者B）,車両形状（当事者A）,車両形状（当事者B）,速度規制（指定のみ）（当事者A）,速度規制（指定のみ）（当事者B）,車両の衝突部位（当事者A）,車両の衝突部位（当事者B）,車両の損壊程度（当事者A）,車両の損壊程度（当事者B）,エアバッグの装備（当事者A）,エアバッグの装備（当事者B）,サイドエアバッグの装備（当事者A）,サイドエアバッグの装備（当事者B）,人身損傷程度（当事者A）,人身損傷程度（当事者B）,曜日(発生年月日),祝日(発生年月日),緯度,経度,発生日,発生時,color,発生地点,道路管理者区分,道路区分,道路構造,曲線半径,縦断勾配,トンネル番号,当事者車両台数,車両単独事故の対象物,臨時速度規制の有無,速度規制（臨時のみ）,トンネル延長距離
本票,兵庫,名張,0215,死亡,1,1,14290,対象外,0000,215,昼－昼,晴,市街地－その他,舗装－乾燥,単路－カーブ・屈折,環状交差点以外 環状交差点以外をいう。,施設なし,00,23,00,23,03,3,単路（交差点付近を含む）,規制なし,4,2,車両相互,65～74歳,55～64歳,貨物車－大型車,乗用車－軽自動車,事業用,自家用,貨物車,乗用車,40㎞／ｈ以下,40㎞／ｈ以下,55,50,大破,大破,その他,装備あり 作動,その他,その他,損傷なし,死亡,木,その他,34.798258,135.076620,2020-10-01,08:10,red,,,,,,,,,,,,
本票,兵庫,西脇,0120,死亡,1,0,04270,上,0000,365,夜－夜,晴,市街地－その他,舗装－乾燥,単路－その他,環状交差点以外 環状交差点以外をいう。,施設なし,00,23,00,23,03,9,その他,規制なし,4,3,車両単独,55～64歳,不明,貨物車－軽自動車,相手なし,事業用,対象外当事者,貨物車,対象外当事者,50㎞／ｈ以下,対象外当事者,80,00,大破,対象外当事者,その他,対象外当事者,その他,対象外当事者,損傷なし,対象外当事者,木,その他,35.112616,134.912310,2020-10-22,04:20,red,,,,,,,,,,,,
本票,兵庫,高砂,0336,死亡,1,0,39990,対象外,0000,216,夜－夜,晴,市街地－人口集中,舗装－乾燥,交差点付近－その他,環状交差点以外 環状交差点以外をいう。,施設なし,00,23,00,23,02,9,単路（交差点付近を含む）,規制なし,5,4,車両単独,65～74歳,不明,軽車両－自転車,相手なし,対象外当事者,対象外当事者,対象外当事者,対象外当事者,対象外当事者,対象外当事者,40,00,小破,対象外当事者,対象外当事者,対象外当事者,対象外当事者,対象外当事者,死亡,対象外当事者,火,その他,34.774415,134.814555,2020-10-20,22:50,red,,,,,,,,,,,,
本票,兵庫,姫路,0999,死亡,1,1,00290,上,0216,201,昼－昼,晴,市街地－その他,舗装－乾燥,単路－その他,環状交差点以外 環状交差点以外をいう。,施設なし,00,23,00,23,03,8,単路（交差点付近を含む）,規制なし,4,1,車両相互,65～74歳,75歳以上,乗用車－普通車,乗用車－軽自動車,自家用,自家用,乗用車,乗用車,50㎞／ｈ以下,50㎞／ｈ以下,50,50,大破,大破,装備あり 作動,装備あり 作動,装備あり 作動,その他,損傷なし,死亡,金,その他,34.991406,134.582099,2020-10-02,15:27,red,,,,,,,,,,,,
本票,兵庫,相生,0095,死亡,1,0,00020,下,1162,208,夜－明,晴,非市街地,舗装－乾燥,交差点－その他,環状交差点以外 環状交差点以外をいう。,施設なし,09,22,00,23,14,6,交差点内,規制なし,4,3,人対車両,25～34歳,75歳以上,貨物車－大型車,歩行者,事業用,対象外当事者,貨物車,対象外当事者,50㎞／ｈ以下,対象外当事者,10,00,小破,対象外当事者,その他,対象外当事者,その他,対象外当事者,損傷なし,死亡,木,その他,34.833353,134.419793,2020-10-01,05:45,red,,,,,,,,,,,,
本票,兵庫,相生,0097,死亡,1,0,39990,対象外,0000,208,夜－明,晴,市街地－人口集中,舗装－乾燥,交差点－その他,環状交差点以外 環状交差点以外をいう。,施設なし,09,22,00,23,15,9,交差点内,規制なし,5,2,人対車両,45～54歳,75歳以上,乗用車－普通車,歩行者,自家用,対象外当事者,乗用車,対象外当事者,40㎞／ｈ以下,対象外当事者,10,00,中破,対象外当事者,その他,対象外当事者,その他,対象外当事者,損傷なし,死亡,土,その他,34.808809,134.463744,2020-10-03,05:32,red,,,,,,,,,,,,
本票,奈良,東,0203,死亡,1,0,37990,対象外,0000,204,夜－夜,晴,市街地－その他,舗装－乾燥,単路－その他,環状交差点以外 環状交差点以外をいう。,施設なし,00,23,00,23,03,9,単路（交差点付近を含む）,規制なし,4,2,人対車両,35～44歳,65～74歳,乗用車－軽自動車,歩行者,自家用,対象外当事者,乗用車,対象外当事者,40㎞／ｈ以下,対象外当事者,50,00,中破,対象外当事者,その他,対象外当事者,その他,対象外当事者,損傷なし,死亡,土,その他,34.589044,135.828680,2020-10-24,19:33,red,,,,,,,,,,,,
本票,奈良,つがる,0252,死亡,1,0,25550,対象外,0000,205,夜－暮,晴,市街地－人口集中,舗装－乾燥,単路－その他,環状交差点以外 環状交差点以外をいう。,施設なし,00,23,00,23,03,9,単路（交差点付近を含む）,規制なし,4,2,人対車両,55～64歳,65～74歳,乗用車－普通車,歩行者,自家用,対象外当事者,乗用車,対象外当事者,40㎞／ｈ以下,対象外当事者,10,00,中破,対象外当事者,その他,対象外当事者,その他,対象外当事者,損傷なし,死亡,日,その他,34.473523,135.800941,2020-10-04,18:17,red,,,,,,,,,,,,
本票,奈良,芦別,0162,死亡,1,0,37990,対象外,0000,201,昼－昼,晴,市街地－その他,舗装－乾燥,単路－カーブ・屈折,環状交差点以外 環状交差点以外をいう。,施設なし,00,23,00,23,03,5,単路（交差点付近を含む）,規制なし,5,4,車両単独,65～74歳,不明,軽車両－自転車,物件等,対象外当事者,対象外当事者,対象外当事者,対象外当事者,対象外当事者,対象外当事者,10,00,小破,対象外当事者,対象外当事者,対象外当事者,対象外当事者,対象外当事者,死亡,対象外当事者,月,その他,34.666831,135.744420,2020-10-12,13:30,red,,,,,,,,,,,,
本票,和歌山,西,0145,死亡,1,0,00240,下,1120,208,夜－夜,雨,非市街地,舗装－湿潤,交差点付近－その他,環状交差点以外 環状交差点以外をいう。,施設なし,00,23,00,23,03,9,単路（交差点付近を含む）,規制なし,4,3,人対車両,0～24歳,45～54歳,乗用車－普通車,歩行者,自家用,対象外当事者,乗用車,対象外当事者,50㎞／ｈ以下,対象外当事者,10,00,中破,対象外当事者,その他,対象外当事者,その他,対象外当事者,損傷なし,死亡,金,その他,34.270743,135.424352,2020-10-09,18:41,red,,,,,,,,,,,,
本票,和歌山,野辺地,0112,死亡,1,0,29030,対象外,0000,206,昼－昼,晴,非市街地,舗装－乾燥,単路－カーブ・屈折,環状交差点以外 環状交差点以外をいう。,施設なし,00,23,00,23,03,4,その他,規制なし,4,3,車両単独,55～64歳,不明,二輪車－自動二輪－小型二輪－751ｃｃ以上,相手なし,自家用,対象外当事者,対象外当事者,対象外当事者,指定の速度規制なし等,対象外当事者,10,00,小破,対象外当事者,対象外当事者,対象外当事者,対象外当事者,対象外当事者,死亡,対象外当事者,火,その他,33.996040,135.572426,2020-10-06,13:10,red,,,,,,,,,,,,
本票,和歌山,滝川,0150,死亡,1,0,95000,対象外,0000,201,昼－昼,晴,非市街地,舗装－乾燥,単路－その他,環状交差点以外 環状交差点以外をいう。,施設なし,00,23,00,23,02,9,単路（交差点付近を含む）,規制なし,5,4,車両単独,75歳以上,不明,軽車両－駆動補助機付自転車,相手なし,対象外当事者,対象外当事者,対象外当事者,対象外当事者,対象外当事者,対象外当事者,10,00,小破,対象外当事者,対象外当事者,対象外当事者,対象外当事者,対象外当事者,死亡,対象外当事者,水,その他,34.271584,135.082714,2020-10-28,11:00,red,,,,,,,,,,,,
本票,鳥取,つがる,0037,死亡,1,0,20570,対象外,0000,204,昼－昼,晴,非市街地,舗装－乾燥,交差点－その他,環状交差点以外 環状交差点以外をいう。,施設なし,09,22,09,22,14,9,交差点内,規制なし,4,2,車両相互,55～64歳,75歳以上,貨物車－大型車,軽車両－駆動補助機付自転車,事業用,対象外当事者,貨物車,対象外当事者,40㎞／ｈ以下,対象外当事者,50,20,小破,大破,その他,対象外当事者,その他,対象外当事者,損傷なし,死亡,火,その他,35.521575,133.210751,2020-10-20,14:25,red,,,,,,,,,,,,
本票,島根,中央,0169,死亡,1,0,10310,対象外,0000,201,夜－暮,曇,市街地－その他,舗装－乾燥,単路－その他,環状交差点以外 環状交差点以外をいう。,施設なし,00,23,00,23,03,9,単路（交差点付近を含む）,規制なし,4,2,人対車両,75歳以上,75歳以上,乗用車－普通車,歩行者,自家用,対象外当事者,乗用車,対象外当事者,60㎞／ｈ以下,対象外当事者,10,00,中破,対象外当事者,その他,対象外当事者,その他,対象外当事者,損傷なし,死亡,月,その他,35.578002,133.095811,2020-10-12,17:40,red,,,,,,,,,,,,
本票,島根,中央,0170,死亡,1,0,30000,対象外,0000,201,昼－昼,曇,非市街地,舗装－乾燥,単路－カーブ・屈折,環状交差点以外 環状交差点以外をいう。,施設なし,00,23,00,23,01,1,その他,規制なし,5,4,車両単独,75歳以上,不明,軽車両－自転車,相手なし,対象外当事者,対象外当事者,対象外当事者,対象外当事者,対象外当事者,対象外当事者,00,00,小破,対象外当事者,対象外当事者,対象外当事者,対象外当事者,対象外当事者,死亡,対象外当事者,月,その他,35.560057,133.188960,2020-10-05,07:50,red,,,,,,,,,,,,
本票,岡山,三戸,0415,死亡,2,0,00020,上,1740,101,夜－夜,曇,市街地－人口集中,舗装－乾燥,交差点－その他,環状交差点以外 環状交差点以外をいう。,点灯－３灯式,09,22,00,23,15,9,交差点内,規制なし,1,1,人対車両,45～54歳,0～24歳,乗用車－普通車,歩行者,自家用,対象外当事者,乗用車,対象外当事者,40㎞／ｈ以下,対象外当事者,10,00,中破,対象外当事者,装備あり 作動,対象外当事者,その他,対象外当事者,損傷なし,死亡,月,その他,34.628464,133.923234,2020-10-05,01:35,red,,,,,,,,,,,,
本票,広島,岩見沢,0220,死亡,1,0,14840,対象外,0000,304,夜－夜,雨,市街地－人口集中,舗装－湿潤,交差点付近－その他,環状交差点以外 環状交差点以外をいう。,施設なし,00,23,00,23,03,6,単路（交差点付近を含む）,規制なし,4,4,車両単独,65～74歳,不明,二輪車－自動二輪－原付二種－51～125cc,相手なし,自家用,対象外当事者,対象外当事者,対象外当事者,40㎞／ｈ以下,対象外当事者,10,00,大破,対象外当事者,対象外当事者,対象外当事者,対象外当事者,対象外当事者,死亡,対象外当事者,木,その他,34.382278,132.556500,2020-10-22,02:53,red,,,,,,,,,,,,
本票,広島,砂川,0220,死亡,1,1,14590,対象外,0000,212,夜－夜,晴,非市街地,舗装－乾燥,単路－カーブ・屈折,環状交差点以外 環状交差点以外をいう。,施設なし,00,23,00,23,03,5,単路（交差点付近を含む）,規制なし,4,2,車両相互,25～34歳,0～24歳,乗用車－普通車,乗用車－普通車,自家用,自家用,乗用車,乗用車,40㎞／ｈ以下,40㎞／ｈ以下,10,10,大破,大破,装備あり 作動,装備あり 作動,その他,装備あり 作動,死亡,負傷,金,その他,34.443286,132.835222,2020-10-02,23:04,red,,,,,,,,,,,,
本票,広島,小樽,0134,死亡,1,1,03170,対象外,0000,205,昼－昼,晴,非市街地,舗装－乾燥,単路－その他,環状交差点以外 環状交差点以外をいう。,施設なし,00,23,00,23,03,9,単路（交差点付近を含む）,規制なし,4,2,車両相互,45～54歳,75歳以上,乗用車－普通車,乗用車－軽自動車,自家用,自家用,乗用車,乗用車,50㎞／ｈ以下,50㎞／ｈ以下,10,10,大破,大破,装備あり 作動,装備あり 作動,その他,その他,負傷,死亡,火,その他,34.407278,133.213528,2020-10-13,15:45,red,,,,,,,,,,,,
本票,広島,岩内,0169,死亡,1,0,23810,対象外,0000,207,夜－夜,晴,非市街地,舗装－乾燥,交差点付近－その他,環状交差点以外 環状交差点以外をいう。,施設なし,00,23,00,23,03,9,単路（交差点付近を含む）,規制なし,4,2,人対車両,35～44歳,65～74歳,貨物車－軽自動車,歩行者,自家用,対象外当事者,貨物車,対象外当事者,40㎞／ｈ以下,対象外当事者,10,00,中破,対象外当事者,その他,対象外当事者,その他,対象外当事者,損傷なし,死亡,水,その他,34.471903,133.315383,2020-10-28,22:44,red,,,,,,,,,,,,
本票,広島,伊達,0469,死亡,1,0,14760,対象外,0000,207,夜－暮,曇,市街地－その他,舗装－乾燥,交差点付近－その他,環状交差点以外 環状交差点以外をいう。,施設なし,00,23,00,23,03,9,単路（交差点付近を含む）,規制なし,4,2,人対車両,45～54歳,75歳以上,乗用車－普通車,歩行者,自家用,対象外当事者,乗用車,対象外当事者,40㎞／ｈ以下,対象外当事者,10,00,中破,対象外当事者,その他,対象外当事者,その他,対象外当事者,損傷なし,死亡,日,その他,34.529375,133.442486,2020-10-04,18:33,red,,,,,,,,,,,,
本票,広島,伊達,0490,死亡,1,0,37210,対象外,0000,207,昼－昼,晴,非市街地,舗装－乾燥,単路－その他,環状交差点以外 環状交差点以外をいう。,施設なし,00,23,00,23,04,9,単路（交差点付近を含む）,規制なし,4,2,車両単独,75歳以上,不明,乗用車－普通車,物件等,自家用,対象外当事者,乗用車,対象外当事者,指定の速度規制なし等,対象外当事者,10,00,小破,対象外当事者,その他,対象外当事者,その他,対象外当事者,死亡,対象外当事者,火,その他,34.443906,133.433144,2020-10-06,14:25,red,,,,,,,,,,,,
本票,山口,岩見沢,0107,死亡,2,0,95000,対象外,0000,210,昼－昼,晴,非市街地,舗装－乾燥,踏切－第四種,環状交差点以外 環状交差点以外をいう。,施設なし,00,23,00,23,01,9,その他,規制なし,5,4,列車,35～44歳,55～64歳,列車,歩行者,対象外当事者,対象外当事者,対象外当事者,対象外当事者,対象外当事者,対象外当事者,10,00,小破,対象外当事者,対象外当事者,対象外当事者,対象外当事者,対象外当事者,損傷なし,死亡,日,その他,33.986284,131.956111,2020-10-18,15:29,red,,,,,,,,,,,,
本票,山口,岩見沢,0108,死亡,1,1,25000,対象外,0000,210,昼－昼,晴,非市街地,舗装－乾燥,単路－その他,環状交差点以外 環状交差点以外をいう。,施設なし,00,23,00,23,03,9,単路（交差点付近を含む）,規制なし,4,2,車両単独,75歳以上,不明,乗用車－軽自動車,物件等,自家用,対象外当事者,乗用車,対象外当事者,指定の速度規制なし等,対象外当事者,10,00,中破,対象外当事者,装備あり 作動,対象外当事者,その他,対象外当事者,負傷,対象外当事者,水,その他,33.995503,132.044886,2020-10-21,15:39,red,,,,,,,,,,,,
本票,山口,つがる,0215,死亡,1,1,03150,対象外,0000,215,昼－昼,晴,非市街地,舗装－乾燥,単路－カーブ・屈折,環状交差点以外 環状交差点以外をいう。,施設なし,00,23,00,23,03,6,単路（交差点付近を含む）,規制なし,4,2,車両相互,45～54歳,75歳以上,乗用車－普通車,乗用車－軽自動車,自家用,自家用,乗用車,乗用車,指定の速度規制なし等,指定の速度規制なし等,10,10,大破,大破,装備あり 作動,装備あり 作動,その他,その他,負傷,死亡,火,その他,34.199889,131.815194,2020-10-06,09:22,red,,,,,,,,,,,,
本票,山口,門別,0292,死亡,1,0,01910,上,0003,201,昼－昼,晴,市街地－その他,舗装－乾燥,単路－その他,環状交差点以外 環状交差点以外をいう。,施設なし,00,23,00,23,05,9,単路（交差点付近を含む）,規制なし,4,2,人対車両,65～74歳,75歳以上,乗用車－普通車,歩行者,自家用,対象外当事者,乗用車,対象外当事者,50㎞／ｈ以下,対象外当事者,30,00,損壊なし,対象外当事者,その他,対象外当事者,その他,対象外当事者,損傷なし,死亡,土,その他,33.953417,130.920528,2020-10-10,10:09,red,,,,,,,,,,,,
本票,山口,静内,0149,死亡,1,2,14700,対象外,0000,201,昼－昼,晴,市街地－その他,舗装－乾燥,交差点付近－その他,環状交差点以外 環状交差点以外をいう。,施設なし,00,23,00,23,03,6,単路（交差点付近を含む）,規制なし,5,1,車両相互,55～64歳,45～54歳,乗用車－軽自動車,乗用車－軽自動車,自家用,自家用,乗用車,乗用車,40㎞／ｈ以下,40㎞／ｈ以下,10,50,大破,大破,装備あり 作動,装備あり 作動,その他,その他,死亡,負傷,日,その他,34.052333,131.000639,2020-10-25,14:32,red,,,,,,,,,,,,
本票,香川,栗山,0713,死亡,1,0,00110,上,0817,201,夜－夜,晴,市街地－人口集中,舗装－乾燥,単路－その他,環状交差点以外 環状交差点以外をいう。,施設なし,00,23,00,23,06,9,単路（交差点付近を含む）,規制なし,1,2,人対車両,35～44歳,25～34歳,乗用車－普通車,歩行者,自家用,対象外当事者,乗用車,対象外当事者,50㎞／ｈ以下,対象外当事者,10,00,小破,対象外当事者,その他,対象外当事者,その他,対象外当事者,損傷なし,死亡,金,その他,34.328314,134.045347,2020-10-02,03:55,red,,,,,,,,,,,,
本票,香川,栗山,0796,死亡,1,2,00320,上,0061,201,昼－昼,晴,市街地－その他,舗装－乾燥,交差点－その他,環状交差点以外 環状交差点以外をいう。,施設なし,09,22,01,21,18,9,交差点内,規制なし,5,2,車両相互,35～44歳,75歳以上,乗用車－普通車,乗用車－軽自動車,自家用,自家用,乗用車,乗用車,指定の速度規制なし等,指定の速度規制なし等,10,20,中破,中破,装備あり 作動,その他,装備あり 作動,その他,負傷,死亡,土,その他,34.296041,134.014439,2020-10-31,14:38,red,,,,,,,,,,,,
本票,香川,つがる,0235,死亡,2,4,37000,対象外,0000,203,夜－夜,晴,市街地－その他,舗装－乾燥,交差点付近－その他,環状交差点以外 環状交差点以外をいう。,施設なし,00,23,00,23,02,9,単路（交差点付近を含む）,規制なし,5,3,車両単独,0～24歳,不明,貨物車－軽自動車,物件等,自家用,対象外当事者,貨物車,対象外当事者,指定の速度規制なし等,対象外当事者,15,00,中破,対象外当事者,その他,対象外当事者,その他,対象外当事者,負傷,対象外当事者,水,その他,34.322299,133.876338,2020-10-14,19:21,red,,,,,,,,,,,,
本票,香川,美唄,0499,死亡,1,0,37000,対象外,0000,202,昼－暮,晴,非市街地,舗装－乾燥,単路－その他,環状交差点以外 環状交差点以外をいう。,施設なし,00,23,00,23,02,9,単路（交差点付近を含む）,規制なし,5,4,人対車両,25～34歳,75歳以上,乗用車－普通車,歩行者,自家用,対象外当事者,乗用車,対象外当事者,指定の速度規制なし等,対象外当事者,10,00,小破,対象外当事者,その他,対象外当事者,その他,対象外当事者,損傷なし,死亡,月,その他,34.273056,133.776379,2020-10-26,16:30,red,,,,,,,,,,,,
本票,香川,芦別,0102,死亡,1,0,03770,対象外,0000,205,昼－昼,晴,市街地－その他,舗装－乾燥,交差点－その他,環状交差点以外 環状交差点以外をいう。,施設なし,01,21,09,22,15,9,交差点内,規制なし,4,3,車両相互,35～44歳,75歳以上,乗用車－軽自動車,軽車両－自転車,自家用,対象外当事者,乗用車,対象外当事者,指定の速度規制なし等,対象外当事者,80,40,小破,小破,その他,対象外当事者,その他,対象外当事者,損傷なし,死亡,月,その他,34.089804,133.673444,2020-10-19,13:02,red,,,,,,,,,,,,
本票,香川,小樽,0076,死亡,1,0,14100,対象外,0000,207,夜－暮,晴,市街地－その他,舗装－乾燥,交差点－その他,環状交差点以外 環状交差点以外をいう。,施設なし,09,22,00,23,14,9,交差点内,規制なし,4,2,人対車両,0～24歳,75歳以上,乗用車－軽自動車,歩行者,自家用,対象外当事者,乗用車,対象外当事者,50㎞／ｈ以下,対象外当事者,80,00,小破,対象外当事者,その他,対象外当事者,その他,対象外当事者,損傷なし,死亡,土,その他,34.252864,134.300162,2020-10-31,17:31,red,,,,,,,,,,,,
本票,香川,岩内,0119,死亡,1,0,14330,対象外,0753,201,夜－夜,雨,市街地－その他,舗装－湿潤,交差点－その他,環状交差点以外 環状交差点以外をいう。,点灯－３灯式,09,22,00,23,14,9,交差点内,規制なし,5,2,人対車両,45～54歳,65～74歳,乗用車－普通車,歩行者,自家用,対象外当事者,乗用車,対象外当事者,50㎞／ｈ以下,対象外当事者,10,00,小破,対象外当事者,その他,対象外当事者,その他,対象外当事者,損傷なし,死亡,木,その他,34.302864,133.957748,2020-10-08,19:07,red,,,,,,,,,,,,
本票,香川,伊達,0106,死亡,1,2,37000,対象外,0000,208,昼－昼,晴,非市街地,舗装－乾燥,交差点－その他,環状交差点以外 環状交差点以外をいう。,施設なし,09,22,02,21,15,9,交差点内,規制なし,5,2,車両相互,55～64歳,55～64歳,乗用車－普通車,乗用車－軽自動車,自家用,自家用,乗用車,乗用車,指定の速度規制なし等,指定の速度規制なし等,50,80,小破,小破,装備あり 作動,装備あり 作動,その他,その他,負傷,負傷,火,その他,34.115796,133.766367,2020-10-13,16:25,red,,,,,,,,,,,,
本票,愛媛,白石,0181,死亡,1,0,25000,対象外,0000,205,昼－昼,晴,市街地－その他,舗装－乾燥,単路－その他,環状交差点以外 環状交差点以外をいう。,施設なし,00,23,00,23,04,9,単路（交差点付近を含む）,規制なし,4,2,車両相互,35～44歳,75歳以上,貨物車－普通車,二輪車－自動二輪－原付二種－51～125cc,自家用,自家用,貨物車,対象外当事者,50㎞／ｈ以下,指定の速度規制なし等,80,12,小破,中破,その他,対象外当事者,その他,対象外当事者,損傷なし,死亡,金,その他,33.965890,133.312415,2020-10-30,09:42,red,,,,,,,,,,,,
本票,愛媛,江別,0202,死亡,1,0,03170,対象外,0000,202,昼－昼,雨,非市街地,舗装－湿潤,交差点－その他,環状交差点以外 環状交差点以外をいう。,点灯－押ボタン式,09,22,09,22,15,9,交差点内,規制なし,4,2,車両相互,45～54歳,75歳以上,乗用車－普通車,軽車両－自転車,自家用,対象外当事者,乗用車,対象外当事者,40㎞／ｈ以下,対象外当事者,10,20,小破,中破,その他,対象外当事者,その他,対象外当事者,損傷なし,死亡,木,その他,34.046259,132.979709,2020-10-08,15:23,red,,,,,,,,,,,,
本票,愛媛,栗山,0179,死亡,1,0,14100,対象外,0000,201,夜－夜,晴,市街地－その他,舗装－乾燥,交差点－その他,環状交差点以外 環状交差点以外をいう。,施設なし,09,22,09,22,14,9,交差点内,規制なし,4,2,車両相互,45～54歳,35～44歳,乗用車－普通車,二輪車－原付自転車,自家用,自家用,乗用車,対象外当事者,指定の速度規制なし等,指定の速度規制なし等,50,10,小破,中破,その他,対象外当事者,その他,対象外当事者,損傷なし,死亡,月,その他,33.828296,132.732236,2020-10-19,19:06,red,,,,,,,,,,,,
本票,愛媛,芦別,0080,死亡,1,0,00560,上,2137,203,昼－昼,晴,非市街地,舗装－乾燥,交差点－その他,環状交差点以外 環状交差点以外をいう。,点灯－３灯式,09,22,00,23,15,9,交差点内,規制なし,4,2,人対車両,65～74歳,75歳以上,貨物車－大型車,歩行者,事業用,対象外当事者,貨物車,対象外当事者,50㎞／ｈ以下,対象外当事者,80,00,損壊なし,対象外当事者,その他,対象外当事者,その他,対象外当事者,損傷なし,死亡,火,その他,33.300948,132.538155,2020-10-06,09:14,red,,,,,,,,,,,,
本票,愛媛,余市,0014,死亡,1,0,00560,下,0000,506,昼－暮,晴,市街地－その他,舗装－乾燥,交差点－その他,環状交差点以外 環状交差点以外をいう。,施設なし,09,22,00,23,14,9,交差点内,規制なし,4,2,人対車両,65～74歳,0～24歳,乗用車－普通車,歩行者,自家用,対象外当事者,乗用車,対象外当事者,50㎞／ｈ以下,対象外当事者,50,00,小破,対象外当事者,その他,対象外当事者,その他,対象外当事者,損傷なし,死亡,火,その他,32.964144,132.556459,2020-10-06,17:05,red,,,,,,,,,,,,
本票,愛媛,余市,0015,死亡,1,0,00560,上,0000,506,昼－昼,晴,市街地－その他,舗装－乾燥,交差点－その他,環状交差点以外 環状交差点以外をいう。,施設なし,09,22,09,22,14,9,交差点内,規制なし,4,2,車両相互,65～74歳,65～74歳,乗用車－軽自動車,二輪車－原付自転車,自家用,自家用,乗用車,対象外当事者,50㎞／ｈ以下,指定の速度規制なし等,50,40,小破,小破,その他,対象外当事者,その他,対象外当事者,損傷なし,死亡,火,その他,32.962583,132.558721,2020-10-13,10:02,red,,,,,,,,,,,,
本票,高知,高速道路交通警察隊,0005,死亡,1,1,46130,上,1304,386,夜－明,曇,非市街地,舗装－乾燥,単路－その他,環状交差点以外 環状交差点以外をいう。,施設なし,00,23,00,23,03,9,単路（交差点付近を含む）,規制なし,6,4,車両相互,55～64歳,0～24歳,乗用車－普通車,乗用車－軽自動車,自家用,自家用,乗用車,乗用車,70㎞／ｈ以下,70㎞／ｈ以下,10,10,大破,大破,装備あり 作動,装備あり 作動,その他,その他,死亡,負傷,水,その他,33.519041,133.447442,2020-10-28,05:35,red,1304,本・四高速道路,走行車線－第一通行帯,非分離－トンネル出入り口部－その他トンネル出入り口,直線,平坦－１％以上,,2,該当なし,該当なし,該当なし,0
本票,高知,千歳,0129,死亡,1,0,00550,上,1944,211,昼－昼,晴,市街地－その他,舗装－乾燥,交差点－その他,環状交差点以外 環状交差点以外をいう。,施設なし,09,22,01,21,18,8,交差点内,規制なし,5,2,車両相互,65～74歳,75歳以上,乗用車－普通車,二輪車－原付自転車,自家用,自家用,乗用車,対象外当事者,指定の速度規制なし等,指定の速度規制なし等,50,40,小破,中破,その他,対象外当事者,その他,対象外当事者,損傷なし,死亡,月,その他,33.548057,133.719019,2020-10-26,07:20,red,,,,,,,,,,,,
本票,高知,砂川,0040,死亡,1,0,01970,対象外,0000,411,夜－暮,晴,非市街地,舗装－乾燥,交差点－その他,環状交差点以外 環状交差点以外をいう。,施設なし,09,22,00,23,14,9,交差点内,規制なし,5,2,人対車両,25～34歳,75歳以上,貨物車－軽自動車,歩行者,自家用,対象外当事者,貨物車,対象外当事者,50㎞／ｈ以下,対象外当事者,10,00,小破,対象外当事者,その他,対象外当事者,その他,対象外当事者,損傷なし,死亡,金,その他,33.438451,133.160184,2020-10-30,18:01,red,,,,,,,,,,,,
本票,福岡,白石,1458,死亡,1,0,37040,対象外,0000,132,昼－昼,晴,市街地－人口集中,舗装－乾燥,交差点－その他,環状交差点以外 環状交差点以外をいう。,点灯－押ボタン式,09,22,09,22,17,9,交差点内,規制なし,1,2,車両相互,45～54歳,65～74歳,乗用車－普通車,軽車両－自転車,自家用,対象外当事者,乗用車,対象外当事者,50㎞／ｈ以下,対象外当事者,10,40,小破,小破,その他,対象外当事者,その他,対象外当事者,損傷なし,死亡,金,その他,33.583418,130.410706,2020-10-02,10:31,red,,,,,,,,,,,,
本票,福岡,岩見沢,1305,死亡,1,0,37990,対象外,0000,134,夜－夜,晴,市街地－人口集中,舗装－乾燥,単路－その他,環状交差点以外 環状交差点以外をいう。,施設なし,00,23,00,23,02,9,単路（交差点付近を含む）,規制なし,5,3,人対車両,55～64歳,35～44歳,乗用車－普通車,歩行者,事業用,対象外当事者,乗用車,対象外当事者,30㎞／ｈ以下,対象外当事者,00,00,損壊なし,対象外当事者,その他,対象外当事者,その他,対象外当事者,損傷なし,死亡,水,その他,33.547633,130.440705,2020-10-28,03:28,red,,,,,,,,,,,,
本票,福岡,栗山,0880,死亡,1,0,37990,対象外,0000,135,昼－昼,晴,市街地－人口集中,舗装－乾燥,交差点－その他,環状交差点以外 環状交差点以外をいう。,施設なし,01,21,09,22,14,9,交差点内,規制なし,4,2,車両相互,75歳以上,75歳以上,乗用車－普通車,軽車両－自転車,自家用,対象外当事者,乗用車,対象外当事者,指定の速度規制なし等,対象外当事者,10,20,小破,小破,その他,対象外当事者,その他,対象外当事者,損傷なし,死亡,火,その他,33.583409,130.319861,2020-10-20,13:18,red,,,,,,,,,,,,