資料区分,都道府県コード,警察署等コード,本票番号,事故内容,死者数,負傷者数,路線コード,上下線,地点コード,市区町村コード,昼夜,天候,地形,路面状態,道路形状,環状交差点の直径,信号機,一時停止規制　標識（当事者A）,一時停止規制　表示（当事者A）,一時停止規制　標識（当事者B）,一時停止規制　表示（当事者B）,車道幅員,道路線形,衝突地点,ゾーン規制,中央分離帯施設等,歩車道区分,事故類型,年齢（当事者A）,年齢（当事者B）,当事者種別（当事者A）,当事者種別（当事者B）,用途別（当事者A）,用途別（当事者B）,車両形状（当事者A）,車両形状（当事者B）,速度規制（指定のみ）（当事者A）,速度規制（指定のみ）（当事者B）,車両の衝突部位（当事者A）,車両の衝突部位（当事者B）,車両の損壊程度（当事者A）,車両の損壊程度（当事者B）,エアバッグの装備（当事者A）,エアバッグの装備（当事者B）,サイドエアバッグの装備（当事者A）,サイドエアバッグの装備（当事者B）,人身損傷程度（当事者A）,人身損傷程度（当事者B）,曜日(発生年月日),祝日(発生年月日),緯度,経度,発生日,発生時,color,発生地点,道路管理者区分,道路区分,道路構造,曲線半径,縦断勾配,トンネル番号,当事者車両台数,車両単独事故の対象物,臨時速度規制の有無,速度規制（臨時のみ）,トンネル延長距離
本票,福岡,美唄,0509,死亡,1,0,37990,対象外,0000,224,夜－暮,晴,市街地－人口集中,舗装－乾燥,交差点－その他,環状交差点以外 環状交差点以外をいう。,施設なし,09,22,00,23,15,7,交差点内,規制なし,4,2,人対車両,0～24歳,75歳以上,二輪車－自動二輪－小型二輪－251～400cc,歩行者,自家用,対象外当事者,対象外当事者,対象外当事者,30㎞／ｈ以下,対象外当事者,10,00,小破,対象外当事者,対象外当事者,対象外当事者,対象外当事者,対象外当事者,損傷なし,死亡,土,その他,33.775561,130.509267,2020-10-17,17:55,red,,,,,,,,,,,,
本票,福岡,三戸,0919,死亡,1,0,37990,対象外,0000,221,昼－暮,晴,市街地－人口集中,舗装－乾燥,交差点付近－その他,環状交差点以外 環状交差点以外をいう。,施設なし,00,23,00,23,04,9,単路（交差点付近を含む）,規制なし,1,2,人対車両,45～54歳,75歳以上,乗用車－軽自動車,歩行者,自家用,対象外当事者,乗用車,対象外当事者,50㎞／ｈ以下,対象外当事者,50,00,中破,対象外当事者,その他,対象外当事者,その他,対象外当事者,損傷なし,死亡,金,その他,33.509728,130.513905,2020-10-23,16:53,red,,,,,,,,,,,,
本票,福岡,木古内,1372,死亡,1,0,37990,対象外,0000,106,夜－夜,晴,市街地－人口集中,舗装－乾燥,交差点付近－その他,環状交差点以外 環状交差点以外をいう。,点灯－３灯式,00,23,00,23,05,9,単路（交差点付近を含む）,規制なし,4,2,人対車両,55～64歳,75歳以上,貨物車－軽自動車,歩行者,自家用,対象外当事者,貨物車,対象外当事者,50㎞／ｈ以下,対象外当事者,10,00,小破,対象外当事者,その他,対象外当事者,その他,対象外当事者,損傷なし,死亡,水,その他,33.872933,130.860346,2020-10-14,22:24,red,,,,,,,,,,,,
本票,福岡,泉大津,0841,死亡,1,1,02000,下,0061,109,夜－夜,晴,市街地－人口集中,舗装－乾燥,単路－カーブ・屈折,環状交差点以外 環状交差点以外をいう。,施設なし,00,23,00,23,04,3,単路（交差点付近を含む）,規制なし,4,2,車両単独,0～24歳,不明,乗用車－軽自動車,物件等,自家用,対象外当事者,乗用車,対象外当事者,50㎞／ｈ以下,対象外当事者,10,00,中破,対象外当事者,装備あり 作動,対象外当事者,装備あり 作動,対象外当事者,負傷,対象外当事者,金,その他,33.821653,130.745715,2020-10-30,03:20,red,,,,,,,,,,,,
本票,福岡,新得,0414,死亡,1,1,25430,対象外,0000,207,夜－夜,雨,市街地－人口集中,舗装－湿潤,交差点－その他,環状交差点以外 環状交差点以外をいう。,点灯－３灯式,09,22,09,22,15,9,交差点内,規制なし,1,2,車両相互,45～54歳,25～34歳,乗用車－普通車,二輪車－自動二輪－軽二輪－126～250cc,自家用,自家用,乗用車,対象外当事者,50㎞／ｈ以下,50㎞／ｈ以下,80,10,中破,中破,その他,対象外当事者,その他,対象外当事者,損傷なし,死亡,木,その他,33.159758,130.403685,2020-10-22,21:31,red,,,,,,,,,,,,
本票,佐賀,栗山,0406,死亡,1,0,14260,対象外,1356,202,昼－昼,晴,非市街地,舗装－乾燥,単路－カーブ・屈折,環状交差点以外 環状交差点以外をいう。,施設なし,00,23,00,23,03,4,単路（交差点付近を含む）,規制なし,4,3,車両単独,55～64歳,不明,二輪車－自動二輪－小型二輪－751ｃｃ以上,相手なし,自家用,対象外当事者,対象外当事者,対象外当事者,指定の速度規制なし等,対象外当事者,10,00,大破,対象外当事者,対象外当事者,対象外当事者,対象外当事者,対象外当事者,死亡,対象外当事者,日,その他,33.349474,130.121814,2020-10-25,10:30,red,,,,,,,,,,,,
本票,佐賀,余市,0542,死亡,1,0,99000,対象外,1056,201,夜－夜,晴,市街地－人口集中,舗装－乾燥,一般交通の場所,環状交差点以外 環状交差点以外をいう。,施設なし,00,23,00,23,00,0,その他,規制なし,0,4,車両単独,55～64歳,不明,軽車両－自転車,相手なし,対象外当事者,対象外当事者,対象外当事者,対象外当事者,対象外当事者,対象外当事者,10,00,小破,対象外当事者,対象外当事者,対象外当事者,対象外当事者,対象外当事者,死亡,対象外当事者,月,その他,33.261556,130.284586,2020-10-12,21:00,red,,,,,,,,,,,,
本票,長崎,中央,0330,死亡,1,0,30000,対象外,0000,201,昼－昼,晴,市街地－人口集中,舗装－乾燥,交差点－その他,環状交差点以外 環状交差点以外をいう。,施設なし,09,22,00,23,15,6,交差点内,規制なし,4,1,車両単独,65～74歳,不明,乗用車－軽自動車,物件等,自家用,対象外当事者,乗用車,対象外当事者,40㎞／ｈ以下,対象外当事者,16,00,大破,対象外当事者,装備あり 作動,対象外当事者,その他,対象外当事者,損傷なし,対象外当事者,水,その他,32.773783,129.958720,2020-10-21,13:37,red,,,,,,,,,,,,
本票,長崎,白石,0141,死亡,1,0,04990,対象外,0000,201,夜－夜,晴,市街地－人口集中,舗装－乾燥,単路－その他,環状交差点以外 環状交差点以外をいう。,点灯－押ボタン式,00,23,00,23,04,9,単路（交差点付近を含む）,規制なし,4,2,人対車両,45～54歳,75歳以上,貨物車－準中型車,歩行者,自家用,対象外当事者,貨物車,対象外当事者,50㎞／ｈ以下,対象外当事者,10,00,中破,対象外当事者,その他,対象外当事者,その他,対象外当事者,損傷なし,死亡,水,その他,32.709885,129.850971,2020-10-28,22:04,red,,,,,,,,,,,,
本票,長崎,滝川,0074,死亡,1,0,02510,対象外,0000,213,昼－昼,晴,非市街地,舗装－乾燥,単路－その他,環状交差点以外 環状交差点以外をいう。,施設なし,00,23,00,23,03,9,単路（交差点付近を含む）,規制なし,4,3,車両単独,35～44歳,不明,乗用車－軽自動車,物件等,自家用,対象外当事者,乗用車,対象外当事者,50㎞／ｈ以下,対象外当事者,10,00,大破,対象外当事者,その他,対象外当事者,その他,対象外当事者,損傷なし,対象外当事者,木,その他,32.699971,130.170196,2020-10-29,13:45,red,,,,,,,,,,,,
本票,長崎,岩内,0040,死亡,1,0,20370,対象外,0000,391,夜－夜,晴,市街地－その他,舗装－乾燥,単路－その他,環状交差点以外 環状交差点以外をいう。,施設なし,00,23,00,23,03,9,単路（交差点付近を含む）,規制なし,5,3,人対車両,75歳以上,65～74歳,貨物車－軽自動車,歩行者,自家用,対象外当事者,貨物車,対象外当事者,40㎞／ｈ以下,対象外当事者,80,00,小破,対象外当事者,その他,対象外当事者,その他,対象外当事者,損傷なし,死亡,日,その他,33.209132,129.648990,2020-10-25,19:00,red,,,,,,,,,,,,
本票,長崎,南,0012,死亡,1,0,99000,対象外,0000,209,昼－昼,晴,非市街地,舗装－乾燥,一般交通の場所,環状交差点以外 環状交差点以外をいう。,施設なし,00,23,00,23,00,0,その他,規制なし,0,4,車両単独,65～74歳,不明,乗用車－軽自動車,物件等,自家用,対象外当事者,乗用車,対象外当事者,指定の速度規制なし等,対象外当事者,51,00,大破,対象外当事者,装備あり 作動,対象外当事者,その他,対象外当事者,死亡,対象外当事者,金,その他,34.116131,129.187836,2020-09-04,15:10,red,,,,,,,,,,,,
本票,熊本,栗山,0080,死亡,1,0,00030,対象外,0000,208,昼－暮,晴,市街地－人口集中,舗装－乾燥,交差点－その他,環状交差点以外 環状交差点以外をいう。,点灯－３灯式,09,22,09,22,15,9,交差点内,規制なし,4,2,車両相互,55～64歳,75歳以上,乗用車－大型車,軽車両－自転車,事業用,対象外当事者,乗用車,対象外当事者,50㎞／ｈ以下,対象外当事者,80,40,小破,中破,その他,対象外当事者,その他,対象外当事者,損傷なし,死亡,火,その他,33.015929,130.684527,2020-10-20,16:42,red,,,,,,,,,,,,
本票,熊本,砂川,0033,死亡,1,0,10450,対象外,0000,214,昼－昼,晴,非市街地,舗装－乾燥,単路－カーブ・屈折,環状交差点以外 環状交差点以外をいう。,施設なし,00,23,00,23,03,5,単路（交差点付近を含む）,規制なし,4,4,車両単独,55～64歳,不明,二輪車－自動二輪－小型二輪－751ｃｃ以上,相手なし,自家用,対象外当事者,対象外当事者,対象外当事者,指定の速度規制なし等,対象外当事者,12,00,中破,対象外当事者,対象外当事者,対象外当事者,対象外当事者,対象外当事者,死亡,対象外当事者,土,その他,33.001680,131.136076,2020-10-10,14:10,red,,,,,,,,,,,,
本票,熊本,滝川,0113,死亡,1,0,04430,対象外,0000,443,昼－暮,晴,非市街地,舗装－乾燥,交差点－その他,環状交差点以外 環状交差点以外をいう。,施設なし,09,22,00,23,14,7,交差点内,規制なし,5,2,人対車両,25～34歳,75歳以上,貨物車－軽自動車,歩行者,自家用,対象外当事者,貨物車,対象外当事者,50㎞／ｈ以下,対象外当事者,88,00,小破,対象外当事者,その他,対象外当事者,その他,対象外当事者,損傷なし,死亡,土,その他,32.764499,130.815701,2020-10-31,17:20,red,,,,,,,,,,,,
本票,熊本,赤歌,0015,死亡,1,0,04450,対象外,0000,447,夜－夜,晴,非市街地,舗装－乾燥,交差点－その他,環状交差点以外 環状交差点以外をいう。,点灯－押ボタン式,09,22,00,23,15,9,交差点内,規制なし,4,2,人対車両,25～34歳,75歳以上,乗用車－軽自動車,歩行者,自家用,対象外当事者,乗用車,対象外当事者,50㎞／ｈ以下,対象外当事者,81,00,中破,対象外当事者,その他,対象外当事者,その他,対象外当事者,損傷なし,死亡,金,その他,32.730460,130.950239,2020-10-09,04:40,red,,,,,,,,,,,,
本票,熊本,小樽,0124,死亡,1,1,05010,対象外,0000,211,夜－明,晴,市街地－人口集中,舗装－乾燥,単路－その他,環状交差点以外 環状交差点以外をいう。,施設なし,00,23,00,23,03,9,単路（交差点付近を含む）,規制なし,4,2,車両相互,45～54歳,35～44歳,貨物車－中型車,貨物車－軽自動車,事業用,自家用,貨物車,貨物車,50㎞／ｈ以下,50㎞／ｈ以下,10,10,中破,大破,その他,装備あり 作動,その他,その他,負傷,死亡,火,その他,32.707194,130.645787,2020-10-06,05:50,red,,,,,,,,,,,,
本票,熊本,余市,0142,死亡,1,0,30000,対象外,0000,468,昼－昼,晴,非市街地,舗装－乾燥,交差点－その他,環状交差点以外 環状交差点以外をいう。,施設なし,09,22,09,22,11,9,交差点内,規制なし,5,4,車両相互,25～34歳,75歳以上,貨物車－準中型車,二輪車－原付自転車,自家用,自家用,貨物車,対象外当事者,指定の速度規制なし等,指定の速度規制なし等,11,44,小破,小破,その他,対象外当事者,その他,対象外当事者,損傷なし,死亡,金,その他,32.598679,130.667771,2020-10-09,13:30,red,,,,,,,,,,,,
本票,熊本,室蘭,0044,死亡,1,0,30000,対象外,0000,203,夜－夜,晴,市街地－人口集中,舗装－乾燥,交差点付近－その他,環状交差点以外 環状交差点以外をいう。,施設なし,00,23,00,23,03,9,単路（交差点付近を含む）,規制なし,4,2,人対車両,65～74歳,65～74歳,貨物車－軽自動車,歩行者,自家用,対象外当事者,貨物車,対象外当事者,40㎞／ｈ以下,対象外当事者,10,00,小破,対象外当事者,その他,対象外当事者,その他,対象外当事者,損傷なし,死亡,土,その他,32.209133,130.756707,2020-10-03,19:05,red,,,,,,,,,,,,
本票,熊本,苫小牧,0009,死亡,1,0,02190,下,0000,506,昼－暮,晴,市街地－その他,舗装－乾燥,交差点－その他,環状交差点以外 環状交差点以外をいう。,施設なし,09,21,00,23,15,9,交差点内,規制なし,4,2,人対車両,65～74歳,75歳以上,貨物車－軽自動車,歩行者,自家用,対象外当事者,貨物車,対象外当事者,50㎞／ｈ以下,対象外当事者,10,00,小破,対象外当事者,その他,対象外当事者,その他,対象外当事者,損傷なし,死亡,火,その他,32.280717,130.972656,2020-10-20,17:23,red,,,,,,,,,,,,
本票,熊本,南,0003,死亡,1,0,99000,対象外,0000,215,昼－昼,晴,非市街地,非舗装,一般交通の場所,環状交差点以外 環状交差点以外をいう。,施設なし,00,23,00,23,00,0,その他,規制なし,0,4,車両単独,65～74歳,不明,貨物車－軽自動車,相手なし,自家用,対象外当事者,貨物車,対象外当事者,50㎞／ｈ以下,対象外当事者,15,00,大破,対象外当事者,その他,対象外当事者,その他,対象外当事者,死亡,対象外当事者,火,その他,32.303609,130.058742,2020-10-13,10:45,red,,,,,,,,,,,,
本票,熊本,北,0436,死亡,1,0,00570,下,1065,102,夜－夜,晴,市街地－人口集中,舗装－乾燥,単路－その他,環状交差点以外 環状交差点以外をいう。,施設なし,00,23,00,23,05,9,単路（交差点付近を含む）,規制なし,1,2,車両単独,35～44歳,不明,貨物車－準中型車,物件等,自家用,対象外当事者,貨物車,対象外当事者,50㎞／ｈ以下,対象外当事者,51,00,大破,対象外当事者,装備あり 作動,対象外当事者,その他,対象外当事者,死亡,対象外当事者,火,その他,32.817242,130.752846,2020-10-27,05:05,red,,,,,,,,,,,,
本票,熊本,豊平,0289,死亡,1,0,23370,対象外,0000,105,夜－夜,晴,市街地－その他,舗装－乾燥,交差点－その他,環状交差点以外 環状交差点以外をいう。,点灯－３灯式,09,22,09,22,14,9,交差点内,規制なし,4,2,車両相互,35～44歳,25～34歳,乗用車－普通車,二輪車－自動二輪－小型二輪－751ｃｃ以上,自家用,自家用,乗用車,対象外当事者,40㎞／ｈ以下,40㎞／ｈ以下,40,10,小破,大破,装備あり 作動,対象外当事者,その他,対象外当事者,損傷なし,死亡,水,その他,32.833262,130.757117,2020-10-07,20:55,red,,,,,,,,,,,,
本票,熊本,豊平,0304,死亡,1,0,30000,対象外,0000,216,昼－昼,晴,非市街地,舗装－乾燥,単路－その他,環状交差点以外 環状交差点以外をいう。,施設なし,00,23,00,23,03,8,単路（交差点付近を含む）,規制なし,5,4,車両単独,55～64歳,不明,貨物車－準中型車,物件等,自家用,対象外当事者,貨物車,対象外当事者,指定の速度規制なし等,対象外当事者,50,00,小破,対象外当事者,その他,対象外当事者,その他,対象外当事者,死亡,対象外当事者,水,その他,32.877851,130.785798,2020-10-21,13:58,red,,,,,,,,,,,,
本票,大分,中央,0489,死亡,1,4,30000,対象外,0000,201,昼－昼,曇,非市街地,舗装－湿潤,単路－その他,環状交差点以外 環状交差点以外をいう。,施設なし,00,23,00,23,03,7,単路（交差点付近を含む）,規制なし,4,2,車両相互,0～24歳,25～34歳,乗用車－普通車,乗用車－普通車,自家用,自家用,乗用車,乗用車,指定の速度規制なし等,指定の速度規制なし等,10,10,中破,中破,装備あり 作動,装備あり 作動,装備あり 作動,装備あり 作動,負傷,負傷,土,その他,33.233258,131.569805,2020-10-17,13:20,red,,,,,,,,,,,,
本票,大分,白石,0226,死亡,1,0,20410,対象外,0000,202,昼－明,晴,市街地－人口集中,舗装－乾燥,交差点－その他,環状交差点以外 環状交差点以外をいう。,点灯－３灯式,09,22,00,23,17,9,交差点内,規制なし,1,2,人対車両,65～74歳,75歳以上,乗用車－普通車,歩行者,自家用,対象外当事者,乗用車,対象外当事者,40㎞／ｈ以下,対象外当事者,10,00,小破,対象外当事者,その他,対象外当事者,その他,対象外当事者,損傷なし,死亡,日,その他,33.287113,131.496344,2020-10-25,07:13,red,,,,,,,,,,,,
本票,大分,つがる,0129,死亡,1,0,02120,対象外,0009,203,昼－昼,晴,市街地－その他,舗装－乾燥,交差点－その他,環状交差点以外 環状交差点以外をいう。,施設なし,09,22,00,23,14,9,交差点内,規制なし,4,2,車両単独,45～54歳,不明,二輪車－原付自転車,物件等,自家用,対象外当事者,対象外当事者,対象外当事者,指定の速度規制なし等,対象外当事者,40,00,小破,対象外当事者,対象外当事者,対象外当事者,対象外当事者,対象外当事者,死亡,対象外当事者,火,その他,33.587471,131.187059,2020-10-27,15:00,red,,,,,,,,,,,,
本票,大分,砂川,0024,死亡,1,0,55110,下,0281,208,昼－昼,曇,市街地－人口集中,舗装－乾燥,交差点付近－その他,環状交差点以外 環状交差点以外をいう。,点灯－３灯式,00,23,00,23,05,3,単路（交差点付近を含む）,規制なし,1,3,車両単独,55～64歳,不明,貨物車－大型車,物件等,事業用,対象外当事者,貨物車,対象外当事者,40㎞／ｈ以下,対象外当事者,78,00,大破,対象外当事者,その他,対象外当事者,その他,対象外当事者,死亡,対象外当事者,水,その他,32.977919,131.393673,2020-10-07,13:47,red,,,,,,,,,,,,
本票,大分,倶知安,0214,死亡,1,0,04420,対象外,0092,201,夜－暮,晴,非市街地,舗装－乾燥,単路－その他,環状交差点以外 環状交差点以外をいう。,施設なし,00,23,00,23,03,9,単路（交差点付近を含む）,規制なし,4,2,人対車両,55～64歳,75歳以上,乗用車－普通車,歩行者,自家用,対象外当事者,乗用車,対象外当事者,50㎞／ｈ以下,対象外当事者,20,00,小破,対象外当事者,その他,対象外当事者,その他,対象外当事者,損傷なし,死亡,金,その他,33.162306,131.530708,2020-10-02,18:45,red,,,,,,,,,,,,
本票,大分,倶知安,0226,死亡,1,0,30000,対象外,0000,213,昼－暮,曇,非市街地,舗装－乾燥,交差点－その他,環状交差点以外 環状交差点以外をいう。,施設なし,09,22,01,21,15,9,交差点内,規制なし,5,3,車両相互,65～74歳,55～64歳,乗用車－軽自動車,軽車両－自転車,自家用,対象外当事者,乗用車,対象外当事者,指定の速度規制なし等,対象外当事者,50,40,小破,小破,その他,対象外当事者,その他,対象外当事者,損傷なし,死亡,金,その他,33.259930,131.347334,2020-10-16,17:00,red,,,,,,,,,,,,
本票,宮崎,岩見沢,0108,死亡,1,0,23580,対象外,0000,201,昼－昼,晴,非市街地,舗装－乾燥,交差点－その他,環状交差点以外 環状交差点以外をいう。,点灯－３灯式,09,22,00,23,15,9,交差点内,規制なし,4,2,車両単独,65～74歳,不明,貨物車－軽自動車,物件等,自家用,対象外当事者,貨物車,対象外当事者,50㎞／ｈ以下,対象外当事者,10,00,大破,対象外当事者,その他,対象外当事者,その他,対象外当事者,死亡,対象外当事者,水,その他,31.963604,131.275364,2020-10-14,12:53,red,,,,,,,,,,,,
本票,宮崎,つがる,0206,死亡,1,0,30000,対象外,0000,405,昼－昼,晴,非市街地,非舗装,単路－その他,環状交差点以外 環状交差点以外をいう。,施設なし,00,23,00,23,02,9,単路（交差点付近を含む）,規制なし,5,4,車両単独,75歳以上,不明,貨物車－軽自動車,相手なし,自家用,対象外当事者,貨物車,対象外当事者,指定の速度規制なし等,対象外当事者,30,00,中破,対象外当事者,その他,対象外当事者,その他,対象外当事者,死亡,対象外当事者,火,その他,32.210776,131.488309,2020-10-06,16:30,red,,,,,,,,,,,,
本票,宮崎,野辺地,0273,死亡,1,0,30000,対象外,0000,421,昼－昼,晴,非市街地,舗装－乾燥,単路－その他,環状交差点以外 環状交差点以外をいう。,施設なし,00,23,00,23,03,9,単路（交差点付近を含む）,規制なし,5,2,車両単独,75歳以上,不明,貨物車－軽自動車,物件等,自家用,対象外当事者,貨物車,対象外当事者,指定の速度規制なし等,対象外当事者,10,00,大破,対象外当事者,その他,対象外当事者,その他,対象外当事者,死亡,対象外当事者,日,その他,32.464699,131.650835,2020-10-18,14:10,red,,,,,,,,,,,,
本票,鹿児島,第二交通機動隊,0021,死亡,1,2,50010,上,0000,201,昼－昼,雨,非市街地,舗装－湿潤,単路－カーブ・屈折,環状交差点以外 環状交差点以外をいう。,施設なし,00,23,00,23,03,4,単路（交差点付近を含む）,規制なし,1,4,車両相互,35～44歳,75歳以上,乗用車－普通車,貨物車－軽自動車,自家用,自家用,乗用車,貨物車,70㎞／ｈ以下,70㎞／ｈ以下,80,20,大破,大破,装備あり 作動,その他,その他,その他,負傷,死亡,土,その他,31.596231,130.498451,2020-10-17,09:25,red,1490,西日本高速道路,走行車線－第一通行帯,完全分離－その他,カーブ－700m以上,上り・下り－４％以上,,2,該当なし,該当なし,該当なし,0
本票,鹿児島,苫小牧,0045,死亡,1,0,25610,対象外,0000,492,昼－明,晴,非市街地,舗装－乾燥,単路－カーブ・屈折,環状交差点以外 環状交差点以外をいう。,施設なし,00,23,00,23,03,2,単路（交差点付近を含む）,規制なし,4,4,車両単独,45～54歳,不明,二輪車－自動二輪－小型二輪－751ｃｃ以上,相手なし,自家用,対象外当事者,対象外当事者,対象外当事者,40㎞／ｈ以下,対象外当事者,11,00,中破,対象外当事者,対象外当事者,対象外当事者,対象外当事者,対象外当事者,死亡,対象外当事者,日,その他,31.316703,130.979802,2020-10-04,07:09,red,,,,,,,,,,,,
本票,沖縄,岩見沢,0095,死亡,1,0,10850,対象外,0000,213,昼－暮,曇,非市街地,舗装－乾燥,単路－その他,環状交差点以外 環状交差点以外をいう。,施設なし,00,23,00,23,05,8,単路（交差点付近を含む）,規制なし,1,2,車両単独,0～24歳,不明,軽車両－自転車,物件等,対象外当事者,対象外当事者,対象外当事者,対象外当事者,対象外当事者,対象外当事者,10,00,小破,対象外当事者,対象外当事者,対象外当事者,対象外当事者,対象外当事者,死亡,対象外当事者,水,その他,26.344812,127.838573,2020-10-07,18:08,red,,,,,,,,,,,,
本票,沖縄,野辺地,0019,死亡,1,0,33150,対象外,0000,315,夜－夜,晴,非市街地,舗装－乾燥,単路－その他,環状交差点以外 環状交差点以外をいう。,施設なし,00,23,00,23,02,9,その他,規制なし,5,4,車両単独,55～64歳,不明,二輪車－原付自転車,相手なし,自家用,対象外当事者,対象外当事者,対象外当事者,指定の速度規制なし等,対象外当事者,00,00,損壊なし,対象外当事者,対象外当事者,対象外当事者,対象外当事者,対象外当事者,死亡,対象外当事者,日,その他,26.719409,127.752660,2020-08-02,00:00,red,,,,,,,,,,,,
本票,北海道（札幌方面）,白石,0374,死亡,1,0,39990,対象外,0000,104,夜－暮,晴,市街地－人口集中,舗装－乾燥,交差点－その他,環状交差点以外 環状交差点以外をいう。,施設なし,09,22,09,22,19,9,交差点内,規制なし,4,2,車両相互,0～24歳,65～74歳,乗用車－普通車,乗用車－普通車,自家用,事業用,乗用車,乗用車,50㎞／ｈ以下,50㎞／ｈ以下,10,40,大破,大破,装備あり 作動,装備あり 作動,その他,その他,損傷なし,損傷なし,土,その他,43.054925,141.435431,2020-11-21,16:24,red,,,,,,,,,,,,
本票,北海道（札幌方面）,北,0602,死亡,1,0,11120,対象外,0000,102,夜－夜,曇,非市街地,舗装－乾燥,単路－その他,環状交差点以外 環状交差点以外をいう。,施設なし,00,23,00,23,05,9,単路（交差点付近を含む）,規制なし,1,2,車両単独,0～24歳,不明,乗用車－普通車,物件等,自家用,対象外当事者,乗用車,対象外当事者,指定の速度規制なし等,対象外当事者,40,00,大破,対象外当事者,装備あり 作動,対象外当事者,装備あり 作動,対象外当事者,損傷なし,対象外当事者,火,その他,43.155175,141.413702,2020-11-24,23:35,red,,,,,,,,,,,,
本票,北海道（札幌方面）,北,0603,死亡,1,0,39990,対象外,0000,102,昼－昼,曇,市街地－人口集中,舗装－湿潤,交差点－その他,環状交差点以外 環状交差点以外をいう。,施設なし,09,22,09,22,17,9,交差点内,規制なし,4,2,車両相互,25～34歳,75歳以上,貨物車－普通車,軽車両－自転車,自家用,対象外当事者,貨物車,対象外当事者,50㎞／ｈ以下,対象外当事者,80,40,小破,小破,その他,対象外当事者,その他,対象外当事者,損傷なし,死亡,木,その他,43.109667,141.340948,2020-11-26,09:29,red,,,,,,,,,,,,
本票,北海道（函館方面）,函館中央,0319,死亡,1,0,02280,対象外,0047,236,昼－昼,晴,市街地－人口集中,舗装－乾燥,単路－その他,環状交差点以外 環状交差点以外をいう。,施設なし,00,23,00,23,05,9,単路（交差点付近を含む）,規制なし,4,2,車両相互,45～54歳,65～74歳,貨物車－中型車,軽車両－自転車,事業用,対象外当事者,貨物車,対象外当事者,指定の速度規制なし等,対象外当事者,10,40,小破,小破,その他,対象外当事者,その他,対象外当事者,損傷なし,死亡,月,当日,41.819539,140.695621,2020-11-23,08:45,red,,,,,,,,,,,,
本票,北海道（函館方面）,森,0014,死亡,1,0,00050,対象外,0315,345,夜－夜,晴,非市街地,舗装－乾燥,単路－その他,環状交差点以外 環状交差点以外をいう。,施設なし,00,23,00,23,03,9,単路（交差点付近を含む）,規制なし,4,1,車両単独,75歳以上,不明,乗用車－普通車,物件等,自家用,対象外当事者,乗用車,対象外当事者,指定の速度規制なし等,対象外当事者,58,00,中破,対象外当事者,装備あり 作動,対象外当事者,その他,対象外当事者,死亡,対象外当事者,日,その他,42.021125,140.616626,2020-11-15,02:50,red,,,,,,,,,,,,
本票,北海道（旭川方面）,枝幸,0008,死亡,1,0,10140,対象外,0000,514,夜－夜,曇,非市街地,舗装－凍結,単路－橋,環状交差点以外 環状交差点以外をいう。,施設なし,00,23,00,23,03,9,単路（交差点付近を含む）,規制なし,4,3,車両単独,65～74歳,不明,貨物車－軽自動車,相手なし,自家用,対象外当事者,貨物車,対象外当事者,指定の速度規制なし等,対象外当事者,51,00,中破,対象外当事者,その他,対象外当事者,その他,対象外当事者,死亡,対象外当事者,水,その他,44.881541,142.542984,2020-11-04,20:35,red,,,,,,,,,,,,
本票,北海道（旭川方面）,旭川東,0278,死亡,1,0,11500,対象外,0000,204,夜－暮,晴,市街地－人口集中,舗装－湿潤,交差点付近－その他,環状交差点以外 環状交差点以外をいう。,施設なし,00,23,00,23,05,9,単路（交差点付近を含む）,規制なし,4,2,人対車両,25～34歳,75歳以上,乗用車－普通車,歩行者,自家用,対象外当事者,乗用車,対象外当事者,50㎞／ｈ以下,対象外当事者,80,00,小破,対象外当事者,その他,対象外当事者,その他,対象外当事者,損傷なし,死亡,火,その他,43.770631,142.403866,2020-11-24,16:25,red,,,,,,,,,,,,
本票,北海道（釧路方面）,帯広,0313,死亡,1,0,39990,対象外,0000,207,夜－夜,晴,市街地－人口集中,舗装－乾燥,交差点付近－その他,環状交差点以外 環状交差点以外をいう。,施設なし,00,23,00,23,04,9,単路（交差点付近を含む）,規制なし,4,2,人対車両,65～74歳,75歳以上,乗用車－普通車,歩行者,自家用,対象外当事者,乗用車,対象外当事者,40㎞／ｈ以下,対象外当事者,80,00,小破,対象外当事者,その他,対象外当事者,その他,対象外当事者,損傷なし,死亡,木,その他,42.934513,143.168028,2020-11-12,17:18,red,,,,,,,,,,,,
本票,北海道（釧路方面）,帯広,0329,死亡,1,3,24330,対象外,0000,637,昼－昼,晴,市街地－人口集中,舗装－乾燥,交差点－その他,環状交差点以外 環状交差点以外をいう。,施設なし,09,22,09,22,19,9,交差点内,規制なし,5,2,車両相互,35～44歳,65～74歳,乗用車－普通車,乗用車－軽自動車,自家用,自家用,乗用車,乗用車,50㎞／ｈ以下,50㎞／ｈ以下,50,10,大破,中破,装備あり 作動,装備あり 作動,その他,その他,負傷,負傷,日,その他,42.912634,143.074572,2020-11-29,10:44,red,,,,,,,,,,,,
本票,北海道（釧路方面）,新得,0017,死亡,1,0,00380,対象外,1468,636,夜－夜,曇,市街地－その他,舗装－乾燥,交差点付近－その他,環状交差点以外 環状交差点以外をいう。,施設なし,00,23,00,23,04,9,単路（交差点付近を含む）,規制なし,4,2,車両相互,35～44歳,75歳以上,乗用車－軽自動車,軽車両－自転車,自家用,対象外当事者,乗用車,対象外当事者,50㎞／ｈ以下,対象外当事者,50,31,中破,小破,その他,対象外当事者,その他,対象外当事者,損傷なし,死亡,火,その他,43.011346,142.893610,2020-11-10,17:37,red,,,,,,,,,,,,