資料区分,都道府県コード,警察署等コード,本票番号,事故内容,死者数,負傷者数,路線コード,上下線,地点コード,市区町村コード,昼夜,天候,地形,路面状態,道路形状,環状交差点の直径,信号機,一時停止規制　標識（当事者A）,一時停止規制　表示（当事者A）,一時停止規制　標識（当事者B）,一時停止規制　表示（当事者B）,車道幅員,道路線形,衝突地点,ゾーン規制,中央分離帯施設等,歩車道区分,事故類型,年齢（当事者A）,年齢（当事者B）,当事者種別（当事者A）,当事者種別（当事者B）,用途別（当事者A）,用途別（当事者B）,車両形状（当事者A）,車両形状（当事者B）,速度規制（指定のみ）（当事者A）,速度規制（指定のみ）（当事者B）,車両の衝突部位（当事者A）,車両の衝突部位（当事者B）,車両の損壊程度（当事者A）,車両の損壊程度（当事者B）,エアバッグの装備（当事者A）,エアバッグの装備（当事者B）,サイドエアバッグの装備（当事者A）,サイドエアバッグの装備（当事者B）,人身損傷程度（当事者A）,人身損傷程度（当事者B）,曜日(発生年月日),祝日(発生年月日),緯度,経度,発生日,発生時,color,発生地点,道路管理者区分,道路区分,道路構造,曲線半径,縦断勾配,トンネル番号,当事者車両台数,車両単独事故の対象物,臨時速度規制の有無,速度規制（臨時のみ）,トンネル延長距離
本票,北海道（函館方面）,函館中央,0352,死亡,1,0,29990,対象外,0000,236,夜－暮,曇,非市街地,舗装－凍結,単路－その他,環状交差点以外 環状交差点以外をいう。,施設なし,00,23,00,23,04,9,単路（交差点付近を含む）,規制なし,4,2,人対車両,45～54歳,65～74歳,貨物車－中型車,歩行者,自家用,対象外当事者,貨物車,対象外当事者,指定の速度規制なし等,対象外当事者,80,00,小破,対象外当事者,その他,対象外当事者,その他,対象外当事者,損傷なし,死亡,木,その他,41.911001,140.654814,2020-12-17,17:05,red,,,,,,,,,,,,
本票,北海道（釧路方面）,釧路,0201,死亡,1,0,00380,対象外,0060,206,夜－夜,晴,市街地－人口集中,舗装－乾燥,単路－その他,環状交差点以外 環状交差点以外をいう。,施設なし,00,23,00,23,05,9,その他,規制なし,5,2,車両単独,45～54歳,不明,乗用車－普通車,物件等,自家用,対象外当事者,乗用車,対象外当事者,50㎞／ｈ以下,対象外当事者,10,00,中破,対象外当事者,装備あり 作動,対象外当事者,その他,対象外当事者,死亡,対象外当事者,木,その他,43.016279,144.339396,2020-12-17,02:30,red,,,,,,,,,,,,
本票,北海道（釧路方面）,根室,0014,死亡,1,0,00440,対象外,1000,223,昼－昼,晴,市街地－その他,舗装－乾燥,単路－その他,環状交差点以外 環状交差点以外をいう。,施設なし,00,23,00,23,04,9,単路（交差点付近を含む）,規制なし,4,2,人対車両,55～64歳,55～64歳,貨物車－準中型車,歩行者,事業用,対象外当事者,貨物車,対象外当事者,40㎞／ｈ以下,対象外当事者,10,00,損壊なし,対象外当事者,その他,対象外当事者,その他,対象外当事者,損傷なし,死亡,月,その他,43.229553,145.251259,2020-12-07,09:48,red,,,,,,,,,,,,
本票,北海道（北見方面）,北見,0096,死亡,1,0,00390,対象外,1047,208,昼－暮,曇,非市街地,舗装－積雪,単路－その他,環状交差点以外 環状交差点以外をいう。,施設なし,00,23,00,23,04,8,その他,規制なし,1,3,車両単独,25～34歳,不明,乗用車－普通車,物件等,自家用,対象外当事者,乗用車,対象外当事者,指定の速度規制なし等,対象外当事者,10,00,中破,対象外当事者,装備あり 作動,対象外当事者,その他,対象外当事者,死亡,対象外当事者,木,その他,43.658876,143.269295,2020-12-03,15:22,red,,,,,,,,,,,,
本票,北海道（北見方面）,遠軽,0019,死亡,1,1,02380,対象外,0658,559,夜－夜,晴,非市街地,舗装－乾燥,単路－カーブ・屈折,環状交差点以外 環状交差点以外をいう。,施設なし,00,23,00,23,04,5,単路（交差点付近を含む）,規制なし,4,2,車両相互,75歳以上,55～64歳,乗用車－普通車,乗用車－普通車,自家用,自家用,乗用車,乗用車,指定の速度規制なし等,指定の速度規制なし等,51,50,大破,大破,装備あり 作動,装備あり 作動,その他,その他,死亡,負傷,水,その他,44.139038,143.710482,2020-12-16,16:52,red,,,,,,,,,,,,
本票,青森,中央,0517,死亡,1,0,00040,上,7298,201,夜－明,曇,非市街地,舗装－湿潤,単路－カーブ・屈折,環状交差点以外 環状交差点以外をいう。,施設なし,00,23,00,23,05,6,単路（交差点付近を含む）,規制なし,1,2,車両単独,65～74歳,不明,貨物車－普通車,物件等,自家用,対象外当事者,貨物車,対象外当事者,指定の速度規制なし等,対象外当事者,52,00,大破,対象外当事者,装備あり 作動,対象外当事者,その他,対象外当事者,死亡,対象外当事者,日,その他,40.844908,140.833577,2020-12-06,06:35,red,,,,,,,,,,,,
本票,青森,中央,0567,死亡,1,0,10090,対象外,0003,201,夜－夜,曇,市街地－人口集中,舗装－湿潤,交差点－その他,環状交差点以外 環状交差点以外をいう。,点灯－３灯式,09,22,00,23,18,9,交差点内,規制なし,5,2,人対車両,55～64歳,65～74歳,乗用車－普通車,歩行者,事業用,対象外当事者,乗用車,対象外当事者,40㎞／ｈ以下,対象外当事者,10,00,小破,対象外当事者,その他,対象外当事者,その他,対象外当事者,損傷なし,死亡,火,その他,40.825521,140.745832,2020-12-29,00:12,red,,,,,,,,,,,,
本票,青森,つがる,0045,死亡,1,0,21120,対象外,0006,209,夜－夜,雪,市街地－その他,舗装－積雪,交差点付近－その他,環状交差点以外 環状交差点以外をいう。,施設なし,00,23,00,23,03,9,単路（交差点付近を含む）,規制なし,4,2,人対車両,55～64歳,65～74歳,乗用車－軽自動車,歩行者,自家用,対象外当事者,乗用車,対象外当事者,50㎞／ｈ以下,対象外当事者,80,00,小破,対象外当事者,その他,対象外当事者,その他,対象外当事者,損傷なし,死亡,水,その他,40.874678,140.393213,2020-12-16,05:30,red,,,,,,,,,,,,
本票,岩手,千歳,0224,死亡,1,0,30000,対象外,0000,215,昼－昼,晴,市街地－人口集中,舗装－乾燥,単路－その他,環状交差点以外 環状交差点以外をいう。,施設なし,00,23,00,23,02,9,単路（交差点付近を含む）,ゾーン30,5,3,車両単独,65～74歳,不明,軽車両－自転車,相手なし,対象外当事者,対象外当事者,対象外当事者,対象外当事者,対象外当事者,対象外当事者,10,00,小破,対象外当事者,対象外当事者,対象外当事者,対象外当事者,対象外当事者,死亡,対象外当事者,木,その他,39.133556,141.137646,2020-12-03,09:30,red,,,,,,,,,,,,
本票,岩手,つがる,0044,死亡,1,0,10190,対象外,0000,209,夜－夜,雪,市街地－その他,舗装－積雪,単路－その他,環状交差点以外 環状交差点以外をいう。,施設なし,00,23,00,23,03,9,単路（交差点付近を含む）,規制なし,4,2,人対車両,45～54歳,75歳以上,乗用車－普通車,歩行者,自家用,対象外当事者,乗用車,対象外当事者,50㎞／ｈ以下,対象外当事者,10,00,小破,対象外当事者,その他,対象外当事者,その他,対象外当事者,損傷なし,死亡,水,その他,38.995616,141.325387,2020-12-16,18:05,red,,,,,,,,,,,,
本票,宮城,中央,0364,死亡,1,0,30000,対象外,0000,101,夜－夜,晴,市街地－その他,舗装－乾燥,交差点－その他,環状交差点以外 環状交差点以外をいう。,施設なし,09,22,00,23,15,9,交差点内,規制なし,4,2,人対車両,25～34歳,75歳以上,貨物車－軽自動車,歩行者,事業用,対象外当事者,貨物車,対象外当事者,30㎞／ｈ以下,対象外当事者,80,00,小破,対象外当事者,その他,対象外当事者,その他,対象外当事者,損傷なし,死亡,水,その他,38.276275,140.793441,2020-12-23,05:40,red,,,,,,,,,,,,
本票,宮城,西,0403,死亡,1,0,30000,対象外,0000,102,夜－夜,晴,市街地－人口集中,舗装－乾燥,踏切－第一種,環状交差点以外 環状交差点以外をいう。,施設なし,00,23,00,23,03,9,その他,規制なし,5,2,列車,25～34歳,0～24歳,列車,歩行者,対象外当事者,対象外当事者,対象外当事者,対象外当事者,対象外当事者,対象外当事者,00,00,損壊なし,対象外当事者,対象外当事者,対象外当事者,対象外当事者,対象外当事者,損傷なし,死亡,土,その他,38.273266,140.914712,2020-11-28,23:33,red,,,,,,,,,,,,
本票,宮城,東,0345,死亡,1,0,10230,対象外,0000,203,夜－夜,晴,市街地－その他,舗装－乾燥,単路－その他,環状交差点以外 環状交差点以外をいう。,施設なし,00,23,00,23,03,9,単路（交差点付近を含む）,規制なし,4,2,人対車両,0～24歳,75歳以上,乗用車－軽自動車,歩行者,自家用,対象外当事者,乗用車,対象外当事者,40㎞／ｈ以下,対象外当事者,10,00,小破,対象外当事者,その他,対象外当事者,その他,対象外当事者,損傷なし,死亡,木,その他,38.309902,141.033509,2020-12-10,17:30,red,,,,,,,,,,,,
本票,宮城,江別,0122,死亡,1,2,10400,対象外,0000,422,昼－昼,晴,非市街地,舗装－湿潤,交差点－その他,環状交差点以外 環状交差点以外をいう。,施設なし,09,22,01,21,15,9,交差点内,規制なし,5,3,車両相互,35～44歳,75歳以上,乗用車－普通車,貨物車－軽自動車,自家用,自家用,乗用車,貨物車,50㎞／ｈ以下,指定の速度規制なし等,50,80,中破,中破,装備あり 作動,その他,その他,その他,負傷,死亡,水,その他,38.428430,140.993483,2020-12-23,14:30,red,,,,,,,,,,,,
本票,宮城,三戸,0067,死亡,1,0,02840,上,0050,205,夜－夜,雪,非市街地,舗装－積雪,単路－その他,環状交差点以外 環状交差点以外をいう。,施設なし,00,23,00,23,03,8,単路（交差点付近を含む）,規制なし,4,2,車両単独,55～64歳,不明,乗用車－普通車,物件等,自家用,対象外当事者,乗用車,対象外当事者,50㎞／ｈ以下,対象外当事者,52,00,大破,対象外当事者,その他,対象外当事者,その他,対象外当事者,死亡,対象外当事者,月,その他,38.916494,141.501044,2020-12-14,22:40,red,,,,,,,,,,,,
本票,宮城,室蘭,0058,死亡,1,0,10170,対象外,0000,213,夜－夜,晴,市街地－その他,舗装－乾燥,単路－その他,環状交差点以外 環状交差点以外をいう。,施設なし,00,23,00,23,03,9,単路（交差点付近を含む）,規制なし,4,2,車両単独,35～44歳,不明,乗用車－普通車,物件等,自家用,対象外当事者,乗用車,対象外当事者,40㎞／ｈ以下,対象外当事者,81,00,大破,対象外当事者,装備あり 作動,対象外当事者,その他,対象外当事者,死亡,対象外当事者,火,その他,38.742283,140.957066,2020-12-01,00:40,red,,,,,,,,,,,,
本票,秋田,白石,0064,死亡,1,0,14000,対象外,0000,204,夜－夜,雨,市街地－その他,舗装－湿潤,交差点－その他,環状交差点以外 環状交差点以外をいう。,施設なし,09,22,00,23,14,9,交差点内,ゾーン30,4,3,人対車両,25～34歳,65～74歳,乗用車－普通車,歩行者,自家用,対象外当事者,乗用車,対象外当事者,30㎞／ｈ以下,対象外当事者,80,00,小破,対象外当事者,その他,対象外当事者,その他,対象外当事者,損傷なし,死亡,木,その他,40.226140,140.588928,2020-12-03,17:22,red,,,,,,,,,,,,
本票,秋田,三戸,0291,死亡,1,0,00130,下,3003,201,夜－夜,雪,市街地－人口集中,舗装－湿潤,単路－その他,環状交差点以外 環状交差点以外をいう。,施設なし,00,23,00,23,05,9,単路（交差点付近を含む）,規制なし,4,2,人対車両,55～64歳,65～74歳,貨物車－準中型車,歩行者,自家用,対象外当事者,貨物車,対象外当事者,50㎞／ｈ以下,対象外当事者,10,00,小破,対象外当事者,その他,対象外当事者,その他,対象外当事者,損傷なし,死亡,木,その他,39.688896,140.123792,2020-12-03,05:33,red,,,,,,,,,,,,
本票,秋田,小樽,0146,死亡,1,0,14050,対象外,0000,201,夜－夜,曇,市街地－人口集中,舗装－乾燥,交差点－その他,環状交差点以外 環状交差点以外をいう。,点灯－３灯式,08,22,00,23,17,9,交差点内,規制なし,5,2,人対車両,55～64歳,75歳以上,乗用車－普通車,歩行者,自家用,対象外当事者,乗用車,対象外当事者,40㎞／ｈ以下,対象外当事者,15,00,中破,対象外当事者,その他,対象外当事者,その他,対象外当事者,損傷なし,死亡,火,その他,39.738693,140.096154,2020-12-01,21:16,red,,,,,,,,,,,,
本票,秋田,伊達,0144,死亡,1,0,00130,上,2715,212,夜－夜,雨,非市街地,舗装－湿潤,単路－その他,環状交差点以外 環状交差点以外をいう。,施設なし,00,23,00,23,03,9,単路（交差点付近を含む）,規制なし,4,2,人対車両,65～74歳,75歳以上,乗用車－軽自動車,歩行者,自家用,対象外当事者,乗用車,対象外当事者,指定の速度規制なし等,対象外当事者,18,00,中破,対象外当事者,その他,対象外当事者,その他,対象外当事者,損傷なし,死亡,木,その他,39.564342,140.339819,2020-12-24,18:30,red,,,,,,,,,,,,
本票,秋田,静内,0036,死亡,1,0,14570,対象外,0000,207,昼－昼,曇,非市街地,舗装－湿潤,交差点－その他,環状交差点以外 環状交差点以外をいう。,施設なし,09,22,00,23,19,9,交差点内,規制なし,5,2,人対車両,65～74歳,55～64歳,乗用車－軽自動車,歩行者,自家用,対象外当事者,乗用車,対象外当事者,指定の速度規制なし等,対象外当事者,80,00,中破,対象外当事者,その他,対象外当事者,その他,対象外当事者,損傷なし,死亡,木,その他,39.086188,140.487467,2020-12-24,09:51,red,,,,,,,,,,,,
本票,山形,中央,0975,死亡,1,0,02860,上,0022,201,夜－夜,曇,市街地－人口集中,舗装－湿潤,交差点－その他,環状交差点以外 環状交差点以外をいう。,施設なし,09,21,00,23,15,8,交差点内,規制なし,5,2,人対車両,35～44歳,65～74歳,乗用車－軽自動車,歩行者,自家用,対象外当事者,乗用車,対象外当事者,50㎞／ｈ以下,対象外当事者,10,00,中破,対象外当事者,その他,対象外当事者,その他,対象外当事者,損傷なし,死亡,土,その他,38.235833,140.353472,2020-12-12,00:00,red,,,,,,,,,,,,
本票,山形,中央,1056,死亡,1,0,30000,対象外,0000,201,夜－暮,曇,市街地－人口集中,舗装－乾燥,単路－その他,環状交差点以外 環状交差点以外をいう。,施設なし,00,23,00,23,04,9,単路（交差点付近を含む）,規制なし,4,2,人対車両,65～74歳,75歳以上,貨物車－普通車,歩行者,自家用,対象外当事者,貨物車,対象外当事者,40㎞／ｈ以下,対象外当事者,80,00,小破,対象外当事者,その他,対象外当事者,その他,対象外当事者,損傷なし,死亡,火,その他,38.281000,140.357444,2020-12-29,17:24,red,,,,,,,,,,,,
本票,山形,岩見沢,0124,死亡,1,0,00130,上,0552,381,夜－夜,雨,市街地－その他,舗装－湿潤,単路－その他,環状交差点以外 環状交差点以外をいう。,施設なし,00,23,00,23,03,9,単路（交差点付近を含む）,規制なし,4,2,車両相互,45～54歳,65～74歳,乗用車－軽自動車,軽車両－自転車,自家用,対象外当事者,乗用車,対象外当事者,50㎞／ｈ以下,対象外当事者,10,30,中破,中破,その他,対象外当事者,その他,対象外当事者,損傷なし,死亡,月,その他,38.007639,140.147611,2020-12-28,05:13,red,,,,,,,,,,,,
本票,福島,中央,0442,死亡,2,2,01150,対象外,0000,201,昼－昼,晴,非市街地,舗装－乾燥,交差点付近－その他,環状交差点以外 環状交差点以外をいう。,施設なし,00,23,00,23,04,5,単路（交差点付近を含む）,規制なし,4,1,車両相互,25～34歳,75歳以上,貨物車－準中型車,乗用車－軽自動車,自家用,自家用,貨物車,乗用車,指定の速度規制なし等,50㎞／ｈ以下,50,50,大破,大破,装備あり 作動,装備あり 作動,その他,その他,負傷,死亡,土,その他,37.748271,140.532869,2020-12-05,11:51,red,,,,,,,,,,,,
本票,福島,中央,0460,死亡,1,0,01140,対象外,0000,308,夜－夜,晴,市街地－その他,舗装－凍結,単路－その他,環状交差点以外 環状交差点以外をいう。,施設なし,00,23,00,23,04,9,単路（交差点付近を含む）,規制なし,4,2,人対車両,45～54歳,75歳以上,乗用車－軽自動車,歩行者,自家用,対象外当事者,乗用車,対象外当事者,指定の速度規制なし等,対象外当事者,10,00,中破,対象外当事者,その他,対象外当事者,その他,対象外当事者,損傷なし,死亡,日,その他,37.666167,140.587034,2020-12-20,19:08,red,,,,,,,,,,,,
本票,福島,東,0045,死亡,1,0,03490,対象外,0000,213,夜－夜,晴,市街地－人口集中,舗装－乾燥,交差点－その他,環状交差点以外 環状交差点以外をいう。,施設なし,09,22,00,23,14,9,交差点内,規制なし,4,2,人対車両,55～64歳,65～74歳,乗用車－普通車,歩行者,自家用,対象外当事者,乗用車,対象外当事者,40㎞／ｈ以下,対象外当事者,80,00,小破,対象外当事者,その他,対象外当事者,その他,対象外当事者,損傷なし,死亡,火,その他,37.825239,140.555069,2020-12-22,20:15,red,,,,,,,,,,,,
本票,福島,つがる,0105,死亡,1,0,30000,対象外,0000,207,夜－夜,晴,非市街地,舗装－乾燥,単路－カーブ・屈折,環状交差点以外 環状交差点以外をいう。,施設なし,00,23,00,23,03,1,単路（交差点付近を含む）,規制なし,5,4,人対車両,45～54歳,45～54歳,乗用車－軽自動車,歩行者,自家用,対象外当事者,乗用車,対象外当事者,40㎞／ｈ以下,対象外当事者,80,00,小破,対象外当事者,その他,対象外当事者,その他,対象外当事者,損傷なし,死亡,火,その他,37.340703,140.366344,2020-12-22,17:40,red,,,,,,,,,,,,
本票,福島,伊達,0491,死亡,1,0,30000,対象外,0000,204,夜－暮,曇,市街地－人口集中,舗装－乾燥,交差点付近－その他,環状交差点以外 環状交差点以外をいう。,施設なし,00,23,00,23,02,9,単路（交差点付近を含む）,規制なし,5,4,人対車両,65～74歳,75歳以上,乗用車－軽自動車,歩行者,自家用,対象外当事者,乗用車,対象外当事者,指定の速度規制なし等,対象外当事者,50,00,小破,対象外当事者,その他,対象外当事者,その他,対象外当事者,損傷なし,死亡,火,その他,36.989874,140.856925,2020-12-01,16:42,red,,,,,,,,,,,,
本票,福島,伊達,0496,死亡,1,0,30000,対象外,0000,204,夜－暮,雨,非市街地,舗装－湿潤,単路－その他,環状交差点以外 環状交差点以外をいう。,施設なし,00,23,00,23,03,9,単路（交差点付近を含む）,規制なし,4,2,人対車両,0～24歳,75歳以上,乗用車－軽自動車,歩行者,自家用,対象外当事者,乗用車,対象外当事者,50㎞／ｈ以下,対象外当事者,10,00,中破,対象外当事者,その他,対象外当事者,その他,対象外当事者,損傷なし,死亡,土,その他,37.058280,140.870312,2020-12-05,17:10,red,,,,,,,,,,,,
本票,福島,厚別,0313,死亡,1,0,30000,対象外,0000,203,昼－昼,晴,非市街地,舗装－乾燥,交差点－その他,環状交差点以外 環状交差点以外をいう。,施設なし,09,22,00,23,15,8,交差点内,規制なし,5,4,人対車両,45～54歳,65～74歳,貨物車－大型車,歩行者,事業用,対象外当事者,貨物車,対象外当事者,指定の速度規制なし等,対象外当事者,30,00,小破,対象外当事者,その他,対象外当事者,その他,対象外当事者,損傷なし,死亡,水,その他,37.451706,140.458982,2020-12-02,13:13,red,,,,,,,,,,,,
本票,福島,厚別,0319,死亡,1,0,20000,対象外,0000,203,夜－夜,曇,非市街地,舗装－乾燥,単路－カーブ・屈折,環状交差点以外 環状交差点以外をいう。,施設なし,00,23,00,23,03,3,単路（交差点付近を含む）,規制なし,4,2,人対車両,55～64歳,45～54歳,乗用車－軽自動車,歩行者,自家用,対象外当事者,乗用車,対象外当事者,50㎞／ｈ以下,対象外当事者,80,00,小破,対象外当事者,その他,対象外当事者,その他,対象外当事者,損傷なし,死亡,土,その他,37.418087,140.372699,2020-12-12,00:15,red,,,,,,,,,,,,
本票,東京,高速道路交通警察隊,0542,死亡,1,0,50360,下,0000,228,夜－夜,晴,市街地－その他,舗装－乾燥,単路－その他,環状交差点以外 環状交差点以外をいう。,施設なし,00,23,00,23,05,9,単路（交差点付近を含む）,規制なし,1,4,車両相互,35～44歳,35～44歳,貨物車－大型車,貨物車－中型車,事業用,事業用,貨物車,貨物車,80㎞／ｈ以下,80㎞／ｈ以下,31,10,中破,大破,その他,装備あり 作動,その他,装備あり 作動,損傷なし,死亡,木,その他,35.723686,139.283890,2020-12-17,00:20,red,483,東日本高速道路,走行車線－第一通行帯,完全分離－トンネル出入り口部－その他トンネル出入り口,直線,平坦－１％未満,,4,該当なし,該当なし,該当なし,0
本票,東京,高速道路交通警察隊,0543,死亡,1,1,50350,上,0000,201,夜－夜,晴,非市街地,舗装－乾燥,単路－トンネル,環状交差点以外 環状交差点以外をいう。,施設なし,00,23,00,23,04,9,単路（交差点付近を含む）,規制なし,1,4,車両相互,45～54歳,65～74歳,貨物車－中型車,貨物車－軽自動車,事業用,事業用,貨物車,貨物車,80㎞／ｈ以下,80㎞／ｈ以下,10,31,大破,大破,装備あり 作動,装備あり 作動,その他,その他,損傷なし,死亡,木,その他,35.690954,139.261912,2020-12-17,23:50,red,420,中日本高速道路,走行車線－第一通行帯,完全分離－トンネル,直線,平坦・該当なし,天合峰,4,該当なし,該当なし,80㎞/h以下,1363
本票,東京,三戸,0237,死亡,1,0,03570,上,0332,108,昼－昼,晴,市街地－人口集中,舗装－乾燥,交差点－その他,環状交差点以外 環状交差点以外をいう。,点灯－３灯式,09,22,09,22,19,9,交差点内,規制なし,5,1,車両相互,45～54歳,45～54歳,貨物車－大型車,軽車両－自転車,事業用,対象外当事者,貨物車,対象外当事者,50㎞／ｈ以下,対象外当事者,80,20,小破,大破,その他,対象外当事者,その他,対象外当事者,損傷なし,死亡,火,その他,35.640536,139.802679,2020-12-01,13:32,red,,,,,,,,,,,,
本票,東京,三戸,0238,死亡,1,0,85010,対象外,0000,111,昼－昼,晴,市街地－人口集中,舗装－乾燥,単路－その他,環状交差点以外 環状交差点以外をいう。,施設なし,00,23,00,23,05,9,単路（交差点付近を含む）,規制なし,1,1,車両相互,55～64歳,55～64歳,貨物車－大型車,軽車両－自転車,事業用,対象外当事者,貨物車,対象外当事者,指定の速度規制なし等,対象外当事者,40,10,小破,大破,その他,対象外当事者,その他,対象外当事者,損傷なし,死亡,金,その他,35.578395,139.776871,2020-12-11,09:16,red,,,,,,,,,,,,
本票,東京,三戸,0239,死亡,1,0,03570,下,0320,108,夜－夜,晴,市街地－人口集中,舗装－乾燥,交差点－その他,環状交差点以外 環状交差点以外をいう。,点灯－３灯式,09,22,09,22,19,9,交差点内,規制なし,5,1,車両相互,45～54歳,0～24歳,貨物車－大型車,軽車両－自転車,事業用,対象外当事者,貨物車,対象外当事者,指定の速度規制なし等,対象外当事者,40,10,小破,大破,その他,対象外当事者,その他,対象外当事者,損傷なし,死亡,金,その他,35.626415,139.776293,2020-12-25,23:07,red,,,,,,,,,,,,
本票,東京,大森,0397,死亡,1,0,10130,対象外,0000,111,夜－夜,曇,市街地－人口集中,舗装－乾燥,単路－その他,環状交差点以外 環状交差点以外をいう。,施設なし,00,23,00,23,05,9,単路（交差点付近を含む）,規制なし,1,1,人対車両,65～74歳,不明,歩行者,対象外当事者,対象外当事者,対象外当事者,対象外当事者,対象外当事者,対象外当事者,対象外当事者,00,00,対象外当事者,対象外当事者,対象外当事者,対象外当事者,対象外当事者,対象外当事者,死亡,対象外当事者,月,その他,35.578224,139.732516,2020-12-14,02:55,red,,,,,,,,,,,,
本票,東京,大森,0398,死亡,1,0,00150,上,0143,111,夜－夜,晴,市街地－人口集中,舗装－乾燥,交差点付近－その他,環状交差点以外 環状交差点以外をいう。,施設なし,00,23,00,23,05,9,単路（交差点付近を含む）,規制なし,4,1,車両相互,65～74歳,55～64歳,貨物車－中型車,軽車両－自転車,事業用,対象外当事者,貨物車,対象外当事者,指定の速度規制なし等,対象外当事者,80,10,小破,大破,その他,対象外当事者,その他,対象外当事者,損傷なし,死亡,水,その他,35.569527,139.730795,2020-12-30,18:28,red,,,,,,,,,,,,
本票,東京,蒲田,0309,死亡,1,0,10200,対象外,0000,111,夜－夜,晴,市街地－人口集中,舗装－乾燥,交差点－その他,環状交差点以外 環状交差点以外をいう。,施設なし,09,22,00,23,18,9,交差点内,規制なし,5,1,人対車両,65～74歳,75歳以上,乗用車－普通車,歩行者,自家用,対象外当事者,乗用車,対象外当事者,指定の速度規制なし等,対象外当事者,10,00,中破,対象外当事者,その他,対象外当事者,その他,対象外当事者,損傷なし,死亡,火,その他,35.551998,139.744542,2020-12-01,19:30,red,,,,,,,,,,,,
本票,東京,池上,0234,死亡,1,0,30000,対象外,0000,111,昼－昼,曇,市街地－人口集中,舗装－乾燥,交差点－その他,環状交差点以外 環状交差点以外をいう。,施設なし,09,22,04,22,14,9,交差点内,規制なし,5,3,車両相互,55～64歳,75歳以上,貨物車－準中型車,軽車両－自転車,事業用,対象外当事者,貨物車,対象外当事者,30㎞／ｈ以下,対象外当事者,10,40,小破,小破,その他,対象外当事者,その他,対象外当事者,損傷なし,死亡,月,その他,35.567840,139.702425,2020-12-14,14:31,red,,,,,,,,,,,,
本票,東京,代々木,0169,死亡,1,0,20330,対象外,0000,113,夜－暮,晴,市街地－人口集中,舗装－乾燥,交差点－その他,環状交差点以外 環状交差点以外をいう。,施設なし,09,22,00,23,14,9,交差点内,規制なし,4,1,人対車両,45～54歳,65～74歳,乗用車－普通車,歩行者,自家用,対象外当事者,乗用車,対象外当事者,40㎞／ｈ以下,対象外当事者,10,00,中破,対象外当事者,その他,対象外当事者,その他,対象外当事者,損傷なし,死亡,土,その他,35.674388,139.661518,2020-12-19,17:15,red,,,,,,,,,,,,
本票,東京,板橋,0324,死亡,1,0,30000,対象外,0000,119,昼－昼,晴,市街地－人口集中,舗装－乾燥,交差点－その他,環状交差点以外 環状交差点以外をいう。,施設なし,01,21,09,22,11,9,交差点内,規制なし,5,3,車両相互,45～54歳,75歳以上,貨物車－普通車,軽車両－駆動補助機付自転車,自家用,対象外当事者,貨物車,対象外当事者,指定の速度規制なし等,対象外当事者,50,40,小破,中破,その他,対象外当事者,その他,対象外当事者,損傷なし,死亡,火,その他,35.744958,139.700863,2020-12-01,15:25,red,,,,,,,,,,,,
本票,東京,石神井,0347,死亡,1,0,30000,対象外,0000,120,夜－夜,晴,市街地－人口集中,舗装－乾燥,交差点－その他,環状交差点以外 環状交差点以外をいう。,施設なし,01,21,00,23,11,9,交差点内,規制なし,5,3,人対車両,55～64歳,75歳以上,乗用車－普通車,歩行者,自家用,対象外当事者,乗用車,対象外当事者,30㎞／ｈ以下,対象外当事者,10,00,小破,対象外当事者,その他,対象外当事者,その他,対象外当事者,損傷なし,死亡,土,その他,35.748120,139.583336,2020-12-19,19:34,red,,,,,,,,,,,,
本票,東京,光が丘,0285,死亡,1,0,20000,対象外,0000,120,夜－夜,晴,市街地－人口集中,舗装－乾燥,交差点－その他,環状交差点以外 環状交差点以外をいう。,点灯－３灯式,09,22,09,22,14,9,交差点内,規制なし,5,1,車両相互,55～64歳,45～54歳,貨物車－中型車,二輪車－原付自転車,事業用,自家用,貨物車,対象外当事者,30㎞／ｈ以下,指定の速度規制なし等,50,00,小破,小破,その他,対象外当事者,その他,対象外当事者,損傷なし,死亡,月,その他,35.765486,139.614060,2020-12-14,04:36,red,,,,,,,,,,,,
本票,東京,綾瀬,0559,死亡,1,0,30960,対象外,0000,121,昼－昼,曇,市街地－人口集中,舗装－乾燥,交差点－その他,環状交差点以外 環状交差点以外をいう。,点灯－３灯式,09,22,09,22,14,9,交差点内,規制なし,5,2,車両相互,65～74歳,75歳以上,貨物車－普通車,軽車両－自転車,自家用,対象外当事者,貨物車,対象外当事者,40㎞／ｈ以下,対象外当事者,10,40,小破,小破,その他,対象外当事者,その他,対象外当事者,損傷なし,死亡,水,その他,35.782743,139.808772,2020-12-30,15:31,red,,,,,,,,,,,,
本票,東京,高尾,0262,死亡,1,0,30000,対象外,0000,201,夜－夜,晴,非市街地,舗装－乾燥,交差点－その他,環状交差点以外 環状交差点以外をいう。,点灯－３灯式,09,22,01,21,14,9,交差点内,規制なし,5,2,車両相互,55～64歳,55～64歳,乗用車－普通車,軽車両－自転車,自家用,対象外当事者,乗用車,対象外当事者,40㎞／ｈ以下,対象外当事者,10,40,中破,中破,その他,対象外当事者,その他,対象外当事者,損傷なし,死亡,火,その他,35.648791,139.316327,2020-12-22,18:03,red,,,,,,,,,,,,