資料区分,都道府県コード,警察署等コード,本票番号,事故内容,死者数,負傷者数,路線コード,上下線,地点コード,市区町村コード,昼夜,天候,地形,路面状態,道路形状,環状交差点の直径,信号機,一時停止規制　標識（当事者A）,一時停止規制　表示（当事者A）,一時停止規制　標識（当事者B）,一時停止規制　表示（当事者B）,車道幅員,道路線形,衝突地点,ゾーン規制,中央分離帯施設等,歩車道区分,事故類型,年齢（当事者A）,年齢（当事者B）,当事者種別（当事者A）,当事者種別（当事者B）,用途別（当事者A）,用途別（当事者B）,車両形状（当事者A）,車両形状（当事者B）,速度規制（指定のみ）（当事者A）,速度規制（指定のみ）（当事者B）,車両の衝突部位（当事者A）,車両の衝突部位（当事者B）,車両の損壊程度（当事者A）,車両の損壊程度（当事者B）,エアバッグの装備（当事者A）,エアバッグの装備（当事者B）,サイドエアバッグの装備（当事者A）,サイドエアバッグの装備（当事者B）,人身損傷程度（当事者A）,人身損傷程度（当事者B）,曜日(発生年月日),祝日(発生年月日),緯度,経度,発生日,発生時,color,発生地点,道路管理者区分,道路区分,道路構造,曲線半径,縦断勾配,トンネル番号,当事者車両台数,車両単独事故の対象物,臨時速度規制の有無,速度規制（臨時のみ）,トンネル延長距離
本票,東京,福生,0381,死亡,1,0,10740,対象外,0000,228,夜－夜,晴,市街地－人口集中,舗装－乾燥,交差点－その他,環状交差点以外 環状交差点以外をいう。,施設なし,09,22,09,22,14,9,交差点内,規制なし,4,2,車両相互,0～24歳,0～24歳,乗用車－軽自動車,二輪車－自動二輪－軽二輪－126～250cc,自家用,自家用,乗用車,対象外当事者,50㎞／ｈ以下,50㎞／ｈ以下,40,10,中破,中破,その他,対象外当事者,その他,対象外当事者,損傷なし,死亡,土,その他,35.720239,139.321420,2020-12-05,22:40,red,,,,,,,,,,,,
本票,東京,福生,0382,死亡,1,0,20000,対象外,0000,227,夜－暮,晴,市街地－人口集中,舗装－乾燥,交差点－その他,環状交差点以外 環状交差点以外をいう。,施設なし,09,22,00,23,17,9,交差点内,規制なし,5,2,人対車両,65～74歳,75歳以上,貨物車－普通車,歩行者,自家用,対象外当事者,貨物車,対象外当事者,指定の速度規制なし等,対象外当事者,10,00,小破,対象外当事者,その他,対象外当事者,その他,対象外当事者,損傷なし,死亡,金,その他,35.764061,139.321282,2020-12-18,17:07,red,,,,,,,,,,,,
本票,東京,八王子,0516,死亡,1,0,20000,対象外,0000,201,昼－明,晴,市街地－その他,舗装－乾燥,単路－その他,環状交差点以外 環状交差点以外をいう。,施設なし,00,23,00,23,03,9,単路（交差点付近を含む）,規制なし,4,2,車両相互,45～54歳,35～44歳,貨物車－準中型車,軽車両－自転車,自家用,対象外当事者,貨物車,対象外当事者,40㎞／ｈ以下,対象外当事者,40,00,小破,小破,その他,対象外当事者,その他,対象外当事者,損傷なし,死亡,木,その他,35.680350,139.355697,2020-12-17,07:30,red,,,,,,,,,,,,
本票,東京,町田,0507,死亡,1,1,20750,対象外,0000,209,夜－夜,曇,市街地－人口集中,舗装－乾燥,単路－その他,環状交差点以外 環状交差点以外をいう。,施設なし,00,23,00,23,03,9,単路（交差点付近を含む）,規制なし,4,2,人対車両,0～24歳,55～64歳,二輪車－自動二輪－軽二輪－126～250cc,歩行者,自家用,対象外当事者,対象外当事者,対象外当事者,40㎞／ｈ以下,対象外当事者,10,00,中破,対象外当事者,対象外当事者,対象外当事者,対象外当事者,対象外当事者,負傷,死亡,日,その他,35.586703,139.470346,2020-12-13,19:50,red,,,,,,,,,,,,
本票,東京,昭島,0388,死亡,1,0,20000,対象外,0000,207,夜－夜,晴,市街地－人口集中,舗装－乾燥,交差点－その他,環状交差点以外 環状交差点以外をいう。,点灯－３灯式,09,22,00,23,14,9,交差点内,規制なし,5,2,人対車両,65～74歳,25～34歳,乗用車－軽自動車,歩行者,自家用,対象外当事者,乗用車,対象外当事者,40㎞／ｈ以下,対象外当事者,10,00,小破,対象外当事者,その他,対象外当事者,その他,対象外当事者,損傷なし,死亡,月,その他,35.719684,139.383011,2020-12-21,00:05,red,,,,,,,,,,,,
本票,東京,立川,0583,死亡,1,0,20000,対象外,0000,202,夜－明,晴,市街地－人口集中,舗装－乾燥,交差点－その他,環状交差点以外 環状交差点以外をいう。,点灯－３灯式,09,22,09,22,18,9,交差点内,規制なし,5,1,車両相互,45～54歳,65～74歳,乗用車－軽自動車,軽車両－自転車,自家用,対象外当事者,乗用車,対象外当事者,50㎞／ｈ以下,対象外当事者,10,20,小破,大破,その他,対象外当事者,その他,対象外当事者,損傷なし,死亡,水,その他,35.702289,139.398740,2020-12-16,06:11,red,,,,,,,,,,,,
本票,東京,八丈島,0007,死亡,1,2,20000,対象外,0000,401,昼－昼,晴,非市街地,舗装－乾燥,単路－カーブ・屈折,環状交差点以外 環状交差点以外をいう。,施設なし,00,23,00,23,03,3,単路（交差点付近を含む）,規制なし,4,2,車両単独,55～64歳,不明,乗用車－軽自動車,物件等,自家用,対象外当事者,乗用車,対象外当事者,40㎞／ｈ以下,対象外当事者,10,00,中破,対象外当事者,装備あり 作動,対象外当事者,その他,対象外当事者,負傷,対象外当事者,木,その他,33.141710,139.791273,2020-12-03,14:05,red,,,,,,,,,,,,
本票,茨城,中央,0801,死亡,1,0,30000,対象外,0000,201,昼－明,晴,市街地－人口集中,舗装－乾燥,単路－その他,環状交差点以外 環状交差点以外をいう。,施設なし,00,23,00,23,03,9,単路（交差点付近を含む）,ゾーン30,5,4,人対車両,25～34歳,75歳以上,乗用車－軽自動車,歩行者,自家用,対象外当事者,乗用車,対象外当事者,30㎞／ｈ以下,対象外当事者,10,00,小破,対象外当事者,その他,対象外当事者,その他,対象外当事者,損傷なし,死亡,火,その他,36.383059,140.453230,2020-12-29,06:52,red,,,,,,,,,,,,
本票,茨城,中央,0804,死亡,1,0,30000,対象外,0000,201,夜－夜,曇,非市街地,舗装－乾燥,単路－その他,環状交差点以外 環状交差点以外をいう。,施設なし,00,23,00,23,04,9,単路（交差点付近を含む）,規制なし,4,2,人対車両,45～54歳,0～24歳,乗用車－普通車,歩行者,自家用,対象外当事者,乗用車,対象外当事者,40㎞／ｈ以下,対象外当事者,10,00,小破,対象外当事者,その他,対象外当事者,その他,対象外当事者,損傷なし,死亡,水,その他,36.348263,140.464117,2020-12-30,04:29,red,,,,,,,,,,,,
本票,茨城,白石,0188,死亡,1,0,10520,対象外,0000,310,夜－夜,晴,非市街地,舗装－乾燥,単路－カーブ・屈折,環状交差点以外 環状交差点以外をいう。,施設なし,00,23,00,23,03,3,単路（交差点付近を含む）,規制なし,4,2,人対車両,65～74歳,65～74歳,乗用車－普通車,歩行者,自家用,対象外当事者,乗用車,対象外当事者,50㎞／ｈ以下,対象外当事者,80,00,小破,対象外当事者,その他,対象外当事者,その他,対象外当事者,損傷なし,死亡,月,その他,36.437559,140.372474,2020-12-07,18:45,red,,,,,,,,,,,,
本票,茨城,美唄,0082,死亡,1,0,21140,対象外,0000,234,夜－夜,晴,非市街地,舗装－乾燥,交差点－その他,環状交差点以外 環状交差点以外をいう。,施設なし,09,22,09,22,14,8,交差点内,規制なし,4,2,車両相互,45～54歳,35～44歳,貨物車－中型車,二輪車－原付自転車,事業用,自家用,貨物車,対象外当事者,指定の速度規制なし等,指定の速度規制なし等,50,14,小破,小破,その他,対象外当事者,その他,対象外当事者,損傷なし,死亡,火,その他,36.182054,140.519106,2020-12-01,03:26,red,,,,,,,,,,,,
本票,茨城,美唄,0085,死亡,1,1,03540,対象外,0000,234,昼－昼,雨,非市街地,舗装－湿潤,単路－カーブ・屈折,環状交差点以外 環状交差点以外をいう。,施設なし,00,23,00,23,03,4,単路（交差点付近を含む）,規制なし,4,3,車両相互,25～34歳,75歳以上,貨物車－中型車,貨物車－軽自動車,事業用,自家用,貨物車,貨物車,50㎞／ｈ以下,50㎞／ｈ以下,55,11,中破,大破,その他,装備あり 作動,その他,その他,負傷,死亡,土,その他,36.087344,140.551086,2020-12-05,11:37,red,,,,,,,,,,,,
本票,茨城,三戸,0121,死亡,1,0,30000,対象外,0000,233,昼－昼,晴,非市街地,舗装－乾燥,単路－カーブ・屈折,環状交差点以外 環状交差点以外をいう。,施設なし,00,23,00,23,02,6,その他,規制なし,5,4,車両単独,65～74歳,不明,二輪車－原付自転車,相手なし,自家用,対象外当事者,対象外当事者,対象外当事者,指定の速度規制なし等,対象外当事者,21,00,小破,対象外当事者,対象外当事者,対象外当事者,対象外当事者,対象外当事者,死亡,対象外当事者,日,その他,36.087748,140.415835,2020-12-27,10:00,red,,,,,,,,,,,,
本票,茨城,滝川,0176,死亡,1,0,22080,対象外,0000,208,夜－夜,晴,非市街地,舗装－乾燥,単路－その他,環状交差点以外 環状交差点以外をいう。,施設なし,00,23,00,23,03,9,単路（交差点付近を含む）,規制なし,4,2,人対車両,45～54歳,45～54歳,貨物車－普通車,歩行者,事業用,対象外当事者,貨物車,対象外当事者,50㎞／ｈ以下,対象外当事者,51,00,中破,対象外当事者,装備あり 作動,対象外当事者,その他,対象外当事者,損傷なし,死亡,日,その他,35.901004,140.156321,2020-12-20,00:40,red,,,,,,,,,,,,
本票,茨城,滝川,0178,死亡,1,0,30000,対象外,0000,208,夜－夜,晴,市街地－その他,舗装－乾燥,交差点－その他,環状交差点以外 環状交差点以外をいう。,点灯－３灯式,09,22,00,23,15,9,交差点内,規制なし,4,2,人対車両,25～34歳,65～74歳,乗用車－普通車,歩行者,自家用,対象外当事者,乗用車,対象外当事者,50㎞／ｈ以下,対象外当事者,51,00,小破,対象外当事者,その他,対象外当事者,その他,対象外当事者,損傷なし,死亡,火,その他,35.930661,140.163108,2020-12-22,05:25,red,,,,,,,,,,,,
本票,茨城,伊達,0105,死亡,1,1,30000,対象外,0000,521,昼－昼,曇,非市街地,舗装－乾燥,交差点付近－その他,環状交差点以外 環状交差点以外をいう。,点灯－押ボタン式,00,23,00,23,03,3,単路（交差点付近を含む）,規制なし,4,3,車両相互,65～74歳,55～64歳,貨物車－大型車,貨物車－準中型車,自家用,事業用,貨物車,貨物車,50㎞／ｈ以下,50㎞／ｈ以下,15,60,大破,小破,その他,その他,その他,その他,負傷,損傷なし,木,その他,36.215972,139.901241,2020-12-10,09:35,red,,,,,,,,,,,,
本票,茨城,静内,0269,死亡,1,0,30000,対象外,0000,204,夜－暮,晴,市街地－人口集中,舗装－乾燥,交差点－その他,環状交差点以外 環状交差点以外をいう。,施設なし,09,22,09,22,14,9,交差点内,規制なし,4,4,車両相互,25～34歳,45～54歳,乗用車－普通車,乗用車－普通車,自家用,自家用,乗用車,乗用車,指定の速度規制なし等,40㎞／ｈ以下,60,50,中破,中破,その他,その他,その他,その他,損傷なし,損傷なし,土,その他,36.160869,139.818395,2020-12-19,17:05,red,,,,,,,,,,,,
本票,茨城,厚別,0210,死亡,1,0,01240,対象外,0000,232,夜－夜,曇,非市街地,舗装－乾燥,単路－その他,環状交差点以外 環状交差点以外をいう。,施設なし,00,23,00,23,02,9,単路（交差点付近を含む）,規制なし,5,4,車両相互,35～44歳,75歳以上,貨物車－軽自動車,二輪車－原付自転車,事業用,自家用,貨物車,対象外当事者,指定の速度規制なし等,指定の速度規制なし等,80,30,中破,中破,その他,対象外当事者,その他,対象外当事者,損傷なし,死亡,水,その他,35.781598,140.766830,2020-12-09,19:13,red,,,,,,,,,,,,
本票,栃木,中央,0470,死亡,1,0,30000,対象外,0000,201,夜－夜,晴,市街地－その他,舗装－乾燥,交差点－その他,環状交差点以外 環状交差点以外をいう。,点灯－３灯式,09,22,00,23,18,9,交差点内,規制なし,4,2,人対車両,45～54歳,65～74歳,乗用車－軽自動車,歩行者,自家用,対象外当事者,乗用車,対象外当事者,40㎞／ｈ以下,対象外当事者,10,00,中破,対象外当事者,その他,対象外当事者,その他,対象外当事者,損傷なし,死亡,日,その他,36.557408,139.883120,2020-12-06,05:10,red,,,,,,,,,,,,
本票,栃木,中央,0492,死亡,1,0,01190,対象外,0000,201,夜－夜,晴,市街地－人口集中,舗装－乾燥,交差点－その他,環状交差点以外 環状交差点以外をいう。,点灯－３灯式,09,22,09,22,18,9,交差点内,規制なし,4,2,車両相互,35～44歳,45～54歳,乗用車－普通車,乗用車－普通車,自家用,自家用,乗用車,乗用車,50㎞／ｈ以下,50㎞／ｈ以下,10,10,中破,中破,装備あり 作動,装備あり 作動,その他,その他,死亡,損傷なし,火,その他,36.582158,139.868044,2020-12-22,22:50,red,,,,,,,,,,,,
本票,栃木,白石,0364,死亡,1,0,10020,対象外,0000,361,夜－明,曇,非市街地,舗装－乾燥,交差点－その他,環状交差点以外 環状交差点以外をいう。,施設なし,09,22,00,23,14,9,交差点内,規制なし,1,2,人対車両,25～34歳,75歳以上,乗用車－軽自動車,歩行者,自家用,対象外当事者,乗用車,対象外当事者,指定の速度規制なし等,対象外当事者,10,00,中破,対象外当事者,その他,対象外当事者,その他,対象外当事者,損傷なし,死亡,木,その他,36.493499,139.829406,2020-12-10,06:12,red,,,,,,,,,,,,
本票,栃木,西,0291,死亡,1,1,10400,対象外,0000,202,夜－夜,晴,市街地－人口集中,舗装－乾燥,単路－橋,環状交差点以外 環状交差点以外をいう。,施設なし,00,23,00,23,04,8,単路（交差点付近を含む）,規制なし,4,4,車両相互,55～64歳,25～34歳,乗用車－軽自動車,乗用車－軽自動車,自家用,自家用,乗用車,乗用車,50㎞／ｈ以下,50㎞／ｈ以下,50,20,大破,小破,装備あり 作動,その他,装備あり 作動,その他,死亡,損傷なし,水,その他,36.317262,139.454544,2020-12-23,20:13,red,,,,,,,,,,,,
本票,栃木,美唄,0204,死亡,1,0,30000,対象外,0000,213,夜－夜,晴,非市街地,舗装－乾燥,単路－その他,環状交差点以外 環状交差点以外をいう。,施設なし,00,23,00,23,03,9,単路（交差点付近を含む）,規制なし,4,2,車両単独,0～24歳,不明,乗用車－普通車,物件等,自家用,対象外当事者,乗用車,対象外当事者,50㎞／ｈ以下,対象外当事者,81,00,大破,対象外当事者,装備あり 作動,対象外当事者,装備あり 作動,対象外当事者,死亡,対象外当事者,日,その他,36.882299,139.957548,2020-12-20,02:10,red,,,,,,,,,,,,
本票,栃木,美唄,0205,死亡,1,0,30000,対象外,0000,213,夜－夜,曇,非市街地,舗装－乾燥,単路－その他,環状交差点以外 環状交差点以外をいう。,施設なし,00,23,00,23,03,9,単路（交差点付近を含む）,規制なし,4,2,人対車両,45～54歳,75歳以上,貨物車－軽自動車,歩行者,自家用,対象外当事者,貨物車,対象外当事者,50㎞／ｈ以下,対象外当事者,10,00,中破,対象外当事者,その他,対象外当事者,その他,対象外当事者,損傷なし,死亡,土,その他,36.877057,140.006882,2020-12-19,22:10,red,,,,,,,,,,,,
本票,栃木,室蘭,0506,死亡,1,0,00040,上,1130,201,夜－夜,晴,非市街地,舗装－乾燥,単路－その他,環状交差点以外 環状交差点以外をいう。,施設なし,00,23,00,23,05,9,単路（交差点付近を含む）,規制なし,1,2,車両相互,35～44歳,25～34歳,貨物車－大型車,貨物車－普通車,事業用,自家用,貨物車,貨物車,60㎞／ｈ以下,60㎞／ｈ以下,40,10,小破,大破,その他,その他,その他,その他,損傷なし,死亡,木,前日,36.592461,139.939779,2020-12-31,00:06,red,,,,,,,,,,,,
本票,栃木,室蘭,0507,死亡,1,0,21250,対象外,0000,201,夜－暮,晴,市街地－その他,舗装－乾燥,単路－その他,環状交差点以外 環状交差点以外をいう。,施設なし,00,23,00,23,02,9,単路（交差点付近を含む）,規制なし,4,2,人対車両,35～44歳,75歳以上,乗用車－普通車,歩行者,自家用,対象外当事者,乗用車,対象外当事者,50㎞／ｈ以下,対象外当事者,10,00,中破,対象外当事者,その他,対象外当事者,その他,対象外当事者,損傷なし,死亡,水,その他,36.619857,139.931638,2020-12-30,17:16,red,,,,,,,,,,,,
本票,群馬,高速道路交通警察隊,0059,死亡,2,2,42510,上,0147,204,夜－夜,晴,非市街地,舗装－乾燥,単路－その他,環状交差点以外 環状交差点以外をいう。,施設なし,00,23,00,23,05,7,その他,規制なし,1,4,車両単独,55～64歳,不明,乗用車－普通車,物件等,自家用,対象外当事者,乗用車,対象外当事者,指定の速度規制なし等,対象外当事者,10,00,大破,対象外当事者,装備あり 作動,対象外当事者,装備あり 作動,対象外当事者,死亡,対象外当事者,日,その他,36.354237,139.221806,2020-12-13,03:51,red,141,東日本高速道路,路肩,完全分離－盛土,直線,平坦・該当なし,,1,防護柵－ガードレール,該当なし,該当なし,0
本票,群馬,西,2722,死亡,1,0,02540,対象外,0000,202,昼－昼,晴,非市街地,舗装－乾燥,交差点－その他,環状交差点以外 環状交差点以外をいう。,点灯－３灯式,09,22,09,22,17,9,交差点内,規制なし,5,2,車両相互,55～64歳,75歳以上,貨物車－大型車,軽車両－自転車,自家用,対象外当事者,貨物車,対象外当事者,指定の速度規制なし等,対象外当事者,10,40,小破,大破,その他,対象外当事者,その他,対象外当事者,損傷なし,死亡,水,その他,36.258902,138.980814,2020-12-16,13:38,red,,,,,,,,,,,,
本票,群馬,西,2874,死亡,1,0,37000,対象外,0000,202,昼－昼,晴,非市街地,舗装－乾燥,単路－その他,環状交差点以外 環状交差点以外をいう。,施設なし,00,23,00,23,03,9,単路（交差点付近を含む）,規制なし,4,4,車両単独,75歳以上,不明,貨物車－軽自動車,物件等,自家用,対象外当事者,貨物車,対象外当事者,40㎞／ｈ以下,対象外当事者,80,00,中破,対象外当事者,その他,対象外当事者,その他,対象外当事者,死亡,対象外当事者,水,その他,36.265793,139.030056,2020-12-30,15:20,red,,,,,,,,,,,,
本票,群馬,つがる,1523,死亡,1,0,37000,対象外,0000,204,昼－昼,晴,非市街地,舗装－乾燥,交差点－その他,環状交差点以外 環状交差点以外をいう。,施設なし,09,22,01,21,14,9,交差点内,規制なし,4,2,車両相互,55～64歳,75歳以上,乗用車－普通車,軽車両－自転車,自家用,対象外当事者,乗用車,対象外当事者,50㎞／ｈ以下,対象外当事者,10,20,小破,中破,その他,対象外当事者,その他,対象外当事者,損傷なし,死亡,月,その他,36.299531,139.176272,2020-12-21,09:43,red,,,,,,,,,,,,
本票,群馬,美唄,1094,死亡,1,1,37000,対象外,0000,205,夜－明,曇,非市街地,舗装－乾燥,交差点－その他,環状交差点以外 環状交差点以外をいう。,施設なし,09,22,01,21,14,9,交差点内,規制なし,4,2,車両相互,0～24歳,65～74歳,乗用車－普通車,貨物車－軽自動車,自家用,自家用,乗用車,貨物車,50㎞／ｈ以下,50㎞／ｈ以下,10,20,中破,中破,装備あり 作動,その他,その他,その他,負傷,死亡,木,その他,36.328389,139.296116,2020-12-03,06:35,red,,,,,,,,,,,,
本票,群馬,芦別,0503,死亡,1,0,10690,対象外,0000,208,夜－夜,晴,非市街地,舗装－乾燥,単路－カーブ・屈折,環状交差点以外 環状交差点以外をいう。,施設なし,00,23,00,23,03,4,単路（交差点付近を含む）,規制なし,4,3,車両単独,25～34歳,不明,乗用車－軽自動車,物件等,自家用,対象外当事者,乗用車,対象外当事者,40㎞／ｈ以下,対象外当事者,50,00,中破,対象外当事者,装備あり 作動,対象外当事者,その他,対象外当事者,死亡,対象外当事者,火,その他,36.534599,139.098627,2020-12-08,03:00,red,,,,,,,,,,,,
本票,群馬,余市,0128,死亡,1,0,10360,対象外,0000,429,夜－夜,晴,市街地－その他,舗装－乾燥,単路－その他,環状交差点以外 環状交差点以外をいう。,施設なし,00,23,00,23,03,9,単路（交差点付近を含む）,規制なし,4,3,人対車両,65～74歳,65～74歳,貨物車－軽自動車,歩行者,自家用,対象外当事者,貨物車,対象外当事者,40㎞／ｈ以下,対象外当事者,10,00,中破,対象外当事者,その他,対象外当事者,その他,対象外当事者,損傷なし,死亡,金,その他,36.571727,138.827325,2020-12-11,17:36,red,,,,,,,,,,,,
本票,埼玉,白石,0374,死亡,1,0,39990,対象外,0000,224,昼－昼,晴,市街地－その他,舗装－乾燥,単路－その他,環状交差点以外 環状交差点以外をいう。,施設なし,00,23,00,23,03,9,単路（交差点付近を含む）,規制なし,4,2,車両相互,45～54歳,75歳以上,貨物車－大型車,軽車両－自転車,事業用,対象外当事者,貨物車,対象外当事者,40㎞／ｈ以下,対象外当事者,80,20,小破,大破,その他,対象外当事者,その他,対象外当事者,損傷なし,死亡,土,その他,35.802166,139.689797,2020-12-26,09:19,red,,,,,,,,,,,,
本票,埼玉,栗山,0866,死亡,1,0,39990,対象外,0000,201,夜－夜,晴,非市街地,舗装－乾燥,踏切－第一種,環状交差点以外 環状交差点以外をいう。,施設なし,00,23,00,23,01,8,その他,規制なし,5,4,列車,45～54歳,75歳以上,列車,歩行者,対象外当事者,対象外当事者,対象外当事者,対象外当事者,対象外当事者,対象外当事者,80,00,損壊なし,対象外当事者,対象外当事者,対象外当事者,対象外当事者,対象外当事者,損傷なし,死亡,火,その他,35.910436,139.479572,2020-12-01,17:40,red,,,,,,,,,,,,
本票,埼玉,栗山,0868,死亡,1,0,02540,対象外,0000,201,夜－夜,晴,市街地－その他,舗装－乾燥,単路－その他,環状交差点以外 環状交差点以外をいう。,施設なし,00,23,00,23,02,9,単路（交差点付近を含む）,規制なし,6,2,人対車両,45～54歳,75歳以上,乗用車－普通車,歩行者,自家用,対象外当事者,乗用車,対象外当事者,50㎞／ｈ以下,対象外当事者,50,00,小破,対象外当事者,その他,対象外当事者,その他,対象外当事者,損傷なし,死亡,木,その他,35.920166,139.496932,2020-12-03,22:05,red,,,,,,,,,,,,
本票,埼玉,栗山,0882,死亡,1,0,39990,対象外,0000,201,昼－昼,曇,非市街地,舗装－乾燥,交差点－その他,環状交差点以外 環状交差点以外をいう。,施設なし,09,22,00,23,15,9,交差点内,規制なし,5,3,人対車両,25～34歳,75歳以上,乗用車－普通車,歩行者,自家用,対象外当事者,乗用車,対象外当事者,40㎞／ｈ以下,対象外当事者,10,00,中破,対象外当事者,装備あり 作動,対象外当事者,装備あり 作動,対象外当事者,損傷なし,死亡,火,その他,35.943975,139.480016,2020-12-08,11:10,red,,,,,,,,,,,,
本票,埼玉,つがる,0764,死亡,1,0,39990,対象外,0000,208,昼－昼,晴,市街地－その他,舗装－乾燥,交差点－その他,環状交差点以外 環状交差点以外をいう。,施設なし,09,22,00,23,11,9,交差点内,規制なし,5,3,人対車両,75歳以上,75歳以上,乗用車－軽自動車,歩行者,自家用,対象外当事者,乗用車,対象外当事者,指定の速度規制なし等,対象外当事者,10,00,小破,対象外当事者,その他,対象外当事者,その他,対象外当事者,損傷なし,死亡,月,その他,35.788040,139.501746,2020-12-28,15:05,red,,,,,,,,,,,,
本票,埼玉,倶知安,0478,死亡,1,0,39990,対象外,0000,202,昼－昼,晴,市街地－その他,舗装－乾燥,交差点－その他,環状交差点以外 環状交差点以外をいう。,施設なし,09,22,00,23,11,9,交差点内,規制なし,5,3,人対車両,55～64歳,55～64歳,乗用車－普通車,歩行者,自家用,対象外当事者,乗用車,対象外当事者,指定の速度規制なし等,対象外当事者,40,00,小破,対象外当事者,その他,対象外当事者,その他,対象外当事者,損傷なし,死亡,木,その他,36.170812,139.314940,2020-11-19,11:53,red,,,,,,,,,,,,
本票,埼玉,倶知安,0539,死亡,1,1,39990,対象外,0000,202,昼－明,晴,非市街地,舗装－乾燥,交差点－その他,環状交差点以外 環状交差点以外をいう。,施設なし,09,22,01,21,15,9,交差点内,規制なし,5,4,車両相互,45～54歳,0～24歳,乗用車－軽自動車,二輪車－自動二輪－軽二輪－126～250cc,自家用,自家用,乗用車,対象外当事者,40㎞／ｈ以下,指定の速度規制なし等,10,41,中破,大破,装備あり 作動,対象外当事者,その他,対象外当事者,負傷,死亡,火,その他,36.181664,139.393331,2020-12-22,07:45,red,,,,,,,,,,,,
本票,埼玉,岩内,0328,死亡,1,0,39990,対象外,0000,218,昼－昼,晴,非市街地,舗装－乾燥,交差点－その他,環状交差点以外 環状交差点以外をいう。,施設なし,09,22,01,22,15,9,交差点内,規制なし,5,4,車両相互,35～44歳,55～64歳,乗用車－普通車,軽車両－自転車,自家用,対象外当事者,乗用車,対象外当事者,指定の速度規制なし等,対象外当事者,52,10,小破,小破,その他,対象外当事者,その他,対象外当事者,損傷なし,死亡,火,その他,36.206977,139.223555,2020-12-01,10:10,red,,,,,,,,,,,,
本票,埼玉,岩内,0337,死亡,1,0,37660,対象外,0000,218,夜－暮,晴,市街地－その他,舗装－乾燥,単路－その他,環状交差点以外 環状交差点以外をいう。,施設なし,00,23,00,23,04,9,単路（交差点付近を含む）,規制なし,4,2,人対車両,35～44歳,75歳以上,乗用車－普通車,歩行者,自家用,対象外当事者,乗用車,対象外当事者,50㎞／ｈ以下,対象外当事者,51,00,小破,対象外当事者,その他,対象外当事者,その他,対象外当事者,損傷なし,死亡,木,その他,36.181808,139.282941,2020-12-10,17:14,red,,,,,,,,,,,,
本票,埼玉,岩内,0343,死亡,1,0,39990,対象外,0000,218,夜－夜,晴,市街地－その他,舗装－乾燥,交差点－その他,環状交差点以外 環状交差点以外をいう。,点灯－押ボタン式,09,22,00,23,14,9,交差点内,規制なし,4,2,人対車両,35～44歳,65～74歳,乗用車－普通車,歩行者,自家用,対象外当事者,乗用車,対象外当事者,40㎞／ｈ以下,対象外当事者,10,00,中破,対象外当事者,その他,対象外当事者,その他,対象外当事者,損傷なし,死亡,月,その他,36.192378,139.288183,2020-12-14,20:53,red,,,,,,,,,,,,
本票,埼玉,室蘭,0193,死亡,1,0,10770,対象外,0000,206,昼－明,晴,市街地－その他,舗装－乾燥,単路－その他,環状交差点以外 環状交差点以外をいう。,施設なし,00,23,00,23,03,9,単路（交差点付近を含む）,規制なし,4,2,人対車両,35～44歳,65～74歳,乗用車－普通車,歩行者,自家用,対象外当事者,乗用車,対象外当事者,40㎞／ｈ以下,対象外当事者,80,00,小破,対象外当事者,その他,対象外当事者,その他,対象外当事者,損傷なし,死亡,水,その他,36.122354,139.484186,2020-12-16,07:05,red,,,,,,,,,,,,
本票,埼玉,静内,0449,死亡,1,2,39990,対象外,0000,110,昼－昼,晴,非市街地,舗装－乾燥,交差点－その他,環状交差点以外 環状交差点以外をいう。,施設なし,09,22,09,22,11,9,交差点内,規制なし,5,4,車両相互,35～44歳,45～54歳,乗用車－普通車,乗用車－軽自動車,自家用,自家用,乗用車,乗用車,指定の速度規制なし等,指定の速度規制なし等,50,80,大破,大破,装備あり 作動,装備あり 作動,その他,装備あり 作動,負傷,負傷,木,その他,35.909991,139.740479,2020-12-17,07:49,red,,,,,,,,,,,,
本票,埼玉,南,0662,死亡,1,0,39990,対象外,0000,222,昼－昼,晴,市街地－その他,舗装－乾燥,交差点－その他,環状交差点以外 環状交差点以外をいう。,施設なし,01,21,09,22,15,9,交差点内,規制なし,4,2,車両相互,65～74歳,75歳以上,貨物車－軽自動車,軽車両－自転車,自家用,対象外当事者,貨物車,対象外当事者,指定の速度規制なし等,対象外当事者,10,24,小破,小破,その他,対象外当事者,その他,対象外当事者,損傷なし,死亡,水,その他,35.940893,139.759077,2020-12-09,14:35,red,,,,,,,,,,,,
本票,埼玉,手稲,0559,死亡,1,0,39990,対象外,0000,237,夜－夜,晴,市街地－その他,舗装－乾燥,交差点－その他,環状交差点以外 環状交差点以外をいう。,点灯－３灯式,09,22,00,23,15,9,交差点内,規制なし,4,2,人対車両,45～54歳,75歳以上,貨物車－準中型車,歩行者,自家用,対象外当事者,貨物車,対象外当事者,40㎞／ｈ以下,対象外当事者,50,00,小破,対象外当事者,その他,対象外当事者,その他,対象外当事者,損傷なし,死亡,木,その他,35.801873,139.880894,2020-12-17,18:43,red,,,,,,,,,,,,
本票,埼玉,手稲,0567,死亡,1,0,10670,対象外,0000,243,夜－夜,晴,非市街地,舗装－乾燥,単路－その他,環状交差点以外 環状交差点以外をいう。,施設なし,00,23,00,23,03,9,単路（交差点付近を含む）,規制なし,4,2,車両単独,35～44歳,不明,乗用車－軽自動車,物件等,自家用,対象外当事者,乗用車,対象外当事者,40㎞／ｈ以下,対象外当事者,81,00,中破,対象外当事者,その他,対象外当事者,その他,対象外当事者,損傷なし,対象外当事者,火,その他,35.894019,139.840246,2020-12-22,21:29,red,,,,,,,,,,,,