資料区分,都道府県コード,警察署等コード,本票番号,事故内容,死者数,負傷者数,路線コード,上下線,地点コード,市区町村コード,昼夜,天候,地形,路面状態,道路形状,環状交差点の直径,信号機,一時停止規制　標識（当事者A）,一時停止規制　表示（当事者A）,一時停止規制　標識（当事者B）,一時停止規制　表示（当事者B）,車道幅員,道路線形,衝突地点,ゾーン規制,中央分離帯施設等,歩車道区分,事故類型,年齢（当事者A）,年齢（当事者B）,当事者種別（当事者A）,当事者種別（当事者B）,用途別（当事者A）,用途別（当事者B）,車両形状（当事者A）,車両形状（当事者B）,速度規制（指定のみ）（当事者A）,速度規制（指定のみ）（当事者B）,車両の衝突部位（当事者A）,車両の衝突部位（当事者B）,車両の損壊程度（当事者A）,車両の損壊程度（当事者B）,エアバッグの装備（当事者A）,エアバッグの装備（当事者B）,サイドエアバッグの装備（当事者A）,サイドエアバッグの装備（当事者B）,人身損傷程度（当事者A）,人身損傷程度（当事者B）,曜日(発生年月日),祝日(発生年月日),緯度,経度,発生日,発生時,color,発生地点,道路管理者区分,道路区分,道路構造,曲線半径,縦断勾配,トンネル番号,当事者車両台数,車両単独事故の対象物,臨時速度規制の有無,速度規制（臨時のみ）,トンネル延長距離
本票,埼玉,東入間,0401,死亡,1,0,02540,対象外,0000,324,昼－明,曇,市街地－その他,舗装－乾燥,交差点－その他,環状交差点以外 環状交差点以外をいう。,点灯－押ボタン式,01,21,09,22,14,9,交差点内,規制なし,4,2,車両相互,55～64歳,45～54歳,貨物車－準中型車,二輪車－自動二輪－軽二輪－126～250cc,自家用,自家用,貨物車,対象外当事者,30㎞／ｈ以下,40㎞／ｈ以下,30,20,小破,大破,その他,対象外当事者,その他,対象外当事者,損傷なし,死亡,水,その他,35.833279,139.530684,2020-12-02,06:37,red,,,,,,,,,,,,
本票,埼玉,浦和西,0411,死亡,1,0,21650,対象外,0000,106,夜－夜,晴,市街地－人口集中,舗装－乾燥,単路－その他,環状交差点以外 環状交差点以外をいう。,施設なし,00,23,00,23,04,9,単路（交差点付近を含む）,規制なし,4,3,人対車両,55～64歳,75歳以上,貨物車－中型車,歩行者,事業用,対象外当事者,貨物車,対象外当事者,40㎞／ｈ以下,対象外当事者,10,00,小破,対象外当事者,その他,対象外当事者,その他,対象外当事者,損傷なし,死亡,月,その他,35.864473,139.629056,2020-12-07,01:40,red,,,,,,,,,,,,
本票,埼玉,浦和東,0207,死亡,1,0,95000,対象外,0000,109,夜－夜,曇,非市街地,非舗装,単路－その他,環状交差点以外 環状交差点以外をいう。,施設なし,00,23,00,23,01,9,その他,規制なし,5,4,車両単独,0～24歳,不明,貨物車－軽自動車,相手なし,事業用,対象外当事者,貨物車,対象外当事者,指定の速度規制なし等,対象外当事者,10,00,大破,対象外当事者,その他,対象外当事者,その他,対象外当事者,損傷なし,対象外当事者,水,その他,35.864248,139.713597,2020-08-12,22:23,red,,,,,,,,,,,,
本票,千葉,岩見沢,0660,死亡,1,0,22810,対象外,0000,207,夜－夜,晴,市街地－人口集中,舗装－乾燥,交差点－その他,環状交差点以外 環状交差点以外をいう。,点灯－押ボタン式,01,21,09,22,14,9,交差点内,規制なし,5,2,車両相互,55～64歳,65～74歳,乗用車－普通車,二輪車－自動二輪－原付二種－51～125cc,自家用,自家用,乗用車,対象外当事者,指定の速度規制なし等,40㎞／ｈ以下,40,10,大破,大破,その他,対象外当事者,その他,対象外当事者,損傷なし,死亡,火,その他,35.789572,139.932622,2020-12-29,19:42,red,,,,,,,,,,,,
本票,千葉,美唄,0511,死亡,1,0,30000,対象外,0000,233,夜－暮,曇,市街地－その他,舗装－乾燥,単路－その他,環状交差点以外 環状交差点以外をいう。,施設なし,00,23,00,23,03,9,単路（交差点付近を含む）,規制なし,4,2,人対車両,55～64歳,75歳以上,乗用車－軽自動車,歩行者,自家用,対象外当事者,乗用車,対象外当事者,40㎞／ｈ以下,対象外当事者,80,00,中破,対象外当事者,その他,対象外当事者,その他,対象外当事者,損傷なし,死亡,金,その他,35.725866,140.335289,2020-12-04,17:06,red,,,,,,,,,,,,
本票,千葉,伊達,0315,死亡,1,0,21280,対象外,0000,426,昼－昼,晴,非市街地,舗装－乾燥,交差点－その他,環状交差点以外 環状交差点以外をいう。,施設なし,09,22,09,22,15,3,交差点内,規制なし,4,4,車両相互,65～74歳,45～54歳,乗用車－軽自動車,二輪車－自動二輪－小型二輪－401～750ｃｃ,自家用,自家用,乗用車,対象外当事者,指定の速度規制なし等,指定の速度規制なし等,80,10,中破,中破,その他,対象外当事者,その他,対象外当事者,損傷なし,死亡,日,その他,35.454394,140.242607,2020-12-20,10:40,red,,,,,,,,,,,,
本票,千葉,浦河,0664,死亡,1,0,21260,対象外,0000,219,夜－明,晴,市街地－その他,舗装－乾燥,交差点－その他,環状交差点以外 環状交差点以外をいう。,施設なし,09,22,00,23,14,9,交差点内,規制なし,4,2,人対車両,55～64歳,75歳以上,乗用車－軽自動車,歩行者,自家用,対象外当事者,乗用車,対象外当事者,指定の速度規制なし等,対象外当事者,88,00,中破,対象外当事者,その他,対象外当事者,その他,対象外当事者,損傷なし,死亡,金,その他,35.539182,140.138068,2020-12-04,06:10,red,,,,,,,,,,,,
本票,千葉,浦河,0685,死亡,1,0,30000,対象外,0000,219,夜－夜,曇,市街地－人口集中,舗装－乾燥,交差点－その他,環状交差点以外 環状交差点以外をいう。,施設なし,09,22,00,23,19,9,交差点内,規制なし,4,1,人対車両,0～24歳,75歳以上,乗用車－普通車,歩行者,自家用,対象外当事者,乗用車,対象外当事者,50㎞／ｈ以下,対象外当事者,80,00,小破,対象外当事者,その他,対象外当事者,その他,対象外当事者,損傷なし,死亡,月,その他,35.523080,140.127704,2020-12-14,18:38,red,,,,,,,,,,,,
本票,千葉,浦河,0700,死亡,1,0,30000,対象外,0000,219,夜－明,晴,市街地－その他,舗装－乾燥,交差点付近－その他,環状交差点以外 環状交差点以外をいう。,施設なし,00,23,00,23,04,9,単路（交差点付近を含む）,規制なし,1,2,人対車両,45～54歳,75歳以上,貨物車－軽自動車,歩行者,自家用,対象外当事者,貨物車,対象外当事者,指定の速度規制なし等,対象外当事者,10,00,中破,対象外当事者,その他,対象外当事者,その他,対象外当事者,損傷なし,死亡,土,その他,35.472103,140.043743,2020-12-19,06:22,red,,,,,,,,,,,,
本票,千葉,北,0536,死亡,1,0,30000,対象外,0000,206,夜－夜,晴,市街地－その他,舗装－乾燥,交差点－その他,環状交差点以外 環状交差点以外をいう。,施設なし,09,22,00,23,15,9,交差点内,規制なし,5,2,人対車両,55～64歳,75歳以上,乗用車－軽自動車,歩行者,自家用,対象外当事者,乗用車,対象外当事者,40㎞／ｈ以下,対象外当事者,10,00,中破,対象外当事者,その他,対象外当事者,その他,対象外当事者,損傷なし,死亡,木,その他,35.389043,139.965251,2020-12-03,19:40,red,,,,,,,,,,,,
本票,千葉,豊平,0232,死亡,1,0,99000,対象外,0000,225,昼－昼,曇,非市街地,舗装－乾燥,一般交通の場所,環状交差点以外 環状交差点以外をいう。,施設なし,00,23,00,23,00,0,その他,規制なし,0,4,車両単独,75歳以上,不明,二輪車－原付自転車,相手なし,自家用,対象外当事者,対象外当事者,対象外当事者,指定の速度規制なし等,対象外当事者,10,00,小破,対象外当事者,対象外当事者,対象外当事者,対象外当事者,対象外当事者,死亡,対象外当事者,金,その他,35.307855,139.958293,2020-12-11,10:42,red,,,,,,,,,,,,
本票,千葉,新座,0441,死亡,1,0,10570,対象外,0000,204,昼－昼,晴,市街地－その他,舗装－乾燥,交差点－その他,環状交差点以外 環状交差点以外をいう。,施設なし,01,21,00,23,14,9,交差点内,規制なし,4,2,人対車両,65～74歳,65～74歳,乗用車－軽自動車,歩行者,自家用,対象外当事者,乗用車,対象外当事者,30㎞／ｈ以下,対象外当事者,10,00,小破,対象外当事者,その他,対象外当事者,その他,対象外当事者,損傷なし,死亡,日,その他,35.751964,140.049155,2020-12-20,11:28,red,,,,,,,,,,,,
本票,千葉,千葉東,0323,死亡,1,0,30000,対象外,0000,104,夜－夜,晴,市街地－人口集中,舗装－乾燥,単路－その他,環状交差点以外 環状交差点以外をいう。,施設なし,00,23,00,23,03,9,単路（交差点付近を含む）,規制なし,4,2,人対車両,45～54歳,75歳以上,貨物車－軽自動車,歩行者,事業用,対象外当事者,貨物車,対象外当事者,40㎞／ｈ以下,対象外当事者,50,00,中破,対象外当事者,その他,対象外当事者,その他,対象外当事者,損傷なし,死亡,金,その他,35.618831,140.170909,2020-12-25,20:19,red,,,,,,,,,,,,
本票,千葉,千葉北,0587,死亡,1,0,01260,下,0000,103,夜－夜,晴,市街地－人口集中,舗装－乾燥,交差点－その他,環状交差点以外 環状交差点以外をいう。,点灯－３灯式,09,22,09,22,15,3,交差点内,規制なし,5,2,車両相互,35～44歳,45～54歳,乗用車－普通車,二輪車－自動二輪－原付二種－51～125cc,自家用,自家用,乗用車,対象外当事者,30㎞／ｈ以下,30㎞／ｈ以下,50,10,小破,中破,その他,対象外当事者,その他,対象外当事者,損傷なし,死亡,水,その他,35.628223,140.113846,2020-12-23,21:16,red,,,,,,,,,,,,
本票,神奈川,高速道路交通警察隊,0155,死亡,1,0,52100,下,0000,212,昼－昼,晴,非市街地,舗装－乾燥,単路－カーブ・屈折,環状交差点以外 環状交差点以外をいう。,施設なし,00,23,00,23,04,6,単路（交差点付近を含む）,規制なし,1,4,人対車両,35～44歳,45～54歳,乗用車－普通車,歩行者,自家用,対象外当事者,乗用車,対象外当事者,80㎞／ｈ以下,対象外当事者,00,00,小破,対象外当事者,その他,対象外当事者,その他,対象外当事者,損傷なし,死亡,日,その他,35.500006,139.365637,2020-06-07,11:47,red,191,中日本高速道路,追越車線,完全分離－盛土,カーブ－100m未満,平坦－１％未満,,2,該当なし,該当なし,該当なし,0
本票,神奈川,千葉北,0279,死亡,1,0,30000,対象外,0000,113,夜－夜,晴,市街地－人口集中,舗装－乾燥,単路－カーブ・屈折,環状交差点以外 環状交差点以外をいう。,施設なし,00,23,00,23,03,3,単路（交差点付近を含む）,規制なし,4,1,車両単独,45～54歳,不明,二輪車－自動二輪－原付二種－51～125cc,物件等,自家用,対象外当事者,対象外当事者,対象外当事者,30㎞／ｈ以下,対象外当事者,10,00,小破,対象外当事者,対象外当事者,対象外当事者,対象外当事者,対象外当事者,死亡,対象外当事者,金,その他,35.506678,139.579100,2020-11-20,21:08,red,,,,,,,,,,,,
本票,神奈川,港北,0498,死亡,1,1,21400,対象外,0000,109,昼－昼,晴,市街地－人口集中,舗装－乾燥,交差点－その他,環状交差点以外 環状交差点以外をいう。,点灯－３灯式,09,22,09,22,15,9,交差点内,規制なし,5,2,車両相互,75歳以上,45～54歳,乗用車－普通車,二輪車－自動二輪－原付二種－51～125cc,自家用,自家用,乗用車,対象外当事者,指定の速度規制なし等,40㎞／ｈ以下,10,10,大破,小破,装備あり 作動,対象外当事者,その他,対象外当事者,死亡,損傷なし,火,その他,35.524427,139.603831,2020-12-08,09:40,red,,,,,,,,,,,,
本票,神奈川,旭,0526,死亡,1,0,10450,対象外,0000,112,夜－夜,晴,市街地－人口集中,舗装－乾燥,交差点－その他,環状交差点以外 環状交差点以外をいう。,点灯－押ボタン式,09,22,00,23,18,9,交差点内,規制なし,5,2,人対車両,45～54歳,75歳以上,乗用車－軽自動車,歩行者,自家用,対象外当事者,乗用車,対象外当事者,60㎞／ｈ以下,対象外当事者,80,00,小破,対象外当事者,その他,対象外当事者,その他,対象外当事者,損傷なし,死亡,水,その他,35.483994,139.517806,2020-12-16,20:39,red,,,,,,,,,,,,
本票,神奈川,川崎,0415,死亡,1,0,30800,対象外,0000,131,夜－夜,晴,市街地－人口集中,舗装－乾燥,交差点－その他,環状交差点以外 環状交差点以外をいう。,点灯－３灯式,09,22,09,22,19,9,交差点内,規制なし,5,1,車両相互,25～34歳,0～24歳,乗用車－軽自動車,二輪車－自動二輪－原付二種－51～125cc,自家用,自家用,乗用車,対象外当事者,50㎞／ｈ以下,50㎞／ｈ以下,70,10,小破,中破,その他,対象外当事者,その他,対象外当事者,損傷なし,死亡,日,その他,35.524768,139.722582,2020-12-06,19:00,red,,,,,,,,,,,,
本票,神奈川,宮前,0409,死亡,1,0,30000,対象外,0000,136,昼－昼,晴,市街地－人口集中,舗装－乾燥,交差点－その他,環状交差点以外 環状交差点以外をいう。,施設なし,09,22,00,23,14,8,交差点内,規制なし,5,2,車両単独,75歳以上,不明,軽車両－自転車,相手なし,対象外当事者,対象外当事者,対象外当事者,対象外当事者,対象外当事者,対象外当事者,12,00,小破,対象外当事者,対象外当事者,対象外当事者,対象外当事者,対象外当事者,死亡,対象外当事者,日,その他,35.584829,139.598834,2020-12-27,11:55,red,,,,,,,,,,,,
本票,神奈川,鎌倉,0263,死亡,1,0,30000,対象外,0000,204,昼－昼,晴,市街地－人口集中,舗装－乾燥,交差点－その他,環状交差点以外 環状交差点以外をいう。,施設なし,09,22,00,23,11,9,交差点内,規制なし,5,2,人対車両,55～64歳,75歳以上,貨物車－準中型車,歩行者,事業用,対象外当事者,貨物車,対象外当事者,指定の速度規制なし等,対象外当事者,30,00,損壊なし,対象外当事者,その他,対象外当事者,その他,対象外当事者,損傷なし,死亡,金,その他,35.316781,139.549881,2020-12-25,08:14,red,,,,,,,,,,,,
本票,神奈川,大船,0133,死亡,1,1,10210,対象外,0000,204,昼－昼,晴,市街地－その他,舗装－乾燥,単路－その他,環状交差点以外 環状交差点以外をいう。,施設なし,00,23,00,23,03,9,単路（交差点付近を含む）,規制なし,4,3,車両相互,25～34歳,65～74歳,乗用車－軽自動車,二輪車－自動二輪－小型二輪－751ｃｃ以上,自家用,自家用,乗用車,対象外当事者,40㎞／ｈ以下,40㎞／ｈ以下,11,10,中破,小破,装備あり 作動,対象外当事者,その他,対象外当事者,損傷なし,負傷,木,前日,35.340106,139.540975,2020-12-31,08:16,red,,,,,,,,,,,,
本票,神奈川,藤沢,0492,死亡,1,0,30000,対象外,0000,205,夜－夜,晴,市街地－人口集中,舗装－乾燥,交差点－その他,環状交差点以外 環状交差点以外をいう。,点灯－３灯式,09,22,00,23,15,8,交差点内,規制なし,5,1,人対車両,45～54歳,35～44歳,貨物車－軽自動車,歩行者,自家用,対象外当事者,貨物車,対象外当事者,30㎞／ｈ以下,対象外当事者,50,00,中破,対象外当事者,その他,対象外当事者,その他,対象外当事者,損傷なし,死亡,日,その他,35.344974,139.495437,2020-12-27,05:14,red,,,,,,,,,,,,
本票,神奈川,平塚,0722,死亡,1,0,01290,対象外,0000,203,夜－夜,晴,市街地－人口集中,舗装－乾燥,交差点－その他,環状交差点以外 環状交差点以外をいう。,点灯－３灯式,09,22,00,23,18,9,交差点内,規制なし,5,1,人対車両,65～74歳,75歳以上,乗用車－普通車,歩行者,事業用,対象外当事者,乗用車,対象外当事者,50㎞／ｈ以下,対象外当事者,10,00,小破,対象外当事者,その他,対象外当事者,その他,対象外当事者,損傷なし,死亡,火,その他,35.333215,139.358796,2020-12-22,22:49,red,,,,,,,,,,,,
本票,神奈川,松田,0191,死亡,2,0,27111,対象外,0000,362,昼－昼,晴,非市街地,舗装－乾燥,単路－その他,環状交差点以外 環状交差点以外をいう。,施設なし,00,23,00,23,04,9,単路（交差点付近を含む）,規制なし,4,2,車両相互,55～64歳,55～64歳,貨物車－大型車,乗用車－普通車,自家用,自家用,貨物車,乗用車,50㎞／ｈ以下,50㎞／ｈ以下,50,10,中破,大破,その他,装備あり 作動,その他,その他,損傷なし,死亡,金,その他,35.331939,139.142544,2020-12-04,11:43,red,,,,,,,,,,,,
本票,神奈川,相模原,0843,死亡,1,5,00160,上,0299,152,夜－夜,晴,市街地－人口集中,舗装－乾燥,交差点－その他,環状交差点以外 環状交差点以外をいう。,点灯－３灯式,09,22,09,22,19,9,交差点内,規制なし,5,1,車両相互,0～24歳,25～34歳,乗用車－普通車,乗用車－軽自動車,自家用,自家用,乗用車,乗用車,指定の速度規制なし等,指定の速度規制なし等,84,10,中破,大破,装備あり 作動,装備あり 作動,装備あり 作動,装備あり 作動,負傷,死亡,火,その他,35.581714,139.356809,2020-12-29,23:21,red,,,,,,,,,,,,
本票,神奈川,相模原南,0644,死亡,1,0,30000,対象外,0000,153,昼－昼,晴,非市街地,舗装－乾燥,単路－その他,環状交差点以外 環状交差点以外をいう。,施設なし,00,23,00,23,03,9,単路（交差点付近を含む）,規制なし,4,2,車両相互,65～74歳,65～74歳,乗用車－普通車,軽車両－自転車,自家用,対象外当事者,乗用車,対象外当事者,指定の速度規制なし等,対象外当事者,80,10,小破,大破,その他,対象外当事者,その他,対象外当事者,損傷なし,死亡,月,その他,35.519085,139.390943,2020-12-07,11:20,red,,,,,,,,,,,,
本票,神奈川,海老名,0277,死亡,1,0,30000,対象外,0000,215,夜－夜,曇,非市街地,舗装－湿潤,交差点付近－その他,環状交差点以外 環状交差点以外をいう。,施設なし,00,23,00,23,03,9,単路（交差点付近を含む）,規制なし,4,2,人対車両,55～64歳,55～64歳,貨物車－大型車,歩行者,事業用,対象外当事者,貨物車,対象外当事者,指定の速度規制なし等,対象外当事者,50,00,小破,対象外当事者,その他,対象外当事者,その他,対象外当事者,損傷なし,死亡,水,その他,35.411313,139.381732,2020-12-02,20:21,red,,,,,,,,,,,,
本票,新潟,白石,0299,死亡,1,0,99000,対象外,0000,103,昼－昼,曇,市街地－人口集中,舗装－乾燥,一般交通の場所,環状交差点以外 環状交差点以外をいう。,施設なし,00,23,00,23,00,0,その他,規制なし,0,4,車両単独,75歳以上,不明,乗用車－普通車,相手なし,自家用,対象外当事者,乗用車,対象外当事者,指定の速度規制なし等,対象外当事者,10,00,大破,対象外当事者,その他,対象外当事者,その他,対象外当事者,死亡,対象外当事者,水,その他,37.929497,139.060814,2020-12-09,14:55,red,,,,,,,,,,,,
本票,新潟,小樽,0210,死亡,1,0,14080,対象外,0000,204,昼－昼,曇,市街地－人口集中,舗装－湿潤,交差点－その他,環状交差点以外 環状交差点以外をいう。,施設なし,09,22,09,22,15,9,交差点内,規制なし,4,3,車両相互,65～74歳,75歳以上,乗用車－軽自動車,軽車両－自転車,自家用,対象外当事者,乗用車,対象外当事者,40㎞／ｈ以下,対象外当事者,10,30,小破,小破,その他,対象外当事者,その他,対象外当事者,損傷なし,死亡,金,その他,37.619022,138.956058,2020-12-11,08:59,red,,,,,,,,,,,,
本票,新潟,倶知安,0206,死亡,1,0,37710,対象外,0000,202,夜－夜,曇,非市街地,舗装－積雪,単路－その他,環状交差点以外 環状交差点以外をいう。,施設なし,00,23,00,23,01,8,単路（交差点付近を含む）,規制なし,5,4,車両単独,55～64歳,不明,貨物車－大型車,物件等,事業用,対象外当事者,貨物車,対象外当事者,指定の速度規制なし等,対象外当事者,62,00,小破,対象外当事者,その他,対象外当事者,その他,対象外当事者,死亡,対象外当事者,火,その他,37.383739,138.859831,2020-12-29,01:44,red,,,,,,,,,,,,
本票,新潟,浦河,0069,死亡,1,0,00080,下,0841,205,夜－暮,雨,非市街地,舗装－湿潤,交差点付近－その他,環状交差点以外 環状交差点以外をいう。,施設なし,00,23,00,23,04,9,単路（交差点付近を含む）,規制なし,4,2,人対車両,55～64歳,75歳以上,貨物車－普通車,歩行者,自家用,対象外当事者,貨物車,対象外当事者,指定の速度規制なし等,対象外当事者,50,00,小破,対象外当事者,その他,対象外当事者,その他,対象外当事者,損傷なし,死亡,土,その他,37.405303,138.639100,2020-12-12,16:55,red,,,,,,,,,,,,
本票,新潟,浦和西,0186,死亡,1,0,14130,対象外,0000,222,夜－暮,雨,非市街地,舗装－湿潤,交差点－その他,環状交差点以外 環状交差点以外をいう。,施設なし,09,22,00,23,14,9,交差点内,規制なし,4,2,人対車両,45～54歳,75歳以上,貨物車－軽自動車,歩行者,自家用,対象外当事者,貨物車,対象外当事者,50㎞／ｈ以下,対象外当事者,50,00,中破,対象外当事者,その他,対象外当事者,その他,対象外当事者,損傷なし,死亡,日,その他,37.118692,138.323747,2020-12-13,17:23,red,,,,,,,,,,,,
本票,山梨,中央,0315,死亡,1,0,90000,対象外,0000,201,夜－夜,晴,市街地－その他,舗装－乾燥,単路－その他,環状交差点以外 環状交差点以外をいう。,施設なし,00,23,00,23,01,7,単路（交差点付近を含む）,規制なし,5,4,車両単独,65～74歳,不明,軽車両－自転車,相手なし,対象外当事者,対象外当事者,対象外当事者,対象外当事者,対象外当事者,対象外当事者,20,00,小破,対象外当事者,対象外当事者,対象外当事者,対象外当事者,対象外当事者,死亡,対象外当事者,土,その他,35.672781,138.576949,2020-12-05,18:20,red,,,,,,,,,,,,
本票,山梨,千歳,0039,死亡,1,0,30000,対象外,0000,346,昼－昼,晴,非市街地,舗装－乾燥,単路－その他,環状交差点以外 環状交差点以外をいう。,施設なし,00,23,00,23,02,7,その他,規制なし,5,4,車両単独,65～74歳,不明,貨物車－軽自動車,相手なし,自家用,対象外当事者,貨物車,対象外当事者,指定の速度規制なし等,対象外当事者,80,00,小破,対象外当事者,その他,対象外当事者,その他,対象外当事者,死亡,対象外当事者,水,その他,35.470841,138.446668,2020-03-11,10:30,red,,,,,,,,,,,,
本票,山梨,野辺地,0076,死亡,1,0,30000,対象外,0000,205,夜－夜,晴,市街地－人口集中,舗装－乾燥,交差点付近－その他,環状交差点以外 環状交差点以外をいう。,施設なし,00,23,00,23,04,8,単路（交差点付近を含む）,規制なし,4,3,人対車両,45～54歳,75歳以上,貨物車－普通車,歩行者,自家用,対象外当事者,貨物車,対象外当事者,40㎞／ｈ以下,対象外当事者,80,00,中破,対象外当事者,その他,対象外当事者,その他,対象外当事者,損傷なし,死亡,火,その他,35.742503,138.715294,2020-12-22,18:05,red,,,,,,,,,,,,
本票,山梨,三戸,0190,死亡,1,0,30000,対象外,0000,424,昼－昼,晴,非市街地,舗装－乾燥,単路－その他,環状交差点以外 環状交差点以外をいう。,施設なし,00,23,00,23,03,9,単路（交差点付近を含む）,規制なし,4,3,人対車両,75歳以上,0～24歳,乗用車－普通車,歩行者,自家用,対象外当事者,乗用車,対象外当事者,40㎞／ｈ以下,対象外当事者,10,00,小破,対象外当事者,その他,対象外当事者,その他,対象外当事者,損傷なし,死亡,土,その他,35.461120,138.830288,2020-12-05,12:00,red,,,,,,,,,,,,
本票,長野,東,0117,死亡,1,0,37000,対象外,0000,207,昼－昼,晴,非市街地,舗装－凍結,踏切－第一種,環状交差点以外 環状交差点以外をいう。,施設なし,00,23,00,23,02,9,その他,規制なし,5,4,列車,75歳以上,25～34歳,乗用車－軽自動車,列車,自家用,対象外当事者,乗用車,対象外当事者,指定の速度規制なし等,対象外当事者,52,10,大破,中破,装備あり 作動,対象外当事者,その他,対象外当事者,死亡,損傷なし,木,その他,36.670141,138.309442,2020-12-17,09:25,red,,,,,,,,,,,,
本票,長野,三戸,0072,死亡,1,1,00180,対象外,0000,208,夜－夜,雪,市街地－その他,舗装－乾燥,単路－その他,環状交差点以外 環状交差点以外をいう。,施設なし,00,23,00,23,04,9,単路（交差点付近を含む）,規制なし,4,2,車両相互,45～54歳,45～54歳,貨物車－大型車,乗用車－普通車,事業用,自家用,貨物車,乗用車,50㎞／ｈ以下,50㎞／ｈ以下,10,10,小破,大破,その他,装備あり 作動,その他,その他,負傷,死亡,木,その他,36.337499,138.409063,2020-12-17,05:15,red,,,,,,,,,,,,
本票,長野,伊達,0109,死亡,1,0,37000,対象外,0000,204,昼－昼,晴,市街地－人口集中,舗装－乾燥,交差点－その他,環状交差点以外 環状交差点以外をいう。,施設なし,01,21,00,23,11,9,交差点内,規制なし,5,4,人対車両,45～54歳,75歳以上,貨物車－普通車,歩行者,自家用,対象外当事者,貨物車,対象外当事者,指定の速度規制なし等,対象外当事者,80,00,損壊なし,対象外当事者,その他,対象外当事者,その他,対象外当事者,損傷なし,死亡,火,その他,36.067414,138.045654,2020-12-01,14:20,red,,,,,,,,,,,,
本票,長野,苫小牧,0187,死亡,1,0,01530,対象外,0000,382,夜－夜,晴,非市街地,舗装－乾燥,単路－その他,環状交差点以外 環状交差点以外をいう。,施設なし,00,23,00,23,03,8,単路（交差点付近を含む）,規制なし,4,3,人対車両,25～34歳,75歳以上,乗用車－軽自動車,歩行者,自家用,対象外当事者,乗用車,対象外当事者,40㎞／ｈ以下,対象外当事者,80,00,小破,対象外当事者,その他,対象外当事者,その他,対象外当事者,損傷なし,死亡,火,その他,35.979138,137.984105,2020-12-29,01:40,red,,,,,,,,,,,,
本票,静岡,東,0625,死亡,1,2,37000,対象外,0000,325,昼－暮,晴,市街地－その他,舗装－乾燥,交差点－その他,環状交差点以外 環状交差点以外をいう。,施設なし,09,22,00,23,15,7,交差点内,規制なし,4,2,車両単独,75歳以上,不明,乗用車－普通車,物件等,自家用,対象外当事者,乗用車,対象外当事者,指定の速度規制なし等,対象外当事者,81,00,中破,対象外当事者,装備あり 作動,対象外当事者,その他,対象外当事者,負傷,対象外当事者,金,その他,35.080935,138.959196,2020-12-11,16:11,red,,,,,,,,,,,,
本票,静岡,滝川,1185,死亡,1,0,10740,対象外,0000,101,夜－暮,晴,市街地－人口集中,舗装－乾燥,交差点付近－その他,環状交差点以外 環状交差点以外をいう。,施設なし,00,23,00,23,04,9,単路（交差点付近を含む）,規制なし,3,2,人対車両,45～54歳,75歳以上,乗用車－軽自動車,歩行者,自家用,対象外当事者,乗用車,対象外当事者,50㎞／ｈ以下,対象外当事者,50,00,小破,対象外当事者,その他,対象外当事者,その他,対象外当事者,損傷なし,死亡,火,その他,34.993891,138.414796,2020-12-01,17:00,red,,,,,,,,,,,,
本票,静岡,滝川,1198,死亡,1,0,00011,下,1838,101,夜－明,曇,市街地－その他,舗装－乾燥,単路－その他,環状交差点以外 環状交差点以外をいう。,施設なし,00,23,00,23,01,9,単路（交差点付近を含む）,規制なし,1,3,車両相互,55～64歳,55～64歳,貨物車－大型車,二輪車－自動二輪－原付二種－51～125cc,事業用,自家用,貨物車,対象外当事者,40㎞／ｈ以下,40㎞／ｈ以下,30,10,小破,大破,その他,対象外当事者,その他,対象外当事者,損傷なし,死亡,土,その他,34.979333,138.349202,2020-12-05,05:55,red,,,,,,,,,,,,
本票,静岡,赤歌,1269,死亡,1,0,37000,対象外,0000,102,夜－夜,晴,市街地－人口集中,舗装－乾燥,単路－橋,環状交差点以外 環状交差点以外をいう。,施設なし,00,23,00,23,03,1,単路（交差点付近を含む）,規制なし,4,3,車両単独,65～74歳,不明,二輪車－自動二輪－原付二種－51～125cc,物件等,自家用,対象外当事者,対象外当事者,対象外当事者,30㎞／ｈ以下,対象外当事者,14,00,小破,対象外当事者,対象外当事者,対象外当事者,対象外当事者,対象外当事者,死亡,対象外当事者,土,その他,34.990698,138.424863,2020-12-05,17:50,red,,,,,,,,,,,,
本票,静岡,北,1993,死亡,1,0,00010,上,2638,134,夜－夜,晴,非市街地,舗装－乾燥,単路－その他,環状交差点以外 環状交差点以外をいう。,施設なし,00,23,00,23,05,9,単路（交差点付近を含む）,規制なし,1,1,車両単独,45～54歳,不明,貨物車－軽自動車,物件等,自家用,対象外当事者,貨物車,対象外当事者,60㎞／ｈ以下,対象外当事者,82,00,大破,対象外当事者,その他,対象外当事者,その他,対象外当事者,死亡,対象外当事者,火,その他,34.673794,137.696255,2020-12-22,00:53,red,,,,,,,,,,,,