資料区分,都道府県コード,警察署等コード,本票番号,事故内容,死者数,負傷者数,路線コード,上下線,地点コード,市区町村コード,昼夜,天候,地形,路面状態,道路形状,環状交差点の直径,信号機,一時停止規制　標識（当事者A）,一時停止規制　表示（当事者A）,一時停止規制　標識（当事者B）,一時停止規制　表示（当事者B）,車道幅員,道路線形,衝突地点,ゾーン規制,中央分離帯施設等,歩車道区分,事故類型,年齢（当事者A）,年齢（当事者B）,当事者種別（当事者A）,当事者種別（当事者B）,用途別（当事者A）,用途別（当事者B）,車両形状（当事者A）,車両形状（当事者B）,速度規制（指定のみ）（当事者A）,速度規制（指定のみ）（当事者B）,車両の衝突部位（当事者A）,車両の衝突部位（当事者B）,車両の損壊程度（当事者A）,車両の損壊程度（当事者B）,エアバッグの装備（当事者A）,エアバッグの装備（当事者B）,サイドエアバッグの装備（当事者A）,サイドエアバッグの装備（当事者B）,人身損傷程度（当事者A）,人身損傷程度（当事者B）,曜日(発生年月日),祝日(発生年月日),緯度,経度,発生日,発生時,color,発生地点,道路管理者区分,道路区分,道路構造,曲線半径,縦断勾配,トンネル番号,当事者車両台数,車両単独事故の対象物,臨時速度規制の有無,速度規制（臨時のみ）,トンネル延長距離
本票,大阪,北,0362,死亡,1,0,10590,対象外,0083,125,夜－夜,晴,市街地－人口集中,舗装－乾燥,交差点付近－その他,環状交差点以外 環状交差点以外をいう。,点灯－３灯式,00,23,00,23,05,9,単路（交差点付近を含む）,規制なし,5,1,人対車両,55～64歳,75歳以上,乗用車－普通車,歩行者,事業用,対象外当事者,乗用車,対象外当事者,50㎞／ｈ以下,対象外当事者,10,00,小破,対象外当事者,その他,対象外当事者,その他,対象外当事者,損傷なし,死亡,木,前日,34.623388,135.491402,2020-12-31,22:57,red,,,,,,,,,,,,
本票,大阪,江差,0487,死亡,1,0,20040,対象外,0072,141,夜－夜,雨,市街地－人口集中,舗装－湿潤,交差点－その他,環状交差点以外 環状交差点以外をいう。,点灯－３灯式,09,22,00,23,18,9,交差点内,規制なし,5,1,車両単独,55～64歳,不明,乗用車－普通車,物件等,自家用,対象外当事者,乗用車,対象外当事者,40㎞／ｈ以下,対象外当事者,80,00,中破,対象外当事者,装備あり 作動,対象外当事者,その他,対象外当事者,死亡,対象外当事者,水,その他,34.586747,135.484472,2020-12-30,05:55,red,,,,,,,,,,,,
本票,大阪,泉大津,0365,死亡,1,0,10090,対象外,0268,206,夜－明,晴,市街地－その他,舗装－乾燥,交差点－その他,環状交差点以外 環状交差点以外をいう。,点灯－３灯式,09,22,00,23,19,9,交差点内,規制なし,1,2,車両単独,45～54歳,不明,二輪車－自動二輪－原付二種－51～125cc,物件等,自家用,対象外当事者,対象外当事者,対象外当事者,60㎞／ｈ以下,対象外当事者,10,00,小破,対象外当事者,対象外当事者,対象外当事者,対象外当事者,対象外当事者,死亡,対象外当事者,火,その他,34.503718,135.389614,2020-12-22,06:12,red,,,,,,,,,,,,
本票,大阪,貝塚,0258,死亡,1,1,00260,下,0334,208,昼－昼,晴,市街地－人口集中,舗装－乾燥,交差点－その他,環状交差点以外 環状交差点以外をいう。,点灯－３灯式,09,22,09,22,18,9,交差点内,規制なし,5,1,車両相互,45～54歳,75歳以上,二輪車－自動二輪－軽二輪－126～250cc,軽車両－自転車,自家用,対象外当事者,対象外当事者,対象外当事者,60㎞／ｈ以下,対象外当事者,10,40,中破,大破,対象外当事者,対象外当事者,対象外当事者,対象外当事者,負傷,死亡,日,その他,34.442568,135.364804,2020-12-06,07:59,red,,,,,,,,,,,,
本票,大阪,蒲田,0581,死亡,1,1,20050,対象外,0039,227,夜－夜,晴,市街地－その他,舗装－乾燥,交差点付近－その他,環状交差点以外 環状交差点以外をいう。,点灯－３灯式,00,23,00,23,03,6,単路（交差点付近を含む）,規制なし,4,1,車両相互,0～24歳,0～24歳,貨物車－準中型車,乗用車－普通車,事業用,自家用,貨物車,乗用車,40㎞／ｈ以下,40㎞／ｈ以下,50,50,中破,大破,装備あり 作動,装備あり 作動,その他,その他,負傷,死亡,金,その他,34.697078,135.605138,2020-12-25,01:44,red,,,,,,,,,,,,
本票,大阪,東京空港,0645,死亡,1,0,30990,対象外,0000,212,夜－暮,曇,市街地－人口集中,舗装－乾燥,踏切－第一種,環状交差点以外 環状交差点以外をいう。,施設なし,00,23,00,23,01,9,その他,規制なし,5,4,列車,45～54歳,75歳以上,列車,軽車両－自転車,対象外当事者,対象外当事者,対象外当事者,対象外当事者,対象外当事者,対象外当事者,10,20,小破,大破,対象外当事者,対象外当事者,対象外当事者,対象外当事者,損傷なし,死亡,木,その他,34.628162,135.616629,2020-12-24,17:18,red,,,,,,,,,,,,
本票,大阪,東京空港,0649,死亡,1,1,30990,対象外,0000,212,夜－夜,晴,市街地－人口集中,舗装－乾燥,交差点付近－その他,環状交差点以外 環状交差点以外をいう。,施設なし,00,23,00,23,03,3,その他,規制なし,4,4,車両単独,45～54歳,不明,乗用車－普通車,物件等,自家用,対象外当事者,乗用車,対象外当事者,40㎞／ｈ以下,対象外当事者,10,00,大破,対象外当事者,装備あり 作動,対象外当事者,その他,対象外当事者,負傷,対象外当事者,金,その他,34.592915,135.594135,2020-12-25,21:59,red,,,,,,,,,,,,
本票,大阪,門真,0461,死亡,1,0,00011,下,0263,223,夜－明,晴,市街地－人口集中,舗装－乾燥,単路－橋,環状交差点以外 環状交差点以外をいう。,施設なし,00,23,00,23,05,9,単路（交差点付近を含む）,規制なし,4,4,車両相互,35～44歳,0～24歳,貨物車－大型車,二輪車－自動二輪－軽二輪－126～250cc,事業用,自家用,貨物車,対象外当事者,指定の速度規制なし等,指定の速度規制なし等,60,10,小破,大破,その他,対象外当事者,その他,対象外当事者,損傷なし,死亡,金,その他,34.737621,135.612775,2020-12-25,06:55,red,,,,,,,,,,,,
本票,兵庫,美唄,0360,死亡,1,0,15030,対象外,0020,102,夜－夜,晴,市街地－人口集中,舗装－乾燥,交差点－その他,環状交差点以外 環状交差点以外をいう。,点灯－３灯式,09,22,09,22,18,9,交差点内,規制なし,5,1,車両相互,35～44歳,0～24歳,乗用車－普通車,二輪車－自動二輪－小型二輪－401～750ｃｃ,自家用,自家用,乗用車,対象外当事者,50㎞／ｈ以下,50㎞／ｈ以下,40,10,中破,大破,その他,対象外当事者,装備あり 作動,対象外当事者,損傷なし,死亡,日,その他,34.716481,135.235998,2020-12-13,17:56,red,,,,,,,,,,,,
本票,兵庫,小樽,0567,死亡,1,0,37250,対象外,0030,108,夜－暮,晴,市街地－人口集中,舗装－乾燥,単路－カーブ・屈折,環状交差点以外 環状交差点以外をいう。,施設なし,00,23,00,23,05,3,単路（交差点付近を含む）,規制なし,4,2,車両相互,65～74歳,75歳以上,乗用車－軽自動車,二輪車－自動二輪－原付二種－51～125cc,自家用,自家用,乗用車,対象外当事者,50㎞／ｈ以下,50㎞／ｈ以下,10,40,中破,中破,装備あり 作動,対象外当事者,その他,対象外当事者,損傷なし,死亡,日,その他,34.649598,135.033827,2020-12-20,17:48,red,,,,,,,,,,,,
本票,兵庫,小樽,0583,死亡,1,0,00020,上,0445,108,夜－明,晴,市街地－人口集中,舗装－乾燥,交差点－その他,環状交差点以外 環状交差点以外をいう。,施設なし,09,22,00,23,14,9,交差点内,規制なし,4,1,人対車両,45～54歳,75歳以上,乗用車－普通車,歩行者,自家用,対象外当事者,乗用車,対象外当事者,50㎞／ｈ以下,対象外当事者,50,00,中破,対象外当事者,その他,対象外当事者,その他,対象外当事者,損傷なし,死亡,火,その他,34.632794,135.081086,2020-12-29,06:35,red,,,,,,,,,,,,
本票,兵庫,小樽,0586,死亡,1,0,39990,対象外,0000,108,夜－暮,晴,市街地－人口集中,舗装－乾燥,踏切－第一種,環状交差点以外 環状交差点以外をいう。,施設なし,00,23,00,23,02,9,その他,規制なし,5,4,列車,45～54歳,75歳以上,列車,歩行者,対象外当事者,対象外当事者,対象外当事者,対象外当事者,対象外当事者,対象外当事者,10,00,小破,対象外当事者,対象外当事者,対象外当事者,対象外当事者,対象外当事者,損傷なし,死亡,火,その他,34.636932,135.029988,2020-12-29,17:31,red,,,,,,,,,,,,
本票,兵庫,東入間,0441,死亡,1,0,00430,上,0118,202,昼－昼,晴,市街地－人口集中,舗装－乾燥,交差点－その他,環状交差点以外 環状交差点以外をいう。,点灯－３灯式,09,22,00,23,18,9,交差点内,規制なし,5,1,人対車両,45～54歳,65～74歳,貨物車－大型車,歩行者,事業用,対象外当事者,貨物車,対象外当事者,40㎞／ｈ以下,対象外当事者,10,00,小破,対象外当事者,その他,対象外当事者,その他,対象外当事者,損傷なし,死亡,土,その他,34.716311,135.408295,2020-12-12,09:50,red,,,,,,,,,,,,
本票,兵庫,浦和東,0628,死亡,1,0,39990,対象外,0000,217,昼－昼,晴,市街地－人口集中,舗装－乾燥,交差点－その他,環状交差点以外 環状交差点以外をいう。,施設なし,09,22,01,21,14,8,交差点内,規制なし,4,3,車両相互,55～64歳,75歳以上,貨物車－軽自動車,軽車両－自転車,自家用,対象外当事者,貨物車,対象外当事者,40㎞／ｈ以下,対象外当事者,10,20,中破,小破,その他,対象外当事者,その他,対象外当事者,損傷なし,死亡,火,その他,34.887421,135.421400,2020-12-29,10:10,red,,,,,,,,,,,,
本票,兵庫,大宮東,0414,死亡,1,0,01760,上,1647,214,夜－夜,晴,市街地－人口集中,舗装－乾燥,交差点付近－その他,環状交差点以外 環状交差点以外をいう。,施設なし,00,23,00,23,05,9,単路（交差点付近を含む）,規制なし,4,2,車両相互,35～44歳,45～54歳,乗用車－普通車,二輪車－自動二輪－原付二種－51～125cc,自家用,自家用,乗用車,対象外当事者,50㎞／ｈ以下,50㎞／ｈ以下,10,10,中破,大破,その他,対象外当事者,その他,対象外当事者,損傷なし,死亡,金,その他,34.806983,135.355614,2020-12-11,19:08,red,,,,,,,,,,,,
本票,兵庫,鎌ケ谷,0118,死亡,1,0,29990,対象外,0000,221,夜－夜,雪,市街地－その他,舗装－湿潤,単路－その他,環状交差点以外 環状交差点以外をいう。,施設なし,00,23,00,23,03,9,単路（交差点付近を含む）,規制なし,4,2,人対車両,25～34歳,75歳以上,乗用車－普通車,歩行者,自家用,対象外当事者,乗用車,対象外当事者,50㎞／ｈ以下,対象外当事者,50,00,中破,対象外当事者,その他,対象外当事者,その他,対象外当事者,損傷なし,死亡,水,その他,35.075590,135.268058,2020-12-16,22:23,red,,,,,,,,,,,,
本票,兵庫,伊賀,0951,死亡,1,0,39990,対象外,0000,203,夜－夜,晴,市街地－人口集中,舗装－乾燥,単路－カーブ・屈折,環状交差点以外 環状交差点以外をいう。,施設なし,00,23,00,23,03,3,単路（交差点付近を含む）,規制なし,5,4,人対車両,45～54歳,65～74歳,乗用車－軽自動車,歩行者,自家用,対象外当事者,乗用車,対象外当事者,40㎞／ｈ以下,対象外当事者,50,00,小破,対象外当事者,その他,対象外当事者,その他,対象外当事者,損傷なし,死亡,水,その他,34.656802,134.986548,2020-12-02,18:00,red,,,,,,,,,,,,
本票,兵庫,西脇,0141,死亡,1,0,14070,対象外,0000,365,昼－昼,晴,非市街地,舗装－乾燥,単路－カーブ・屈折,環状交差点以外 環状交差点以外をいう。,施設なし,00,23,00,23,03,5,単路（交差点付近を含む）,規制なし,4,3,車両相互,35～44歳,0～24歳,貨物車－大型車,乗用車－普通車,事業用,自家用,貨物車,乗用車,50㎞／ｈ以下,50㎞／ｈ以下,50,50,中破,大破,その他,装備あり 作動,その他,その他,損傷なし,死亡,火,その他,35.098122,134.863049,2020-12-15,11:10,red,,,,,,,,,,,,
本票,兵庫,西脇,0142,死亡,1,0,39990,対象外,0000,213,昼－昼,晴,市街地－人口集中,舗装－乾燥,交差点付近－その他,環状交差点以外 環状交差点以外をいう。,施設なし,00,23,00,23,04,6,単路（交差点付近を含む）,規制なし,4,2,人対車両,25～34歳,75歳以上,乗用車－普通車,歩行者,自家用,対象外当事者,乗用車,対象外当事者,40㎞／ｈ以下,対象外当事者,80,00,小破,対象外当事者,その他,対象外当事者,その他,対象外当事者,損傷なし,死亡,日,その他,34.987042,134.970933,2020-12-20,08:15,red,,,,,,,,,,,,
本票,兵庫,加古川,1284,死亡,1,0,14330,対象外,0042,210,夜－夜,晴,市街地－人口集中,舗装－乾燥,単路－その他,環状交差点以外 環状交差点以外をいう。,施設なし,00,23,00,23,05,9,その他,規制なし,1,2,車両単独,75歳以上,不明,軽車両－自転車,相手なし,対象外当事者,対象外当事者,対象外当事者,対象外当事者,対象外当事者,対象外当事者,40,00,小破,対象外当事者,対象外当事者,対象外当事者,対象外当事者,対象外当事者,死亡,対象外当事者,金,その他,34.757031,134.825432,2020-12-11,18:00,red,,,,,,,,,,,,
本票,兵庫,姫路,1267,死亡,1,0,99000,対象外,0000,201,夜－夜,晴,市街地－人口集中,舗装－乾燥,一般交通の場所,環状交差点以外 環状交差点以外をいう。,施設なし,00,23,00,23,00,0,その他,規制なし,0,4,車両単独,65～74歳,不明,軽車両－自転車,相手なし,対象外当事者,対象外当事者,対象外当事者,対象外当事者,対象外当事者,対象外当事者,10,00,小破,対象外当事者,対象外当事者,対象外当事者,対象外当事者,対象外当事者,死亡,対象外当事者,月,その他,34.848468,134.706511,2020-12-07,21:00,red,,,,,,,,,,,,
本票,兵庫,飾磨,0989,死亡,1,0,39990,対象外,0000,201,昼－昼,晴,市街地－人口集中,舗装－乾燥,交差点付近－その他,環状交差点以外 環状交差点以外をいう。,施設なし,00,23,00,23,01,3,その他,規制なし,5,4,車両単独,75歳以上,不明,軽車両－自転車,相手なし,対象外当事者,対象外当事者,対象外当事者,対象外当事者,対象外当事者,対象外当事者,40,00,小破,対象外当事者,対象外当事者,対象外当事者,対象外当事者,対象外当事者,死亡,対象外当事者,木,その他,34.826968,134.734604,2020-12-03,11:20,red,,,,,,,,,,,,
本票,兵庫,網干,0431,死亡,1,0,14200,対象外,0059,201,昼－明,晴,市街地－人口集中,舗装－乾燥,交差点－その他,環状交差点以外 環状交差点以外をいう。,点灯－３灯式,09,22,09,22,15,9,交差点内,規制なし,5,2,車両相互,0～24歳,55～64歳,乗用車－軽自動車,二輪車－原付自転車,自家用,自家用,乗用車,対象外当事者,40㎞／ｈ以下,指定の速度規制なし等,80,10,中破,中破,その他,対象外当事者,その他,対象外当事者,損傷なし,死亡,金,その他,34.791098,134.587560,2020-12-18,07:07,red,,,,,,,,,,,,
本票,兵庫,たつの,0483,死亡,1,0,39990,対象外,0000,229,夜－暮,晴,市街地－その他,舗装－乾燥,単路－その他,環状交差点以外 環状交差点以外をいう。,施設なし,00,23,00,23,02,9,単路（交差点付近を含む）,規制なし,5,3,人対車両,55～64歳,75歳以上,二輪車－原付自転車,歩行者,自家用,対象外当事者,対象外当事者,対象外当事者,指定の速度規制なし等,対象外当事者,10,00,小破,対象外当事者,対象外当事者,対象外当事者,対象外当事者,対象外当事者,損傷なし,死亡,月,その他,34.780238,134.570601,2020-12-21,17:33,red,,,,,,,,,,,,
本票,兵庫,赤穂,0145,死亡,1,0,39990,対象外,0000,212,昼－明,晴,非市街地,舗装－乾燥,交差点－その他,環状交差点以外 環状交差点以外をいう。,点灯－３灯式,09,22,00,23,18,9,交差点内,規制なし,5,2,人対車両,45～54歳,65～74歳,乗用車－普通車,歩行者,自家用,対象外当事者,乗用車,対象外当事者,50㎞／ｈ以下,対象外当事者,10,00,中破,対象外当事者,その他,対象外当事者,その他,対象外当事者,損傷なし,死亡,水,その他,34.743058,134.383332,2020-12-02,07:15,red,,,,,,,,,,,,
本票,兵庫,豊岡南,0148,死亡,1,0,39990,対象外,0000,209,夜－夜,晴,非市街地,舗装－乾燥,交差点付近－その他,環状交差点以外 環状交差点以外をいう。,施設なし,00,23,00,23,03,9,単路（交差点付近を含む）,規制なし,4,3,車両相互,35～44歳,65～74歳,貨物車－準中型車,軽車両－自転車,自家用,対象外当事者,貨物車,対象外当事者,50㎞／ｈ以下,対象外当事者,10,30,中破,大破,その他,対象外当事者,その他,対象外当事者,損傷なし,死亡,月,その他,35.539048,134.839627,2020-12-07,19:05,red,,,,,,,,,,,,
本票,奈良,中央,0434,死亡,1,0,95000,対象外,0000,201,夜－夜,晴,市街地－その他,非舗装,単路－カーブ・屈折,環状交差点以外 環状交差点以外をいう。,施設なし,00,23,00,23,02,3,その他,規制なし,5,4,車両単独,65～74歳,不明,軽車両－自転車,相手なし,対象外当事者,対象外当事者,対象外当事者,対象外当事者,対象外当事者,対象外当事者,10,00,小破,対象外当事者,対象外当事者,対象外当事者,対象外当事者,対象外当事者,死亡,対象外当事者,日,その他,34.667937,135.779926,2020-12-06,00:00,red,,,,,,,,,,,,
本票,奈良,江別,0165,死亡,1,0,01690,対象外,0000,206,夜－暮,曇,市街地－人口集中,舗装－乾燥,単路－その他,環状交差点以外 環状交差点以外をいう。,施設なし,00,23,00,23,03,9,単路（交差点付近を含む）,規制なし,4,3,人対車両,45～54歳,75歳以上,乗用車－普通車,歩行者,自家用,対象外当事者,乗用車,対象外当事者,40㎞／ｈ以下,対象外当事者,80,00,小破,対象外当事者,その他,対象外当事者,その他,対象外当事者,損傷なし,死亡,木,前日,34.510025,135.843465,2020-12-31,17:21,red,,,,,,,,,,,,
本票,鳥取,高速道路交通警察隊,0015,死亡,1,0,50030,下,2941,202,昼－昼,晴,非市街地,舗装－乾燥,単路－トンネル,環状交差点以外 環状交差点以外をいう。,施設なし,00,23,00,23,04,9,単路（交差点付近を含む）,規制なし,6,4,車両相互,0～24歳,55～64歳,乗用車－普通車,二輪車－自動二輪－小型二輪－251～400cc,自家用,自家用,乗用車,対象外当事者,70㎞／ｈ以下,70㎞／ｈ以下,10,30,小破,小破,その他,対象外当事者,その他,対象外当事者,損傷なし,死亡,土,その他,35.448237,133.421757,2020-12-05,10:25,red,2941,国土交通省,走行車線－第一通行帯,非分離－トンネル,直線,平坦・該当なし,第一狩勝,2,該当なし,該当なし,該当なし,1119
本票,島根,高速道路交通警察隊,0012,死亡,1,1,50031,対象外,3319,201,夜－夜,曇,市街地－人口集中,舗装－湿潤,単路－その他,環状交差点以外 環状交差点以外をいう。,施設なし,00,23,00,23,05,9,単路（交差点付近を含む）,規制なし,1,1,車両単独,0～24歳,不明,乗用車－普通車,物件等,自家用,対象外当事者,乗用車,対象外当事者,80㎞／ｈ以下,対象外当事者,80,00,大破,対象外当事者,装備あり 作動,対象外当事者,その他,対象外当事者,負傷,対象外当事者,火,その他,35.441035,133.057161,2020-12-29,04:05,red,3319,国土交通省,走行車線－第一通行帯,完全分離－その他,該当なし,平坦・該当なし,,1,その他,該当なし,80㎞/h以下,0
本票,岡山,白石,0489,死亡,1,0,22380,対象外,0000,101,夜－明,晴,市街地－その他,舗装－乾燥,単路－その他,環状交差点以外 環状交差点以外をいう。,施設なし,00,23,00,23,03,9,単路（交差点付近を含む）,規制なし,4,2,人対車両,25～34歳,65～74歳,貨物車－大型車,歩行者,事業用,対象外当事者,貨物車,対象外当事者,40㎞／ｈ以下,対象外当事者,10,00,小破,対象外当事者,その他,対象外当事者,その他,対象外当事者,損傷なし,死亡,火,その他,34.711853,133.877829,2020-12-01,06:22,red,,,,,,,,,,,,
本票,岡山,江別,0054,死亡,1,0,23970,対象外,0000,212,夜－暮,晴,非市街地,舗装－乾燥,単路－その他,環状交差点以外 環状交差点以外をいう。,施設なし,00,23,00,23,03,8,単路（交差点付近を含む）,規制なし,4,3,車両相互,45～54歳,65～74歳,貨物車－大型車,乗用車－普通車,事業用,自家用,貨物車,乗用車,60㎞／ｈ以下,60㎞／ｈ以下,10,10,中破,大破,その他,その他,その他,その他,損傷なし,死亡,月,その他,34.663653,134.137487,2020-12-07,17:45,red,,,,,,,,,,,,
本票,岡山,美唄,0247,死亡,1,0,10600,対象外,0000,202,夜－明,曇,非市街地,舗装－乾燥,交差点－その他,環状交差点以外 環状交差点以外をいう。,点灯－押ボタン式,09,22,00,23,18,9,交差点内,規制なし,5,2,人対車両,45～54歳,75歳以上,貨物車－普通車,歩行者,自家用,対象外当事者,貨物車,対象外当事者,50㎞／ｈ以下,対象外当事者,10,00,小破,対象外当事者,その他,対象外当事者,その他,対象外当事者,損傷なし,死亡,水,その他,34.569596,133.678417,2020-12-23,06:36,red,,,,,,,,,,,,
本票,岡山,砂川,0102,死亡,1,0,01800,上,0343,208,夜－夜,晴,非市街地,舗装－乾燥,交差点－その他,環状交差点以外 環状交差点以外をいう。,施設なし,09,22,09,22,15,9,交差点内,規制なし,4,2,車両相互,35～44歳,65～74歳,乗用車－軽自動車,軽車両－自転車,自家用,対象外当事者,乗用車,対象外当事者,50㎞／ｈ以下,対象外当事者,10,30,小破,大破,その他,対象外当事者,その他,対象外当事者,損傷なし,死亡,月,その他,34.719261,133.647455,2020-12-07,01:18,red,,,,,,,,,,,,
本票,岡山,北,0202,死亡,1,0,01810,対象外,0000,203,夜－暮,曇,非市街地,舗装－乾燥,交差点－その他,環状交差点以外 環状交差点以外をいう。,施設なし,09,22,00,23,14,9,交差点内,規制なし,4,2,人対車両,55～64歳,75歳以上,乗用車－普通車,歩行者,自家用,対象外当事者,乗用車,対象外当事者,50㎞／ｈ以下,対象外当事者,10,00,中破,対象外当事者,その他,対象外当事者,その他,対象外当事者,損傷なし,死亡,火,その他,35.059242,133.891490,2020-12-15,17:25,red,,,,,,,,,,,,
本票,岡山,北,0206,死亡,1,0,30000,対象外,0000,203,夜－夜,晴,非市街地,舗装－乾燥,交差点付近－その他,環状交差点以外 環状交差点以外をいう。,施設なし,00,23,00,23,03,9,単路（交差点付近を含む）,規制なし,5,3,人対車両,65～74歳,75歳以上,乗用車－普通車,歩行者,自家用,対象外当事者,乗用車,対象外当事者,40㎞／ｈ以下,対象外当事者,10,00,小破,対象外当事者,その他,対象外当事者,その他,対象外当事者,損傷なし,死亡,月,その他,35.169525,134.062669,2020-12-21,18:25,red,,,,,,,,,,,,
本票,広島,千歳,0021,死亡,1,1,14360,対象外,0000,215,昼－昼,晴,非市街地,舗装－乾燥,単路－その他,環状交差点以外 環状交差点以外をいう。,施設なし,00,23,00,23,03,9,単路（交差点付近を含む）,規制なし,4,3,車両相互,55～64歳,35～44歳,乗用車－普通車,乗用車－軽自動車,自家用,自家用,乗用車,乗用車,40㎞／ｈ以下,40㎞／ｈ以下,10,10,大破,大破,装備あり 作動,装備あり 作動,その他,その他,損傷なし,負傷,日,その他,34.249476,132.427123,2020-12-20,12:48,red,,,,,,,,,,,,
本票,広島,栗山,0170,死亡,1,0,37080,対象外,0000,213,夜－明,晴,市街地－人口集中,舗装－乾燥,交差点－その他,環状交差点以外 環状交差点以外をいう。,施設なし,09,21,00,23,14,8,交差点内,規制なし,5,2,人対車両,45～54歳,55～64歳,乗用車－軽自動車,歩行者,自家用,対象外当事者,乗用車,対象外当事者,40㎞／ｈ以下,対象外当事者,80,00,小破,対象外当事者,その他,対象外当事者,その他,対象外当事者,損傷なし,死亡,水,その他,34.315461,132.296486,2020-12-23,06:42,red,,,,,,,,,,,,
本票,広島,栗山,0176,死亡,1,0,00026,下,3541,213,夜－夜,雨,市街地－人口集中,舗装－湿潤,単路－その他,環状交差点以外 環状交差点以外をいう。,施設なし,00,23,00,23,05,7,単路（交差点付近を含む）,規制なし,1,2,車両相互,0～24歳,0～24歳,乗用車－普通車,乗用車－軽自動車,自家用,自家用,乗用車,乗用車,指定の速度規制なし等,指定の速度規制なし等,70,52,小破,中破,その他,装備あり 作動,その他,装備あり 作動,損傷なし,死亡,日,その他,34.340444,132.315533,2020-12-27,22:53,red,,,,,,,,,,,,
本票,広島,倶知安,0115,死亡,1,0,01850,上,0663,204,夜－明,曇,非市街地,舗装－湿潤,単路－その他,環状交差点以外 環状交差点以外をいう。,施設なし,00,23,00,23,03,9,単路（交差点付近を含む）,規制なし,4,1,人対車両,25～34歳,75歳以上,乗用車－軽自動車,歩行者,自家用,対象外当事者,乗用車,対象外当事者,50㎞／ｈ以下,対象外当事者,80,00,中破,対象外当事者,その他,対象外当事者,その他,対象外当事者,損傷なし,死亡,月,その他,34.364278,133.083778,2020-12-28,06:44,red,,,,,,,,,,,,
本票,広島,岩内,0203,死亡,1,0,37200,対象外,0000,207,昼－暮,晴,非市街地,舗装－乾燥,単路－その他,環状交差点以外 環状交差点以外をいう。,施設なし,00,23,00,23,02,9,単路（交差点付近を含む）,規制なし,5,3,車両単独,45～54歳,不明,貨物車－軽自動車,相手なし,自家用,対象外当事者,貨物車,対象外当事者,30㎞／ｈ以下,対象外当事者,30,00,小破,対象外当事者,その他,対象外当事者,その他,対象外当事者,死亡,対象外当事者,土,その他,34.388792,133.324508,2020-12-12,16:40,red,,,,,,,,,,,,
本票,広島,北,0196,死亡,1,3,23910,対象外,0000,207,夜－夜,晴,市街地－その他,舗装－乾燥,交差点付近－その他,環状交差点以外 環状交差点以外をいう。,点灯－３灯式,00,23,00,23,05,9,単路（交差点付近を含む）,規制なし,1,2,車両相互,35～44歳,45～54歳,乗用車－普通車,乗用車－軽自動車,自家用,自家用,乗用車,乗用車,50㎞／ｈ以下,50㎞／ｈ以下,30,80,中破,大破,装備あり 作動,装備あり 作動,その他,その他,負傷,負傷,日,その他,34.536086,133.348397,2020-12-13,20:00,red,,,,,,,,,,,,
本票,広島,北,0201,死亡,1,0,37280,対象外,0000,207,夜－夜,晴,非市街地,舗装－乾燥,単路－その他,環状交差点以外 環状交差点以外をいう。,施設なし,00,23,00,23,02,9,単路（交差点付近を含む）,規制なし,5,4,車両単独,65～74歳,不明,軽車両－自転車,相手なし,対象外当事者,対象外当事者,対象外当事者,対象外当事者,対象外当事者,対象外当事者,20,00,中破,対象外当事者,対象外当事者,対象外当事者,対象外当事者,対象外当事者,死亡,対象外当事者,日,その他,34.562310,133.397983,2020-12-20,19:00,red,,,,,,,,,,,,
本票,広島,豊平,0143,死亡,1,0,85000,対象外,0000,108,昼－昼,晴,市街地－その他,舗装－乾燥,単路－橋,環状交差点以外 環状交差点以外をいう。,施設なし,00,23,00,23,03,7,単路（交差点付近を含む）,規制なし,4,1,車両相互,65～74歳,45～54歳,貨物車－準中型車,二輪車－自動二輪－原付二種－51～125cc,自家用,自家用,貨物車,対象外当事者,50㎞／ｈ以下,50㎞／ｈ以下,50,10,小破,中破,その他,対象外当事者,その他,対象外当事者,損傷なし,死亡,火,その他,34.355764,132.360636,2020-12-01,08:29,red,,,,,,,,,,,,
本票,山口,高速道路交通警察隊,0039,死亡,1,0,45020,下,5114,213,夜－夜,雪,非市街地,舗装－積雪,単路－橋,環状交差点以外 環状交差点以外をいう。,施設なし,00,23,00,23,05,6,単路（交差点付近を含む）,規制なし,1,4,車両相互,45～54歳,35～44歳,貨物車－大型車,貨物車－大型車,事業用,事業用,貨物車,貨物車,50㎞／ｈ以下,50㎞／ｈ以下,10,48,大破,大破,その他,その他,その他,その他,死亡,損傷なし,木,前日,34.108617,131.145966,2020-12-31,05:50,red,5114,中日本高速道路,走行車線－第二通行帯以上,完全分離－その他,カーブ－400m以上,平坦・該当なし,,2,該当なし,あり－異常気象,50㎞/h以下,0
本票,山口,栗山,0135,死亡,1,1,37000,対象外,0000,207,昼－暮,曇,市街地－人口集中,舗装－湿潤,交差点－その他,環状交差点以外 環状交差点以外をいう。,施設なし,09,22,09,22,11,9,交差点内,規制なし,5,4,車両相互,35～44歳,45～54歳,乗用車－普通車,乗用車－軽自動車,自家用,自家用,乗用車,乗用車,指定の速度規制なし等,指定の速度規制なし等,40,10,大破,中破,その他,装備あり 作動,その他,その他,負傷,損傷なし,木,その他,34.025861,131.857056,2020-12-24,16:30,red,,,,,,,,,,,,
本票,山口,滝川,0328,死亡,1,0,37000,対象外,0000,202,昼－暮,晴,市街地－その他,舗装－乾燥,単路－その他,環状交差点以外 環状交差点以外をいう。,施設なし,00,23,00,23,02,9,その他,規制なし,5,4,車両単独,65～74歳,不明,軽車両－駆動補助機付自転車,相手なし,対象外当事者,対象外当事者,対象外当事者,対象外当事者,対象外当事者,対象外当事者,10,00,小破,対象外当事者,対象外当事者,対象外当事者,対象外当事者,対象外当事者,死亡,対象外当事者,日,その他,34.051336,131.232683,2020-11-29,17:00,red,,,,,,,,,,,,