資料区分,都道府県コード,警察署等コード,本票番号,事故内容,死者数,負傷者数,路線コード,上下線,地点コード,市区町村コード,昼夜,天候,地形,路面状態,道路形状,環状交差点の直径,信号機,一時停止規制　標識（当事者A）,一時停止規制　表示（当事者A）,一時停止規制　標識（当事者B）,一時停止規制　表示（当事者B）,車道幅員,道路線形,衝突地点,ゾーン規制,中央分離帯施設等,歩車道区分,事故類型,年齢（当事者A）,年齢（当事者B）,当事者種別（当事者A）,当事者種別（当事者B）,用途別（当事者A）,用途別（当事者B）,車両形状（当事者A）,車両形状（当事者B）,速度規制（指定のみ）（当事者A）,速度規制（指定のみ）（当事者B）,車両の衝突部位（当事者A）,車両の衝突部位（当事者B）,車両の損壊程度（当事者A）,車両の損壊程度（当事者B）,エアバッグの装備（当事者A）,エアバッグの装備（当事者B）,サイドエアバッグの装備（当事者A）,サイドエアバッグの装備（当事者B）,人身損傷程度（当事者A）,人身損傷程度（当事者B）,曜日(発生年月日),祝日(発生年月日),緯度,経度,発生日,発生時,color,発生地点,道路管理者区分,道路区分,道路構造,曲線半径,縦断勾配,トンネル番号,当事者車両台数,車両単独事故の対象物,臨時速度規制の有無,速度規制（臨時のみ）,トンネル延長距離
本票,山口,余市,0046,死亡,1,0,14750,対象外,0000,201,夜－暮,曇,市街地－その他,舗装－乾燥,交差点－その他,環状交差点以外 環状交差点以外をいう。,施設なし,09,22,00,23,15,9,交差点内,規制なし,4,2,人対車両,25～34歳,65～74歳,乗用車－軽自動車,歩行者,自家用,対象外当事者,乗用車,対象外当事者,50㎞／ｈ以下,対象外当事者,10,00,小破,対象外当事者,その他,対象外当事者,その他,対象外当事者,損傷なし,死亡,火,その他,34.286917,130.947653,2020-12-15,17:38,red,,,,,,,,,,,,
本票,山口,静内,0172,死亡,1,0,14490,対象外,0000,201,昼－昼,晴,非市街地,舗装－乾燥,単路－カーブ・屈折,環状交差点以外 環状交差点以外をいう。,施設なし,00,23,00,23,03,4,単路（交差点付近を含む）,規制なし,4,3,車両単独,45～54歳,不明,二輪車－自動二輪－小型二輪－751ｃｃ以上,物件等,自家用,対象外当事者,対象外当事者,対象外当事者,指定の速度規制なし等,対象外当事者,10,00,中破,対象外当事者,対象外当事者,対象外当事者,対象外当事者,対象外当事者,死亡,対象外当事者,日,その他,34.171151,131.086969,2020-11-29,09:32,red,,,,,,,,,,,,
本票,徳島,砂川,0079,死亡,1,0,30000,対象外,0000,208,昼－昼,曇,非市街地,舗装－乾燥,単路－その他,環状交差点以外 環状交差点以外をいう。,施設なし,00,23,00,23,03,8,単路（交差点付近を含む）,規制なし,5,4,車両単独,75歳以上,不明,貨物車－軽自動車,相手なし,自家用,対象外当事者,貨物車,対象外当事者,指定の速度規制なし等,対象外当事者,30,00,中破,対象外当事者,その他,対象外当事者,その他,対象外当事者,死亡,対象外当事者,木,その他,33.971246,133.770138,2020-12-10,12:05,red,,,,,,,,,,,,
本票,香川,岩見沢,0821,死亡,1,0,37000,対象外,0000,201,夜－夜,晴,市街地－人口集中,舗装－乾燥,交差点－その他,環状交差点以外 環状交差点以外をいう。,施設なし,09,22,01,21,15,9,交差点内,規制なし,5,2,車両相互,0～24歳,65～74歳,乗用車－軽自動車,軽車両－自転車,自家用,対象外当事者,乗用車,対象外当事者,40㎞／ｈ以下,対象外当事者,85,20,中破,大破,その他,対象外当事者,その他,対象外当事者,損傷なし,死亡,土,その他,34.353352,134.089831,2020-12-26,04:03,red,,,,,,,,,,,,
本票,香川,岩見沢,0832,死亡,1,0,99000,対象外,0000,201,夜－明,晴,市街地－その他,舗装－乾燥,一般交通の場所,環状交差点以外 環状交差点以外をいう。,施設なし,00,23,00,23,00,0,その他,規制なし,0,4,車両単独,65～74歳,不明,乗用車－軽自動車,物件等,自家用,対象外当事者,乗用車,対象外当事者,指定の速度規制なし等,対象外当事者,10,00,中破,対象外当事者,装備あり 作動,対象外当事者,装備あり 作動,対象外当事者,死亡,対象外当事者,木,前日,34.323455,134.091160,2020-12-31,06:34,red,,,,,,,,,,,,
本票,香川,栗山,0958,死亡,1,0,21720,対象外,0000,201,昼－昼,晴,市街地－その他,舗装－乾燥,交差点付近－その他,環状交差点以外 環状交差点以外をいう。,施設なし,00,23,00,23,03,9,単路（交差点付近を含む）,規制なし,4,3,車両相互,0～24歳,75歳以上,貨物車－軽自動車,軽車両－自転車,自家用,対象外当事者,貨物車,対象外当事者,40㎞／ｈ以下,対象外当事者,81,12,小破,大破,その他,対象外当事者,その他,対象外当事者,損傷なし,死亡,土,その他,34.296557,134.029973,2020-12-26,10:20,red,,,,,,,,,,,,
本票,香川,つがる,0278,死亡,1,0,37000,対象外,0000,203,昼－昼,晴,市街地－その他,舗装－乾燥,踏切－第一種,環状交差点以外 環状交差点以外をいう。,施設なし,00,23,00,23,03,9,その他,規制なし,5,2,列車,25～34歳,75歳以上,列車,歩行者,対象外当事者,対象外当事者,対象外当事者,対象外当事者,対象外当事者,対象外当事者,50,00,小破,対象外当事者,対象外当事者,対象外当事者,対象外当事者,対象外当事者,損傷なし,死亡,日,その他,34.312793,133.885527,2020-12-06,10:52,red,,,,,,,,,,,,
本票,香川,芦別,0126,死亡,1,0,37000,対象外,0000,205,昼－昼,曇,市街地－その他,舗装－乾燥,交差点－その他,環状交差点以外 環状交差点以外をいう。,施設なし,09,22,00,23,11,9,交差点内,規制なし,5,4,車両単独,45～54歳,不明,乗用車－普通車,物件等,自家用,対象外当事者,乗用車,対象外当事者,指定の速度規制なし等,対象外当事者,10,00,中破,対象外当事者,装備あり 作動,対象外当事者,装備あり 作動,対象外当事者,損傷なし,対象外当事者,火,その他,34.122816,133.655023,2020-12-15,11:10,red,,,,,,,,,,,,
本票,愛媛,中央,0135,死亡,1,0,00111,上,0000,213,昼－明,曇,非市街地,舗装－乾燥,交差点－その他,環状交差点以外 環状交差点以外をいう。,施設なし,09,22,09,22,17,9,交差点内,規制なし,5,2,車両相互,0～24歳,0～24歳,乗用車－軽自動車,軽車両－自転車,自家用,対象外当事者,乗用車,対象外当事者,60㎞／ｈ以下,対象外当事者,80,10,小破,大破,その他,対象外当事者,その他,対象外当事者,損傷なし,死亡,火,その他,33.986760,133.576342,2020-12-15,07:54,red,,,,,,,,,,,,
本票,愛媛,白石,0230,死亡,1,0,37000,対象外,0000,205,夜－夜,晴,市街地－その他,舗装－乾燥,単路－その他,環状交差点以外 環状交差点以外をいう。,施設なし,00,23,00,23,03,9,単路（交差点付近を含む）,規制なし,5,4,人対車両,75歳以上,25～34歳,乗用車－普通車,歩行者,自家用,対象外当事者,乗用車,対象外当事者,40㎞／ｈ以下,対象外当事者,80,00,小破,対象外当事者,その他,対象外当事者,その他,対象外当事者,損傷なし,死亡,月,その他,33.961498,133.299021,2020-12-28,19:15,red,,,,,,,,,,,,
本票,愛媛,岩見沢,0520,死亡,1,0,37060,対象外,0000,201,夜－夜,晴,市街地－人口集中,舗装－乾燥,交差点－その他,環状交差点以外 環状交差点以外をいう。,施設なし,09,22,00,23,18,9,交差点内,規制なし,1,2,人対車両,45～54歳,75歳以上,乗用車－軽自動車,歩行者,自家用,対象外当事者,乗用車,対象外当事者,40㎞／ｈ以下,対象外当事者,50,00,小破,対象外当事者,その他,対象外当事者,その他,対象外当事者,損傷なし,死亡,火,その他,33.836732,132.775929,2020-12-08,18:48,red,,,,,,,,,,,,
本票,愛媛,栗山,0207,死亡,1,0,14420,対象外,0000,201,昼－昼,晴,市街地－その他,舗装－乾燥,交差点－その他,環状交差点以外 環状交差点以外をいう。,施設なし,09,22,09,22,14,4,交差点内,規制なし,4,2,車両相互,65～74歳,65～74歳,乗用車－普通車,軽車両－自転車,自家用,対象外当事者,乗用車,対象外当事者,40㎞／ｈ以下,対象外当事者,18,40,小破,中破,その他,対象外当事者,その他,対象外当事者,損傷なし,死亡,火,その他,33.894926,132.731657,2020-12-15,10:35,red,,,,,,,,,,,,
本票,愛媛,倶知安,0390,死亡,1,0,00330,上,0000,402,夜－夜,曇,非市街地,舗装－湿潤,交差点－その他,環状交差点以外 環状交差点以外をいう。,点灯－３灯式,09,22,00,23,18,9,交差点内,規制なし,1,2,人対車両,35～44歳,75歳以上,乗用車－普通車,歩行者,自家用,対象外当事者,乗用車,対象外当事者,60㎞／ｈ以下,対象外当事者,10,00,小破,対象外当事者,その他,対象外当事者,その他,対象外当事者,損傷なし,死亡,木,その他,33.758425,132.789387,2020-12-24,20:23,red,,,,,,,,,,,,
本票,高知,白石,0207,死亡,1,0,14340,対象外,0000,201,昼－昼,晴,市街地－人口集中,舗装－乾燥,単路－その他,環状交差点以外 環状交差点以外をいう。,施設なし,00,23,00,23,05,9,単路（交差点付近を含む）,規制なし,4,2,車両相互,65～74歳,55～64歳,乗用車－普通車,貨物車－軽自動車,自家用,自家用,乗用車,貨物車,指定の速度規制なし等,50㎞／ｈ以下,20,10,中破,中破,装備あり 作動,装備あり 作動,装備あり 作動,その他,死亡,損傷なし,土,その他,33.524167,133.547102,2020-12-05,08:05,red,,,,,,,,,,,,
本票,高知,千歳,0157,死亡,1,0,01950,対象外,0000,212,昼－昼,曇,非市街地,舗装－乾燥,単路－その他,環状交差点以外 環状交差点以外をいう。,施設なし,00,23,00,23,03,9,単路（交差点付近を含む）,規制なし,4,3,車両単独,65～74歳,不明,貨物車－大型車,物件等,事業用,対象外当事者,貨物車,対象外当事者,50㎞／ｈ以下,対象外当事者,10,00,大破,対象外当事者,その他,対象外当事者,その他,対象外当事者,死亡,対象外当事者,月,その他,33.657733,133.807994,2020-12-14,09:38,red,,,,,,,,,,,,
本票,高知,千歳,0165,死亡,1,0,14310,対象外,0000,212,夜－夜,曇,非市街地,舗装－乾燥,単路－その他,環状交差点以外 環状交差点以外をいう。,施設なし,00,23,00,23,03,9,単路（交差点付近を含む）,規制なし,5,3,人対車両,0～24歳,65～74歳,乗用車－普通車,歩行者,自家用,対象外当事者,乗用車,対象外当事者,40㎞／ｈ以下,対象外当事者,80,00,小破,対象外当事者,その他,対象外当事者,その他,対象外当事者,損傷なし,死亡,水,その他,33.595517,133.679861,2020-12-30,19:54,red,,,,,,,,,,,,
本票,福岡,東,1467,死亡,1,0,37990,対象外,0000,137,昼－昼,曇,市街地－人口集中,舗装－乾燥,交差点－その他,環状交差点以外 環状交差点以外をいう。,点灯－３灯式,09,22,09,22,18,9,交差点内,規制なし,4,2,車両相互,35～44歳,45～54歳,乗用車－普通車,乗用車－軽自動車,自家用,自家用,乗用車,乗用車,指定の速度規制なし等,指定の速度規制なし等,20,50,中破,中破,装備あり 作動,装備あり 作動,装備あり 作動,その他,損傷なし,損傷なし,火,その他,33.539034,130.333243,2020-12-08,08:25,red,,,,,,,,,,,,
本票,福岡,美唄,0647,死亡,1,0,00030,下,0560,224,夜－夜,雨,市街地－その他,舗装－湿潤,単路－その他,環状交差点以外 環状交差点以外をいう。,施設なし,00,23,00,23,05,9,単路（交差点付近を含む）,規制なし,1,2,人対車両,35～44歳,75歳以上,乗用車－普通車,歩行者,自家用,対象外当事者,乗用車,対象外当事者,指定の速度規制なし等,対象外当事者,58,00,小破,対象外当事者,その他,対象外当事者,その他,対象外当事者,損傷なし,死亡,木,その他,33.759147,130.499239,2020-12-24,05:11,red,,,,,,,,,,,,
本票,福岡,赤歌,2002,死亡,1,0,00030,下,0620,223,昼－暮,晴,市街地－その他,舗装－乾燥,交差点－その他,環状交差点以外 環状交差点以外をいう。,点灯－３灯式,09,21,09,21,18,9,交差点内,規制なし,5,2,車両相互,65～74歳,65～74歳,貨物車－軽自動車,軽車両－自転車,自家用,対象外当事者,貨物車,対象外当事者,60㎞／ｈ以下,対象外当事者,10,40,小破,小破,その他,対象外当事者,その他,対象外当事者,損傷なし,死亡,月,その他,33.719419,130.463686,2020-12-28,17:01,red,,,,,,,,,,,,
本票,福岡,芦別,1626,死亡,1,0,25600,対象外,0000,218,昼－暮,曇,市街地－人口集中,舗装－乾燥,単路－その他,環状交差点以外 環状交差点以外をいう。,施設なし,00,23,00,23,05,9,単路（交差点付近を含む）,規制なし,1,2,車両相互,45～54歳,35～44歳,乗用車－普通車,乗用車－普通車,自家用,自家用,乗用車,乗用車,50㎞／ｈ以下,50㎞／ｈ以下,00,10,損壊なし,小破,その他,その他,その他,その他,損傷なし,損傷なし,火,その他,33.514991,130.457291,2020-12-22,16:31,red,,,,,,,,,,,,
本票,福岡,函館中央,0449,死亡,1,0,01990,対象外,0000,103,夜－夜,晴,市街地－人口集中,舗装－乾燥,単路－その他,環状交差点以外 環状交差点以外をいう。,施設なし,00,23,00,23,04,9,単路（交差点付近を含む）,規制なし,4,2,人対車両,55～64歳,75歳以上,乗用車－普通車,歩行者,自家用,対象外当事者,乗用車,対象外当事者,50㎞／ｈ以下,対象外当事者,80,00,小破,対象外当事者,その他,対象外当事者,その他,対象外当事者,損傷なし,死亡,月,その他,33.893358,130.786854,2020-12-14,18:38,red,,,,,,,,,,,,
本票,福岡,函館西,0279,死亡,1,3,37990,対象外,0000,105,夜－夜,晴,市街地－人口集中,舗装－乾燥,単路－カーブ・屈折,環状交差点以外 環状交差点以外をいう。,施設なし,00,23,00,23,02,5,単路（交差点付近を含む）,規制なし,5,4,車両単独,65～74歳,不明,乗用車－普通車,物件等,事業用,対象外当事者,乗用車,対象外当事者,指定の速度規制なし等,対象外当事者,50,00,大破,対象外当事者,装備あり 作動,対象外当事者,その他,対象外当事者,負傷,対象外当事者,木,その他,33.882381,130.835611,2020-12-17,20:47,red,,,,,,,,,,,,
本票,福岡,旭川中央,0624,死亡,1,0,37990,対象外,0000,204,夜－夜,雨,市街地－その他,舗装－湿潤,単路－カーブ・屈折,環状交差点以外 環状交差点以外をいう。,施設なし,00,23,00,23,03,3,その他,規制なし,5,4,車両単独,65～74歳,不明,軽車両－自転車,相手なし,対象外当事者,対象外当事者,対象外当事者,対象外当事者,対象外当事者,対象外当事者,00,00,損壊なし,対象外当事者,対象外当事者,対象外当事者,対象外当事者,対象外当事者,死亡,対象外当事者,日,その他,33.733987,130.722492,2020-12-27,22:12,red,,,,,,,,,,,,
本票,福岡,大牟田,0634,死亡,1,0,02080,上,0389,202,夜－明,晴,市街地－その他,舗装－乾燥,交差点－その他,環状交差点以外 環状交差点以外をいう。,施設なし,09,22,01,22,14,9,交差点内,規制なし,5,2,車両相互,35～44歳,75歳以上,乗用車－軽自動車,軽車両－自転車,自家用,対象外当事者,乗用車,対象外当事者,50㎞／ｈ以下,対象外当事者,10,20,小破,小破,その他,対象外当事者,その他,対象外当事者,損傷なし,死亡,金,その他,33.060480,130.466511,2020-12-18,06:35,red,,,,,,,,,,,,
本票,佐賀,栗山,0478,死亡,1,1,02022,上,0005,202,昼－昼,晴,非市街地,舗装－乾燥,単路－カーブ・屈折,環状交差点以外 環状交差点以外をいう。,施設なし,00,23,00,23,03,6,単路（交差点付近を含む）,規制なし,4,1,車両相互,25～34歳,0～24歳,乗用車－軽自動車,二輪車－自動二輪－軽二輪－126～250cc,自家用,自家用,乗用車,対象外当事者,50㎞／ｈ以下,50㎞／ｈ以下,10,10,中破,大破,装備あり 作動,対象外当事者,その他,対象外当事者,負傷,死亡,土,その他,33.465625,130.036177,2020-12-12,16:09,red,,,,,,,,,,,,
本票,佐賀,赤歌,0209,死亡,1,0,02075,下,0060,207,夜－明,雨,非市街地,舗装－湿潤,交差点－その他,環状交差点以外 環状交差点以外をいう。,点灯－３灯式,09,22,00,23,18,9,交差点内,規制なし,5,2,人対車両,55～64歳,75歳以上,乗用車－普通車,歩行者,自家用,対象外当事者,乗用車,対象外当事者,50㎞／ｈ以下,対象外当事者,80,00,小破,対象外当事者,その他,対象外当事者,その他,対象外当事者,損傷なし,死亡,水,その他,33.089072,130.105542,2020-12-30,06:23,red,,,,,,,,,,,,
本票,佐賀,余市,0655,死亡,1,1,30000,対象外,1061,201,昼－昼,晴,非市街地,舗装－乾燥,単路－その他,環状交差点以外 環状交差点以外をいう。,施設なし,00,23,00,23,03,9,単路（交差点付近を含む）,規制なし,4,2,車両単独,45～54歳,不明,乗用車－軽自動車,物件等,自家用,対象外当事者,乗用車,対象外当事者,50㎞／ｈ以下,対象外当事者,10,00,大破,対象外当事者,装備あり 作動,対象外当事者,装備あり 作動,対象外当事者,死亡,対象外当事者,日,その他,33.293059,130.294588,2020-11-29,12:52,red,,,,,,,,,,,,
本票,長崎,余市,0201,死亡,1,0,30000,対象外,0000,202,昼－昼,曇,非市街地,舗装－乾燥,単路－カーブ・屈折,環状交差点以外 環状交差点以外をいう。,施設なし,00,23,00,23,02,5,単路（交差点付近を含む）,規制なし,5,3,車両単独,75歳以上,不明,貨物車－軽自動車,物件等,自家用,対象外当事者,貨物車,対象外当事者,指定の速度規制なし等,対象外当事者,80,00,大破,対象外当事者,その他,対象外当事者,その他,対象外当事者,損傷なし,対象外当事者,月,その他,33.187117,129.747559,2020-12-21,09:52,red,,,,,,,,,,,,
本票,長崎,静内,0011,死亡,1,0,20530,対象外,0000,411,昼－昼,晴,市街地－その他,舗装－乾燥,単路－その他,環状交差点以外 環状交差点以外をいう。,施設なし,00,23,00,23,03,9,単路（交差点付近を含む）,規制なし,4,2,人対車両,55～64歳,0～24歳,貨物車－準中型車,歩行者,自家用,対象外当事者,貨物車,対象外当事者,40㎞／ｈ以下,対象外当事者,10,00,小破,対象外当事者,その他,対象外当事者,その他,対象外当事者,損傷なし,死亡,水,その他,32.979933,129.121572,2020-12-09,08:54,red,,,,,,,,,,,,
本票,熊本,白石,0411,死亡,1,0,30000,対象外,0000,103,夜－夜,晴,非市街地,舗装－乾燥,単路－その他,環状交差点以外 環状交差点以外をいう。,施設なし,00,23,00,23,03,9,単路（交差点付近を含む）,規制なし,4,3,人対車両,55～64歳,65～74歳,乗用車－普通車,歩行者,自家用,対象外当事者,乗用車,対象外当事者,指定の速度規制なし等,対象外当事者,80,00,中破,対象外当事者,その他,対象外当事者,その他,対象外当事者,損傷なし,死亡,火,その他,32.776065,130.634573,2020-12-01,18:20,red,,,,,,,,,,,,
本票,熊本,岩見沢,0128,死亡,1,0,02080,下,0000,204,夜－夜,晴,非市街地,舗装－乾燥,単路－その他,環状交差点以外 環状交差点以外をいう。,施設なし,00,23,00,23,03,9,単路（交差点付近を含む）,規制なし,4,2,車両相互,75歳以上,75歳以上,乗用車－普通車,軽車両－自転車,自家用,対象外当事者,乗用車,対象外当事者,50㎞／ｈ以下,対象外当事者,10,42,中破,大破,その他,対象外当事者,その他,対象外当事者,損傷なし,死亡,日,その他,32.957802,130.489356,2020-12-06,18:40,red,,,,,,,,,,,,
本票,熊本,岩見沢,0134,死亡,1,0,30000,対象外,0000,368,夜－夜,雨,非市街地,舗装－湿潤,単路－その他,環状交差点以外 環状交差点以外をいう。,施設なし,00,23,00,23,03,9,単路（交差点付近を含む）,規制なし,5,4,車両相互,0～24歳,35～44歳,乗用車－普通車,貨物車－軽自動車,自家用,自家用,乗用車,貨物車,指定の速度規制なし等,指定の速度規制なし等,11,55,中破,大破,その他,その他,その他,その他,損傷なし,死亡,木,その他,32.929821,130.468744,2020-12-24,05:37,red,,,,,,,,,,,,
本票,熊本,小樽,0170,死亡,1,0,30000,対象外,0000,348,昼－昼,晴,非市街地,舗装－乾燥,単路－カーブ・屈折,環状交差点以外 環状交差点以外をいう。,施設なし,00,23,00,23,01,2,単路（交差点付近を含む）,規制なし,5,4,車両単独,75歳以上,不明,貨物車－軽自動車,物件等,自家用,対象外当事者,貨物車,対象外当事者,指定の速度規制なし等,対象外当事者,58,00,小破,対象外当事者,その他,対象外当事者,その他,対象外当事者,死亡,対象外当事者,土,その他,32.620398,130.934886,2020-12-26,13:30,red,,,,,,,,,,,,
本票,大分,中央,0670,死亡,1,0,20010,対象外,0164,201,夜－夜,雨,市街地－その他,舗装－湿潤,交差点付近－その他,環状交差点以外 環状交差点以外をいう。,点灯－３灯式,00,23,00,23,04,6,その他,規制なし,1,2,車両単独,0～24歳,不明,乗用車－普通車,物件等,自家用,対象外当事者,乗用車,対象外当事者,50㎞／ｈ以下,対象外当事者,10,00,大破,対象外当事者,その他,対象外当事者,その他,対象外当事者,死亡,対象外当事者,水,その他,33.244518,131.591773,2020-12-30,01:48,red,,,,,,,,,,,,
本票,大分,砂川,0033,死亡,1,0,21300,対象外,0024,208,昼－昼,晴,非市街地,舗装－乾燥,交差点－その他,環状交差点以外 環状交差点以外をいう。,点灯－３灯式,09,21,00,23,14,9,交差点内,規制なし,5,1,人対車両,55～64歳,75歳以上,貨物車－普通車,歩行者,自家用,対象外当事者,貨物車,対象外当事者,指定の速度規制なし等,対象外当事者,50,00,小破,対象外当事者,その他,対象外当事者,その他,対象外当事者,損傷なし,死亡,土,その他,32.950790,131.371577,2020-12-19,10:48,red,,,,,,,,,,,,
本票,宮崎,東,0923,死亡,1,0,21080,対象外,0000,341,夜－夜,晴,非市街地,舗装－乾燥,交差点－その他,環状交差点以外 環状交差点以外をいう。,施設なし,09,22,00,23,14,9,交差点内,規制なし,4,2,人対車両,35～44歳,75歳以上,乗用車－軽自動車,歩行者,自家用,対象外当事者,乗用車,対象外当事者,40㎞／ｈ以下,対象外当事者,10,00,小破,対象外当事者,その他,対象外当事者,その他,対象外当事者,損傷なし,死亡,月,その他,31.724573,131.101369,2020-12-14,18:15,red,,,,,,,,,,,,
本票,宮崎,江別,0203,死亡,1,0,02210,対象外,0000,205,昼－昼,晴,非市街地,舗装－乾燥,単路－その他,環状交差点以外 環状交差点以外をいう。,施設なし,00,23,00,23,03,9,単路（交差点付近を含む）,規制なし,4,2,人対車両,55～64歳,75歳以上,乗用車－軽自動車,歩行者,自家用,対象外当事者,乗用車,対象外当事者,50㎞／ｈ以下,対象外当事者,10,00,中破,対象外当事者,その他,対象外当事者,その他,対象外当事者,損傷なし,死亡,木,その他,31.958806,131.004566,2020-12-10,11:33,red,,,,,,,,,,,,
本票,宮崎,三戸,0824,死亡,1,0,23680,対象外,0000,201,昼－昼,晴,非市街地,舗装－乾燥,単路－その他,環状交差点以外 環状交差点以外をいう。,施設なし,00,23,00,23,03,8,単路（交差点付近を含む）,規制なし,4,2,人対車両,65～74歳,75歳以上,貨物車－軽自動車,歩行者,自家用,対象外当事者,貨物車,対象外当事者,50㎞／ｈ以下,対象外当事者,10,00,中破,対象外当事者,その他,対象外当事者,その他,対象外当事者,損傷なし,死亡,金,その他,31.831388,131.418884,2020-12-04,09:58,red,,,,,,,,,,,,
本票,宮崎,三戸,0859,死亡,1,0,30000,対象外,0000,201,夜－夜,晴,市街地－人口集中,舗装－乾燥,交差点－その他,環状交差点以外 環状交差点以外をいう。,点灯－３灯式,09,22,09,22,14,9,交差点内,規制なし,4,3,車両相互,75歳以上,75歳以上,乗用車－普通車,二輪車－原付自転車,自家用,自家用,乗用車,対象外当事者,40㎞／ｈ以下,指定の速度規制なし等,10,40,中破,中破,その他,対象外当事者,その他,対象外当事者,損傷なし,死亡,金,その他,31.900661,131.421391,2020-12-18,18:44,red,,,,,,,,,,,,
本票,鹿児島,白石,0670,死亡,1,0,39000,対象外,0000,201,夜－夜,晴,市街地－人口集中,舗装－乾燥,単路－その他,環状交差点以外 環状交差点以外をいう。,施設なし,00,23,00,23,03,8,単路（交差点付近を含む）,規制なし,4,2,人対車両,35～44歳,75歳以上,乗用車－軽自動車,歩行者,自家用,対象外当事者,乗用車,対象外当事者,40㎞／ｈ以下,対象外当事者,10,00,中破,対象外当事者,その他,対象外当事者,その他,対象外当事者,損傷なし,死亡,水,その他,31.551521,130.538114,2020-12-23,22:10,red,,,,,,,,,,,,
本票,鹿児島,野辺地,0057,死亡,1,0,10430,対象外,0000,219,夜－夜,晴,市街地－その他,舗装－乾燥,交差点－その他,環状交差点以外 環状交差点以外をいう。,施設なし,09,22,00,23,14,9,交差点内,規制なし,4,2,人対車両,0～24歳,75歳以上,乗用車－軽自動車,歩行者,自家用,対象外当事者,乗用車,対象外当事者,40㎞／ｈ以下,対象外当事者,15,00,小破,対象外当事者,その他,対象外当事者,その他,対象外当事者,損傷なし,死亡,木,その他,31.757213,130.204829,2020-12-17,18:20,red,,,,,,,,,,,,
本票,鹿児島,門別,0293,死亡,1,5,39000,対象外,0000,203,昼－昼,晴,市街地－その他,舗装－乾燥,交差点－その他,環状交差点以外 環状交差点以外をいう。,施設なし,09,22,01,22,15,9,交差点内,規制なし,4,3,車両相互,55～64歳,75歳以上,乗用車－普通車,貨物車－軽自動車,自家用,自家用,乗用車,貨物車,40㎞／ｈ以下,40㎞／ｈ以下,88,11,中破,中破,装備あり 作動,装備あり 作動,装備あり 作動,装備あり 作動,負傷,負傷,土,その他,31.390140,130.825402,2020-12-05,14:58,red,,,,,,,,,,,,
本票,鹿児島,門別,0298,死亡,1,1,39000,対象外,0000,214,昼－昼,晴,非市街地,舗装－乾燥,交差点－その他,環状交差点以外 環状交差点以外をいう。,施設なし,09,22,01,22,15,9,交差点内,規制なし,4,2,車両相互,65～74歳,45～54歳,貨物車－大型車,乗用車－軽自動車,自家用,自家用,貨物車,乗用車,指定の速度規制なし等,指定の速度規制なし等,10,20,小破,大破,その他,その他,その他,その他,損傷なし,負傷,木,その他,31.478894,130.733500,2020-12-10,15:58,red,,,,,,,,,,,,
本票,鹿児島,門別,0313,死亡,1,0,02200,上,1573,214,夜－暮,晴,市街地－その他,舗装－乾燥,単路－カーブ・屈折,環状交差点以外 環状交差点以外をいう。,施設なし,00,23,00,23,04,3,単路（交差点付近を含む）,規制なし,4,2,人対車両,55～64歳,65～74歳,貨物車－軽自動車,歩行者,自家用,対象外当事者,貨物車,対象外当事者,50㎞／ｈ以下,対象外当事者,80,00,中破,対象外当事者,その他,対象外当事者,その他,対象外当事者,損傷なし,死亡,火,その他,31.516558,130.698960,2020-12-29,18:04,red,,,,,,,,,,,,
本票,沖縄,東,0190,死亡,1,0,03300,下,0114,205,夜－夜,雨,市街地－人口集中,舗装－湿潤,単路－その他,環状交差点以外 環状交差点以外をいう。,施設なし,00,23,00,23,05,7,単路（交差点付近を含む）,規制なし,4,2,人対車両,25～34歳,55～64歳,乗用車－軽自動車,歩行者,自家用,対象外当事者,乗用車,対象外当事者,40㎞／ｈ以下,対象外当事者,80,00,中破,対象外当事者,その他,対象外当事者,その他,対象外当事者,損傷なし,死亡,木,その他,26.263984,127.762929,2020-12-03,22:33,red,,,,,,,,,,,,
本票,沖縄,千歳,0076,死亡,1,0,00580,下,0988,325,夜－夜,晴,市街地－人口集中,舗装－乾燥,交差点－その他,環状交差点以外 環状交差点以外をいう。,点灯－３灯式,09,22,09,22,19,9,交差点内,規制なし,1,2,車両相互,35～44歳,0～24歳,乗用車－軽自動車,二輪車－自動二輪－小型二輪－751ｃｃ以上,自家用,自家用,乗用車,対象外当事者,50㎞／ｈ以下,50㎞／ｈ以下,50,14,小破,大破,その他,対象外当事者,その他,対象外当事者,損傷なし,死亡,金,その他,26.365243,127.755821,2020-12-25,23:35,red,,,,,,,,,,,,
本票,沖縄,野辺地,0023,死亡,1,0,04490,対象外,0000,308,夜－暮,雨,非市街地,舗装－湿潤,単路－その他,環状交差点以外 環状交差点以外をいう。,施設なし,00,23,00,23,05,9,その他,規制なし,1,2,車両単独,55～64歳,不明,乗用車－軽自動車,物件等,自家用,対象外当事者,乗用車,対象外当事者,指定の速度規制なし等,対象外当事者,14,00,小破,対象外当事者,その他,対象外当事者,その他,対象外当事者,死亡,対象外当事者,土,その他,26.608785,127.895257,2020-12-05,18:00,red,,,,,,,,,,,,